date,niveau,province,zone,sitrep,source_pdf,mention,cas,nouveaux_cas,ecart_jours,deces,nouveaux_deces,letalite,gueris,deces_communaute,deces_cte,alertes_recues,alertes_validees,labo_echantillons,labo_positifs,labo_positivite,cte_hospitalises,cte_lits,cte_occupation,contacts_a_suivre,contacts_vus,contacts_vus_pct,vaccines_cumul
2026-05-14,pays,,,1,https://ebola-tracker.org/reports/SITREP_MVE_001.pdf,,8,,,4,,50.0,,,,,,,,,,,,,,,
2026-05-17,pays,,,2,https://ebola-tracker.org/reports/SITREP_MVE_002.pdf,,13,5,3,,,,,,,,,,,,,,,,,,
2026-05-19,pays,,,5,https://ebola-tracker.org/reports/SITREP_MVE_005.pdf,,33,20,2,4,0,12.1,,,,,,,,,,,,,,,
2026-05-19,province,Ituri,,5,https://ebola-tracker.org/reports/SITREP_MVE_005.pdf,,30,,,4,,13.3,,,,,,,,,,,,,,,
2026-05-19,province,Nord-Kivu,,5,https://ebola-tracker.org/reports/SITREP_MVE_005.pdf,,3,,,0,,0.0,,,,,,,,,,,,,,,
2026-05-20,pays,,,6,https://ebola-tracker.org/reports/SITREP_MVE_006.pdf,,64,31,1,6,2,9.4,,,,,,35,12,34.3,,,,,,,
2026-05-21,pays,,,7,https://ebola-tracker.org/reports/SITREP_MVE_007.pdf,,83,19,1,9,3,10.8,,,,,,37,17,45.9,,,,,,,
2026-05-21,province,Ituri,,7,https://ebola-tracker.org/reports/SITREP_MVE_007.pdf,,78,48,2,,,,,,,,,,,,,,,,,,
2026-05-21,province,Nord-Kivu,,7,https://ebola-tracker.org/reports/SITREP_MVE_007.pdf,,4,1,2,,,,,,,,,,,,,,,,,,
2026-05-21,province,Sud-Kivu,,7,https://ebola-tracker.org/reports/SITREP_MVE_007.pdf,,1,,,,,,,,,,,37,17,45.9,,,,,,,
2026-05-21,zone,Ituri,Bambu,7,https://ebola-tracker.org/reports/SITREP_MVE_007.pdf,,1,,,,,,,,,,,,,,,,,,,,
2026-05-21,zone,Ituri,Bunia,7,https://ebola-tracker.org/reports/SITREP_MVE_007.pdf,,15,,,,,,,,,,,,,,,,,,,,
2026-05-21,zone,Ituri,Mongbwalu,7,https://ebola-tracker.org/reports/SITREP_MVE_007.pdf,,14,,,,,,,,,,,,,,,,,,,,
2026-05-21,zone,Ituri,Nizi,7,https://ebola-tracker.org/reports/SITREP_MVE_007.pdf,,1,,,,,,,,,,,,,,,,,,,,
2026-05-21,zone,Ituri,Nyankunde,7,https://ebola-tracker.org/reports/SITREP_MVE_007.pdf,,11,,,,,,,,,,,,,,,,,,,,
2026-05-21,zone,Ituri,Rwampara,7,https://ebola-tracker.org/reports/SITREP_MVE_007.pdf,,31,,,,,,,,,,,,,,,,,,,,
2026-05-21,zone,Nord-Kivu,Butembo,7,https://ebola-tracker.org/reports/SITREP_MVE_007.pdf,,1,,,,,,,,,,,,,,,,,,,,
2026-05-21,zone,Nord-Kivu,Goma,7,https://ebola-tracker.org/reports/SITREP_MVE_007.pdf,,1,,,,,,,,,,,,,,,,,,,,
2026-05-21,zone,Nord-Kivu,Katwa,7,https://ebola-tracker.org/reports/SITREP_MVE_007.pdf,,2,,,,,,,,,,,,,,,,,,,,
2026-05-21,zone,Sud-Kivu,Miti-Murhesa,7,https://ebola-tracker.org/reports/SITREP_MVE_007.pdf,,1,,,,,,,,,,,,,,,,,,,,
2026-05-22,pays,,,8,https://ebola-tracker.org/reports/SITREP_MVE_008.pdf,,91,8,1,10,1,11.0,,,,,,,,,,,,,,,
2026-05-22,zone,Ituri,Aru,8,https://ebola-tracker.org/reports/SITREP_MVE_008.pdf,,1,,,,,,,,,,,,,,,,,,,,
2026-05-22,zone,Ituri,Bunia,8,https://ebola-tracker.org/reports/SITREP_MVE_008.pdf,,23,8,1,,,,,,,,,,,,,,,,,,
2026-05-22,zone,Ituri,Kilo,8,https://ebola-tracker.org/reports/SITREP_MVE_008.pdf,,1,,,,,,,,,,,,,,,,,,,,
2026-05-22,zone,Ituri,Mongbwalu,8,https://ebola-tracker.org/reports/SITREP_MVE_008.pdf,,10,-4,1,,,,,,,,,,,,,,,,,,
2026-05-22,zone,Ituri,Nizi,8,https://ebola-tracker.org/reports/SITREP_MVE_008.pdf,,2,1,1,,,,,,,,,,,,,,,,,,
2026-05-22,zone,Ituri,Nyankunde,8,https://ebola-tracker.org/reports/SITREP_MVE_008.pdf,,9,-2,1,,,,,,,,,,,,,,,,,,
2026-05-22,zone,Ituri,Rwampara,8,https://ebola-tracker.org/reports/SITREP_MVE_008.pdf,,32,1,1,,,,,,,,,,,,,,,,,,
2026-05-22,zone,Nord-Kivu,Butembo,8,https://ebola-tracker.org/reports/SITREP_MVE_008.pdf,,2,1,1,,,,,,,,,,,,,,,,,,
2026-05-22,zone,Nord-Kivu,Goma,8,https://ebola-tracker.org/reports/SITREP_MVE_008.pdf,,1,0,1,,,,,,,,,,,,,,,,,,
2026-05-22,zone,Nord-Kivu,Katwa,8,https://ebola-tracker.org/reports/SITREP_MVE_008.pdf,,3,1,1,,,,,,,,,,,,,,,,,,
2026-05-22,zone,Sud-Kivu,Miti-Murhesa,8,https://ebola-tracker.org/reports/SITREP_MVE_008.pdf,,1,0,1,,,,,,,,,,,,,,,,,,
2026-05-23,pays,,,9,https://ebola-tracker.org/reports/SITREP_MVE_009.pdf,OMS Weekly Report 02 (lecture manuelle),101,10,1,10,0,9.9,,,,,,,,,,,,,,19.3,
2026-05-23,province,Ituri,,9,https://ebola-tracker.org/reports/SITREP_MVE_009.pdf,,94,16,2,,,,,,,,,,,,,,,,,,
2026-05-23,province,Nord-Kivu,,9,https://ebola-tracker.org/reports/SITREP_MVE_009.pdf,,6,2,2,,,,,,,,,,,,,,,,,,
2026-05-23,province,Sud-Kivu,,9,https://ebola-tracker.org/reports/SITREP_MVE_009.pdf,,1,0,2,,,,,,,,,,,,,,,,,,
2026-05-23,zone,Ituri,Aru,9,https://ebola-tracker.org/reports/SITREP_MVE_009.pdf,,1,0,1,,,,,,,,,,,,,,,,,,
2026-05-23,zone,Ituri,Bambu,9,https://ebola-tracker.org/reports/SITREP_MVE_009.pdf,,0,-1,2,,,,,,,,,,,,,,,,,,
2026-05-23,zone,Ituri,Bunia,9,https://ebola-tracker.org/reports/SITREP_MVE_009.pdf,,24,1,1,,,,,,,,,,,,,,,,,,
2026-05-23,zone,Ituri,Kilo,9,https://ebola-tracker.org/reports/SITREP_MVE_009.pdf,,1,0,1,,,,,,,,,,,,,,,,,,
2026-05-23,zone,Ituri,Mongbwalu,9,https://ebola-tracker.org/reports/SITREP_MVE_009.pdf,,19,9,1,,,,,,,,,,,,,,,,,,
2026-05-23,zone,Ituri,Nizi,9,https://ebola-tracker.org/reports/SITREP_MVE_009.pdf,,2,0,1,,,,,,,,,,,,,,,,,,
2026-05-23,zone,Ituri,Nyankunde,9,https://ebola-tracker.org/reports/SITREP_MVE_009.pdf,,9,0,1,,,,,,,,,,,,,,,,,,
2026-05-23,zone,Ituri,Rwampara,9,https://ebola-tracker.org/reports/SITREP_MVE_009.pdf,,32,0,1,,,,,,,,,,,,,,,,,,
2026-05-23,zone,Nord-Kivu,Butembo,9,https://ebola-tracker.org/reports/SITREP_MVE_009.pdf,,1,-1,1,,,,,,,,,,,,,,,,,,
2026-05-23,zone,Nord-Kivu,Goma,9,https://ebola-tracker.org/reports/SITREP_MVE_009.pdf,,1,0,1,,,,,,,,,,,,,,,,,,
2026-05-23,zone,Nord-Kivu,Katwa,9,https://ebola-tracker.org/reports/SITREP_MVE_009.pdf,,4,1,1,,,,,,,,,,,,,,,,,,
2026-05-23,zone,Sud-Kivu,Miti-Murhesa,9,https://ebola-tracker.org/reports/SITREP_MVE_009.pdf,,1,0,1,,,,,,,,,,,,,,,,,,
2026-05-24,pays,,,10,https://ebola-tracker.org/reports/SITREP_MVE_010.pdf,,105,4,1,10,0,9.5,,,,,,,,,,,,,,,
2026-05-24,province,Ituri,,10,https://ebola-tracker.org/reports/SITREP_MVE_010.pdf,,94,0,1,,,,,,,,,,,,,,,,,,
2026-05-24,province,Nord-Kivu,,10,https://ebola-tracker.org/reports/SITREP_MVE_010.pdf,,10,4,1,,,,,,,,,,,,,,,,,,
2026-05-24,province,Sud-Kivu,,10,https://ebola-tracker.org/reports/SITREP_MVE_010.pdf,,1,0,1,,,,,,,,,,,,,,,,,,
2026-05-24,zone,Ituri,Aru,10,https://ebola-tracker.org/reports/SITREP_MVE_010.pdf,,1,0,1,,,,,,,,,,,,,,,,,,
2026-05-24,zone,Ituri,Bunia,10,https://ebola-tracker.org/reports/SITREP_MVE_010.pdf,,24,0,1,,,,,,,,,,,,,,,,,,
2026-05-24,zone,Ituri,Kilo,10,https://ebola-tracker.org/reports/SITREP_MVE_010.pdf,,1,0,1,,,,,,,,,,,,,,,,,,
2026-05-24,zone,Ituri,Mongbwalu,10,https://ebola-tracker.org/reports/SITREP_MVE_010.pdf,,19,0,1,,,,,,,,,,,,,,,,,,
2026-05-24,zone,Ituri,Nizi,10,https://ebola-tracker.org/reports/SITREP_MVE_010.pdf,,2,0,1,,,,,,,,,,,,,,,,,,
2026-05-24,zone,Ituri,Nyankunde,10,https://ebola-tracker.org/reports/SITREP_MVE_010.pdf,,9,0,1,,,,,,,,,,,,,,,,,,
2026-05-24,zone,Ituri,Rwampara,10,https://ebola-tracker.org/reports/SITREP_MVE_010.pdf,,32,0,1,,,,,,,,,,,,,,,,,,
2026-05-24,zone,Nord-Kivu,Butembo,10,https://ebola-tracker.org/reports/SITREP_MVE_010.pdf,,3,2,1,,,,,,,,,,,,,,,,,,
2026-05-24,zone,Nord-Kivu,Goma,10,https://ebola-tracker.org/reports/SITREP_MVE_010.pdf,,1,0,1,,,,,,,,,,,,,,,,,,
2026-05-24,zone,Nord-Kivu,Kalunguta,10,https://ebola-tracker.org/reports/SITREP_MVE_010.pdf,,1,,,,,,,,,,,,,,,,,,,,
2026-05-24,zone,Nord-Kivu,Katwa,10,https://ebola-tracker.org/reports/SITREP_MVE_010.pdf,,4,0,1,,,,,,,,,,,,,,,,,,
2026-05-24,zone,Nord-Kivu,Oicha,10,https://ebola-tracker.org/reports/SITREP_MVE_010.pdf,,1,,,,,,,,,,,,,,,,,,,,
2026-05-24,zone,Sud-Kivu,Miti-Murhesa,10,https://ebola-tracker.org/reports/SITREP_MVE_010.pdf,,1,0,1,,,,,,,,,,,,,,,,,,
2026-05-25,pays,,,11,https://ebola-tracker.org/reports/SITREP_MVE_011.pdf,,106,1,1,12,2,11.3,,,,,,,,,,,,,,,
2026-05-25,province,Ituri,,11,https://ebola-tracker.org/reports/SITREP_MVE_011.pdf,,94,0,1,,,,,,,,,,,,,,,,,,
2026-05-25,province,Nord-Kivu,,11,https://ebola-tracker.org/reports/SITREP_MVE_011.pdf,,11,1,1,,,,,,,,,,,,,,,,,,
2026-05-25,province,Sud-Kivu,,11,https://ebola-tracker.org/reports/SITREP_MVE_011.pdf,,1,0,1,,,,,,,,,,,,,,,,,,
2026-05-25,zone,Ituri,Aru,11,https://ebola-tracker.org/reports/SITREP_MVE_011.pdf,,1,0,1,,,,,,,,,,,,,,,,,,
2026-05-25,zone,Ituri,Bambu,11,https://ebola-tracker.org/reports/SITREP_MVE_011.pdf,,0,0,2,,,,,,,,,,,,,,,,,,
2026-05-25,zone,Ituri,Bunia,11,https://ebola-tracker.org/reports/SITREP_MVE_011.pdf,,24,0,1,,,,,,,,,,,,,,,,,,
2026-05-25,zone,Ituri,Kilo,11,https://ebola-tracker.org/reports/SITREP_MVE_011.pdf,,1,0,1,,,,,,,,,,,,,,,,,,
2026-05-25,zone,Ituri,Mongbwalu,11,https://ebola-tracker.org/reports/SITREP_MVE_011.pdf,,19,0,1,,,,,,,,,,,,,,,,,,
2026-05-25,zone,Ituri,Nizi,11,https://ebola-tracker.org/reports/SITREP_MVE_011.pdf,,2,0,1,,,,,,,,,,,,,,,,,,
2026-05-25,zone,Ituri,Nyankunde,11,https://ebola-tracker.org/reports/SITREP_MVE_011.pdf,,9,0,1,,,,,,,,,,,,,,,,,,
2026-05-25,zone,Ituri,Rwampara,11,https://ebola-tracker.org/reports/SITREP_MVE_011.pdf,,32,0,1,,,,,,,,,,,,,,,,,,
2026-05-25,zone,Nord-Kivu,Butembo,11,https://ebola-tracker.org/reports/SITREP_MVE_011.pdf,,3,0,1,,,,,,,,,,,,,,,,,,
2026-05-25,zone,Nord-Kivu,Goma,11,https://ebola-tracker.org/reports/SITREP_MVE_011.pdf,,1,0,1,,,,,,,,,,,,,,,,,,
2026-05-25,zone,Nord-Kivu,Kalunguta,11,https://ebola-tracker.org/reports/SITREP_MVE_011.pdf,,1,0,1,,,,,,,,,,,,,,,,,,
2026-05-25,zone,Nord-Kivu,Katwa,11,https://ebola-tracker.org/reports/SITREP_MVE_011.pdf,,4,0,1,,,,,,,,,,,,,,,,,,
2026-05-25,zone,Nord-Kivu,Kyondo,11,https://ebola-tracker.org/reports/SITREP_MVE_011.pdf,,1,,,,,,,,,,,,,,,,,,,,
2026-05-25,zone,Nord-Kivu,Oicha,11,https://ebola-tracker.org/reports/SITREP_MVE_011.pdf,,1,0,1,,,,,,,,,,,,,,,,,,
2026-05-25,zone,Sud-Kivu,Miti-Murhesa,11,https://ebola-tracker.org/reports/SITREP_MVE_011.pdf,,1,0,1,,,,,,,,,,,,,,,,,,
2026-05-26,pays,,,12,https://ebola-tracker.org/reports/SITREP_MVE_012.pdf,,121,15,1,17,5,14.0,,,,,,,,,,,,,,,
2026-05-26,province,Ituri,,12,https://ebola-tracker.org/reports/SITREP_MVE_012.pdf,,110,16,1,,,,,,,,,,,,,,,,,,
2026-05-26,province,Nord-Kivu,,12,https://ebola-tracker.org/reports/SITREP_MVE_012.pdf,,10,-1,1,,,,,,,,,,,,,,,,,,
2026-05-26,province,Sud-Kivu,,12,https://ebola-tracker.org/reports/SITREP_MVE_012.pdf,,1,0,1,,,,,,,,,,,,,,,,,,
2026-05-27,pays,,,13,https://ebola-tracker.org/reports/SITREP_MVE_013.pdf,,125,4,1,17,0,13.6,,,,,,,,,,,,,,,
2026-05-27,province,Ituri,,13,https://ebola-tracker.org/reports/SITREP_MVE_013.pdf,,110,0,1,,,,,,,,,,,,,,,,,,
2026-05-27,province,Nord-Kivu,,13,https://ebola-tracker.org/reports/SITREP_MVE_013.pdf,,14,4,1,,,,,,,,,,,,,,,,,,
2026-05-27,province,Sud-Kivu,,13,https://ebola-tracker.org/reports/SITREP_MVE_013.pdf,,1,0,1,,,,,,,,,,,,,,,,,,
2026-05-27,zone,Ituri,Aru,13,https://ebola-tracker.org/reports/SITREP_MVE_013.pdf,,1,0,2,,,,,,,,,,,,,,,,,,
2026-05-27,zone,Ituri,Bambu,13,https://ebola-tracker.org/reports/SITREP_MVE_013.pdf,,0,0,2,,,,,,,,,,,,,,,,,,
2026-05-27,zone,Ituri,Bunia,13,https://ebola-tracker.org/reports/SITREP_MVE_013.pdf,,37,13,2,,,,,,,,,,,,,,,,,,
2026-05-27,zone,Ituri,Kilo,13,https://ebola-tracker.org/reports/SITREP_MVE_013.pdf,,1,0,2,,,,,,,,,,,,,,,,,,
2026-05-27,zone,Ituri,Mongbwalu,13,https://ebola-tracker.org/reports/SITREP_MVE_013.pdf,,20,1,2,,,,,,,,,,,,,,,,,,
2026-05-27,zone,Ituri,Nizi,13,https://ebola-tracker.org/reports/SITREP_MVE_013.pdf,,2,0,2,,,,,,,,,,,,,,,,,,
2026-05-27,zone,Ituri,Nyankunde,13,https://ebola-tracker.org/reports/SITREP_MVE_013.pdf,,10,1,2,,,,,,,,,,,,,,,,,,
2026-05-27,zone,Ituri,Rwampara,13,https://ebola-tracker.org/reports/SITREP_MVE_013.pdf,,33,1,2,,,,,,,,,,,,,,,,,,
2026-05-27,zone,Nord-Kivu,Butembo,13,https://ebola-tracker.org/reports/SITREP_MVE_013.pdf,,5,2,2,,,,,,,,,,,,,,,,,,
2026-05-27,zone,Nord-Kivu,Goma,13,https://ebola-tracker.org/reports/SITREP_MVE_013.pdf,,1,0,2,,,,,,,,,,,,,,,,,,
2026-05-27,zone,Nord-Kivu,Kalunguta,13,https://ebola-tracker.org/reports/SITREP_MVE_013.pdf,,2,1,2,,,,,,,,,,,,,,,,,,
2026-05-27,zone,Nord-Kivu,Katwa,13,https://ebola-tracker.org/reports/SITREP_MVE_013.pdf,,4,0,2,,,,,,,,,,,,,,,,,,
2026-05-27,zone,Nord-Kivu,Kyondo,13,https://ebola-tracker.org/reports/SITREP_MVE_013.pdf,,0,-1,2,,,,,,,,,,,,,,,,,,
2026-05-27,zone,Nord-Kivu,Oicha,13,https://ebola-tracker.org/reports/SITREP_MVE_013.pdf,,2,1,2,,,,,,,,,,,,,,,,,,
2026-05-27,zone,Sud-Kivu,Miti-Murhesa,13,https://ebola-tracker.org/reports/SITREP_MVE_013.pdf,,1,0,2,,,,,,,,,,,,,,,,,,
2026-05-28,pays,,,14,https://ebola-tracker.org/reports/SITREP_MVE_014.pdf,,210,85,1,17,0,8.1,,,,,,,,,,,,,,,
2026-05-29,pays,,,15,https://ebola-tracker.org/reports/SITREP_MVE_015.pdf,,263,53,1,42,25,16.0,,,,,,70,54,77.1,,,,3200,967,30.2,
2026-05-29,province,Ituri,,15,https://ebola-tracker.org/reports/SITREP_MVE_015.pdf,,245,135,2,35,31,14.3,,,,,,,,,,,,2671,487,18.2,
2026-05-29,province,Nord-Kivu,,15,https://ebola-tracker.org/reports/SITREP_MVE_015.pdf,,15,1,2,6,6,40.0,,,,,,,,,,,,529,480,90.7,
2026-05-29,province,Sud-Kivu,,15,https://ebola-tracker.org/reports/SITREP_MVE_015.pdf,,3,2,2,1,,33.3,,,,,,,,,,,,,,,
2026-05-29,zone,Ituri,Aru,15,https://ebola-tracker.org/reports/SITREP_MVE_015.pdf,,2,1,2,,,,,,,,,,,,,,,,,,
2026-05-29,zone,Ituri,Aungba,15,https://ebola-tracker.org/reports/SITREP_MVE_015.pdf,,1,,,,,,,,,,,,,,,,,,,,
2026-05-29,zone,Ituri,Bambu,15,https://ebola-tracker.org/reports/SITREP_MVE_015.pdf,,2,2,2,,,,,,,,,,,,,,,,,,
2026-05-29,zone,Ituri,Bunia,15,https://ebola-tracker.org/reports/SITREP_MVE_015.pdf,,80,43,2,,,,,,,,,,,,,,,,,,
2026-05-29,zone,Ituri,Damas,15,https://ebola-tracker.org/reports/SITREP_MVE_015.pdf,,1,,,,,,,,,,,,,,,,,,,,
2026-05-29,zone,Ituri,Gethy,15,https://ebola-tracker.org/reports/SITREP_MVE_015.pdf,,1,,,,,,,,,,,,,,,,,,,,
2026-05-29,zone,Ituri,Kilo,15,https://ebola-tracker.org/reports/SITREP_MVE_015.pdf,,2,1,2,,,,,,,,,,,,,,,,,,
2026-05-29,zone,Ituri,Komanda,15,https://ebola-tracker.org/reports/SITREP_MVE_015.pdf,,1,,,,,,,,,,,,,,,,,,,,
2026-05-29,zone,Ituri,Lita,15,https://ebola-tracker.org/reports/SITREP_MVE_015.pdf,,1,,,,,,,,,,,,,,,,,,,,
2026-05-29,zone,Ituri,Mangala,15,https://ebola-tracker.org/reports/SITREP_MVE_015.pdf,,1,,,,,,,,,,,,,,,,,,,,
2026-05-29,zone,Ituri,Mongbwalu,15,https://ebola-tracker.org/reports/SITREP_MVE_015.pdf,,47,27,2,,,,,,,,,,,,,,,,,,
2026-05-29,zone,Ituri,Nizi,15,https://ebola-tracker.org/reports/SITREP_MVE_015.pdf,,2,0,2,,,,,,,,,,,,,,,,,,
2026-05-29,zone,Ituri,Nyankunde,15,https://ebola-tracker.org/reports/SITREP_MVE_015.pdf,,19,9,2,,,,,,,,,,,,,,,,,,
2026-05-29,zone,Ituri,Rwampara,15,https://ebola-tracker.org/reports/SITREP_MVE_015.pdf,,65,32,2,,,,,,,,,,,,,,,,,,
2026-05-29,zone,Nord-Kivu,Beni,15,https://ebola-tracker.org/reports/SITREP_MVE_015.pdf,,2,,,,,,,,,,,,,,,,,,,,
2026-05-29,zone,Nord-Kivu,Butembo,15,https://ebola-tracker.org/reports/SITREP_MVE_015.pdf,,5,0,2,,,,,,,,,,,,,,,,,,
2026-05-29,zone,Nord-Kivu,Goma,15,https://ebola-tracker.org/reports/SITREP_MVE_015.pdf,,1,0,2,,,,,,,,,,,,,,,,,,
2026-05-29,zone,Nord-Kivu,Kalunguta,15,https://ebola-tracker.org/reports/SITREP_MVE_015.pdf,,1,-1,2,,,,,,,,,,,,,,,,,,
2026-05-29,zone,Nord-Kivu,Katwa,15,https://ebola-tracker.org/reports/SITREP_MVE_015.pdf,,4,0,2,,,,,,,,,,,,,,,,,,
2026-05-29,zone,Nord-Kivu,Kyondo,15,https://ebola-tracker.org/reports/SITREP_MVE_015.pdf,,1,1,2,,,,,,,,,,,,,,,,,,
2026-05-29,zone,Nord-Kivu,Oicha,15,https://ebola-tracker.org/reports/SITREP_MVE_015.pdf,,1,-1,2,,,,,,,,,,,,,,,,,,
2026-05-29,zone,Sud-Kivu,Miti-Murhesa,15,https://ebola-tracker.org/reports/SITREP_MVE_015.pdf,,3,2,2,,,,,,,,,,,,,,,,,,
2026-05-30,pays,,,16,https://ebola-tracker.org/reports/SITREP_MVE_016.pdf,,282,19,1,42,0,14.9,,,,,,52,19,36.5,,,,,,45.2,
2026-05-30,province,Ituri,,16,https://ebola-tracker.org/reports/SITREP_MVE_016.pdf,,264,19,1,,,,,,,,,,,,,,,,,,
2026-05-30,province,Nord-Kivu,,16,https://ebola-tracker.org/reports/SITREP_MVE_016.pdf,,15,0,1,,,,,,,,,,,,,,,,,,
2026-05-30,province,Sud-Kivu,,16,https://ebola-tracker.org/reports/SITREP_MVE_016.pdf,,3,0,1,,,,,,,,,,,,,,,,,,
2026-05-31,pays,,,17,https://ebola-tracker.org/reports/SITREP_MVE_017.pdf,,321,39,1,48,6,15.0,,,,,,18,12,66.7,,,,,,43.0,
2026-05-31,province,Ituri,,17,https://ebola-tracker.org/reports/SITREP_MVE_017.pdf,,299,35,1,46,11,15.4,,,,,,,,,,,,,,,
2026-05-31,province,Nord-Kivu,,17,https://ebola-tracker.org/reports/SITREP_MVE_017.pdf,,19,4,1,1,-5,5.3,,,,,,,,,,,,,,,
2026-05-31,province,Sud-Kivu,,17,https://ebola-tracker.org/reports/SITREP_MVE_017.pdf,,3,0,1,1,0,33.3,,,,,,,,,,,,,,,
2026-06-01,pays,,,18,https://ebola-tracker.org/reports/SITREP_MVE_018.pdf,,344,23,1,60,12,17.4,,,,354,103,76,23,30.3,171,,,4010,1760,43.9,
2026-06-01,province,Ituri,,18,https://ebola-tracker.org/reports/SITREP_MVE_018.pdf,,322,23,1,46,0,14.3,,,,137,85,,,,158,,,,,,
2026-06-01,province,Nord-Kivu,,18,https://ebola-tracker.org/reports/SITREP_MVE_018.pdf,,19,0,1,13,12,68.4,,,,212,17,,,,8,,,,,,
2026-06-01,province,Sud-Kivu,,18,https://ebola-tracker.org/reports/SITREP_MVE_018.pdf,,3,0,1,1,0,33.3,,,,5,1,,,,5,,,,,,
2026-06-01,zone,Ituri,Aru,18,https://ebola-tracker.org/reports/SITREP_MVE_018.pdf,,2,0,3,1,,50.0,,,,,,,,,,,,,,,
2026-06-01,zone,Ituri,Aungba,18,https://ebola-tracker.org/reports/SITREP_MVE_018.pdf,,1,0,3,0,,0.0,,,,,,,,,,,,,,,
2026-06-01,zone,Ituri,Bambu,18,https://ebola-tracker.org/reports/SITREP_MVE_018.pdf,,2,0,3,2,,100.0,,,,,,,,,,,,,,,
2026-06-01,zone,Ituri,Bunia,18,https://ebola-tracker.org/reports/SITREP_MVE_018.pdf,,80,0,3,8,,10.0,,,,,,,,,,,,,,,
2026-06-01,zone,Ituri,Damas,18,https://ebola-tracker.org/reports/SITREP_MVE_018.pdf,,1,0,3,0,,0.0,,,,,,,,,,,,,,,
2026-06-01,zone,Ituri,Gethy,18,https://ebola-tracker.org/reports/SITREP_MVE_018.pdf,,1,0,3,0,,0.0,,,,,,,,,,,,,,,
2026-06-01,zone,Ituri,Kilo,18,https://ebola-tracker.org/reports/SITREP_MVE_018.pdf,,2,0,3,0,,0.0,,,,,,,,,,,,,,,
2026-06-01,zone,Ituri,Komanda,18,https://ebola-tracker.org/reports/SITREP_MVE_018.pdf,,1,0,3,0,,0.0,,,,,,,,,,,,,,,
2026-06-01,zone,Ituri,Lita,18,https://ebola-tracker.org/reports/SITREP_MVE_018.pdf,,1,0,3,0,,0.0,,,,,,,,,,,,,,,
2026-06-01,zone,Ituri,Logo,18,https://ebola-tracker.org/reports/SITREP_MVE_018.pdf,,1,,,0,,0.0,,,,,,,,,,,,,,,
2026-06-01,zone,Ituri,Mambasa,18,https://ebola-tracker.org/reports/SITREP_MVE_018.pdf,,2,,,1,,50.0,,,,,,,,,,,,,,,
2026-06-01,zone,Ituri,Mangala,18,https://ebola-tracker.org/reports/SITREP_MVE_018.pdf,,1,0,3,0,,0.0,,,,,,,,,,,,,,,
2026-06-01,zone,Ituri,Mongbwalu,18,https://ebola-tracker.org/reports/SITREP_MVE_018.pdf,,47,0,3,10,,21.3,,,,,,,,,,,,,,,
2026-06-01,zone,Ituri,Nizi,18,https://ebola-tracker.org/reports/SITREP_MVE_018.pdf,,2,0,3,0,,0.0,,,,,,,,,,,,,,,
2026-06-01,zone,Ituri,Nyankunde,18,https://ebola-tracker.org/reports/SITREP_MVE_018.pdf,,19,0,3,1,,5.3,,,,,,,,,,,,,,,
2026-06-01,zone,Ituri,Rwampara,18,https://ebola-tracker.org/reports/SITREP_MVE_018.pdf,,65,0,3,13,,20.0,,,,,,,,,,,,,,,
2026-06-01,zone,Nord-Kivu,Beni,18,https://ebola-tracker.org/reports/SITREP_MVE_018.pdf,,5,3,3,3,,60.0,,,,,,,,,,,,,,,
2026-06-01,zone,Nord-Kivu,Butembo,18,https://ebola-tracker.org/reports/SITREP_MVE_018.pdf,,2,-3,3,2,,100.0,,,,,,,,,,,,,,,
2026-06-01,zone,Nord-Kivu,Goma,18,https://ebola-tracker.org/reports/SITREP_MVE_018.pdf,,1,0,3,0,,0.0,,,,,,,,,,,,,,,
2026-06-01,zone,Nord-Kivu,Kalunguta,18,https://ebola-tracker.org/reports/SITREP_MVE_018.pdf,,1,0,3,1,,100.0,,,,,,,,,,,,,,,
2026-06-01,zone,Nord-Kivu,Katwa,18,https://ebola-tracker.org/reports/SITREP_MVE_018.pdf,,7,3,3,5,,71.4,,,,,,,,,,,,,,,
2026-06-01,zone,Nord-Kivu,Kyondo,18,https://ebola-tracker.org/reports/SITREP_MVE_018.pdf,,1,0,3,0,,0.0,,,,,,,,,,,,,,,
2026-06-01,zone,Nord-Kivu,Oicha,18,https://ebola-tracker.org/reports/SITREP_MVE_018.pdf,,2,1,3,2,,100.0,,,,,,,,,,,,,,,
2026-06-01,zone,Sud-Kivu,Miti-Murhesa,18,https://ebola-tracker.org/reports/SITREP_MVE_018.pdf,,3,0,3,1,,33.3,,,,,,,,,,,,,,,
2026-06-02,pays,,,19,https://ebola-tracker.org/reports/SITREP_MVE_019.pdf,,363,19,1,62,2,17.1,,,,316,144,70,19,27.1,204,,,4293,1955,45.5,
2026-06-02,province,Ituri,,19,https://ebola-tracker.org/reports/SITREP_MVE_019.pdf,,341,19,1,48,2,14.1,,,,158,122,70,19,27.1,191,,,,,,
2026-06-02,province,Nord-Kivu,,19,https://ebola-tracker.org/reports/SITREP_MVE_019.pdf,,19,0,1,13,0,68.4,,,,153,20,,,,8,,,,,,
2026-06-02,province,Sud-Kivu,,19,https://ebola-tracker.org/reports/SITREP_MVE_019.pdf,,3,0,1,1,0,33.3,,,,5,2,,,,5,,,,,,
2026-06-02,zone,Ituri,Aru,19,https://ebola-tracker.org/reports/SITREP_MVE_019.pdf,,2,0,1,1,0,50.0,,,,,,,,,,,,,,,
2026-06-02,zone,Ituri,Aungba,19,https://ebola-tracker.org/reports/SITREP_MVE_019.pdf,,1,0,1,0,0,0.0,,,,,,,,,,,,,,,
2026-06-02,zone,Ituri,Bambu,19,https://ebola-tracker.org/reports/SITREP_MVE_019.pdf,,2,0,1,2,0,100.0,,,,,,,,,,,,,,,
2026-06-02,zone,Ituri,Bunia,19,https://ebola-tracker.org/reports/SITREP_MVE_019.pdf,,85,5,1,8,0,9.4,,,,,,,,,,,,,,,
2026-06-02,zone,Ituri,Damas,19,https://ebola-tracker.org/reports/SITREP_MVE_019.pdf,,2,1,1,0,0,0.0,,,,,,,,,,,,,,,
2026-06-02,zone,Ituri,Gethy,19,https://ebola-tracker.org/reports/SITREP_MVE_019.pdf,,1,0,1,0,0,0.0,,,,,,,,,,,,,,,
2026-06-02,zone,Ituri,Kilo,19,https://ebola-tracker.org/reports/SITREP_MVE_019.pdf,,2,0,1,0,0,0.0,,,,,,,,,,,,,,,
2026-06-02,zone,Ituri,Komanda,19,https://ebola-tracker.org/reports/SITREP_MVE_019.pdf,,1,0,1,0,0,0.0,,,,,,,,,,,,,,,
2026-06-02,zone,Ituri,Lita,19,https://ebola-tracker.org/reports/SITREP_MVE_019.pdf,,1,0,1,0,0,0.0,,,,,,,,,,,,,,,
2026-06-02,zone,Ituri,Logo,19,https://ebola-tracker.org/reports/SITREP_MVE_019.pdf,,1,0,1,0,0,0.0,,,,,,,,,,,,,,,
2026-06-02,zone,Ituri,Mambasa,19,https://ebola-tracker.org/reports/SITREP_MVE_019.pdf,,2,0,1,1,0,50.0,,,,,,,,,,,,,,,
2026-06-02,zone,Ituri,Mangala,19,https://ebola-tracker.org/reports/SITREP_MVE_019.pdf,,1,0,1,0,0,0.0,,,,,,,,,,,,,,,
2026-06-02,zone,Ituri,Mongbwalu,19,https://ebola-tracker.org/reports/SITREP_MVE_019.pdf,,47,0,1,10,0,21.3,,,,,,,,,,,,,,,
2026-06-02,zone,Ituri,Nizi,19,https://ebola-tracker.org/reports/SITREP_MVE_019.pdf,,2,0,1,0,0,0.0,,,,,,,,,,,,,,,
2026-06-02,zone,Ituri,Nyankunde,19,https://ebola-tracker.org/reports/SITREP_MVE_019.pdf,,22,3,1,1,0,4.5,,,,,,,,,,,,,,,
2026-06-02,zone,Ituri,Rimba,19,https://ebola-tracker.org/reports/SITREP_MVE_019.pdf,,3,,,0,,0.0,,,,,,,,,,,,,,,
2026-06-02,zone,Ituri,Rwampara,19,https://ebola-tracker.org/reports/SITREP_MVE_019.pdf,,72,7,1,15,2,20.8,,,,,,,,,,,,,,,
2026-06-02,zone,Nord-Kivu,Beni,19,https://ebola-tracker.org/reports/SITREP_MVE_019.pdf,,5,0,1,3,0,60.0,,,,,,,,,,,,,,,
2026-06-02,zone,Nord-Kivu,Butembo,19,https://ebola-tracker.org/reports/SITREP_MVE_019.pdf,,2,0,1,2,0,100.0,,,,,,,,,,,,,,,
2026-06-02,zone,Nord-Kivu,Goma,19,https://ebola-tracker.org/reports/SITREP_MVE_019.pdf,,1,0,1,0,0,0.0,,,,,,,,,,,,,,,
2026-06-02,zone,Nord-Kivu,Kalunguta,19,https://ebola-tracker.org/reports/SITREP_MVE_019.pdf,,1,0,1,1,0,100.0,,,,,,,,,,,,,,,
2026-06-02,zone,Nord-Kivu,Katwa,19,https://ebola-tracker.org/reports/SITREP_MVE_019.pdf,,7,0,1,5,0,71.4,,,,,,,,,,,,,,,
2026-06-02,zone,Nord-Kivu,Kyondo,19,https://ebola-tracker.org/reports/SITREP_MVE_019.pdf,,1,0,1,0,0,0.0,,,,,,,,,,,,,,,
2026-06-02,zone,Nord-Kivu,Oicha,19,https://ebola-tracker.org/reports/SITREP_MVE_019.pdf,,2,0,1,2,0,100.0,,,,,,,,,,,,,,,
2026-06-02,zone,Sud-Kivu,Miti-Murhesa,19,https://ebola-tracker.org/reports/SITREP_MVE_019.pdf,,3,0,1,1,0,33.3,,,,,,,,,,,,,,,
2026-06-03,pays,,,20,https://ebola-tracker.org/reports/SITREP_MVE_020.pdf,,381,18,1,64,2,16.8,,,,409,186,,18,,222,,,4551,2525,55.5,
2026-06-03,province,Ituri,,20,https://ebola-tracker.org/reports/SITREP_MVE_020.pdf,,359,18,1,50,2,13.9,,,,166,141,82,18,22.0,208,,,,,,
2026-06-03,province,Nord-Kivu,,20,https://ebola-tracker.org/reports/SITREP_MVE_020.pdf,,19,0,1,13,0,68.4,,,,237,45,,0,,8,,,,,,
2026-06-03,province,Sud-Kivu,,20,https://ebola-tracker.org/reports/SITREP_MVE_020.pdf,,3,0,1,1,0,33.3,,,,6,0,,,,6,,,,,,
2026-06-03,zone,Ituri,Aru,20,https://ebola-tracker.org/reports/SITREP_MVE_020.pdf,,2,0,1,1,0,50.0,,,,,,,,,,,,,,,
2026-06-03,zone,Ituri,Aungba,20,https://ebola-tracker.org/reports/SITREP_MVE_020.pdf,,1,0,1,0,0,0.0,,,,,,,,,,,,,,,
2026-06-03,zone,Ituri,Bambu,20,https://ebola-tracker.org/reports/SITREP_MVE_020.pdf,,2,0,1,2,0,100.0,,,,,,,,,,,,,,,
2026-06-03,zone,Ituri,Bunia,20,https://ebola-tracker.org/reports/SITREP_MVE_020.pdf,,97,12,1,9,1,9.3,,,,,,,,,,,,,,,
2026-06-03,zone,Ituri,Damas,20,https://ebola-tracker.org/reports/SITREP_MVE_020.pdf,,3,1,1,0,0,0.0,,,,,,,,,,,,,,,
2026-06-03,zone,Ituri,Gethy,20,https://ebola-tracker.org/reports/SITREP_MVE_020.pdf,,1,0,1,0,0,0.0,,,,,,,,,,,,,,,
2026-06-03,zone,Ituri,Kilo,20,https://ebola-tracker.org/reports/SITREP_MVE_020.pdf,,2,0,1,0,0,0.0,,,,,,,,,,,,,,,
2026-06-03,zone,Ituri,Komanda,20,https://ebola-tracker.org/reports/SITREP_MVE_020.pdf,,1,0,1,0,0,0.0,,,,,,,,,,,,,,,
2026-06-03,zone,Ituri,Lita,20,https://ebola-tracker.org/reports/SITREP_MVE_020.pdf,,2,1,1,0,0,0.0,,,,,,,,,,,,,,,
2026-06-03,zone,Ituri,Logo,20,https://ebola-tracker.org/reports/SITREP_MVE_020.pdf,,1,0,1,0,0,0.0,,,,,,,,,,,,,,,
2026-06-03,zone,Ituri,Mambasa,20,https://ebola-tracker.org/reports/SITREP_MVE_020.pdf,,2,0,1,1,0,50.0,,,,,,,,,,,,,,,
2026-06-03,zone,Ituri,Mangala,20,https://ebola-tracker.org/reports/SITREP_MVE_020.pdf,,1,0,1,0,0,0.0,,,,,,,,,,,,,,,
2026-06-03,zone,Ituri,Mongbwalu,20,https://ebola-tracker.org/reports/SITREP_MVE_020.pdf,,47,0,1,10,0,21.3,,,,,,,,,,,,,,,
2026-06-03,zone,Ituri,Nizi,20,https://ebola-tracker.org/reports/SITREP_MVE_020.pdf,,2,0,1,0,0,0.0,,,,,,,,,,,,,,,
2026-06-03,zone,Ituri,Nyankunde,20,https://ebola-tracker.org/reports/SITREP_MVE_020.pdf,,22,0,1,1,0,4.5,,,,,,,,,,,,,,,
2026-06-03,zone,Ituri,Rimba,20,https://ebola-tracker.org/reports/SITREP_MVE_020.pdf,,3,0,1,0,0,0.0,,,,,,,,,,,,,,,
2026-06-03,zone,Ituri,Rwampara,20,https://ebola-tracker.org/reports/SITREP_MVE_020.pdf,,76,4,1,16,1,21.1,,,,,,,,,,,,,,,
2026-06-03,zone,Nord-Kivu,Beni,20,https://ebola-tracker.org/reports/SITREP_MVE_020.pdf,,5,0,1,3,0,60.0,,,,,,,,,,,,,,,
2026-06-03,zone,Nord-Kivu,Butembo,20,https://ebola-tracker.org/reports/SITREP_MVE_020.pdf,,2,0,1,2,0,100.0,,,,,,,,,,,,,,,
2026-06-03,zone,Nord-Kivu,Goma,20,https://ebola-tracker.org/reports/SITREP_MVE_020.pdf,,1,0,1,0,0,0.0,,,,,,,,,,,,,,,
2026-06-03,zone,Nord-Kivu,Kalunguta,20,https://ebola-tracker.org/reports/SITREP_MVE_020.pdf,,1,0,1,1,0,100.0,,,,,,,,,,,,,,,
2026-06-03,zone,Nord-Kivu,Katwa,20,https://ebola-tracker.org/reports/SITREP_MVE_020.pdf,,7,0,1,5,0,71.4,,,,,,,,,,,,,,,
2026-06-03,zone,Nord-Kivu,Kyondo,20,https://ebola-tracker.org/reports/SITREP_MVE_020.pdf,,1,0,1,0,0,0.0,,,,,,,,,,,,,,,
2026-06-03,zone,Nord-Kivu,Oicha,20,https://ebola-tracker.org/reports/SITREP_MVE_020.pdf,,2,0,1,2,0,100.0,,,,,,,,,,,,,,,
2026-06-03,zone,Sud-Kivu,Miti-Murhesa,20,https://ebola-tracker.org/reports/SITREP_MVE_020.pdf,,3,0,1,1,0,33.3,,,,,,,,,,,,,,,
2026-06-04,pays,,,21,https://ebola-tracker.org/reports/SITREP_MVE_021.pdf,,452,71,1,82,18,18.1,,,,394,153,256,,,233,,,4766,2755,57.8,
2026-06-04,province,Ituri,,21,https://ebola-tracker.org/reports/SITREP_MVE_021.pdf,,424,65,1,66,16,15.6,,,,146,104,199,,,219,,,3997,2181,54.6,
2026-06-04,province,Nord-Kivu,,21,https://ebola-tracker.org/reports/SITREP_MVE_021.pdf,,25,6,1,15,2,60.0,,,,236,44,57,6,10.5,8,,,589,424,72.0,
2026-06-04,province,Sud-Kivu,,21,https://ebola-tracker.org/reports/SITREP_MVE_021.pdf,,3,0,1,1,0,33.3,,,,12,5,,,,6,,,180,150,83.3,
2026-06-04,zone,Ituri,Aru,21,https://ebola-tracker.org/reports/SITREP_MVE_021.pdf,,3,1,1,1,0,33.3,,,,,,,,,,,,,,,
2026-06-04,zone,Ituri,Aungba,21,https://ebola-tracker.org/reports/SITREP_MVE_021.pdf,,1,0,1,0,0,0.0,,,,,,,,,,,,,,,
2026-06-04,zone,Ituri,Bambu,21,https://ebola-tracker.org/reports/SITREP_MVE_021.pdf,,5,3,1,2,0,40.0,,,,,,,,,,,,,,,
2026-06-04,zone,Ituri,Bunia,21,https://ebola-tracker.org/reports/SITREP_MVE_021.pdf,,123,26,1,11,2,8.9,,,,,,,,,,,,,,,
2026-06-04,zone,Ituri,Damas,21,https://ebola-tracker.org/reports/SITREP_MVE_021.pdf,,3,0,1,0,0,0.0,,,,,,,,,,,,,,,
2026-06-04,zone,Ituri,Gethy,21,https://ebola-tracker.org/reports/SITREP_MVE_021.pdf,,1,0,1,0,0,0.0,,,,,,,,,,,,,,,
2026-06-04,zone,Ituri,Kilo,21,https://ebola-tracker.org/reports/SITREP_MVE_021.pdf,,3,1,1,1,1,33.3,,,,,,,,,,,,,,,
2026-06-04,zone,Ituri,Komanda,21,https://ebola-tracker.org/reports/SITREP_MVE_021.pdf,,3,2,1,0,0,0.0,,,,,,,,,,,,,,,
2026-06-04,zone,Ituri,Lita,21,https://ebola-tracker.org/reports/SITREP_MVE_021.pdf,,3,1,1,0,0,0.0,,,,,,,,,,,,,,,
2026-06-04,zone,Ituri,Logo,21,https://ebola-tracker.org/reports/SITREP_MVE_021.pdf,,2,1,1,0,0,0.0,,,,,,,,,,,,,,,
2026-06-04,zone,Ituri,Mambasa,21,https://ebola-tracker.org/reports/SITREP_MVE_021.pdf,,2,0,1,1,0,50.0,,,,,,,,,,,,,,,
2026-06-04,zone,Ituri,Mangala,21,https://ebola-tracker.org/reports/SITREP_MVE_021.pdf,,1,0,1,0,0,0.0,,,,,,,,,,,,,,,
2026-06-04,zone,Ituri,Mongbwalu,21,https://ebola-tracker.org/reports/SITREP_MVE_021.pdf,,64,17,1,21,11,32.8,,,,,,,,,,,,,,,
2026-06-04,zone,Ituri,Nizi,21,https://ebola-tracker.org/reports/SITREP_MVE_021.pdf,,5,3,1,0,0,0.0,,,,,,,,,,,,,,,
2026-06-04,zone,Ituri,Nyankunde,21,https://ebola-tracker.org/reports/SITREP_MVE_021.pdf,,22,0,1,1,0,4.5,,,,,,,,,,,,,,,
2026-06-04,zone,Ituri,Rimba,21,https://ebola-tracker.org/reports/SITREP_MVE_021.pdf,,3,0,1,0,0,0.0,,,,,,,,,,,,,,,
2026-06-04,zone,Ituri,Rwampara,21,https://ebola-tracker.org/reports/SITREP_MVE_021.pdf,,86,10,1,18,2,20.9,,,,,,,,,,,,,,,
2026-06-04,zone,Nord-Kivu,Beni,21,https://ebola-tracker.org/reports/SITREP_MVE_021.pdf,,5,0,1,3,0,60.0,,,,,,,,,,,,,,,
2026-06-04,zone,Nord-Kivu,Butembo,21,https://ebola-tracker.org/reports/SITREP_MVE_021.pdf,,4,2,1,2,0,50.0,,,,,,,,,,,,,,,
2026-06-04,zone,Nord-Kivu,Goma,21,https://ebola-tracker.org/reports/SITREP_MVE_021.pdf,,1,0,1,0,0,0.0,,,,,,,,,,,,,,,
2026-06-04,zone,Nord-Kivu,Kalunguta,21,https://ebola-tracker.org/reports/SITREP_MVE_021.pdf,,1,0,1,1,0,100.0,,,,,,,,,,,,,,,
2026-06-04,zone,Nord-Kivu,Katwa,21,https://ebola-tracker.org/reports/SITREP_MVE_021.pdf,,11,4,1,7,2,63.6,,,,,,,,,,,,,,,
2026-06-04,zone,Nord-Kivu,Kyondo,21,https://ebola-tracker.org/reports/SITREP_MVE_021.pdf,,1,0,1,0,0,0.0,,,,,,,,,,,,,,,
2026-06-04,zone,Nord-Kivu,Oicha,21,https://ebola-tracker.org/reports/SITREP_MVE_021.pdf,,2,0,1,2,0,100.0,,,,,,,,,,,,,,,
2026-06-04,zone,Sud-Kivu,Miti-Murhesa,21,https://ebola-tracker.org/reports/SITREP_MVE_021.pdf,,3,0,1,1,0,33.3,,,,,,,,,,,,,,,
2026-06-05,pays,,,22,https://ebola-tracker.org/reports/SITREP_MVE_022.pdf,,488,36,1,86,4,17.6,,,,445,119,126,36,28.6,251,,,5157,3463,67.2,
2026-06-05,province,Ituri,,22,https://ebola-tracker.org/reports/SITREP_MVE_022.pdf,,460,36,1,70,4,15.2,,,,97,72,109,36,33.0,236,,,4281,2701,63.1,
2026-06-05,province,Nord-Kivu,,22,https://ebola-tracker.org/reports/SITREP_MVE_022.pdf,,25,0,1,15,0,60.0,,,,340,40,11,0,0.0,8,,,689,578,83.9,
2026-06-05,province,Sud-Kivu,,22,https://ebola-tracker.org/reports/SITREP_MVE_022.pdf,,3,0,1,1,0,33.3,,,,8,7,6,0,0.0,7,,,187,184,98.4,
2026-06-05,zone,Ituri,Aru,22,https://ebola-tracker.org/reports/SITREP_MVE_022.pdf,,3,0,1,1,0,33.3,,,,,,,,,,,,,,,
2026-06-05,zone,Ituri,Aungba,22,https://ebola-tracker.org/reports/SITREP_MVE_022.pdf,,1,0,1,0,0,0.0,,,,,,,,,,,,,,,
2026-06-05,zone,Ituri,Bambu,22,https://ebola-tracker.org/reports/SITREP_MVE_022.pdf,,5,0,1,2,0,40.0,,,,,,,,,,,,,,,
2026-06-05,zone,Ituri,Bunia,22,https://ebola-tracker.org/reports/SITREP_MVE_022.pdf,,138,15,1,14,3,10.1,,,,,,,,,,,,,,,
2026-06-05,zone,Ituri,Damas,22,https://ebola-tracker.org/reports/SITREP_MVE_022.pdf,,3,0,1,0,0,0.0,,,,,,,,,,,,,,,
2026-06-05,zone,Ituri,Gethy,22,https://ebola-tracker.org/reports/SITREP_MVE_022.pdf,,1,0,1,0,0,0.0,,,,,,,,,,,,,,,
2026-06-05,zone,Ituri,Kilo,22,https://ebola-tracker.org/reports/SITREP_MVE_022.pdf,,4,1,1,1,0,25.0,,,,,,,,,,,,,,,
2026-06-05,zone,Ituri,Komanda,22,https://ebola-tracker.org/reports/SITREP_MVE_022.pdf,,3,0,1,0,0,0.0,,,,,,,,,,,,,,,
2026-06-05,zone,Ituri,Lita,22,https://ebola-tracker.org/reports/SITREP_MVE_022.pdf,,4,1,1,0,0,0.0,,,,,,,,,,,,,,,
2026-06-05,zone,Ituri,Logo,22,https://ebola-tracker.org/reports/SITREP_MVE_022.pdf,,2,0,1,0,0,0.0,,,,,,,,,,,,,,,
2026-06-05,zone,Ituri,Mambasa,22,https://ebola-tracker.org/reports/SITREP_MVE_022.pdf,,2,0,1,1,0,50.0,,,,,,,,,,,,,,,
2026-06-05,zone,Ituri,Mangala,22,https://ebola-tracker.org/reports/SITREP_MVE_022.pdf,,1,0,1,0,0,0.0,,,,,,,,,,,,,,,
2026-06-05,zone,Ituri,Mongbwalu,22,https://ebola-tracker.org/reports/SITREP_MVE_022.pdf,,74,10,1,21,0,28.4,,,,,,,,,,,,,,,
2026-06-05,zone,Ituri,Nizi,22,https://ebola-tracker.org/reports/SITREP_MVE_022.pdf,,5,0,1,0,0,0.0,,,,,,,,,,,,,,,
2026-06-05,zone,Ituri,Nyankunde,22,https://ebola-tracker.org/reports/SITREP_MVE_022.pdf,,24,2,1,1,0,4.2,,,,,,,,,,,,,,,
2026-06-05,zone,Ituri,Rimba,22,https://ebola-tracker.org/reports/SITREP_MVE_022.pdf,,3,0,1,0,0,0.0,,,,,,,,,,,,,,,
2026-06-05,zone,Ituri,Rwampara,22,https://ebola-tracker.org/reports/SITREP_MVE_022.pdf,,93,7,1,19,1,20.4,,,,,,,,,,,,,,,
2026-06-05,zone,Nord-Kivu,Beni,22,https://ebola-tracker.org/reports/SITREP_MVE_022.pdf,,5,0,1,3,0,60.0,,,,,,,,,,,,,,,
2026-06-05,zone,Nord-Kivu,Butembo,22,https://ebola-tracker.org/reports/SITREP_MVE_022.pdf,,4,0,1,2,0,50.0,,,,,,,,,,,,,,,
2026-06-05,zone,Nord-Kivu,Goma,22,https://ebola-tracker.org/reports/SITREP_MVE_022.pdf,,1,0,1,0,0,0.0,,,,,,,,,,,,,,,
2026-06-05,zone,Nord-Kivu,Kalunguta,22,https://ebola-tracker.org/reports/SITREP_MVE_022.pdf,,1,0,1,1,0,100.0,,,,,,,,,,,,,,,
2026-06-05,zone,Nord-Kivu,Katwa,22,https://ebola-tracker.org/reports/SITREP_MVE_022.pdf,,11,0,1,7,0,63.6,,,,,,,,,,,,,,,
2026-06-05,zone,Nord-Kivu,Kyondo,22,https://ebola-tracker.org/reports/SITREP_MVE_022.pdf,,1,0,1,0,0,0.0,,,,,,,,,,,,,,,
2026-06-05,zone,Nord-Kivu,Oicha,22,https://ebola-tracker.org/reports/SITREP_MVE_022.pdf,,2,0,1,2,0,100.0,,,,,,,,,,,,,,,
2026-06-05,zone,Sud-Kivu,Miti-Murhesa,22,https://ebola-tracker.org/reports/SITREP_MVE_022.pdf,,3,0,1,1,0,33.3,,,,,,,,,,,,,,,
2026-06-06,pays,,,23,https://ebola-tracker.org/reports/SITREP_MVE_023.pdf,,515,27,1,91,5,17.7,,,,345,117,106,27,25.5,280,,,5040,2535,50.3,
2026-06-06,province,Ituri,,23,https://ebola-tracker.org/reports/SITREP_MVE_023.pdf,,487,27,1,74,4,15.2,,,,134,86,94,27,28.7,257,,,4118,1779,43.2,
2026-06-06,province,Nord-Kivu,,23,https://ebola-tracker.org/reports/SITREP_MVE_023.pdf,,25,0,1,16,1,64.0,,,,208,30,6,0,0.0,16,,,699,577,82.5,
2026-06-06,province,Sud-Kivu,,23,https://ebola-tracker.org/reports/SITREP_MVE_023.pdf,,3,0,1,1,0,33.3,,,,3,1,6,0,0.0,7,,,223,179,80.3,
2026-06-06,zone,Ituri,Aru,23,https://ebola-tracker.org/reports/SITREP_MVE_023.pdf,,3,0,1,1,0,33.3,,,,,,,,,,,,,,,
2026-06-06,zone,Ituri,Aungba,23,https://ebola-tracker.org/reports/SITREP_MVE_023.pdf,,1,0,1,0,0,0.0,,,,,,,,,,,,,,,
2026-06-06,zone,Ituri,Bambu,23,https://ebola-tracker.org/reports/SITREP_MVE_023.pdf,,5,0,1,2,0,40.0,,,,,,,,,,,,,,,
2026-06-06,zone,Ituri,Bunia,23,https://ebola-tracker.org/reports/SITREP_MVE_023.pdf,,142,4,1,14,0,9.9,,,,,,,,,,,,,,,
2026-06-06,zone,Ituri,Damas,23,https://ebola-tracker.org/reports/SITREP_MVE_023.pdf,,3,0,1,0,0,0.0,,,,,,,,,,,,,,,
2026-06-06,zone,Ituri,Gethy,23,https://ebola-tracker.org/reports/SITREP_MVE_023.pdf,,1,0,1,0,0,0.0,,,,,,,,,,,,,,,
2026-06-06,zone,Ituri,Kilo,23,https://ebola-tracker.org/reports/SITREP_MVE_023.pdf,,4,0,1,1,0,25.0,,,,,,,,,,,,,,,
2026-06-06,zone,Ituri,Komanda,23,https://ebola-tracker.org/reports/SITREP_MVE_023.pdf,,3,0,1,0,0,0.0,,,,,,,,,,,,,,,
2026-06-06,zone,Ituri,Lita,23,https://ebola-tracker.org/reports/SITREP_MVE_023.pdf,,4,0,1,0,0,0.0,,,,,,,,,,,,,,,
2026-06-06,zone,Ituri,Logo,23,https://ebola-tracker.org/reports/SITREP_MVE_023.pdf,,2,0,1,0,0,0.0,,,,,,,,,,,,,,,
2026-06-06,zone,Ituri,Mambasa,23,https://ebola-tracker.org/reports/SITREP_MVE_023.pdf,,2,0,1,1,0,50.0,,,,,,,,,,,,,,,
2026-06-06,zone,Ituri,Mangala,23,https://ebola-tracker.org/reports/SITREP_MVE_023.pdf,,1,0,1,0,0,0.0,,,,,,,,,,,,,,,
2026-06-06,zone,Ituri,Mongbwalu,23,https://ebola-tracker.org/reports/SITREP_MVE_023.pdf,,92,18,1,25,4,27.2,,,,,,,,,,,,,,,
2026-06-06,zone,Ituri,Nizi,23,https://ebola-tracker.org/reports/SITREP_MVE_023.pdf,,5,0,1,0,0,0.0,,,,,,,,,,,,,,,
2026-06-06,zone,Ituri,Nyankunde,23,https://ebola-tracker.org/reports/SITREP_MVE_023.pdf,,24,0,1,1,0,4.2,,,,,,,,,,,,,,,
2026-06-06,zone,Ituri,Rimba,23,https://ebola-tracker.org/reports/SITREP_MVE_023.pdf,,3,0,1,0,0,0.0,,,,,,,,,,,,,,,
2026-06-06,zone,Ituri,Rwampara,23,https://ebola-tracker.org/reports/SITREP_MVE_023.pdf,,98,5,1,19,0,19.4,,,,,,,,,,,,,,,
2026-06-06,zone,Nord-Kivu,Beni,23,https://ebola-tracker.org/reports/SITREP_MVE_023.pdf,,5,0,1,3,0,60.0,,,,,,,,,,,,,,,
2026-06-06,zone,Nord-Kivu,Butembo,23,https://ebola-tracker.org/reports/SITREP_MVE_023.pdf,,4,0,1,2,0,50.0,,,,,,,,,,,,,,,
2026-06-06,zone,Nord-Kivu,Goma,23,https://ebola-tracker.org/reports/SITREP_MVE_023.pdf,,1,0,1,0,0,0.0,,,,,,,,,,,,,,,
2026-06-06,zone,Nord-Kivu,Kalunguta,23,https://ebola-tracker.org/reports/SITREP_MVE_023.pdf,,1,0,1,1,0,100.0,,,,,,,,,,,,,,,
2026-06-06,zone,Nord-Kivu,Katwa,23,https://ebola-tracker.org/reports/SITREP_MVE_023.pdf,,11,0,1,8,1,72.7,,,,,,,,,,,,,,,
2026-06-06,zone,Nord-Kivu,Kyondo,23,https://ebola-tracker.org/reports/SITREP_MVE_023.pdf,,1,0,1,0,0,0.0,,,,,,,,,,,,,,,
2026-06-06,zone,Nord-Kivu,Oicha,23,https://ebola-tracker.org/reports/SITREP_MVE_023.pdf,,2,0,1,2,0,100.0,,,,,,,,,,,,,,,
2026-06-06,zone,Sud-Kivu,Miti-Murhesa,23,https://ebola-tracker.org/reports/SITREP_MVE_023.pdf,,3,0,1,1,0,33.3,,,,,,,,,,,,,,,
2026-06-07,pays,,,24,https://ebola-tracker.org/reports/SITREP_MVE_024.pdf,,550,35,1,101,10,18.4,,,,450,94,67,31,46.3,283,,,5418,3489,64.4,
2026-06-07,province,Ituri,,24,https://ebola-tracker.org/reports/SITREP_MVE_024.pdf,,518,31,1,80,6,15.4,,,,153,33,63,31,49.2,260,,,4454,2678,60.1,
2026-06-07,province,Nord-Kivu,,24,https://ebola-tracker.org/reports/SITREP_MVE_024.pdf,,29,4,1,20,4,69.0,,,,290,60,,,,16,,,738,587,79.5,
2026-06-07,province,Sud-Kivu,,24,https://ebola-tracker.org/reports/SITREP_MVE_024.pdf,,3,0,1,1,0,33.3,,,,7,1,4,0,0.0,7,,,226,224,99.1,
2026-06-07,zone,Ituri,Aru,24,https://ebola-tracker.org/reports/SITREP_MVE_024.pdf,,3,0,1,1,0,33.3,,,,,,,,,,,,,,,
2026-06-07,zone,Ituri,Aungba,24,https://ebola-tracker.org/reports/SITREP_MVE_024.pdf,,1,0,1,0,0,0.0,,,,,,,,,,,,,,,
2026-06-07,zone,Ituri,Bambu,24,https://ebola-tracker.org/reports/SITREP_MVE_024.pdf,,5,0,1,2,0,40.0,,,,,,,,,,,,,,,
2026-06-07,zone,Ituri,Bunia,24,https://ebola-tracker.org/reports/SITREP_MVE_024.pdf,,152,10,1,15,1,9.9,,,,,,,,,,,,,,,
2026-06-07,zone,Ituri,Damas,24,https://ebola-tracker.org/reports/SITREP_MVE_024.pdf,,3,0,1,0,0,0.0,,,,,,,,,,,,,,,
2026-06-07,zone,Ituri,Gethy,24,https://ebola-tracker.org/reports/SITREP_MVE_024.pdf,,1,0,1,0,0,0.0,,,,,,,,,,,,,,,
2026-06-07,zone,Ituri,Kilo,24,https://ebola-tracker.org/reports/SITREP_MVE_024.pdf,,4,0,1,1,0,25.0,,,,,,,,,,,,,,,
2026-06-07,zone,Ituri,Komanda,24,https://ebola-tracker.org/reports/SITREP_MVE_024.pdf,,3,0,1,0,0,0.0,,,,,,,,,,,,,,,
2026-06-07,zone,Ituri,Lita,24,https://ebola-tracker.org/reports/SITREP_MVE_024.pdf,,4,0,1,0,0,0.0,,,,,,,,,,,,,,,
2026-06-07,zone,Ituri,Logo,24,https://ebola-tracker.org/reports/SITREP_MVE_024.pdf,,2,0,1,0,0,0.0,,,,,,,,,,,,,,,
2026-06-07,zone,Ituri,Mambasa,24,https://ebola-tracker.org/reports/SITREP_MVE_024.pdf,,2,0,1,1,0,50.0,,,,,,,,,,,,,,,
2026-06-07,zone,Ituri,Mangala,24,https://ebola-tracker.org/reports/SITREP_MVE_024.pdf,,1,0,1,0,0,0.0,,,,,,,,,,,,,,,
2026-06-07,zone,Ituri,Mongbwalu,24,https://ebola-tracker.org/reports/SITREP_MVE_024.pdf,,98,6,1,29,4,29.6,,,,,,,,,,,,,,,
2026-06-07,zone,Ituri,Nizi,24,https://ebola-tracker.org/reports/SITREP_MVE_024.pdf,,5,0,1,0,0,0.0,,,,,,,,,,,,,,,
2026-06-07,zone,Ituri,Nyankunde,24,https://ebola-tracker.org/reports/SITREP_MVE_024.pdf,,26,2,1,1,0,3.8,,,,,,,,,,,,,,,
2026-06-07,zone,Ituri,Rimba,24,https://ebola-tracker.org/reports/SITREP_MVE_024.pdf,,3,0,1,0,0,0.0,,,,,,,,,,,,,,,
2026-06-07,zone,Ituri,Rwampara,24,https://ebola-tracker.org/reports/SITREP_MVE_024.pdf,,111,13,1,20,1,18.0,,,,,,,,,,,,,,,
2026-06-07,zone,Nord-Kivu,Beni,24,https://ebola-tracker.org/reports/SITREP_MVE_024.pdf,,9,4,1,7,4,77.8,,,,,,,,,,,,,,,
2026-06-07,zone,Nord-Kivu,Butembo,24,https://ebola-tracker.org/reports/SITREP_MVE_024.pdf,,4,0,1,2,0,50.0,,,,,,,,,,,,,,,
2026-06-07,zone,Nord-Kivu,Goma,24,https://ebola-tracker.org/reports/SITREP_MVE_024.pdf,,1,0,1,0,0,0.0,,,,,,,,,,,,,,,
2026-06-07,zone,Nord-Kivu,Kalunguta,24,https://ebola-tracker.org/reports/SITREP_MVE_024.pdf,,1,0,1,1,0,100.0,,,,,,,,,,,,,,,
2026-06-07,zone,Nord-Kivu,Katwa,24,https://ebola-tracker.org/reports/SITREP_MVE_024.pdf,,11,0,1,8,0,72.7,,,,,,,,,,,,,,,
2026-06-07,zone,Nord-Kivu,Kyondo,24,https://ebola-tracker.org/reports/SITREP_MVE_024.pdf,,1,0,1,0,0,0.0,,,,,,,,,,,,,,,
2026-06-07,zone,Nord-Kivu,Oicha,24,https://ebola-tracker.org/reports/SITREP_MVE_024.pdf,,2,0,1,2,0,100.0,,,,,,,,,,,,,,,
2026-06-07,zone,Sud-Kivu,Miti-Murhesa,24,https://ebola-tracker.org/reports/SITREP_MVE_024.pdf,,3,0,1,1,0,33.3,,,,,,,,,,,,,,,
2026-06-08,pays,,,25,https://ebola-tracker.org/reports/SITREP_MVE_025.pdf,,598,48,1,115,14,19.2,,,,430,138,121,45,37.2,310,,,5681,3201,56.3,
2026-06-08,province,Ituri,,25,https://ebola-tracker.org/reports/SITREP_MVE_025.pdf,,563,45,1,92,12,16.3,,,,140,76,115,45,39.1,286,,,4752,2487,52.3,
2026-06-08,province,Nord-Kivu,,25,https://ebola-tracker.org/reports/SITREP_MVE_025.pdf,,32,3,1,22,2,68.8,,,,265,56,,,,17,,,703,533,75.8,
2026-06-08,province,Sud-Kivu,,25,https://ebola-tracker.org/reports/SITREP_MVE_025.pdf,,3,0,1,1,0,33.3,,,,25,6,6,0,0.0,7,,,226,181,80.1,
2026-06-08,zone,Ituri,Aru,25,https://ebola-tracker.org/reports/SITREP_MVE_025.pdf,,3,0,1,1,0,33.3,,,,,,,,,,,,,,,
2026-06-08,zone,Ituri,Aungba,25,https://ebola-tracker.org/reports/SITREP_MVE_025.pdf,,2,1,1,1,1,50.0,,,,,,,,,,,,,,,
2026-06-08,zone,Ituri,Bambu,25,https://ebola-tracker.org/reports/SITREP_MVE_025.pdf,,5,0,1,2,0,40.0,,,,,,,,,,,,,,,
2026-06-08,zone,Ituri,Bunia,25,https://ebola-tracker.org/reports/SITREP_MVE_025.pdf,,163,11,1,15,0,9.2,,,,,,,,,,,,,,,
2026-06-08,zone,Ituri,Damas,25,https://ebola-tracker.org/reports/SITREP_MVE_025.pdf,,3,0,1,0,0,0.0,,,,,,,,,,,,,,,
2026-06-08,zone,Ituri,Gethy,25,https://ebola-tracker.org/reports/SITREP_MVE_025.pdf,,1,0,1,0,0,0.0,,,,,,,,,,,,,,,
2026-06-08,zone,Ituri,Kilo,25,https://ebola-tracker.org/reports/SITREP_MVE_025.pdf,,4,0,1,1,0,25.0,,,,,,,,,,,,,,,
2026-06-08,zone,Ituri,Komanda,25,https://ebola-tracker.org/reports/SITREP_MVE_025.pdf,,3,0,1,0,0,0.0,,,,,,,,,,,,,,,
2026-06-08,zone,Ituri,Lita,25,https://ebola-tracker.org/reports/SITREP_MVE_025.pdf,,4,0,1,0,0,0.0,,,,,,,,,,,,,,,
2026-06-08,zone,Ituri,Logo,25,https://ebola-tracker.org/reports/SITREP_MVE_025.pdf,,2,0,1,0,0,0.0,,,,,,,,,,,,,,,
2026-06-08,zone,Ituri,Mambasa,25,https://ebola-tracker.org/reports/SITREP_MVE_025.pdf,,2,0,1,1,0,50.0,,,,,,,,,,,,,,,
2026-06-08,zone,Ituri,Mangala,25,https://ebola-tracker.org/reports/SITREP_MVE_025.pdf,,1,0,1,0,0,0.0,,,,,,,,,,,,,,,
2026-06-08,zone,Ituri,Mongbwalu,25,https://ebola-tracker.org/reports/SITREP_MVE_025.pdf,,114,16,1,40,11,35.1,,,,,,,,,,,,,,,
2026-06-08,zone,Ituri,Nizi,25,https://ebola-tracker.org/reports/SITREP_MVE_025.pdf,,5,0,1,0,0,0.0,,,,,,,,,,,,,,,
2026-06-08,zone,Ituri,Nyankunde,25,https://ebola-tracker.org/reports/SITREP_MVE_025.pdf,,32,6,1,1,0,3.1,,,,,,,,,,,,,,,
2026-06-08,zone,Ituri,Rimba,25,https://ebola-tracker.org/reports/SITREP_MVE_025.pdf,,3,0,1,0,0,0.0,,,,,,,,,,,,,,,
2026-06-08,zone,Ituri,Rwampara,25,https://ebola-tracker.org/reports/SITREP_MVE_025.pdf,,122,11,1,20,0,16.4,,,,,,,,,,,,,,,
2026-06-08,zone,Nord-Kivu,Beni,25,https://ebola-tracker.org/reports/SITREP_MVE_025.pdf,,9,0,1,7,0,77.8,,,,,,,,,,,,,,,
2026-06-08,zone,Nord-Kivu,Butembo,25,https://ebola-tracker.org/reports/SITREP_MVE_025.pdf,,6,2,1,4,2,66.7,,,,,,,,,,,,,,,
2026-06-08,zone,Nord-Kivu,Goma,25,https://ebola-tracker.org/reports/SITREP_MVE_025.pdf,,1,0,1,0,0,0.0,,,,,,,,,,,,,,,
2026-06-08,zone,Nord-Kivu,Kalunguta,25,https://ebola-tracker.org/reports/SITREP_MVE_025.pdf,,1,0,1,1,0,100.0,,,,,,,,,,,,,,,
2026-06-08,zone,Nord-Kivu,Katwa,25,https://ebola-tracker.org/reports/SITREP_MVE_025.pdf,,12,1,1,8,0,66.7,,,,,,,,,,,,,,,
2026-06-08,zone,Nord-Kivu,Kyondo,25,https://ebola-tracker.org/reports/SITREP_MVE_025.pdf,,1,0,1,0,0,0.0,,,,,,,,,,,,,,,
2026-06-08,zone,Nord-Kivu,Oicha,25,https://ebola-tracker.org/reports/SITREP_MVE_025.pdf,,2,0,1,2,0,100.0,,,,,,,,,,,,,,,
2026-06-08,zone,Sud-Kivu,Miti-Murhesa,25,https://ebola-tracker.org/reports/SITREP_MVE_025.pdf,,3,0,1,1,0,33.3,,,,,,,,,,,,,,,
2026-06-09,pays,,,26,https://ebola-tracker.org/reports/SITREP_MVE_026.pdf,,635,37,1,127,12,20.0,,,,616,119,68,37,54.4,268,,,6022,3679,61.1,
2026-06-09,province,Ituri,,26,https://ebola-tracker.org/reports/SITREP_MVE_026.pdf,,600,37,1,104,12,17.3,,,,78,49,54,37,68.5,245,,,4955,2860,57.7,
2026-06-09,province,Nord-Kivu,,26,https://ebola-tracker.org/reports/SITREP_MVE_026.pdf,,32,0,1,22,0,68.8,,,,526,69,12,0,0.0,17,,,841,597,71.0,
2026-06-09,province,Sud-Kivu,,26,https://ebola-tracker.org/reports/SITREP_MVE_026.pdf,,3,0,1,1,0,33.3,,,,12,1,2,0,0.0,6,,,226,222,98.2,
2026-06-09,zone,Ituri,Aru,26,https://ebola-tracker.org/reports/SITREP_MVE_026.pdf,,3,0,1,1,0,33.3,,,,,,,,,,,,,,,
2026-06-09,zone,Ituri,Aungba,26,https://ebola-tracker.org/reports/SITREP_MVE_026.pdf,,2,0,1,1,0,50.0,,,,,,,,,,,,,,,
2026-06-09,zone,Ituri,Bambu,26,https://ebola-tracker.org/reports/SITREP_MVE_026.pdf,,5,0,1,2,0,40.0,,,,,,,,,,,,,,,
2026-06-09,zone,Ituri,Bunia,26,https://ebola-tracker.org/reports/SITREP_MVE_026.pdf,,173,10,1,15,0,8.7,,,,,,,,,,,,,,,
2026-06-09,zone,Ituri,Damas,26,https://ebola-tracker.org/reports/SITREP_MVE_026.pdf,,3,0,1,0,0,0.0,,,,,,,,,,,,,,,
2026-06-09,zone,Ituri,Gethy,26,https://ebola-tracker.org/reports/SITREP_MVE_026.pdf,,1,0,1,0,0,0.0,,,,,,,,,,,,,,,
2026-06-09,zone,Ituri,Kilo,26,https://ebola-tracker.org/reports/SITREP_MVE_026.pdf,,4,0,1,1,0,25.0,,,,,,,,,,,,,,,
2026-06-09,zone,Ituri,Komanda,26,https://ebola-tracker.org/reports/SITREP_MVE_026.pdf,,3,0,1,0,0,0.0,,,,,,,,,,,,,,,
2026-06-09,zone,Ituri,Lita,26,https://ebola-tracker.org/reports/SITREP_MVE_026.pdf,,5,1,1,0,0,0.0,,,,,,,,,,,,,,,
2026-06-09,zone,Ituri,Logo,26,https://ebola-tracker.org/reports/SITREP_MVE_026.pdf,,2,0,1,0,0,0.0,,,,,,,,,,,,,,,
2026-06-09,zone,Ituri,Mambasa,26,https://ebola-tracker.org/reports/SITREP_MVE_026.pdf,,2,0,1,1,0,50.0,,,,,,,,,,,,,,,
2026-06-09,zone,Ituri,Mangala,26,https://ebola-tracker.org/reports/SITREP_MVE_026.pdf,,1,0,1,0,0,0.0,,,,,,,,,,,,,,,
2026-06-09,zone,Ituri,Mongbwalu,26,https://ebola-tracker.org/reports/SITREP_MVE_026.pdf,,127,13,1,47,7,37.0,,,,,,,,,,,,,,,
2026-06-09,zone,Ituri,Nizi,26,https://ebola-tracker.org/reports/SITREP_MVE_026.pdf,,5,0,1,0,0,0.0,,,,,,,,,,,,,,,
2026-06-09,zone,Ituri,Nyankunde,26,https://ebola-tracker.org/reports/SITREP_MVE_026.pdf,,32,0,1,1,0,3.1,,,,,,,,,,,,,,,
2026-06-09,zone,Ituri,Rimba,26,https://ebola-tracker.org/reports/SITREP_MVE_026.pdf,,3,0,1,0,0,0.0,,,,,,,,,,,,,,,
2026-06-09,zone,Ituri,Rwampara,26,https://ebola-tracker.org/reports/SITREP_MVE_026.pdf,,133,11,1,25,5,18.8,,,,,,,,,,,,,,,
2026-06-09,zone,Ituri,Tchomia,26,https://ebola-tracker.org/reports/SITREP_MVE_026.pdf,,2,,,0,,0.0,,,,,,,,,,,,,,,
2026-06-09,zone,Nord-Kivu,Beni,26,https://ebola-tracker.org/reports/SITREP_MVE_026.pdf,,9,0,1,7,0,77.8,,,,,,,,,,,,,,,
2026-06-09,zone,Nord-Kivu,Butembo,26,https://ebola-tracker.org/reports/SITREP_MVE_026.pdf,,6,0,1,4,0,66.7,,,,,,,,,,,,,,,
2026-06-09,zone,Nord-Kivu,Goma,26,https://ebola-tracker.org/reports/SITREP_MVE_026.pdf,,1,0,1,0,0,0.0,,,,,,,,,,,,,,,
2026-06-09,zone,Nord-Kivu,Kalunguta,26,https://ebola-tracker.org/reports/SITREP_MVE_026.pdf,,1,0,1,1,0,100.0,,,,,,,,,,,,,,,
2026-06-09,zone,Nord-Kivu,Katwa,26,https://ebola-tracker.org/reports/SITREP_MVE_026.pdf,,12,0,1,8,0,66.7,,,,,,,,,,,,,,,
2026-06-09,zone,Nord-Kivu,Kyondo,26,https://ebola-tracker.org/reports/SITREP_MVE_026.pdf,,1,0,1,0,0,0.0,,,,,,,,,,,,,,,
2026-06-09,zone,Nord-Kivu,Oicha,26,https://ebola-tracker.org/reports/SITREP_MVE_026.pdf,,2,0,1,2,0,100.0,,,,,,,,,,,,,,,
2026-06-09,zone,Sud-Kivu,Miti-Murhesa,26,https://ebola-tracker.org/reports/SITREP_MVE_026.pdf,,3,0,1,1,0,33.3,,,,,,,,,,,,,,,
2026-06-10,pays,,,27,https://ebola-tracker.org/reports/SITREP_MVE_027.pdf,,676,41,1,136,9,20.1,,,,257,119,109,29,26.6,262,,,5768,4141,71.8,
2026-06-10,province,Ituri,,27,https://ebola-tracker.org/reports/SITREP_MVE_027.pdf,,629,29,1,109,5,17.3,,,,143,91,109,29,26.6,239,,,4703,3357,71.4,
2026-06-10,province,Nord-Kivu,,27,https://ebola-tracker.org/reports/SITREP_MVE_027.pdf,,44,12,1,26,4,59.1,,,,107,22,,,,17,,,841,597,71.0,
2026-06-10,province,Sud-Kivu,,27,https://ebola-tracker.org/reports/SITREP_MVE_027.pdf,,3,0,1,1,0,33.3,,,,7,6,,,,6,,,224,187,83.5,
2026-06-10,zone,Ituri,Aru,27,https://ebola-tracker.org/reports/SITREP_MVE_027.pdf,,3,0,1,1,0,33.3,,,,,,,,,,,,,,,
2026-06-10,zone,Ituri,Aungba,27,https://ebola-tracker.org/reports/SITREP_MVE_027.pdf,,2,0,1,1,0,50.0,,,,,,,,,,,,,,,
2026-06-10,zone,Ituri,Bambu,27,https://ebola-tracker.org/reports/SITREP_MVE_027.pdf,,7,2,1,2,0,28.6,,,,,,,,,,,,,,,
2026-06-10,zone,Ituri,Bunia,27,https://ebola-tracker.org/reports/SITREP_MVE_027.pdf,,185,12,1,17,2,9.2,,,,,,,,,,,,,,,
2026-06-10,zone,Ituri,Damas,27,https://ebola-tracker.org/reports/SITREP_MVE_027.pdf,,3,0,1,0,0,0.0,,,,,,,,,,,,,,,
2026-06-10,zone,Ituri,Gethy,27,https://ebola-tracker.org/reports/SITREP_MVE_027.pdf,,1,0,1,0,0,0.0,,,,,,,,,,,,,,,
2026-06-10,zone,Ituri,Kambala,27,https://ebola-tracker.org/reports/SITREP_MVE_027.pdf,,1,,,1,,100.0,,,,,,,,,,,,,,,
2026-06-10,zone,Ituri,Kilo,27,https://ebola-tracker.org/reports/SITREP_MVE_027.pdf,,4,0,1,1,0,25.0,,,,,,,,,,,,,,,
2026-06-10,zone,Ituri,Komanda,27,https://ebola-tracker.org/reports/SITREP_MVE_027.pdf,,3,0,1,0,0,0.0,,,,,,,,,,,,,,,
2026-06-10,zone,Ituri,Lita,27,https://ebola-tracker.org/reports/SITREP_MVE_027.pdf,,6,1,1,0,0,0.0,,,,,,,,,,,,,,,
2026-06-10,zone,Ituri,Logo,27,https://ebola-tracker.org/reports/SITREP_MVE_027.pdf,,2,0,1,0,0,0.0,,,,,,,,,,,,,,,
2026-06-10,zone,Ituri,Mambasa,27,https://ebola-tracker.org/reports/SITREP_MVE_027.pdf,,2,0,1,1,0,50.0,,,,,,,,,,,,,,,
2026-06-10,zone,Ituri,Mangala,27,https://ebola-tracker.org/reports/SITREP_MVE_027.pdf,,2,1,1,0,0,0.0,,,,,,,,,,,,,,,
2026-06-10,zone,Ituri,Mongbwalu,27,https://ebola-tracker.org/reports/SITREP_MVE_027.pdf,,132,5,1,49,2,37.1,,,,,,,,,,,,,,,
2026-06-10,zone,Ituri,Nizi,27,https://ebola-tracker.org/reports/SITREP_MVE_027.pdf,,7,2,1,0,0,0.0,,,,,,,,,,,,,,,
2026-06-10,zone,Ituri,Nyankunde,27,https://ebola-tracker.org/reports/SITREP_MVE_027.pdf,,33,1,1,1,0,3.0,,,,,,,,,,,,,,,
2026-06-10,zone,Ituri,Rimba,27,https://ebola-tracker.org/reports/SITREP_MVE_027.pdf,,3,0,1,0,0,0.0,,,,,,,,,,,,,,,
2026-06-10,zone,Ituri,Rwampara,27,https://ebola-tracker.org/reports/SITREP_MVE_027.pdf,,137,4,1,25,0,18.2,,,,,,,,,,,,,,,
2026-06-10,zone,Ituri,Tchomia,27,https://ebola-tracker.org/reports/SITREP_MVE_027.pdf,,2,0,1,0,0,0.0,,,,,,,,,,,,,,,
2026-06-10,zone,Nord-Kivu,Beni,27,https://ebola-tracker.org/reports/SITREP_MVE_027.pdf,,9,0,1,7,0,77.8,,,,,,,,,,,,,,,
2026-06-10,zone,Nord-Kivu,Butembo,27,https://ebola-tracker.org/reports/SITREP_MVE_027.pdf,,9,3,1,5,1,55.6,,,,,,,,,,,,,,,
2026-06-10,zone,Nord-Kivu,Goma,27,https://ebola-tracker.org/reports/SITREP_MVE_027.pdf,,1,0,1,0,0,0.0,,,,,,,,,,,,,,,
2026-06-10,zone,Nord-Kivu,Kalunguta,27,https://ebola-tracker.org/reports/SITREP_MVE_027.pdf,,1,0,1,1,0,100.0,,,,,,,,,,,,,,,
2026-06-10,zone,Nord-Kivu,Katwa,27,https://ebola-tracker.org/reports/SITREP_MVE_027.pdf,,18,6,1,10,2,55.6,,,,,,,,,,,,,,,
2026-06-10,zone,Nord-Kivu,Kyondo,27,https://ebola-tracker.org/reports/SITREP_MVE_027.pdf,,2,1,1,0,0,0.0,,,,,,,,,,,,,,,
2026-06-10,zone,Nord-Kivu,Masereka,27,https://ebola-tracker.org/reports/SITREP_MVE_027.pdf,,1,,,0,,0.0,,,,,,,,,,,,,,,
2026-06-10,zone,Nord-Kivu,Oicha,27,https://ebola-tracker.org/reports/SITREP_MVE_027.pdf,,2,0,1,2,0,100.0,,,,,,,,,,,,,,,
2026-06-10,zone,Nord-Kivu,Vuhovi,27,https://ebola-tracker.org/reports/SITREP_MVE_027.pdf,,1,,,1,,100.0,,,,,,,,,,,,,,,
2026-06-10,zone,Sud-Kivu,Miti-Murhesa,27,https://ebola-tracker.org/reports/SITREP_MVE_027.pdf,,3,0,1,1,0,33.3,,,,,,,,,,,,,,,
2026-06-11,pays,,,28,https://ebola-tracker.org/reports/SITREP_MVE_028.pdf,,689,13,1,139,3,20.2,,,,419,168,35,17,48.6,267,,,,,,
2026-06-11,province,Ituri,,28,https://ebola-tracker.org/reports/SITREP_MVE_028.pdf,,646,17,1,114,5,17.6,,,,143,45,35,17,48.6,247,,,,,,
2026-06-11,province,Nord-Kivu,,28,https://ebola-tracker.org/reports/SITREP_MVE_028.pdf,,40,-4,1,24,-2,60.0,,,,266,113,,,,13,,,1037,700,67.5,
2026-06-11,province,Sud-Kivu,,28,https://ebola-tracker.org/reports/SITREP_MVE_028.pdf,,3,0,1,1,0,33.3,,,,10,10,,,,7,,,224,185,82.6,
2026-06-11,zone,Ituri,Aru,28,https://ebola-tracker.org/reports/SITREP_MVE_028.pdf,,3,0,1,1,0,33.3,,,,,,,,,,,,,,,
2026-06-11,zone,Ituri,Aungba,28,https://ebola-tracker.org/reports/SITREP_MVE_028.pdf,,2,0,1,1,0,50.0,,,,,,,,,,,,,,,
2026-06-11,zone,Ituri,Bambu,28,https://ebola-tracker.org/reports/SITREP_MVE_028.pdf,,7,0,1,2,0,28.6,,,,,,,,,,,,,,,
2026-06-11,zone,Ituri,Bunia,28,https://ebola-tracker.org/reports/SITREP_MVE_028.pdf,,191,6,1,17,0,8.9,,,,,,,,,,,,,,,
2026-06-11,zone,Ituri,Damas,28,https://ebola-tracker.org/reports/SITREP_MVE_028.pdf,,3,0,1,0,0,0.0,,,,,,,,,,,,,,,
2026-06-11,zone,Ituri,Gethy,28,https://ebola-tracker.org/reports/SITREP_MVE_028.pdf,,1,0,1,0,0,0.0,,,,,,,,,,,,,,,
2026-06-11,zone,Ituri,Kambala,28,https://ebola-tracker.org/reports/SITREP_MVE_028.pdf,,1,0,1,1,0,100.0,,,,,,,,,,,,,,,
2026-06-11,zone,Ituri,Kilo,28,https://ebola-tracker.org/reports/SITREP_MVE_028.pdf,,4,0,1,1,0,25.0,,,,,,,,,,,,,,,
2026-06-11,zone,Ituri,Komanda,28,https://ebola-tracker.org/reports/SITREP_MVE_028.pdf,,3,0,1,0,0,0.0,,,,,,,,,,,,,,,
2026-06-11,zone,Ituri,Lita,28,https://ebola-tracker.org/reports/SITREP_MVE_028.pdf,,6,0,1,0,0,0.0,,,,,,,,,,,,,,,
2026-06-11,zone,Ituri,Logo,28,https://ebola-tracker.org/reports/SITREP_MVE_028.pdf,,2,0,1,0,0,0.0,,,,,,,,,,,,,,,
2026-06-11,zone,Ituri,Mambasa,28,https://ebola-tracker.org/reports/SITREP_MVE_028.pdf,,2,0,1,1,0,50.0,,,,,,,,,,,,,,,
2026-06-11,zone,Ituri,Mangala,28,https://ebola-tracker.org/reports/SITREP_MVE_028.pdf,,2,0,1,0,0,0.0,,,,,,,,,,,,,,,
2026-06-11,zone,Ituri,Mongbwalu,28,https://ebola-tracker.org/reports/SITREP_MVE_028.pdf,,136,4,1,52,3,38.2,,,,,,,,,,,,,,,
2026-06-11,zone,Ituri,Nizi,28,https://ebola-tracker.org/reports/SITREP_MVE_028.pdf,,9,2,1,1,1,11.1,,,,,,,,,,,,,,,
2026-06-11,zone,Ituri,Nyankunde,28,https://ebola-tracker.org/reports/SITREP_MVE_028.pdf,,33,0,1,1,0,3.0,,,,,,,,,,,,,,,
2026-06-11,zone,Ituri,Rimba,28,https://ebola-tracker.org/reports/SITREP_MVE_028.pdf,,3,0,1,0,0,0.0,,,,,,,,,,,,,,,
2026-06-11,zone,Ituri,Rwampara,28,https://ebola-tracker.org/reports/SITREP_MVE_028.pdf,,142,5,1,26,1,18.3,,,,,,,,,,,,,,,
2026-06-11,zone,Ituri,Tchomia,28,https://ebola-tracker.org/reports/SITREP_MVE_028.pdf,,2,0,1,0,0,0.0,,,,,,,,,,,,,,,
2026-06-11,zone,Nord-Kivu,Beni,28,https://ebola-tracker.org/reports/SITREP_MVE_028.pdf,,9,0,1,5,-2,55.6,,,,,,,,,,,,,,,
2026-06-11,zone,Nord-Kivu,Butembo,28,https://ebola-tracker.org/reports/SITREP_MVE_028.pdf,,7,-2,1,5,0,71.4,,,,,,,,,,,,,,,
2026-06-11,zone,Nord-Kivu,Goma,28,https://ebola-tracker.org/reports/SITREP_MVE_028.pdf,,1,0,1,0,0,0.0,,,,,,,,,,,,,,,
2026-06-11,zone,Nord-Kivu,Kalunguta,28,https://ebola-tracker.org/reports/SITREP_MVE_028.pdf,,1,0,1,1,0,100.0,,,,,,,,,,,,,,,
2026-06-11,zone,Nord-Kivu,Katwa,28,https://ebola-tracker.org/reports/SITREP_MVE_028.pdf,,16,-2,1,9,-1,56.2,,,,,,,,,,,,,,,
2026-06-11,zone,Nord-Kivu,Kyondo,28,https://ebola-tracker.org/reports/SITREP_MVE_028.pdf,,2,0,1,1,1,50.0,,,,,,,,,,,,,,,
2026-06-11,zone,Nord-Kivu,Masereka,28,https://ebola-tracker.org/reports/SITREP_MVE_028.pdf,,1,0,1,0,0,0.0,,,,,,,,,,,,,,,
2026-06-11,zone,Nord-Kivu,Oicha,28,https://ebola-tracker.org/reports/SITREP_MVE_028.pdf,,2,0,1,2,0,100.0,,,,,,,,,,,,,,,
2026-06-11,zone,Nord-Kivu,Vuhovi,28,https://ebola-tracker.org/reports/SITREP_MVE_028.pdf,,1,0,1,1,0,100.0,,,,,,,,,,,,,,,
2026-06-11,zone,Sud-Kivu,Miti-Murhesa,28,https://ebola-tracker.org/reports/SITREP_MVE_028.pdf,,3,0,1,1,0,33.3,,,,,,,,,,,,,,,
2026-06-13,pays,,,30,https://ebola-tracker.org/reports/SITREP_MVE_030.pdf,,782,93,2,181,42,23.1,,,,507,136,181,72,39.8,327,,,6275,3548,56.5,
2026-06-13,province,Ituri,,30,https://ebola-tracker.org/reports/SITREP_MVE_030.pdf,,717,71,2,146,32,20.4,,,,152,84,139,56,40.3,280,,,5065,2879,56.8,
2026-06-13,province,Nord-Kivu,,30,https://ebola-tracker.org/reports/SITREP_MVE_030.pdf,,62,22,2,34,10,54.8,,,,332,44,34,16,47.1,36,,,1130,589,52.1,
2026-06-13,province,Sud-Kivu,,30,https://ebola-tracker.org/reports/SITREP_MVE_030.pdf,,3,0,2,1,0,33.3,,,,23,8,8,0,0.0,11,,,80,80,100.0,
2026-06-13,zone,Ituri,Aru,30,https://ebola-tracker.org/reports/SITREP_MVE_030.pdf,,3,0,2,1,0,33.3,,,,,,,,,,,,,,,
2026-06-13,zone,Ituri,Aungba,30,https://ebola-tracker.org/reports/SITREP_MVE_030.pdf,,2,0,2,1,0,50.0,,,,,,,,,,,,,,,
2026-06-13,zone,Ituri,Bambu,30,https://ebola-tracker.org/reports/SITREP_MVE_030.pdf,,7,0,2,2,0,28.6,,,,,,,,,,,,,,,
2026-06-13,zone,Ituri,Bunia,30,https://ebola-tracker.org/reports/SITREP_MVE_030.pdf,,212,21,2,20,3,9.4,,,,,,,,,,,,,,,
2026-06-13,zone,Ituri,Damas,30,https://ebola-tracker.org/reports/SITREP_MVE_030.pdf,,4,1,2,0,0,0.0,,,,,,,,,,,,,,,
2026-06-13,zone,Ituri,Gethy,30,https://ebola-tracker.org/reports/SITREP_MVE_030.pdf,,1,0,2,0,0,0.0,,,,,,,,,,,,,,,
2026-06-13,zone,Ituri,Kambala,30,https://ebola-tracker.org/reports/SITREP_MVE_030.pdf,,1,0,2,1,0,100.0,,,,,,,,,,,,,,,
2026-06-13,zone,Ituri,Kilo,30,https://ebola-tracker.org/reports/SITREP_MVE_030.pdf,,4,0,2,1,0,25.0,,,,,,,,,,,,,,,
2026-06-13,zone,Ituri,Komanda,30,https://ebola-tracker.org/reports/SITREP_MVE_030.pdf,,6,3,2,0,0,0.0,,,,,,,,,,,,,,,
2026-06-13,zone,Ituri,Lita,30,https://ebola-tracker.org/reports/SITREP_MVE_030.pdf,,6,0,2,0,0,0.0,,,,,,,,,,,,,,,
2026-06-13,zone,Ituri,Logo,30,https://ebola-tracker.org/reports/SITREP_MVE_030.pdf,,2,0,2,0,0,0.0,,,,,,,,,,,,,,,
2026-06-13,zone,Ituri,Mambasa,30,https://ebola-tracker.org/reports/SITREP_MVE_030.pdf,,2,0,2,1,0,50.0,,,,,,,,,,,,,,,
2026-06-13,zone,Ituri,Mangala,30,https://ebola-tracker.org/reports/SITREP_MVE_030.pdf,,5,3,2,3,3,60.0,,,,,,,,,,,,,,,
2026-06-13,zone,Ituri,Mongbwalu,30,https://ebola-tracker.org/reports/SITREP_MVE_030.pdf,,164,28,2,73,21,44.5,,,,,,,,,,,,,,,
2026-06-13,zone,Ituri,Nia-Nia,30,https://ebola-tracker.org/reports/SITREP_MVE_030.pdf,,1,,,1,,100.0,,,,,,,,,,,,,,,
2026-06-13,zone,Ituri,Nizi,30,https://ebola-tracker.org/reports/SITREP_MVE_030.pdf,,11,2,2,1,0,9.1,,,,,,,,,,,,,,,
2026-06-13,zone,Ituri,Nyankunde,30,https://ebola-tracker.org/reports/SITREP_MVE_030.pdf,,38,5,2,4,3,10.5,,,,,,,,,,,,,,,
2026-06-13,zone,Ituri,Rimba,30,https://ebola-tracker.org/reports/SITREP_MVE_030.pdf,,3,0,2,0,0,0.0,,,,,,,,,,,,,,,
2026-06-13,zone,Ituri,Rwampara,30,https://ebola-tracker.org/reports/SITREP_MVE_030.pdf,,149,7,2,27,1,18.1,,,,,,,,,,,,,,,
2026-06-13,zone,Ituri,Tchomia,30,https://ebola-tracker.org/reports/SITREP_MVE_030.pdf,,2,0,2,0,0,0.0,,,,,,,,,,,,,,,
2026-06-13,zone,Nord-Kivu,Beni,30,https://ebola-tracker.org/reports/SITREP_MVE_030.pdf,,14,5,2,10,5,71.4,,,,,,,,,,,,,,,
2026-06-13,zone,Nord-Kivu,Butembo,30,https://ebola-tracker.org/reports/SITREP_MVE_030.pdf,,18,11,2,7,2,38.9,,,,,,,,,,,,,,,
2026-06-13,zone,Nord-Kivu,Goma,30,https://ebola-tracker.org/reports/SITREP_MVE_030.pdf,,1,0,2,0,0,0.0,,,,,,,,,,,,,,,
2026-06-13,zone,Nord-Kivu,Kalunguta,30,https://ebola-tracker.org/reports/SITREP_MVE_030.pdf,,1,0,2,1,0,100.0,,,,,,,,,,,,,,,
2026-06-13,zone,Nord-Kivu,Katwa,30,https://ebola-tracker.org/reports/SITREP_MVE_030.pdf,,21,5,2,12,3,57.1,,,,,,,,,,,,,,,
2026-06-13,zone,Nord-Kivu,Kyondo,30,https://ebola-tracker.org/reports/SITREP_MVE_030.pdf,,2,0,2,1,0,50.0,,,,,,,,,,,,,,,
2026-06-13,zone,Nord-Kivu,Mabalako,30,https://ebola-tracker.org/reports/SITREP_MVE_030.pdf,,1,,,0,,0.0,,,,,,,,,,,,,,,
2026-06-13,zone,Nord-Kivu,Masereka,30,https://ebola-tracker.org/reports/SITREP_MVE_030.pdf,,1,0,2,0,0,0.0,,,,,,,,,,,,,,,
2026-06-13,zone,Nord-Kivu,Oicha,30,https://ebola-tracker.org/reports/SITREP_MVE_030.pdf,,2,0,2,2,0,100.0,,,,,,,,,,,,,,,
2026-06-13,zone,Nord-Kivu,Vuhovi,30,https://ebola-tracker.org/reports/SITREP_MVE_030.pdf,,1,0,2,1,0,100.0,,,,,,,,,,,,,,,
2026-06-13,zone,Sud-Kivu,Miti-Murhesa,30,https://ebola-tracker.org/reports/SITREP_MVE_030.pdf,,3,0,2,1,0,33.3,,,,,,,,,,,,,,,
2026-06-14,pays,,,31,https://ebola-tracker.org/reports/SITREP_MVE_031.pdf,,808,26,1,192,11,23.8,,,,588,165,142,26,18.3,361,,,6120,3862,63.1,
2026-06-14,province,Ituri,,31,https://ebola-tracker.org/reports/SITREP_MVE_031.pdf,,738,21,1,153,7,20.7,,,,241,110,101,21,20.8,312,,,4828,3098,64.2,
2026-06-14,province,Nord-Kivu,,31,https://ebola-tracker.org/reports/SITREP_MVE_031.pdf,,67,5,1,38,4,56.7,,,,329,52,38,5,13.2,42,,,1212,684,56.4,
2026-06-14,province,Sud-Kivu,,31,https://ebola-tracker.org/reports/SITREP_MVE_031.pdf,,3,0,1,1,0,33.3,,,,18,3,3,0,0.0,7,,,80,80,100.0,
2026-06-14,zone,Ituri,Aru,31,https://ebola-tracker.org/reports/SITREP_MVE_031.pdf,,3,0,1,1,0,33.3,,,,,,,,,,,,,,,
2026-06-14,zone,Ituri,Aungba,31,https://ebola-tracker.org/reports/SITREP_MVE_031.pdf,,2,0,1,1,0,50.0,,,,,,,,,,,,,,,
2026-06-14,zone,Ituri,Bambu,31,https://ebola-tracker.org/reports/SITREP_MVE_031.pdf,,7,0,1,2,0,28.6,,,,,,,,,,,,,,,
2026-06-14,zone,Ituri,Bunia,31,https://ebola-tracker.org/reports/SITREP_MVE_031.pdf,,215,3,1,20,0,9.3,,,,,,,,,,,,,,,
2026-06-14,zone,Ituri,Damas,31,https://ebola-tracker.org/reports/SITREP_MVE_031.pdf,,4,0,1,0,0,0.0,,,,,,,,,,,,,,,
2026-06-14,zone,Ituri,Gethy,31,https://ebola-tracker.org/reports/SITREP_MVE_031.pdf,,1,0,1,0,0,0.0,,,,,,,,,,,,,,,
2026-06-14,zone,Ituri,Kambala,31,https://ebola-tracker.org/reports/SITREP_MVE_031.pdf,,1,0,1,1,0,100.0,,,,,,,,,,,,,,,
2026-06-14,zone,Ituri,Kilo,31,https://ebola-tracker.org/reports/SITREP_MVE_031.pdf,,4,0,1,1,0,25.0,,,,,,,,,,,,,,,
2026-06-14,zone,Ituri,Komanda,31,https://ebola-tracker.org/reports/SITREP_MVE_031.pdf,,6,0,1,0,0,0.0,,,,,,,,,,,,,,,
2026-06-14,zone,Ituri,Lita,31,https://ebola-tracker.org/reports/SITREP_MVE_031.pdf,,6,0,1,0,0,0.0,,,,,,,,,,,,,,,
2026-06-14,zone,Ituri,Logo,31,https://ebola-tracker.org/reports/SITREP_MVE_031.pdf,,2,0,1,0,0,0.0,,,,,,,,,,,,,,,
2026-06-14,zone,Ituri,Mambasa,31,https://ebola-tracker.org/reports/SITREP_MVE_031.pdf,,2,0,1,1,0,50.0,,,,,,,,,,,,,,,
2026-06-14,zone,Ituri,Mangala,31,https://ebola-tracker.org/reports/SITREP_MVE_031.pdf,,5,0,1,3,0,60.0,,,,,,,,,,,,,,,
2026-06-14,zone,Ituri,Mongbwalu,31,https://ebola-tracker.org/reports/SITREP_MVE_031.pdf,,175,11,1,80,7,45.7,,,,,,,,,,,,,,,
2026-06-14,zone,Ituri,Nia-Nia,31,https://ebola-tracker.org/reports/SITREP_MVE_031.pdf,,1,0,1,1,0,100.0,,,,,,,,,,,,,,,
2026-06-14,zone,Ituri,Nizi,31,https://ebola-tracker.org/reports/SITREP_MVE_031.pdf,,11,0,1,1,0,9.1,,,,,,,,,,,,,,,
2026-06-14,zone,Ituri,Nyankunde,31,https://ebola-tracker.org/reports/SITREP_MVE_031.pdf,,42,4,1,4,0,9.5,,,,,,,,,,,,,,,
2026-06-14,zone,Ituri,Rimba,31,https://ebola-tracker.org/reports/SITREP_MVE_031.pdf,,3,0,1,0,0,0.0,,,,,,,,,,,,,,,
2026-06-14,zone,Ituri,Rwampara,31,https://ebola-tracker.org/reports/SITREP_MVE_031.pdf,,152,3,1,27,0,17.8,,,,,,,,,,,,,,,
2026-06-14,zone,Ituri,Tchomia,31,https://ebola-tracker.org/reports/SITREP_MVE_031.pdf,,2,0,1,0,0,0.0,,,,,,,,,,,,,,,
2026-06-14,zone,Nord-Kivu,Beni,31,https://ebola-tracker.org/reports/SITREP_MVE_031.pdf,,14,0,1,10,0,71.4,,,,,,,,,,,,,,,
2026-06-14,zone,Nord-Kivu,Butembo,31,https://ebola-tracker.org/reports/SITREP_MVE_031.pdf,,19,1,1,7,0,36.8,,,,,,,,,,,,,,,
2026-06-14,zone,Nord-Kivu,Goma,31,https://ebola-tracker.org/reports/SITREP_MVE_031.pdf,,1,0,1,0,0,0.0,,,,,,,,,,,,,,,
2026-06-14,zone,Nord-Kivu,Kalunguta,31,https://ebola-tracker.org/reports/SITREP_MVE_031.pdf,,1,0,1,1,0,100.0,,,,,,,,,,,,,,,
2026-06-14,zone,Nord-Kivu,Katwa,31,https://ebola-tracker.org/reports/SITREP_MVE_031.pdf,,25,4,1,16,4,64.0,,,,,,,,,,,,,,,
2026-06-14,zone,Nord-Kivu,Kyondo,31,https://ebola-tracker.org/reports/SITREP_MVE_031.pdf,,2,0,1,1,0,50.0,,,,,,,,,,,,,,,
2026-06-14,zone,Nord-Kivu,Mabalako,31,https://ebola-tracker.org/reports/SITREP_MVE_031.pdf,,1,0,1,0,0,0.0,,,,,,,,,,,,,,,
2026-06-14,zone,Nord-Kivu,Masereka,31,https://ebola-tracker.org/reports/SITREP_MVE_031.pdf,,1,0,1,0,0,0.0,,,,,,,,,,,,,,,
2026-06-14,zone,Nord-Kivu,Oicha,31,https://ebola-tracker.org/reports/SITREP_MVE_031.pdf,,2,0,1,2,0,100.0,,,,,,,,,,,,,,,
2026-06-14,zone,Nord-Kivu,Vuhovi,31,https://ebola-tracker.org/reports/SITREP_MVE_031.pdf,,1,0,1,1,0,100.0,,,,,,,,,,,,,,,
2026-06-14,zone,Sud-Kivu,Miti-Murhesa,31,https://ebola-tracker.org/reports/SITREP_MVE_031.pdf,,3,0,1,1,0,33.3,,,,,,,,,,,,,,,
2026-06-15,pays,,,32,https://ebola-tracker.org/reports/SITREP_MVE_032.pdf,,837,29,1,196,4,23.4,,,,766,235,137,29,21.2,362,,,6475,4171,64.4,
2026-06-15,province,Ituri,,32,https://ebola-tracker.org/reports/SITREP_MVE_032.pdf,,767,29,1,157,4,20.5,,,,276,176,130,29,22.3,312,,,5208,3397,65.2,
2026-06-15,province,Nord-Kivu,,32,https://ebola-tracker.org/reports/SITREP_MVE_032.pdf,,67,0,1,38,0,56.7,,,,483,52,,,,44,,,1187,700,59.0,
2026-06-15,province,Sud-Kivu,,32,https://ebola-tracker.org/reports/SITREP_MVE_032.pdf,,3,0,1,1,0,33.3,,,,7,7,7,0,0.0,6,,,80,74,92.5,
2026-06-15,zone,Ituri,Aru,32,https://ebola-tracker.org/reports/SITREP_MVE_032.pdf,,3,0,1,1,0,33.3,,,,,,,,,,,,,,,
2026-06-15,zone,Ituri,Aungba,32,https://ebola-tracker.org/reports/SITREP_MVE_032.pdf,,2,0,1,1,0,50.0,,,,,,,,,,,,,,,
2026-06-15,zone,Ituri,Bambu,32,https://ebola-tracker.org/reports/SITREP_MVE_032.pdf,,7,0,1,2,0,28.6,,,,,,,,,,,,,,,
2026-06-15,zone,Ituri,Bunia,32,https://ebola-tracker.org/reports/SITREP_MVE_032.pdf,,215,0,1,20,0,9.3,,,,,,,,,,,,,,,
2026-06-15,zone,Ituri,Damas,32,https://ebola-tracker.org/reports/SITREP_MVE_032.pdf,,4,0,1,0,0,0.0,,,,,,,,,,,,,,,
2026-06-15,zone,Ituri,Gethy,32,https://ebola-tracker.org/reports/SITREP_MVE_032.pdf,,1,0,1,0,0,0.0,,,,,,,,,,,,,,,
2026-06-15,zone,Ituri,Kambala,32,https://ebola-tracker.org/reports/SITREP_MVE_032.pdf,,1,0,1,1,0,100.0,,,,,,,,,,,,,,,
2026-06-15,zone,Ituri,Kilo,32,https://ebola-tracker.org/reports/SITREP_MVE_032.pdf,,4,0,1,1,0,25.0,,,,,,,,,,,,,,,
2026-06-15,zone,Ituri,Komanda,32,https://ebola-tracker.org/reports/SITREP_MVE_032.pdf,,7,1,1,1,1,14.3,,,,,,,,,,,,,,,
2026-06-15,zone,Ituri,Lita,32,https://ebola-tracker.org/reports/SITREP_MVE_032.pdf,,9,3,1,0,0,0.0,,,,,,,,,,,,,,,
2026-06-15,zone,Ituri,Logo,32,https://ebola-tracker.org/reports/SITREP_MVE_032.pdf,,2,0,1,0,0,0.0,,,,,,,,,,,,,,,
2026-06-15,zone,Ituri,Mambasa,32,https://ebola-tracker.org/reports/SITREP_MVE_032.pdf,,2,0,1,1,0,50.0,,,,,,,,,,,,,,,
2026-06-15,zone,Ituri,Mangala,32,https://ebola-tracker.org/reports/SITREP_MVE_032.pdf,,5,0,1,3,0,60.0,,,,,,,,,,,,,,,
2026-06-15,zone,Ituri,Mongbwalu,32,https://ebola-tracker.org/reports/SITREP_MVE_032.pdf,,185,10,1,83,3,44.9,,,,,,,,,,,,,,,
2026-06-15,zone,Ituri,Nia-Nia,32,https://ebola-tracker.org/reports/SITREP_MVE_032.pdf,,1,0,1,1,0,100.0,,,,,,,,,,,,,,,
2026-06-15,zone,Ituri,Nizi,32,https://ebola-tracker.org/reports/SITREP_MVE_032.pdf,,16,5,1,1,0,6.2,,,,,,,,,,,,,,,
2026-06-15,zone,Ituri,Nyankunde,32,https://ebola-tracker.org/reports/SITREP_MVE_032.pdf,,45,3,1,4,0,8.9,,,,,,,,,,,,,,,
2026-06-15,zone,Ituri,Rimba,32,https://ebola-tracker.org/reports/SITREP_MVE_032.pdf,,3,0,1,0,0,0.0,,,,,,,,,,,,,,,
2026-06-15,zone,Ituri,Rwampara,32,https://ebola-tracker.org/reports/SITREP_MVE_032.pdf,,159,7,1,27,0,17.0,,,,,,,,,,,,,,,
2026-06-15,zone,Ituri,Tchomia,32,https://ebola-tracker.org/reports/SITREP_MVE_032.pdf,,2,0,1,0,0,0.0,,,,,,,,,,,,,,,
2026-06-15,zone,Nord-Kivu,Beni,32,https://ebola-tracker.org/reports/SITREP_MVE_032.pdf,,14,0,1,10,0,71.4,,,,,,,,,,,,,,,
2026-06-15,zone,Nord-Kivu,Butembo,32,https://ebola-tracker.org/reports/SITREP_MVE_032.pdf,,19,0,1,7,0,36.8,,,,,,,,,,,,,,,
2026-06-15,zone,Nord-Kivu,Goma,32,https://ebola-tracker.org/reports/SITREP_MVE_032.pdf,,1,0,1,0,0,0.0,,,,,,,,,,,,,,,
2026-06-15,zone,Nord-Kivu,Kalunguta,32,https://ebola-tracker.org/reports/SITREP_MVE_032.pdf,,1,0,1,1,0,100.0,,,,,,,,,,,,,,,
2026-06-15,zone,Nord-Kivu,Katwa,32,https://ebola-tracker.org/reports/SITREP_MVE_032.pdf,,25,0,1,16,0,64.0,,,,,,,,,,,,,,,
2026-06-15,zone,Nord-Kivu,Kyondo,32,https://ebola-tracker.org/reports/SITREP_MVE_032.pdf,,2,0,1,1,0,50.0,,,,,,,,,,,,,,,
2026-06-15,zone,Nord-Kivu,Mabalako,32,https://ebola-tracker.org/reports/SITREP_MVE_032.pdf,,1,0,1,0,0,0.0,,,,,,,,,,,,,,,
2026-06-15,zone,Nord-Kivu,Masereka,32,https://ebola-tracker.org/reports/SITREP_MVE_032.pdf,,1,0,1,0,0,0.0,,,,,,,,,,,,,,,
2026-06-15,zone,Nord-Kivu,Oicha,32,https://ebola-tracker.org/reports/SITREP_MVE_032.pdf,,2,0,1,2,0,100.0,,,,,,,,,,,,,,,
2026-06-15,zone,Nord-Kivu,Vuhovi,32,https://ebola-tracker.org/reports/SITREP_MVE_032.pdf,,1,0,1,1,0,100.0,,,,,,,,,,,,,,,
2026-06-15,zone,Sud-Kivu,Miti-Murhesa,32,https://ebola-tracker.org/reports/SITREP_MVE_032.pdf,,3,0,1,1,0,33.3,,,,,,,,,,,,,,,
2026-06-16,pays,,,33,https://ebola-tracker.org/reports/SITREP_MVE_033.pdf,,875,38,1,202,6,23.1,,,,737,192,,,,376,,,6856,4910,71.6,
2026-06-16,province,Ituri,,33,https://ebola-tracker.org/reports/SITREP_MVE_033.pdf,,799,32,1,158,1,19.8,,,,391,124,,,,321,,,5309,3856,72.6,
2026-06-16,province,Nord-Kivu,,33,https://ebola-tracker.org/reports/SITREP_MVE_033.pdf,,73,6,1,43,5,58.9,,,,332,59,,,,45,,,1467,974,66.4,
2026-06-16,province,Sud-Kivu,,33,https://ebola-tracker.org/reports/SITREP_MVE_033.pdf,,3,0,1,1,0,33.3,,,,14,9,,,,10,,,80,80,100.0,
2026-06-17,pays,,,34,https://ebola-tracker.org/reports/SITREP_MVE_034.pdf,,896,21,1,232,30,25.9,,,,1028,151,198,21,10.6,356,,,6367,4525,71.1,
2026-06-17,province,Ituri,,34,https://ebola-tracker.org/reports/SITREP_MVE_034.pdf,,817,18,1,186,28,22.8,,,,266,76,126,16,12.7,310,,,4659,3297,70.8,
2026-06-17,province,Nord-Kivu,,34,https://ebola-tracker.org/reports/SITREP_MVE_034.pdf,,76,3,1,45,2,59.2,,,,755,73,70,5,7.1,46,,,1628,1148,70.5,
2026-06-17,province,Sud-Kivu,,34,https://ebola-tracker.org/reports/SITREP_MVE_034.pdf,,3,0,1,1,0,33.3,,,,7,2,2,0,0.0,,,,80,80,100.0,
2026-06-17,zone,Ituri,Aru,34,https://ebola-tracker.org/reports/SITREP_MVE_034.pdf,,3,0,2,1,0,33.3,,,,,,,,,,,,,,,
2026-06-17,zone,Ituri,Aungba,34,https://ebola-tracker.org/reports/SITREP_MVE_034.pdf,,4,2,2,1,0,25.0,,,,,,,,,,,,,,,
2026-06-17,zone,Ituri,Bambu,34,https://ebola-tracker.org/reports/SITREP_MVE_034.pdf,,9,2,2,2,0,22.2,,,,,,,,,,,,,,,
2026-06-17,zone,Ituri,Bunia,34,https://ebola-tracker.org/reports/SITREP_MVE_034.pdf,,247,32,2,41,21,16.6,,,,,,,,,,,,,,,
2026-06-17,zone,Ituri,Damas,34,https://ebola-tracker.org/reports/SITREP_MVE_034.pdf,,4,0,2,0,0,0.0,,,,,,,,,,,,,,,
2026-06-17,zone,Ituri,Drodro,34,https://ebola-tracker.org/reports/SITREP_MVE_034.pdf,,1,,,1,,100.0,,,,,,,,,,,,,,,
2026-06-17,zone,Ituri,Fataki,34,https://ebola-tracker.org/reports/SITREP_MVE_034.pdf,,1,,,0,,0.0,,,,,,,,,,,,,,,
2026-06-17,zone,Ituri,Gethy,34,https://ebola-tracker.org/reports/SITREP_MVE_034.pdf,,1,0,2,0,0,0.0,,,,,,,,,,,,,,,
2026-06-17,zone,Ituri,Kambala,34,https://ebola-tracker.org/reports/SITREP_MVE_034.pdf,,1,0,2,1,0,100.0,,,,,,,,,,,,,,,
2026-06-17,zone,Ituri,Kilo,34,https://ebola-tracker.org/reports/SITREP_MVE_034.pdf,,7,3,2,1,0,14.3,,,,,,,,,,,,,,,
2026-06-17,zone,Ituri,Komanda,34,https://ebola-tracker.org/reports/SITREP_MVE_034.pdf,,10,3,2,3,2,30.0,,,,,,,,,,,,,,,
2026-06-17,zone,Ituri,Lita,34,https://ebola-tracker.org/reports/SITREP_MVE_034.pdf,,18,9,2,4,4,22.2,,,,,,,,,,,,,,,
2026-06-17,zone,Ituri,Logo,34,https://ebola-tracker.org/reports/SITREP_MVE_034.pdf,,2,0,2,0,0,0.0,,,,,,,,,,,,,,,
2026-06-17,zone,Ituri,Mambasa,34,https://ebola-tracker.org/reports/SITREP_MVE_034.pdf,,2,0,2,1,0,50.0,,,,,,,,,,,,,,,
2026-06-17,zone,Ituri,Mangala,34,https://ebola-tracker.org/reports/SITREP_MVE_034.pdf,,5,0,2,3,0,60.0,,,,,,,,,,,,,,,
2026-06-17,zone,Ituri,Mongbwalu,34,https://ebola-tracker.org/reports/SITREP_MVE_034.pdf,,189,4,2,83,0,43.9,,,,,,,,,,,,,,,
2026-06-17,zone,Ituri,Nia-Nia,34,https://ebola-tracker.org/reports/SITREP_MVE_034.pdf,,1,0,2,1,0,100.0,,,,,,,,,,,,,,,
2026-06-17,zone,Ituri,Nizi,34,https://ebola-tracker.org/reports/SITREP_MVE_034.pdf,,25,9,2,5,4,20.0,,,,,,,,,,,,,,,
2026-06-17,zone,Ituri,Nyankunde,34,https://ebola-tracker.org/reports/SITREP_MVE_034.pdf,,68,23,2,6,2,8.8,,,,,,,,,,,,,,,
2026-06-17,zone,Ituri,Rimba,34,https://ebola-tracker.org/reports/SITREP_MVE_034.pdf,,3,0,2,0,0,0.0,,,,,,,,,,,,,,,
2026-06-17,zone,Ituri,Rwampara,34,https://ebola-tracker.org/reports/SITREP_MVE_034.pdf,,195,36,2,33,6,16.9,,,,,,,,,,,,,,,
2026-06-17,zone,Ituri,Tchomia,34,https://ebola-tracker.org/reports/SITREP_MVE_034.pdf,,5,3,2,0,0,0.0,,,,,,,,,,,,,,,
2026-06-17,zone,Nord-Kivu,Beni,34,https://ebola-tracker.org/reports/SITREP_MVE_034.pdf,,15,1,2,12,2,80.0,,,,,,,,,,,,,,,
2026-06-17,zone,Nord-Kivu,Butembo,34,https://ebola-tracker.org/reports/SITREP_MVE_034.pdf,,25,6,2,11,4,44.0,,,,,,,,,,,,,,,
2026-06-17,zone,Nord-Kivu,Goma,34,https://ebola-tracker.org/reports/SITREP_MVE_034.pdf,,1,0,2,0,0,0.0,,,,,,,,,,,,,,,
2026-06-17,zone,Nord-Kivu,Kalunguta,34,https://ebola-tracker.org/reports/SITREP_MVE_034.pdf,,2,1,2,1,0,50.0,,,,,,,,,,,,,,,
2026-06-17,zone,Nord-Kivu,Katwa,34,https://ebola-tracker.org/reports/SITREP_MVE_034.pdf,,24,-1,2,16,0,66.7,,,,,,,,,,,,,,,
2026-06-17,zone,Nord-Kivu,Kyondo,34,https://ebola-tracker.org/reports/SITREP_MVE_034.pdf,,2,0,2,1,0,50.0,,,,,,,,,,,,,,,
2026-06-17,zone,Nord-Kivu,Mabalako,34,https://ebola-tracker.org/reports/SITREP_MVE_034.pdf,,1,0,2,0,0,0.0,,,,,,,,,,,,,,,
2026-06-17,zone,Nord-Kivu,Masereka,34,https://ebola-tracker.org/reports/SITREP_MVE_034.pdf,,1,0,2,0,0,0.0,,,,,,,,,,,,,,,
2026-06-17,zone,Nord-Kivu,Musienene,34,https://ebola-tracker.org/reports/SITREP_MVE_034.pdf,,1,,,1,,100.0,,,,,,,,,,,,,,,
2026-06-17,zone,Nord-Kivu,Oicha,34,https://ebola-tracker.org/reports/SITREP_MVE_034.pdf,,3,1,2,2,0,66.7,,,,,,,,,,,,,,,
2026-06-17,zone,Nord-Kivu,Vuhovi,34,https://ebola-tracker.org/reports/SITREP_MVE_034.pdf,,1,0,2,1,0,100.0,,,,,,,,,,,,,,,
2026-06-17,zone,Sud-Kivu,Miti-Murhesa,34,https://ebola-tracker.org/reports/SITREP_MVE_034.pdf,,3,0,2,1,0,33.3,,,,,,,,,,,,,,,
2026-06-18,pays,,,35,https://ebola-tracker.org/reports/SITREP_MVE_035.pdf,,933,37,1,245,13,26.3,,,,1139,238,180,36,20.0,398,,,7094,5126,72.3,
2026-06-18,province,Ituri,,35,https://ebola-tracker.org/reports/SITREP_MVE_035.pdf,,853,36,1,199,13,23.3,,,,436,149,101,35,34.7,335,,,5155,3961,76.8,
2026-06-18,province,Nord-Kivu,,35,https://ebola-tracker.org/reports/SITREP_MVE_035.pdf,,77,1,1,45,0,58.4,,,,681,79,79,1,1.3,48,,,1821,1047,57.5,
2026-06-18,province,Sud-Kivu,,35,https://ebola-tracker.org/reports/SITREP_MVE_035.pdf,,3,0,1,1,0,33.3,,,,22,10,,,,15,,,118,118,100.0,
2026-06-18,zone,Ituri,Aru,35,https://ebola-tracker.org/reports/SITREP_MVE_035.pdf,,3,0,1,1,0,33.3,,,,,,,,,,,,,,,
2026-06-18,zone,Ituri,Aungba,35,https://ebola-tracker.org/reports/SITREP_MVE_035.pdf,,6,2,1,2,1,33.3,,,,,,,,,,,,,,,
2026-06-18,zone,Ituri,Bambu,35,https://ebola-tracker.org/reports/SITREP_MVE_035.pdf,,9,0,1,2,0,22.2,,,,,,,,,,,,,,,
2026-06-18,zone,Ituri,Bunia,35,https://ebola-tracker.org/reports/SITREP_MVE_035.pdf,,253,6,1,42,1,16.6,,,,,,,,,,,,,,,
2026-06-18,zone,Ituri,Damas,35,https://ebola-tracker.org/reports/SITREP_MVE_035.pdf,,4,0,1,0,0,0.0,,,,,,,,,,,,,,,
2026-06-18,zone,Ituri,Drodro,35,https://ebola-tracker.org/reports/SITREP_MVE_035.pdf,,1,0,1,1,0,100.0,,,,,,,,,,,,,,,
2026-06-18,zone,Ituri,Fataki,35,https://ebola-tracker.org/reports/SITREP_MVE_035.pdf,,1,0,1,0,0,0.0,,,,,,,,,,,,,,,
2026-06-18,zone,Ituri,Gethy,35,https://ebola-tracker.org/reports/SITREP_MVE_035.pdf,,1,0,1,0,0,0.0,,,,,,,,,,,,,,,
2026-06-18,zone,Ituri,Kambala,35,https://ebola-tracker.org/reports/SITREP_MVE_035.pdf,,1,0,1,1,0,100.0,,,,,,,,,,,,,,,
2026-06-18,zone,Ituri,Kilo,35,https://ebola-tracker.org/reports/SITREP_MVE_035.pdf,,7,0,1,1,0,14.3,,,,,,,,,,,,,,,
2026-06-18,zone,Ituri,Komanda,35,https://ebola-tracker.org/reports/SITREP_MVE_035.pdf,,10,0,1,3,0,30.0,,,,,,,,,,,,,,,
2026-06-18,zone,Ituri,Lita,35,https://ebola-tracker.org/reports/SITREP_MVE_035.pdf,,20,2,1,6,2,30.0,,,,,,,,,,,,,,,
2026-06-18,zone,Ituri,Logo,35,https://ebola-tracker.org/reports/SITREP_MVE_035.pdf,,2,0,1,0,0,0.0,,,,,,,,,,,,,,,
2026-06-18,zone,Ituri,Mambasa,35,https://ebola-tracker.org/reports/SITREP_MVE_035.pdf,,2,0,1,1,0,50.0,,,,,,,,,,,,,,,
2026-06-18,zone,Ituri,Mangala,35,https://ebola-tracker.org/reports/SITREP_MVE_035.pdf,,7,2,1,4,1,57.1,,,,,,,,,,,,,,,
2026-06-18,zone,Ituri,Mongbwalu,35,https://ebola-tracker.org/reports/SITREP_MVE_035.pdf,,198,9,1,87,4,43.9,,,,,,,,,,,,,,,
2026-06-18,zone,Ituri,Nia-Nia,35,https://ebola-tracker.org/reports/SITREP_MVE_035.pdf,,1,0,1,1,0,100.0,,,,,,,,,,,,,,,
2026-06-18,zone,Ituri,Nizi,35,https://ebola-tracker.org/reports/SITREP_MVE_035.pdf,,26,1,1,5,0,19.2,,,,,,,,,,,,,,,
2026-06-18,zone,Ituri,Nyankunde,35,https://ebola-tracker.org/reports/SITREP_MVE_035.pdf,,77,9,1,7,1,9.1,,,,,,,,,,,,,,,
2026-06-18,zone,Ituri,Rimba,35,https://ebola-tracker.org/reports/SITREP_MVE_035.pdf,,3,0,1,0,0,0.0,,,,,,,,,,,,,,,
2026-06-18,zone,Ituri,Rwampara,35,https://ebola-tracker.org/reports/SITREP_MVE_035.pdf,,199,4,1,35,2,17.6,,,,,,,,,,,,,,,
2026-06-18,zone,Ituri,Tchomia,35,https://ebola-tracker.org/reports/SITREP_MVE_035.pdf,,5,0,1,0,0,0.0,,,,,,,,,,,,,,,
2026-06-18,zone,Nord-Kivu,Beni,35,https://ebola-tracker.org/reports/SITREP_MVE_035.pdf,,16,1,1,12,0,75.0,,,,,,,,,,,,,,,
2026-06-18,zone,Nord-Kivu,Butembo,35,https://ebola-tracker.org/reports/SITREP_MVE_035.pdf,,25,0,1,11,0,44.0,,,,,,,,,,,,,,,
2026-06-18,zone,Nord-Kivu,Goma,35,https://ebola-tracker.org/reports/SITREP_MVE_035.pdf,,1,0,1,0,0,0.0,,,,,,,,,,,,,,,
2026-06-18,zone,Nord-Kivu,Kalunguta,35,https://ebola-tracker.org/reports/SITREP_MVE_035.pdf,,2,0,1,1,0,50.0,,,,,,,,,,,,,,,
2026-06-18,zone,Nord-Kivu,Katwa,35,https://ebola-tracker.org/reports/SITREP_MVE_035.pdf,,24,0,1,16,0,66.7,,,,,,,,,,,,,,,
2026-06-18,zone,Nord-Kivu,Kyondo,35,https://ebola-tracker.org/reports/SITREP_MVE_035.pdf,,2,0,1,1,0,50.0,,,,,,,,,,,,,,,
2026-06-18,zone,Nord-Kivu,Mabalako,35,https://ebola-tracker.org/reports/SITREP_MVE_035.pdf,,1,0,1,0,0,0.0,,,,,,,,,,,,,,,
2026-06-18,zone,Nord-Kivu,Masereka,35,https://ebola-tracker.org/reports/SITREP_MVE_035.pdf,,1,0,1,0,0,0.0,,,,,,,,,,,,,,,
2026-06-18,zone,Nord-Kivu,Musienene,35,https://ebola-tracker.org/reports/SITREP_MVE_035.pdf,,1,0,1,1,0,100.0,,,,,,,,,,,,,,,
2026-06-18,zone,Nord-Kivu,Oicha,35,https://ebola-tracker.org/reports/SITREP_MVE_035.pdf,,3,0,1,2,0,66.7,,,,,,,,,,,,,,,
2026-06-18,zone,Nord-Kivu,Vuhovi,35,https://ebola-tracker.org/reports/SITREP_MVE_035.pdf,,1,0,1,1,0,100.0,,,,,,,,,,,,,,,
2026-06-18,zone,Sud-Kivu,Miti-Murhesa,35,https://ebola-tracker.org/reports/SITREP_MVE_035.pdf,,3,0,1,1,0,33.3,,,,,,,,,,,,,,,
2026-06-19,pays,,,36,https://ebola-tracker.org/reports/SITREP_MVE_036.pdf,,956,23,1,247,2,25.8,,,,733,162,116,23,19.8,342,,,6386,4427,69.3,
2026-06-19,province,Ituri,,36,https://ebola-tracker.org/reports/SITREP_MVE_036.pdf,,874,21,1,201,2,23.0,,,,233,96,101,21,20.8,286,,,4688,3649,77.8,
2026-06-19,province,Nord-Kivu,,36,https://ebola-tracker.org/reports/SITREP_MVE_036.pdf,,79,2,1,45,0,57.0,,,,500,66,15,2,13.3,56,,,1698,778,45.8,
2026-06-19,province,Sud-Kivu,,36,https://ebola-tracker.org/reports/SITREP_MVE_036.pdf,,3,0,1,1,0,33.3,,,,,,,,,,,,,,,
2026-06-19,zone,Ituri,Aru,36,https://ebola-tracker.org/reports/SITREP_MVE_036.pdf,,3,0,1,1,0,33.3,,,,,,,,,,,,,,,
2026-06-19,zone,Ituri,Aungba,36,https://ebola-tracker.org/reports/SITREP_MVE_036.pdf,,6,0,1,2,0,33.3,,,,,,,,,,,,,,,
2026-06-19,zone,Ituri,Bambu,36,https://ebola-tracker.org/reports/SITREP_MVE_036.pdf,,9,0,1,2,0,22.2,,,,,,,,,,,,,,,
2026-06-19,zone,Ituri,Bunia,36,https://ebola-tracker.org/reports/SITREP_MVE_036.pdf,,259,6,1,42,0,16.2,,,,,,,,,,,,,,,
2026-06-19,zone,Ituri,Damas,36,https://ebola-tracker.org/reports/SITREP_MVE_036.pdf,,4,0,1,0,0,0.0,,,,,,,,,,,,,,,
2026-06-19,zone,Ituri,Drodro,36,https://ebola-tracker.org/reports/SITREP_MVE_036.pdf,,1,0,1,1,0,100.0,,,,,,,,,,,,,,,
2026-06-19,zone,Ituri,Fataki,36,https://ebola-tracker.org/reports/SITREP_MVE_036.pdf,,1,0,1,0,0,0.0,,,,,,,,,,,,,,,
2026-06-19,zone,Ituri,Gethy,36,https://ebola-tracker.org/reports/SITREP_MVE_036.pdf,,1,0,1,0,0,0.0,,,,,,,,,,,,,,,
2026-06-19,zone,Ituri,Kambala,36,https://ebola-tracker.org/reports/SITREP_MVE_036.pdf,,1,0,1,1,0,100.0,,,,,,,,,,,,,,,
2026-06-19,zone,Ituri,Kilo,36,https://ebola-tracker.org/reports/SITREP_MVE_036.pdf,,7,0,1,1,0,14.3,,,,,,,,,,,,,,,
2026-06-19,zone,Ituri,Komanda,36,https://ebola-tracker.org/reports/SITREP_MVE_036.pdf,,10,0,1,3,0,30.0,,,,,,,,,,,,,,,
2026-06-19,zone,Ituri,Lita,36,https://ebola-tracker.org/reports/SITREP_MVE_036.pdf,,20,0,1,6,0,30.0,,,,,,,,,,,,,,,
2026-06-19,zone,Ituri,Logo,36,https://ebola-tracker.org/reports/SITREP_MVE_036.pdf,,2,0,1,0,0,0.0,,,,,,,,,,,,,,,
2026-06-19,zone,Ituri,Mambasa,36,https://ebola-tracker.org/reports/SITREP_MVE_036.pdf,,2,0,1,1,0,50.0,,,,,,,,,,,,,,,
2026-06-19,zone,Ituri,Mangala,36,https://ebola-tracker.org/reports/SITREP_MVE_036.pdf,,7,0,1,4,0,57.1,,,,,,,,,,,,,,,
2026-06-19,zone,Ituri,Mongbwalu,36,https://ebola-tracker.org/reports/SITREP_MVE_036.pdf,,209,11,1,89,2,42.6,,,,,,,,,,,,,,,
2026-06-19,zone,Ituri,Nia-Nia,36,https://ebola-tracker.org/reports/SITREP_MVE_036.pdf,,1,0,1,1,0,100.0,,,,,,,,,,,,,,,
2026-06-19,zone,Ituri,Nizi,36,https://ebola-tracker.org/reports/SITREP_MVE_036.pdf,,26,0,1,5,0,19.2,,,,,,,,,,,,,,,
2026-06-19,zone,Ituri,Nyankunde,36,https://ebola-tracker.org/reports/SITREP_MVE_036.pdf,,79,2,1,7,0,8.9,,,,,,,,,,,,,,,
2026-06-19,zone,Ituri,Rimba,36,https://ebola-tracker.org/reports/SITREP_MVE_036.pdf,,3,0,1,0,0,0.0,,,,,,,,,,,,,,,
2026-06-19,zone,Ituri,Rwampara,36,https://ebola-tracker.org/reports/SITREP_MVE_036.pdf,,201,2,1,35,0,17.4,,,,,,,,,,,,,,,
2026-06-19,zone,Ituri,Tchomia,36,https://ebola-tracker.org/reports/SITREP_MVE_036.pdf,,5,0,1,0,0,0.0,,,,,,,,,,,,,,,
2026-06-19,zone,Nord-Kivu,Beni,36,https://ebola-tracker.org/reports/SITREP_MVE_036.pdf,,16,0,1,12,0,75.0,,,,,,,,,,,,,,,
2026-06-19,zone,Nord-Kivu,Butembo,36,https://ebola-tracker.org/reports/SITREP_MVE_036.pdf,,25,0,1,11,0,44.0,,,,,,,,,,,,,,,
2026-06-19,zone,Nord-Kivu,Goma,36,https://ebola-tracker.org/reports/SITREP_MVE_036.pdf,,1,0,1,0,0,0.0,,,,,,,,,,,,,,,
2026-06-19,zone,Nord-Kivu,Kalunguta,36,https://ebola-tracker.org/reports/SITREP_MVE_036.pdf,,2,0,1,1,0,50.0,,,,,,,,,,,,,,,
2026-06-19,zone,Nord-Kivu,Katwa,36,https://ebola-tracker.org/reports/SITREP_MVE_036.pdf,,26,2,1,16,0,61.5,,,,,,,,,,,,,,,
2026-06-19,zone,Nord-Kivu,Kyondo,36,https://ebola-tracker.org/reports/SITREP_MVE_036.pdf,,2,0,1,1,0,50.0,,,,,,,,,,,,,,,
2026-06-19,zone,Nord-Kivu,Mabalako,36,https://ebola-tracker.org/reports/SITREP_MVE_036.pdf,,1,0,1,0,0,0.0,,,,,,,,,,,,,,,
2026-06-19,zone,Nord-Kivu,Masereka,36,https://ebola-tracker.org/reports/SITREP_MVE_036.pdf,,1,0,1,0,0,0.0,,,,,,,,,,,,,,,
2026-06-19,zone,Nord-Kivu,Musienene,36,https://ebola-tracker.org/reports/SITREP_MVE_036.pdf,,1,0,1,1,0,100.0,,,,,,,,,,,,,,,
2026-06-19,zone,Nord-Kivu,Oicha,36,https://ebola-tracker.org/reports/SITREP_MVE_036.pdf,,3,0,1,2,0,66.7,,,,,,,,,,,,,,,
2026-06-19,zone,Nord-Kivu,Vuhovi,36,https://ebola-tracker.org/reports/SITREP_MVE_036.pdf,,1,0,1,1,0,100.0,,,,,,,,,,,,,,,
2026-06-19,zone,Sud-Kivu,Miti-Murhesa,36,https://ebola-tracker.org/reports/SITREP_MVE_036.pdf,,3,0,1,1,0,33.3,,,,,,,,,,,,,,,
2026-06-20,pays,,,37,https://ebola-tracker.org/reports/SITREP_MVE_037.pdf,,1003,47,1,254,7,25.3,,,,840,201,,47,,373,,,7913,5301,67.0,
2026-06-20,province,Ituri,,37,https://ebola-tracker.org/reports/SITREP_MVE_037.pdf,,916,42,1,205,4,22.4,,,,393,146,119,42,35.3,307,,,5920,4056,68.5,
2026-06-20,province,Nord-Kivu,,37,https://ebola-tracker.org/reports/SITREP_MVE_037.pdf,,84,5,1,48,3,57.1,,,,436,50,39,5,12.8,54,,,1935,1187,61.3,
2026-06-20,province,Sud-Kivu,,37,https://ebola-tracker.org/reports/SITREP_MVE_037.pdf,,3,0,1,1,0,33.3,,,,11,5,,0,,12,,,58,58,100.0,
2026-06-20,zone,Ituri,Aru,37,https://ebola-tracker.org/reports/SITREP_MVE_037.pdf,,3,0,1,1,0,33.3,,,,,,,,,,,,,,,
2026-06-20,zone,Ituri,Aungba,37,https://ebola-tracker.org/reports/SITREP_MVE_037.pdf,,6,0,1,2,0,33.3,,,,,,,,,,,,,,,
2026-06-20,zone,Ituri,Bambu,37,https://ebola-tracker.org/reports/SITREP_MVE_037.pdf,,14,5,1,2,0,14.3,,,,,,,,,,,,,,,
2026-06-20,zone,Ituri,Bunia,37,https://ebola-tracker.org/reports/SITREP_MVE_037.pdf,,275,16,1,44,2,16.0,,,,,,,,,,,,,,,
2026-06-20,zone,Ituri,Damas,37,https://ebola-tracker.org/reports/SITREP_MVE_037.pdf,,4,0,1,0,0,0.0,,,,,,,,,,,,,,,
2026-06-20,zone,Ituri,Drodro,37,https://ebola-tracker.org/reports/SITREP_MVE_037.pdf,,1,0,1,1,0,100.0,,,,,,,,,,,,,,,
2026-06-20,zone,Ituri,Fataki,37,https://ebola-tracker.org/reports/SITREP_MVE_037.pdf,,1,0,1,0,0,0.0,,,,,,,,,,,,,,,
2026-06-20,zone,Ituri,Gethy,37,https://ebola-tracker.org/reports/SITREP_MVE_037.pdf,,1,0,1,0,0,0.0,,,,,,,,,,,,,,,
2026-06-20,zone,Ituri,Kambala,37,https://ebola-tracker.org/reports/SITREP_MVE_037.pdf,,1,0,1,1,0,100.0,,,,,,,,,,,,,,,
2026-06-20,zone,Ituri,Kilo,37,https://ebola-tracker.org/reports/SITREP_MVE_037.pdf,,7,0,1,1,0,14.3,,,,,,,,,,,,,,,
2026-06-20,zone,Ituri,Komanda,37,https://ebola-tracker.org/reports/SITREP_MVE_037.pdf,,10,0,1,3,0,30.0,,,,,,,,,,,,,,,
2026-06-20,zone,Ituri,Lita,37,https://ebola-tracker.org/reports/SITREP_MVE_037.pdf,,20,0,1,6,0,30.0,,,,,,,,,,,,,,,
2026-06-20,zone,Ituri,Logo,37,https://ebola-tracker.org/reports/SITREP_MVE_037.pdf,,2,0,1,0,0,0.0,,,,,,,,,,,,,,,
2026-06-20,zone,Ituri,Mambasa,37,https://ebola-tracker.org/reports/SITREP_MVE_037.pdf,,2,0,1,1,0,50.0,,,,,,,,,,,,,,,
2026-06-20,zone,Ituri,Mangala,37,https://ebola-tracker.org/reports/SITREP_MVE_037.pdf,,7,0,1,4,0,57.1,,,,,,,,,,,,,,,
2026-06-20,zone,Ituri,Mongbwalu,37,https://ebola-tracker.org/reports/SITREP_MVE_037.pdf,,220,11,1,91,2,41.4,,,,,,,,,,,,,,,
2026-06-20,zone,Ituri,Nia-Nia,37,https://ebola-tracker.org/reports/SITREP_MVE_037.pdf,,1,0,1,1,0,100.0,,,,,,,,,,,,,,,
2026-06-20,zone,Ituri,Nizi,37,https://ebola-tracker.org/reports/SITREP_MVE_037.pdf,,26,0,1,5,0,19.2,,,,,,,,,,,,,,,
2026-06-20,zone,Ituri,Nyankunde,37,https://ebola-tracker.org/reports/SITREP_MVE_037.pdf,,79,0,1,7,0,8.9,,,,,,,,,,,,,,,
2026-06-20,zone,Ituri,Rimba,37,https://ebola-tracker.org/reports/SITREP_MVE_037.pdf,,3,0,1,0,0,0.0,,,,,,,,,,,,,,,
2026-06-20,zone,Ituri,Rwampara,37,https://ebola-tracker.org/reports/SITREP_MVE_037.pdf,,211,10,1,35,0,16.6,,,,,,,,,,,,,,,
2026-06-20,zone,Ituri,Tchomia,37,https://ebola-tracker.org/reports/SITREP_MVE_037.pdf,,5,0,1,0,0,0.0,,,,,,,,,,,,,,,
2026-06-20,zone,Nord-Kivu,Beni,37,https://ebola-tracker.org/reports/SITREP_MVE_037.pdf,,17,1,1,12,0,70.6,,,,,,,,,,,,,,,
2026-06-20,zone,Nord-Kivu,Butembo,37,https://ebola-tracker.org/reports/SITREP_MVE_037.pdf,,27,2,1,13,2,48.1,,,,,,,,,,,,,,,
2026-06-20,zone,Nord-Kivu,Goma,37,https://ebola-tracker.org/reports/SITREP_MVE_037.pdf,,1,0,1,0,0,0.0,,,,,,,,,,,,,,,
2026-06-20,zone,Nord-Kivu,Kalunguta,37,https://ebola-tracker.org/reports/SITREP_MVE_037.pdf,,2,0,1,1,0,50.0,,,,,,,,,,,,,,,
2026-06-20,zone,Nord-Kivu,Katwa,37,https://ebola-tracker.org/reports/SITREP_MVE_037.pdf,,28,2,1,17,1,60.7,,,,,,,,,,,,,,,
2026-06-20,zone,Nord-Kivu,Kyondo,37,https://ebola-tracker.org/reports/SITREP_MVE_037.pdf,,2,0,1,1,0,50.0,,,,,,,,,,,,,,,
2026-06-20,zone,Nord-Kivu,Mabalako,37,https://ebola-tracker.org/reports/SITREP_MVE_037.pdf,,1,0,1,0,0,0.0,,,,,,,,,,,,,,,
2026-06-20,zone,Nord-Kivu,Masereka,37,https://ebola-tracker.org/reports/SITREP_MVE_037.pdf,,1,0,1,0,0,0.0,,,,,,,,,,,,,,,
2026-06-20,zone,Nord-Kivu,Musienene,37,https://ebola-tracker.org/reports/SITREP_MVE_037.pdf,,1,0,1,1,0,100.0,,,,,,,,,,,,,,,
2026-06-20,zone,Nord-Kivu,Oicha,37,https://ebola-tracker.org/reports/SITREP_MVE_037.pdf,,3,0,1,2,0,66.7,,,,,,,,,,,,,,,
2026-06-20,zone,Nord-Kivu,Vuhovi,37,https://ebola-tracker.org/reports/SITREP_MVE_037.pdf,,1,0,1,1,0,100.0,,,,,,,,,,,,,,,
2026-06-20,zone,Sud-Kivu,Miti-Murhesa,37,https://ebola-tracker.org/reports/SITREP_MVE_037.pdf,,3,0,1,1,0,33.3,,,,,,,,,,,,,,,
2026-06-21,pays,,,38,https://ebola-tracker.org/reports/SITREP_MVE_038.pdf,,1048,45,1,267,13,25.5,,,,831,202,,39,,360,,,8424,5962,70.8,
2026-06-21,province,Ituri,,38,https://ebola-tracker.org/reports/SITREP_MVE_038.pdf,,954,38,1,216,11,22.6,,,,300,160,243,32,13.2,294,,,6244,4540,72.7,
2026-06-21,province,Nord-Kivu,,38,https://ebola-tracker.org/reports/SITREP_MVE_038.pdf,,91,7,1,50,2,54.9,,,,518,39,91,7,7.7,59,,,2122,1364,64.3,
2026-06-21,province,Sud-Kivu,,38,https://ebola-tracker.org/reports/SITREP_MVE_038.pdf,,3,0,1,1,0,33.3,,,,13,3,,0,,7,,,58,58,100.0,
2026-06-21,zone,Ituri,Aru,38,https://ebola-tracker.org/reports/SITREP_MVE_038.pdf,,3,0,1,1,0,33.3,,,,,,,,,,,,,,,
2026-06-21,zone,Ituri,Aungba,38,https://ebola-tracker.org/reports/SITREP_MVE_038.pdf,,6,0,1,2,0,33.3,,,,,,,,,,,,,,,
2026-06-21,zone,Ituri,Bambu,38,https://ebola-tracker.org/reports/SITREP_MVE_038.pdf,,14,0,1,2,0,14.3,,,,,,,,,,,,,,,
2026-06-21,zone,Ituri,Bunia,38,https://ebola-tracker.org/reports/SITREP_MVE_038.pdf,,285,10,1,45,1,15.8,,,,,,,,,,,,,,,
2026-06-21,zone,Ituri,Damas,38,https://ebola-tracker.org/reports/SITREP_MVE_038.pdf,,4,0,1,0,0,0.0,,,,,,,,,,,,,,,
2026-06-21,zone,Ituri,Drodro,38,https://ebola-tracker.org/reports/SITREP_MVE_038.pdf,,1,0,1,1,0,100.0,,,,,,,,,,,,,,,
2026-06-21,zone,Ituri,Fataki,38,https://ebola-tracker.org/reports/SITREP_MVE_038.pdf,,1,0,1,0,0,0.0,,,,,,,,,,,,,,,
2026-06-21,zone,Ituri,Gethy,38,https://ebola-tracker.org/reports/SITREP_MVE_038.pdf,,1,0,1,0,0,0.0,,,,,,,,,,,,,,,
2026-06-21,zone,Ituri,Kambala,38,https://ebola-tracker.org/reports/SITREP_MVE_038.pdf,,1,0,1,1,0,100.0,,,,,,,,,,,,,,,
2026-06-21,zone,Ituri,Kilo,38,https://ebola-tracker.org/reports/SITREP_MVE_038.pdf,,7,0,1,1,0,14.3,,,,,,,,,,,,,,,
2026-06-21,zone,Ituri,Komanda,38,https://ebola-tracker.org/reports/SITREP_MVE_038.pdf,,10,0,1,3,0,30.0,,,,,,,,,,,,,,,
2026-06-21,zone,Ituri,Lita,38,https://ebola-tracker.org/reports/SITREP_MVE_038.pdf,,21,1,1,6,0,28.6,,,,,,,,,,,,,,,
2026-06-21,zone,Ituri,Logo,38,https://ebola-tracker.org/reports/SITREP_MVE_038.pdf,,2,0,1,0,0,0.0,,,,,,,,,,,,,,,
2026-06-21,zone,Ituri,Mambasa,38,https://ebola-tracker.org/reports/SITREP_MVE_038.pdf,,2,0,1,1,0,50.0,,,,,,,,,,,,,,,
2026-06-21,zone,Ituri,Mangala,38,https://ebola-tracker.org/reports/SITREP_MVE_038.pdf,,11,4,1,5,1,45.5,,,,,,,,,,,,,,,
2026-06-21,zone,Ituri,Mongbwalu,38,https://ebola-tracker.org/reports/SITREP_MVE_038.pdf,,229,9,1,96,5,41.9,,,,,,,,,,,,,,,
2026-06-21,zone,Ituri,Nia-Nia,38,https://ebola-tracker.org/reports/SITREP_MVE_038.pdf,,2,1,1,2,1,100.0,,,,,,,,,,,,,,,
2026-06-21,zone,Ituri,Nizi,38,https://ebola-tracker.org/reports/SITREP_MVE_038.pdf,,26,0,1,5,0,19.2,,,,,,,,,,,,,,,
2026-06-21,zone,Ituri,Nyankunde,38,https://ebola-tracker.org/reports/SITREP_MVE_038.pdf,,86,7,1,9,2,10.5,,,,,,,,,,,,,,,
2026-06-21,zone,Ituri,Rimba,38,https://ebola-tracker.org/reports/SITREP_MVE_038.pdf,,3,0,1,0,0,0.0,,,,,,,,,,,,,,,
2026-06-21,zone,Ituri,Rwampara,38,https://ebola-tracker.org/reports/SITREP_MVE_038.pdf,,215,4,1,36,1,16.7,,,,,,,,,,,,,,,
2026-06-21,zone,Ituri,Tchomia,38,https://ebola-tracker.org/reports/SITREP_MVE_038.pdf,,7,2,1,0,0,0.0,,,,,,,,,,,,,,,
2026-06-21,zone,Nord-Kivu,Beni,38,https://ebola-tracker.org/reports/SITREP_MVE_038.pdf,,18,1,1,12,0,66.7,,,,,,,,,,,,,,,
2026-06-21,zone,Nord-Kivu,Butembo,38,https://ebola-tracker.org/reports/SITREP_MVE_038.pdf,,28,1,1,13,0,46.4,,,,,,,,,,,,,,,
2026-06-21,zone,Nord-Kivu,Goma,38,https://ebola-tracker.org/reports/SITREP_MVE_038.pdf,,1,0,1,0,0,0.0,,,,,,,,,,,,,,,
2026-06-21,zone,Nord-Kivu,Kalunguta,38,https://ebola-tracker.org/reports/SITREP_MVE_038.pdf,,2,0,1,1,0,50.0,,,,,,,,,,,,,,,
2026-06-21,zone,Nord-Kivu,Katwa,38,https://ebola-tracker.org/reports/SITREP_MVE_038.pdf,,31,3,1,19,2,61.3,,,,,,,,,,,,,,,
2026-06-21,zone,Nord-Kivu,Kyondo,38,https://ebola-tracker.org/reports/SITREP_MVE_038.pdf,,3,1,1,1,0,33.3,,,,,,,,,,,,,,,
2026-06-21,zone,Nord-Kivu,Mabalako,38,https://ebola-tracker.org/reports/SITREP_MVE_038.pdf,,1,0,1,0,0,0.0,,,,,,,,,,,,,,,
2026-06-21,zone,Nord-Kivu,Masereka,38,https://ebola-tracker.org/reports/SITREP_MVE_038.pdf,,1,0,1,0,0,0.0,,,,,,,,,,,,,,,
2026-06-21,zone,Nord-Kivu,Musienene,38,https://ebola-tracker.org/reports/SITREP_MVE_038.pdf,,2,1,1,1,0,50.0,,,,,,,,,,,,,,,
2026-06-21,zone,Nord-Kivu,Oicha,38,https://ebola-tracker.org/reports/SITREP_MVE_038.pdf,,3,0,1,2,0,66.7,,,,,,,,,,,,,,,
2026-06-21,zone,Nord-Kivu,Vuhovi,38,https://ebola-tracker.org/reports/SITREP_MVE_038.pdf,,1,0,1,1,0,100.0,,,,,,,,,,,,,,,
2026-06-21,zone,Sud-Kivu,Miti-Murhesa,38,https://ebola-tracker.org/reports/SITREP_MVE_038.pdf,,3,0,1,1,0,33.3,,,,,,,,,,,,,,,
2026-06-22,pays,,,39,https://ebola-tracker.org/reports/SITREP_MVE_039.pdf,,1094,46,1,277,10,25.3,,,,891,131,165,46,27.9,335,,,8278,6023,72.8,
2026-06-22,province,Ituri,,39,https://ebola-tracker.org/reports/SITREP_MVE_039.pdf,,997,43,1,226,10,22.7,,,,175,61,100,43,43.0,298,,,6244,4540,72.7,
2026-06-22,province,Nord-Kivu,,39,https://ebola-tracker.org/reports/SITREP_MVE_039.pdf,,94,3,1,50,0,53.2,,,,703,70,65,3,4.6,27,,,1938,1387,71.6,
2026-06-22,province,Sud-Kivu,,39,https://ebola-tracker.org/reports/SITREP_MVE_039.pdf,,3,0,1,1,0,33.3,,,,13,0,,,,10,,,96,96,100.0,
2026-06-22,zone,Ituri,Aru,39,https://ebola-tracker.org/reports/SITREP_MVE_039.pdf,,3,0,1,1,0,33.3,,,,,,,,,,,,,,,
2026-06-22,zone,Ituri,Aungba,39,https://ebola-tracker.org/reports/SITREP_MVE_039.pdf,,6,0,1,2,0,33.3,,,,,,,,,,,,,,,
2026-06-22,zone,Ituri,Bambu,39,https://ebola-tracker.org/reports/SITREP_MVE_039.pdf,,14,0,1,2,0,14.3,,,,,,,,,,,,,,,
2026-06-22,zone,Ituri,Bunia,39,https://ebola-tracker.org/reports/SITREP_MVE_039.pdf,,296,11,1,48,3,16.2,,,,,,,,,,,,,,,
2026-06-22,zone,Ituri,Damas,39,https://ebola-tracker.org/reports/SITREP_MVE_039.pdf,,4,0,1,0,0,0.0,,,,,,,,,,,,,,,
2026-06-22,zone,Ituri,Drodro,39,https://ebola-tracker.org/reports/SITREP_MVE_039.pdf,,1,0,1,1,0,100.0,,,,,,,,,,,,,,,
2026-06-22,zone,Ituri,Fataki,39,https://ebola-tracker.org/reports/SITREP_MVE_039.pdf,,1,0,1,0,0,0.0,,,,,,,,,,,,,,,
2026-06-22,zone,Ituri,Gethy,39,https://ebola-tracker.org/reports/SITREP_MVE_039.pdf,,1,0,1,0,0,0.0,,,,,,,,,,,,,,,
2026-06-22,zone,Ituri,Kambala,39,https://ebola-tracker.org/reports/SITREP_MVE_039.pdf,,1,0,1,1,0,100.0,,,,,,,,,,,,,,,
2026-06-22,zone,Ituri,Kilo,39,https://ebola-tracker.org/reports/SITREP_MVE_039.pdf,,7,0,1,1,0,14.3,,,,,,,,,,,,,,,
2026-06-22,zone,Ituri,Komanda,39,https://ebola-tracker.org/reports/SITREP_MVE_039.pdf,,10,0,1,3,0,30.0,,,,,,,,,,,,,,,
2026-06-22,zone,Ituri,Lita,39,https://ebola-tracker.org/reports/SITREP_MVE_039.pdf,,24,3,1,6,0,25.0,,,,,,,,,,,,,,,
2026-06-22,zone,Ituri,Logo,39,https://ebola-tracker.org/reports/SITREP_MVE_039.pdf,,5,3,1,0,0,0.0,,,,,,,,,,,,,,,
2026-06-22,zone,Ituri,Mambasa,39,https://ebola-tracker.org/reports/SITREP_MVE_039.pdf,,2,0,1,1,0,50.0,,,,,,,,,,,,,,,
2026-06-22,zone,Ituri,Mangala,39,https://ebola-tracker.org/reports/SITREP_MVE_039.pdf,,14,3,1,6,1,42.9,,,,,,,,,,,,,,,
2026-06-22,zone,Ituri,Mongbwalu,39,https://ebola-tracker.org/reports/SITREP_MVE_039.pdf,,237,8,1,100,4,42.2,,,,,,,,,,,,,,,
2026-06-22,zone,Ituri,Nia-Nia,39,https://ebola-tracker.org/reports/SITREP_MVE_039.pdf,,2,0,1,2,0,100.0,,,,,,,,,,,,,,,
2026-06-22,zone,Ituri,Nizi,39,https://ebola-tracker.org/reports/SITREP_MVE_039.pdf,,30,4,1,6,1,20.0,,,,,,,,,,,,,,,
2026-06-22,zone,Ituri,Nyankunde,39,https://ebola-tracker.org/reports/SITREP_MVE_039.pdf,,86,0,1,9,0,10.5,,,,,,,,,,,,,,,
2026-06-22,zone,Ituri,Rimba,39,https://ebola-tracker.org/reports/SITREP_MVE_039.pdf,,3,0,1,0,0,0.0,,,,,,,,,,,,,,,
2026-06-22,zone,Ituri,Rwampara,39,https://ebola-tracker.org/reports/SITREP_MVE_039.pdf,,225,10,1,37,1,16.4,,,,,,,,,,,,,,,
2026-06-22,zone,Ituri,Tchomia,39,https://ebola-tracker.org/reports/SITREP_MVE_039.pdf,,8,1,1,0,0,0.0,,,,,,,,,,,,,,,
2026-06-22,zone,Nord-Kivu,Beni,39,https://ebola-tracker.org/reports/SITREP_MVE_039.pdf,,20,2,1,12,0,60.0,,,,,,,,,,,,,,,
2026-06-22,zone,Nord-Kivu,Butembo,39,https://ebola-tracker.org/reports/SITREP_MVE_039.pdf,,28,0,1,13,0,46.4,,,,,,,,,,,,,,,
2026-06-22,zone,Nord-Kivu,Goma,39,https://ebola-tracker.org/reports/SITREP_MVE_039.pdf,,1,0,1,0,0,0.0,,,,,,,,,,,,,,,
2026-06-22,zone,Nord-Kivu,Kalunguta,39,https://ebola-tracker.org/reports/SITREP_MVE_039.pdf,,2,0,1,1,0,50.0,,,,,,,,,,,,,,,
2026-06-22,zone,Nord-Kivu,Katwa,39,https://ebola-tracker.org/reports/SITREP_MVE_039.pdf,,32,1,1,19,0,59.4,,,,,,,,,,,,,,,
2026-06-22,zone,Nord-Kivu,Kyondo,39,https://ebola-tracker.org/reports/SITREP_MVE_039.pdf,,3,0,1,1,0,33.3,,,,,,,,,,,,,,,
2026-06-22,zone,Nord-Kivu,Mabalako,39,https://ebola-tracker.org/reports/SITREP_MVE_039.pdf,,1,0,1,0,0,0.0,,,,,,,,,,,,,,,
2026-06-22,zone,Nord-Kivu,Masereka,39,https://ebola-tracker.org/reports/SITREP_MVE_039.pdf,,1,0,1,0,0,0.0,,,,,,,,,,,,,,,
2026-06-22,zone,Nord-Kivu,Musienene,39,https://ebola-tracker.org/reports/SITREP_MVE_039.pdf,,2,0,1,1,0,50.0,,,,,,,,,,,,,,,
2026-06-22,zone,Nord-Kivu,Oicha,39,https://ebola-tracker.org/reports/SITREP_MVE_039.pdf,,3,0,1,2,0,66.7,,,,,,,,,,,,,,,
2026-06-22,zone,Nord-Kivu,Vuhovi,39,https://ebola-tracker.org/reports/SITREP_MVE_039.pdf,,1,0,1,1,0,100.0,,,,,,,,,,,,,,,
2026-06-22,zone,Sud-Kivu,Miti-Murhesa,39,https://ebola-tracker.org/reports/SITREP_MVE_039.pdf,,3,0,1,1,0,33.3,,,,,,,,,,,,,,,
2026-06-23,pays,,,40,https://ebola-tracker.org/reports/SITREP_MVE_040.pdf,,1118,24,1,291,14,26.0,,,,655,138,120,24,20.0,387,,,8346,6435,77.1,
2026-06-23,province,Ituri,,40,https://ebola-tracker.org/reports/SITREP_MVE_040.pdf,,1020,23,1,238,12,23.3,,,,129,66,74,23,31.1,321,,,6312,4918,77.9,
2026-06-23,province,Nord-Kivu,,40,https://ebola-tracker.org/reports/SITREP_MVE_040.pdf,,95,1,1,52,2,54.7,,,,515,65,39,1,2.6,56,,,1938,1421,73.3,
2026-06-23,province,Sud-Kivu,,40,https://ebola-tracker.org/reports/SITREP_MVE_040.pdf,,3,0,1,1,0,33.3,,,,11,7,7,0,0.0,10,,,96,96,100.0,
2026-06-23,zone,Ituri,Aru,40,https://ebola-tracker.org/reports/SITREP_MVE_040.pdf,,3,0,1,1,0,33.3,,,,,,,,,,,,,,,
2026-06-23,zone,Ituri,Aungba,40,https://ebola-tracker.org/reports/SITREP_MVE_040.pdf,,6,0,1,2,0,33.3,,,,,,,,,,,,,,,
2026-06-23,zone,Ituri,Bambu,40,https://ebola-tracker.org/reports/SITREP_MVE_040.pdf,,14,0,1,2,0,14.3,,,,,,,,,,,,,,,
2026-06-23,zone,Ituri,Bunia,40,https://ebola-tracker.org/reports/SITREP_MVE_040.pdf,,304,8,1,54,6,17.8,,,,,,,,,,,,,,,
2026-06-23,zone,Ituri,Damas,40,https://ebola-tracker.org/reports/SITREP_MVE_040.pdf,,4,0,1,0,0,0.0,,,,,,,,,,,,,,,
2026-06-23,zone,Ituri,Drodro,40,https://ebola-tracker.org/reports/SITREP_MVE_040.pdf,,1,0,1,1,0,100.0,,,,,,,,,,,,,,,
2026-06-23,zone,Ituri,Fataki,40,https://ebola-tracker.org/reports/SITREP_MVE_040.pdf,,1,0,1,0,0,0.0,,,,,,,,,,,,,,,
2026-06-23,zone,Ituri,Gethy,40,https://ebola-tracker.org/reports/SITREP_MVE_040.pdf,,1,0,1,0,0,0.0,,,,,,,,,,,,,,,
2026-06-23,zone,Ituri,Kambala,40,https://ebola-tracker.org/reports/SITREP_MVE_040.pdf,,1,0,1,1,0,100.0,,,,,,,,,,,,,,,
2026-06-23,zone,Ituri,Kilo,40,https://ebola-tracker.org/reports/SITREP_MVE_040.pdf,,7,0,1,1,0,14.3,,,,,,,,,,,,,,,
2026-06-23,zone,Ituri,Komanda,40,https://ebola-tracker.org/reports/SITREP_MVE_040.pdf,,13,3,1,3,0,23.1,,,,,,,,,,,,,,,
2026-06-23,zone,Ituri,Lita,40,https://ebola-tracker.org/reports/SITREP_MVE_040.pdf,,26,2,1,6,0,23.1,,,,,,,,,,,,,,,
2026-06-23,zone,Ituri,Logo,40,https://ebola-tracker.org/reports/SITREP_MVE_040.pdf,,5,0,1,0,0,0.0,,,,,,,,,,,,,,,
2026-06-23,zone,Ituri,Mambasa,40,https://ebola-tracker.org/reports/SITREP_MVE_040.pdf,,2,0,1,1,0,50.0,,,,,,,,,,,,,,,
2026-06-23,zone,Ituri,Mangala,40,https://ebola-tracker.org/reports/SITREP_MVE_040.pdf,,17,3,1,8,2,47.1,,,,,,,,,,,,,,,
2026-06-23,zone,Ituri,Mongbwalu,40,https://ebola-tracker.org/reports/SITREP_MVE_040.pdf,,241,4,1,103,3,42.7,,,,,,,,,,,,,,,
2026-06-23,zone,Ituri,Nia-Nia,40,https://ebola-tracker.org/reports/SITREP_MVE_040.pdf,,5,3,1,3,1,60.0,,,,,,,,,,,,,,,
2026-06-23,zone,Ituri,Nizi,40,https://ebola-tracker.org/reports/SITREP_MVE_040.pdf,,30,0,1,6,0,20.0,,,,,,,,,,,,,,,
2026-06-23,zone,Ituri,Nyankunde,40,https://ebola-tracker.org/reports/SITREP_MVE_040.pdf,,86,0,1,9,0,10.5,,,,,,,,,,,,,,,
2026-06-23,zone,Ituri,Rimba,40,https://ebola-tracker.org/reports/SITREP_MVE_040.pdf,,3,0,1,0,0,0.0,,,,,,,,,,,,,,,
2026-06-23,zone,Ituri,Rwampara,40,https://ebola-tracker.org/reports/SITREP_MVE_040.pdf,,225,0,1,37,0,16.4,,,,,,,,,,,,,,,
2026-06-23,zone,Ituri,Tchomia,40,https://ebola-tracker.org/reports/SITREP_MVE_040.pdf,,8,0,1,0,0,0.0,,,,,,,,,,,,,,,
2026-06-23,zone,Nord-Kivu,Beni,40,https://ebola-tracker.org/reports/SITREP_MVE_040.pdf,,20,0,1,12,0,60.0,,,,,,,,,,,,,,,
2026-06-23,zone,Nord-Kivu,Butembo,40,https://ebola-tracker.org/reports/SITREP_MVE_040.pdf,,29,1,1,13,0,44.8,,,,,,,,,,,,,,,
2026-06-23,zone,Nord-Kivu,Goma,40,https://ebola-tracker.org/reports/SITREP_MVE_040.pdf,,1,0,1,0,0,0.0,,,,,,,,,,,,,,,
2026-06-23,zone,Nord-Kivu,Kalunguta,40,https://ebola-tracker.org/reports/SITREP_MVE_040.pdf,,2,0,1,1,0,50.0,,,,,,,,,,,,,,,
2026-06-23,zone,Nord-Kivu,Katwa,40,https://ebola-tracker.org/reports/SITREP_MVE_040.pdf,,32,0,1,19,0,59.4,,,,,,,,,,,,,,,
2026-06-23,zone,Nord-Kivu,Kyondo,40,https://ebola-tracker.org/reports/SITREP_MVE_040.pdf,,3,0,1,2,1,66.7,,,,,,,,,,,,,,,
2026-06-23,zone,Nord-Kivu,Mabalako,40,https://ebola-tracker.org/reports/SITREP_MVE_040.pdf,,1,0,1,0,0,0.0,,,,,,,,,,,,,,,
2026-06-23,zone,Nord-Kivu,Masereka,40,https://ebola-tracker.org/reports/SITREP_MVE_040.pdf,,1,0,1,0,0,0.0,,,,,,,,,,,,,,,
2026-06-23,zone,Nord-Kivu,Musienene,40,https://ebola-tracker.org/reports/SITREP_MVE_040.pdf,,2,0,1,2,1,100.0,,,,,,,,,,,,,,,
2026-06-23,zone,Nord-Kivu,Oicha,40,https://ebola-tracker.org/reports/SITREP_MVE_040.pdf,,3,0,1,2,0,66.7,,,,,,,,,,,,,,,
2026-06-23,zone,Nord-Kivu,Vuhovi,40,https://ebola-tracker.org/reports/SITREP_MVE_040.pdf,,1,0,1,1,0,100.0,,,,,,,,,,,,,,,
2026-06-23,zone,Sud-Kivu,Miti-Murhesa,40,https://ebola-tracker.org/reports/SITREP_MVE_040.pdf,,3,0,1,1,0,33.3,,,,,,,,,,,,,,,
2026-06-24,pays,,,41,https://ebola-tracker.org/reports/SITREP_MVE_041.pdf,,1155,37,1,304,13,26.3,,,,809,154,257,37,14.4,390,,,9305,7368,79.2,
2026-06-24,province,Ituri,,41,https://ebola-tracker.org/reports/SITREP_MVE_041.pdf,,1054,34,1,250,12,23.7,,,,204,97,134,34,25.4,322,,,7103,5545,78.1,
2026-06-24,province,Nord-Kivu,,41,https://ebola-tracker.org/reports/SITREP_MVE_041.pdf,,98,3,1,53,1,54.1,,,,586,51,117,3,2.6,56,,,2184,1805,82.6,
2026-06-24,province,Sud-Kivu,,41,https://ebola-tracker.org/reports/SITREP_MVE_041.pdf,,3,0,1,1,0,33.3,,,,19,6,6,0,0.0,12,,,18,18,100.0,
2026-06-24,zone,Ituri,Aru,41,https://ebola-tracker.org/reports/SITREP_MVE_041.pdf,,3,0,1,1,0,33.3,,,,,,,,,,,,,,,
2026-06-24,zone,Ituri,Aungba,41,https://ebola-tracker.org/reports/SITREP_MVE_041.pdf,,6,0,1,2,0,33.3,,,,,,,,,,,,,,,
2026-06-24,zone,Ituri,Bambu,41,https://ebola-tracker.org/reports/SITREP_MVE_041.pdf,,14,0,1,2,0,14.3,,,,,,,,,,,,,,,
2026-06-24,zone,Ituri,Bunia,41,https://ebola-tracker.org/reports/SITREP_MVE_041.pdf,,314,10,1,60,6,19.1,,,,,,,,,,,,,,,
2026-06-24,zone,Ituri,Damas,41,https://ebola-tracker.org/reports/SITREP_MVE_041.pdf,,4,0,1,0,0,0.0,,,,,,,,,,,,,,,
2026-06-24,zone,Ituri,Drodro,41,https://ebola-tracker.org/reports/SITREP_MVE_041.pdf,,1,0,1,1,0,100.0,,,,,,,,,,,,,,,
2026-06-24,zone,Ituri,Fataki,41,https://ebola-tracker.org/reports/SITREP_MVE_041.pdf,,1,0,1,0,0,0.0,,,,,,,,,,,,,,,
2026-06-24,zone,Ituri,Gethy,41,https://ebola-tracker.org/reports/SITREP_MVE_041.pdf,,1,0,1,0,0,0.0,,,,,,,,,,,,,,,
2026-06-24,zone,Ituri,Kambala,41,https://ebola-tracker.org/reports/SITREP_MVE_041.pdf,,1,0,1,1,0,100.0,,,,,,,,,,,,,,,
2026-06-24,zone,Ituri,Kilo,41,https://ebola-tracker.org/reports/SITREP_MVE_041.pdf,,9,2,1,1,0,11.1,,,,,,,,,,,,,,,
2026-06-24,zone,Ituri,Komanda,41,https://ebola-tracker.org/reports/SITREP_MVE_041.pdf,,13,0,1,3,0,23.1,,,,,,,,,,,,,,,
2026-06-24,zone,Ituri,Lita,41,https://ebola-tracker.org/reports/SITREP_MVE_041.pdf,,26,0,1,6,0,23.1,,,,,,,,,,,,,,,
2026-06-24,zone,Ituri,Logo,41,https://ebola-tracker.org/reports/SITREP_MVE_041.pdf,,5,0,1,0,0,0.0,,,,,,,,,,,,,,,
2026-06-24,zone,Ituri,Mambasa,41,https://ebola-tracker.org/reports/SITREP_MVE_041.pdf,,2,0,1,1,0,50.0,,,,,,,,,,,,,,,
2026-06-24,zone,Ituri,Mangala,41,https://ebola-tracker.org/reports/SITREP_MVE_041.pdf,,17,0,1,8,0,47.1,,,,,,,,,,,,,,,
2026-06-24,zone,Ituri,Mongbwalu,41,https://ebola-tracker.org/reports/SITREP_MVE_041.pdf,,245,4,1,105,2,42.9,,,,,,,,,,,,,,,
2026-06-24,zone,Ituri,Nia-Nia,41,https://ebola-tracker.org/reports/SITREP_MVE_041.pdf,,5,0,1,3,0,60.0,,,,,,,,,,,,,,,
2026-06-24,zone,Ituri,Nizi,41,https://ebola-tracker.org/reports/SITREP_MVE_041.pdf,,30,0,1,6,0,20.0,,,,,,,,,,,,,,,
2026-06-24,zone,Ituri,Nyankunde,41,https://ebola-tracker.org/reports/SITREP_MVE_041.pdf,,91,5,1,10,1,11.0,,,,,,,,,,,,,,,
2026-06-24,zone,Ituri,Rimba,41,https://ebola-tracker.org/reports/SITREP_MVE_041.pdf,,3,0,1,0,0,0.0,,,,,,,,,,,,,,,
2026-06-24,zone,Ituri,Rwampara,41,https://ebola-tracker.org/reports/SITREP_MVE_041.pdf,,237,12,1,40,3,16.9,,,,,,,,,,,,,,,
2026-06-24,zone,Ituri,Tchomia,41,https://ebola-tracker.org/reports/SITREP_MVE_041.pdf,,9,1,1,0,0,0.0,,,,,,,,,,,,,,,
2026-06-24,zone,Nord-Kivu,Beni,41,https://ebola-tracker.org/reports/SITREP_MVE_041.pdf,,20,0,1,12,0,60.0,,,,,,,,,,,,,,,
2026-06-24,zone,Nord-Kivu,Butembo,41,https://ebola-tracker.org/reports/SITREP_MVE_041.pdf,,31,2,1,13,0,41.9,,,,,,,,,,,,,,,
2026-06-24,zone,Nord-Kivu,Goma,41,https://ebola-tracker.org/reports/SITREP_MVE_041.pdf,,1,0,1,0,0,0.0,,,,,,,,,,,,,,,
2026-06-24,zone,Nord-Kivu,Kalunguta,41,https://ebola-tracker.org/reports/SITREP_MVE_041.pdf,,2,0,1,1,0,50.0,,,,,,,,,,,,,,,
2026-06-24,zone,Nord-Kivu,Katwa,41,https://ebola-tracker.org/reports/SITREP_MVE_041.pdf,,33,1,1,20,1,60.6,,,,,,,,,,,,,,,
2026-06-24,zone,Nord-Kivu,Kyondo,41,https://ebola-tracker.org/reports/SITREP_MVE_041.pdf,,3,0,1,2,0,66.7,,,,,,,,,,,,,,,
2026-06-24,zone,Nord-Kivu,Mabalako,41,https://ebola-tracker.org/reports/SITREP_MVE_041.pdf,,1,0,1,0,0,0.0,,,,,,,,,,,,,,,
2026-06-24,zone,Nord-Kivu,Masereka,41,https://ebola-tracker.org/reports/SITREP_MVE_041.pdf,,1,0,1,0,0,0.0,,,,,,,,,,,,,,,
2026-06-24,zone,Nord-Kivu,Musienene,41,https://ebola-tracker.org/reports/SITREP_MVE_041.pdf,,2,0,1,2,0,100.0,,,,,,,,,,,,,,,
2026-06-24,zone,Nord-Kivu,Oicha,41,https://ebola-tracker.org/reports/SITREP_MVE_041.pdf,,3,0,1,2,0,66.7,,,,,,,,,,,,,,,
2026-06-24,zone,Nord-Kivu,Vuhovi,41,https://ebola-tracker.org/reports/SITREP_MVE_041.pdf,,1,0,1,1,0,100.0,,,,,,,,,,,,,,,
2026-06-24,zone,Sud-Kivu,Miti-Murhesa,41,https://ebola-tracker.org/reports/SITREP_MVE_041.pdf,,3,0,1,1,0,33.3,,,,,,,,,,,,,,,
2026-06-25,pays,,,42,https://ebola-tracker.org/reports/SITREP_MVE_042.pdf,,1203,48,1,321,17,26.7,,,,1162,265,264,48,18.2,382,,,9294,7700,82.8,
2026-06-25,province,Ituri,,42,https://ebola-tracker.org/reports/SITREP_MVE_042.pdf,,1096,42,1,263,13,24.0,,,,410,173,165,42,25.5,313,,,7092,5861,82.6,
2026-06-25,province,Nord-Kivu,,42,https://ebola-tracker.org/reports/SITREP_MVE_042.pdf,,104,6,1,57,4,54.8,,,,740,88,95,6,6.3,56,,,2184,1821,83.4,
2026-06-25,province,Sud-Kivu,,42,https://ebola-tracker.org/reports/SITREP_MVE_042.pdf,,3,0,1,1,0,33.3,,,,12,4,4,0,0.0,13,,,18,18,100.0,
2026-06-25,zone,Ituri,Aru,42,https://ebola-tracker.org/reports/SITREP_MVE_042.pdf,,3,0,1,1,0,33.3,,,,,,,,,,,,,,,
2026-06-25,zone,Ituri,Aungba,42,https://ebola-tracker.org/reports/SITREP_MVE_042.pdf,,6,0,1,2,0,33.3,,,,,,,,,,,,,,,
2026-06-25,zone,Ituri,Bambu,42,https://ebola-tracker.org/reports/SITREP_MVE_042.pdf,,14,0,1,3,1,21.4,,,,,,,,,,,,,,,
2026-06-25,zone,Ituri,Bunia,42,https://ebola-tracker.org/reports/SITREP_MVE_042.pdf,,323,9,1,64,4,19.8,,,,,,,,,,,,,,,
2026-06-25,zone,Ituri,Damas,42,https://ebola-tracker.org/reports/SITREP_MVE_042.pdf,,4,0,1,0,0,0.0,,,,,,,,,,,,,,,
2026-06-25,zone,Ituri,Drodro,42,https://ebola-tracker.org/reports/SITREP_MVE_042.pdf,,1,0,1,1,0,100.0,,,,,,,,,,,,,,,
2026-06-25,zone,Ituri,Fataki,42,https://ebola-tracker.org/reports/SITREP_MVE_042.pdf,,1,0,1,0,0,0.0,,,,,,,,,,,,,,,
2026-06-25,zone,Ituri,Gethy,42,https://ebola-tracker.org/reports/SITREP_MVE_042.pdf,,1,0,1,0,0,0.0,,,,,,,,,,,,,,,
2026-06-25,zone,Ituri,Kambala,42,https://ebola-tracker.org/reports/SITREP_MVE_042.pdf,,1,0,1,1,0,100.0,,,,,,,,,,,,,,,
2026-06-25,zone,Ituri,Kilo,42,https://ebola-tracker.org/reports/SITREP_MVE_042.pdf,,9,0,1,1,0,11.1,,,,,,,,,,,,,,,
2026-06-25,zone,Ituri,Komanda,42,https://ebola-tracker.org/reports/SITREP_MVE_042.pdf,,13,0,1,3,0,23.1,,,,,,,,,,,,,,,
2026-06-25,zone,Ituri,Lita,42,https://ebola-tracker.org/reports/SITREP_MVE_042.pdf,,26,0,1,6,0,23.1,,,,,,,,,,,,,,,
2026-06-25,zone,Ituri,Logo,42,https://ebola-tracker.org/reports/SITREP_MVE_042.pdf,,7,2,1,0,0,0.0,,,,,,,,,,,,,,,
2026-06-25,zone,Ituri,Mambasa,42,https://ebola-tracker.org/reports/SITREP_MVE_042.pdf,,2,0,1,1,0,50.0,,,,,,,,,,,,,,,
2026-06-25,zone,Ituri,Mangala,42,https://ebola-tracker.org/reports/SITREP_MVE_042.pdf,,17,0,1,8,0,47.1,,,,,,,,,,,,,,,
2026-06-25,zone,Ituri,Mongbwalu,42,https://ebola-tracker.org/reports/SITREP_MVE_042.pdf,,250,5,1,109,4,43.6,,,,,,,,,,,,,,,
2026-06-25,zone,Ituri,Nia-Nia,42,https://ebola-tracker.org/reports/SITREP_MVE_042.pdf,,5,0,1,3,0,60.0,,,,,,,,,,,,,,,
2026-06-25,zone,Ituri,Nizi,42,https://ebola-tracker.org/reports/SITREP_MVE_042.pdf,,32,2,1,6,0,18.8,,,,,,,,,,,,,,,
2026-06-25,zone,Ituri,Nyankunde,42,https://ebola-tracker.org/reports/SITREP_MVE_042.pdf,,93,2,1,11,1,11.8,,,,,,,,,,,,,,,
2026-06-25,zone,Ituri,Rimba,42,https://ebola-tracker.org/reports/SITREP_MVE_042.pdf,,3,0,1,0,0,0.0,,,,,,,,,,,,,,,
2026-06-25,zone,Ituri,Rwampara,42,https://ebola-tracker.org/reports/SITREP_MVE_042.pdf,,258,21,1,43,3,16.7,,,,,,,,,,,,,,,
2026-06-25,zone,Ituri,Tchomia,42,https://ebola-tracker.org/reports/SITREP_MVE_042.pdf,,10,1,1,0,0,0.0,,,,,,,,,,,,,,,
2026-06-25,zone,Nord-Kivu,Beni,42,https://ebola-tracker.org/reports/SITREP_MVE_042.pdf,,22,2,1,13,1,59.1,,,,,,,,,,,,,,,
2026-06-25,zone,Nord-Kivu,Butembo,42,https://ebola-tracker.org/reports/SITREP_MVE_042.pdf,,33,2,1,14,1,42.4,,,,,,,,,,,,,,,
2026-06-25,zone,Nord-Kivu,Goma,42,https://ebola-tracker.org/reports/SITREP_MVE_042.pdf,,1,0,1,0,0,0.0,,,,,,,,,,,,,,,
2026-06-25,zone,Nord-Kivu,Kalunguta,42,https://ebola-tracker.org/reports/SITREP_MVE_042.pdf,,2,0,1,1,0,50.0,,,,,,,,,,,,,,,
2026-06-25,zone,Nord-Kivu,Katwa,42,https://ebola-tracker.org/reports/SITREP_MVE_042.pdf,,35,2,1,22,2,62.9,,,,,,,,,,,,,,,
2026-06-25,zone,Nord-Kivu,Kyondo,42,https://ebola-tracker.org/reports/SITREP_MVE_042.pdf,,3,0,1,2,0,66.7,,,,,,,,,,,,,,,
2026-06-25,zone,Nord-Kivu,Mabalako,42,https://ebola-tracker.org/reports/SITREP_MVE_042.pdf,,1,0,1,0,0,0.0,,,,,,,,,,,,,,,
2026-06-25,zone,Nord-Kivu,Masereka,42,https://ebola-tracker.org/reports/SITREP_MVE_042.pdf,,1,0,1,0,0,0.0,,,,,,,,,,,,,,,
2026-06-25,zone,Nord-Kivu,Musienene,42,https://ebola-tracker.org/reports/SITREP_MVE_042.pdf,,2,0,1,2,0,100.0,,,,,,,,,,,,,,,
2026-06-25,zone,Nord-Kivu,Oicha,42,https://ebola-tracker.org/reports/SITREP_MVE_042.pdf,,3,0,1,2,0,66.7,,,,,,,,,,,,,,,
2026-06-25,zone,Nord-Kivu,Vuhovi,42,https://ebola-tracker.org/reports/SITREP_MVE_042.pdf,,1,0,1,1,0,100.0,,,,,,,,,,,,,,,
2026-06-25,zone,Sud-Kivu,Miti-Murhesa,42,https://ebola-tracker.org/reports/SITREP_MVE_042.pdf,,3,0,1,1,0,33.3,,,,,,,,,,,,,,,
2026-06-27,pays,,,44,https://ebola-tracker.org/reports/SITREP_MVE_044.pdf,,1274,71,2,360,39,28.3,,,,1271,239,265,47,17.7,484,,,9145,7964,87.1,
2026-06-27,province,Ituri,,44,https://ebola-tracker.org/reports/SITREP_MVE_044.pdf,,1165,69,2,301,38,25.8,,,,290,165,162,45,27.8,333,,,7235,6199,85.7,
2026-06-27,province,Nord-Kivu,,44,https://ebola-tracker.org/reports/SITREP_MVE_044.pdf,,106,2,2,58,1,54.7,,,,962,70,99,2,2.0,134,,,1892,1747,92.3,
2026-06-27,province,Sud-Kivu,,44,https://ebola-tracker.org/reports/SITREP_MVE_044.pdf,,3,0,2,1,0,33.3,,,,19,4,4,0,0.0,17,,,18,18,100.0,
2026-06-27,zone,Ituri,Aru,44,https://ebola-tracker.org/reports/SITREP_MVE_044.pdf,,3,0,2,1,0,33.3,,,,,,,,,,,,,,,
2026-06-27,zone,Ituri,Aungba,44,https://ebola-tracker.org/reports/SITREP_MVE_044.pdf,,6,0,2,2,0,33.3,,,,,,,,,,,,,,,
2026-06-27,zone,Ituri,Bambu,44,https://ebola-tracker.org/reports/SITREP_MVE_044.pdf,,16,2,2,4,1,25.0,,,,,,,,,,,,,,,
2026-06-27,zone,Ituri,Bunia,44,https://ebola-tracker.org/reports/SITREP_MVE_044.pdf,,338,15,2,71,7,21.0,,,,,,,,,,,,,,,
2026-06-27,zone,Ituri,Damas,44,https://ebola-tracker.org/reports/SITREP_MVE_044.pdf,,5,1,2,0,0,0.0,,,,,,,,,,,,,,,
2026-06-27,zone,Ituri,Drodro,44,https://ebola-tracker.org/reports/SITREP_MVE_044.pdf,,3,2,2,3,2,100.0,,,,,,,,,,,,,,,
2026-06-27,zone,Ituri,Fataki,44,https://ebola-tracker.org/reports/SITREP_MVE_044.pdf,,1,0,2,0,0,0.0,,,,,,,,,,,,,,,
2026-06-27,zone,Ituri,Gethy,44,https://ebola-tracker.org/reports/SITREP_MVE_044.pdf,,1,0,2,0,0,0.0,,,,,,,,,,,,,,,
2026-06-27,zone,Ituri,Kambala,44,https://ebola-tracker.org/reports/SITREP_MVE_044.pdf,,1,0,2,1,0,100.0,,,,,,,,,,,,,,,
2026-06-27,zone,Ituri,Kilo,44,https://ebola-tracker.org/reports/SITREP_MVE_044.pdf,,9,0,2,1,0,11.1,,,,,,,,,,,,,,,
2026-06-27,zone,Ituri,Komanda,44,https://ebola-tracker.org/reports/SITREP_MVE_044.pdf,,16,3,2,5,2,31.2,,,,,,,,,,,,,,,
2026-06-27,zone,Ituri,Lita,44,https://ebola-tracker.org/reports/SITREP_MVE_044.pdf,,27,1,2,7,1,25.9,,,,,,,,,,,,,,,
2026-06-27,zone,Ituri,Logo,44,https://ebola-tracker.org/reports/SITREP_MVE_044.pdf,,7,0,2,0,0,0.0,,,,,,,,,,,,,,,
2026-06-27,zone,Ituri,Mambasa,44,https://ebola-tracker.org/reports/SITREP_MVE_044.pdf,,2,0,2,1,0,50.0,,,,,,,,,,,,,,,
2026-06-27,zone,Ituri,Mandima,44,https://ebola-tracker.org/reports/SITREP_MVE_044.pdf,,1,,,0,,0.0,,,,,,,,,,,,,,,
2026-06-27,zone,Ituri,Mangala,44,https://ebola-tracker.org/reports/SITREP_MVE_044.pdf,,20,3,2,9,1,45.0,,,,,,,,,,,,,,,
2026-06-27,zone,Ituri,Mongbwalu,44,https://ebola-tracker.org/reports/SITREP_MVE_044.pdf,,258,8,2,118,9,45.7,,,,,,,,,,,,,,,
2026-06-27,zone,Ituri,Nia-Nia,44,https://ebola-tracker.org/reports/SITREP_MVE_044.pdf,,7,2,2,4,1,57.1,,,,,,,,,,,,,,,
2026-06-27,zone,Ituri,Nizi,44,https://ebola-tracker.org/reports/SITREP_MVE_044.pdf,,37,5,2,9,3,24.3,,,,,,,,,,,,,,,
2026-06-27,zone,Ituri,Nyankunde,44,https://ebola-tracker.org/reports/SITREP_MVE_044.pdf,,94,1,2,13,2,13.8,,,,,,,,,,,,,,,
2026-06-27,zone,Ituri,Rimba,44,https://ebola-tracker.org/reports/SITREP_MVE_044.pdf,,3,0,2,0,0,0.0,,,,,,,,,,,,,,,
2026-06-27,zone,Ituri,Rwampara,44,https://ebola-tracker.org/reports/SITREP_MVE_044.pdf,,282,24,2,52,9,18.4,,,,,,,,,,,,,,,
2026-06-27,zone,Ituri,Tchomia,44,https://ebola-tracker.org/reports/SITREP_MVE_044.pdf,,11,1,2,0,0,0.0,,,,,,,,,,,,,,,
2026-06-27,zone,Nord-Kivu,Beni,44,https://ebola-tracker.org/reports/SITREP_MVE_044.pdf,,22,0,2,13,0,59.1,,,,,,,,,,,,,,,
2026-06-27,zone,Nord-Kivu,Butembo,44,https://ebola-tracker.org/reports/SITREP_MVE_044.pdf,,33,0,2,14,0,42.4,,,,,,,,,,,,,,,
2026-06-27,zone,Nord-Kivu,Goma,44,https://ebola-tracker.org/reports/SITREP_MVE_044.pdf,,1,0,2,0,0,0.0,,,,,,,,,,,,,,,
2026-06-27,zone,Nord-Kivu,Kalunguta,44,https://ebola-tracker.org/reports/SITREP_MVE_044.pdf,,2,0,2,1,0,50.0,,,,,,,,,,,,,,,
2026-06-27,zone,Nord-Kivu,Katwa,44,https://ebola-tracker.org/reports/SITREP_MVE_044.pdf,,37,2,2,23,1,62.2,,,,,,,,,,,,,,,
2026-06-27,zone,Nord-Kivu,Kyondo,44,https://ebola-tracker.org/reports/SITREP_MVE_044.pdf,,3,0,2,2,0,66.7,,,,,,,,,,,,,,,
2026-06-27,zone,Nord-Kivu,Mabalako,44,https://ebola-tracker.org/reports/SITREP_MVE_044.pdf,,1,0,2,0,0,0.0,,,,,,,,,,,,,,,
2026-06-27,zone,Nord-Kivu,Masereka,44,https://ebola-tracker.org/reports/SITREP_MVE_044.pdf,,1,0,2,0,0,0.0,,,,,,,,,,,,,,,
2026-06-27,zone,Nord-Kivu,Musienene,44,https://ebola-tracker.org/reports/SITREP_MVE_044.pdf,,2,0,2,2,0,100.0,,,,,,,,,,,,,,,
2026-06-27,zone,Nord-Kivu,Oicha,44,https://ebola-tracker.org/reports/SITREP_MVE_044.pdf,,3,0,2,2,0,66.7,,,,,,,,,,,,,,,
2026-06-27,zone,Nord-Kivu,Vuhovi,44,https://ebola-tracker.org/reports/SITREP_MVE_044.pdf,,1,0,2,1,0,100.0,,,,,,,,,,,,,,,
2026-06-27,zone,Sud-Kivu,Miti-Murhesa,44,https://ebola-tracker.org/reports/SITREP_MVE_044.pdf,,3,0,2,1,0,33.3,,,,,,,,,,,,,,,
2026-06-28,pays,,,,,OMS Weekly Report 07 (lecture manuelle),,,,,,,,,,,,,,,,,,,,81.3,
2026-06-29,pays,,,46,https://ebola-tracker.org/reports/SITREP_MVE_046.pdf,,1333,59,2,399,39,29.9,,,,1376,309,141,26,18.4,82,,,11796,9756,82.7,
2026-06-29,province,Ituri,,46,https://ebola-tracker.org/reports/SITREP_MVE_046.pdf,,1214,49,2,335,34,27.6,,,,474,222,64,17,26.6,68,,,9335,7825,83.8,
2026-06-29,province,Nord-Kivu,,46,https://ebola-tracker.org/reports/SITREP_MVE_046.pdf,,116,10,2,63,5,54.3,,,,864,87,77,9,11.7,11,,,2461,1931,78.5,
2026-06-29,province,Sud-Kivu,,46,https://ebola-tracker.org/reports/SITREP_MVE_046.pdf,,3,0,2,1,0,33.3,,,,38,0,,,,3,,,,,,
2026-06-29,zone,Ituri,Aru,46,https://ebola-tracker.org/reports/SITREP_MVE_046.pdf,,3,0,2,1,0,33.3,,,,,,,,,,,,,,,
2026-06-29,zone,Ituri,Aungba,46,https://ebola-tracker.org/reports/SITREP_MVE_046.pdf,,6,0,2,2,0,33.3,,,,,,,,,,,,,,,
2026-06-29,zone,Ituri,Bambu,46,https://ebola-tracker.org/reports/SITREP_MVE_046.pdf,,16,0,2,4,0,25.0,,,,,,,,,,,,,,,
2026-06-29,zone,Ituri,Bunia,46,https://ebola-tracker.org/reports/SITREP_MVE_046.pdf,,358,20,2,82,11,22.9,,,,,,,,,,,,,,,
2026-06-29,zone,Ituri,Damas,46,https://ebola-tracker.org/reports/SITREP_MVE_046.pdf,,5,0,2,0,0,0.0,,,,,,,,,,,,,,,
2026-06-29,zone,Ituri,Drodro,46,https://ebola-tracker.org/reports/SITREP_MVE_046.pdf,,3,0,2,3,0,100.0,,,,,,,,,,,,,,,
2026-06-29,zone,Ituri,Fataki,46,https://ebola-tracker.org/reports/SITREP_MVE_046.pdf,,1,0,2,0,0,0.0,,,,,,,,,,,,,,,
2026-06-29,zone,Ituri,Gethy,46,https://ebola-tracker.org/reports/SITREP_MVE_046.pdf,,1,0,2,0,0,0.0,,,,,,,,,,,,,,,
2026-06-29,zone,Ituri,Kambala,46,https://ebola-tracker.org/reports/SITREP_MVE_046.pdf,,1,0,2,1,0,100.0,,,,,,,,,,,,,,,
2026-06-29,zone,Ituri,Kilo,46,https://ebola-tracker.org/reports/SITREP_MVE_046.pdf,,9,0,2,1,0,11.1,,,,,,,,,,,,,,,
2026-06-29,zone,Ituri,Komanda,46,https://ebola-tracker.org/reports/SITREP_MVE_046.pdf,,16,0,2,5,0,31.2,,,,,,,,,,,,,,,
2026-06-29,zone,Ituri,Lita,46,https://ebola-tracker.org/reports/SITREP_MVE_046.pdf,,29,2,2,9,2,31.0,,,,,,,,,,,,,,,
2026-06-29,zone,Ituri,Logo,46,https://ebola-tracker.org/reports/SITREP_MVE_046.pdf,,7,0,2,0,0,0.0,,,,,,,,,,,,,,,
2026-06-29,zone,Ituri,Mambasa,46,https://ebola-tracker.org/reports/SITREP_MVE_046.pdf,,2,0,2,1,0,50.0,,,,,,,,,,,,,,,
2026-06-29,zone,Ituri,Mandima,46,https://ebola-tracker.org/reports/SITREP_MVE_046.pdf,,1,0,2,0,0,0.0,,,,,,,,,,,,,,,
2026-06-29,zone,Ituri,Mangala,46,https://ebola-tracker.org/reports/SITREP_MVE_046.pdf,,24,4,2,12,3,50.0,,,,,,,,,,,,,,,
2026-06-29,zone,Ituri,Mongbwalu,46,https://ebola-tracker.org/reports/SITREP_MVE_046.pdf,,258,0,2,123,5,47.7,,,,,,,,,,,,,,,
2026-06-29,zone,Ituri,Nia-Nia,46,https://ebola-tracker.org/reports/SITREP_MVE_046.pdf,,11,4,2,5,1,45.5,,,,,,,,,,,,,,,
2026-06-29,zone,Ituri,Nizi,46,https://ebola-tracker.org/reports/SITREP_MVE_046.pdf,,41,4,2,9,0,22.0,,,,,,,,,,,,,,,
2026-06-29,zone,Ituri,Nyankunde,46,https://ebola-tracker.org/reports/SITREP_MVE_046.pdf,,94,0,2,15,2,16.0,,,,,,,,,,,,,,,
2026-06-29,zone,Ituri,Rimba,46,https://ebola-tracker.org/reports/SITREP_MVE_046.pdf,,3,0,2,0,0,0.0,,,,,,,,,,,,,,,
2026-06-29,zone,Ituri,Rwampara,46,https://ebola-tracker.org/reports/SITREP_MVE_046.pdf,,295,13,2,60,8,20.3,,,,,,,,,,,,,,,
2026-06-29,zone,Ituri,Tchomia,46,https://ebola-tracker.org/reports/SITREP_MVE_046.pdf,,13,2,2,2,2,15.4,,,,,,,,,,,,,,,
2026-06-29,zone,Nord-Kivu,Beni,46,https://ebola-tracker.org/reports/SITREP_MVE_046.pdf,,22,0,2,14,1,63.6,,,,,,,,,,,,,,,
2026-06-29,zone,Nord-Kivu,Butembo,46,https://ebola-tracker.org/reports/SITREP_MVE_046.pdf,,34,1,2,14,0,41.2,,,,,,,,,,,,,,,
2026-06-29,zone,Nord-Kivu,Goma,46,https://ebola-tracker.org/reports/SITREP_MVE_046.pdf,,1,0,2,0,0,0.0,,,,,,,,,,,,,,,
2026-06-29,zone,Nord-Kivu,Kalunguta,46,https://ebola-tracker.org/reports/SITREP_MVE_046.pdf,,2,0,2,1,0,50.0,,,,,,,,,,,,,,,
2026-06-29,zone,Nord-Kivu,Katwa,46,https://ebola-tracker.org/reports/SITREP_MVE_046.pdf,,45,8,2,27,4,60.0,,,,,,,,,,,,,,,
2026-06-29,zone,Nord-Kivu,Kyondo,46,https://ebola-tracker.org/reports/SITREP_MVE_046.pdf,,3,0,2,2,0,66.7,,,,,,,,,,,,,,,
2026-06-29,zone,Nord-Kivu,Mabalako,46,https://ebola-tracker.org/reports/SITREP_MVE_046.pdf,,1,0,2,0,0,0.0,,,,,,,,,,,,,,,
2026-06-29,zone,Nord-Kivu,Masereka,46,https://ebola-tracker.org/reports/SITREP_MVE_046.pdf,,1,0,2,0,0,0.0,,,,,,,,,,,,,,,
2026-06-29,zone,Nord-Kivu,Musienene,46,https://ebola-tracker.org/reports/SITREP_MVE_046.pdf,,3,1,2,2,0,66.7,,,,,,,,,,,,,,,
2026-06-29,zone,Nord-Kivu,Oicha,46,https://ebola-tracker.org/reports/SITREP_MVE_046.pdf,,3,0,2,2,0,66.7,,,,,,,,,,,,,,,
2026-06-29,zone,Nord-Kivu,Vuhovi,46,https://ebola-tracker.org/reports/SITREP_MVE_046.pdf,,1,0,2,1,0,100.0,,,,,,,,,,,,,,,
2026-06-29,zone,Sud-Kivu,Miti-Murhesa,46,https://ebola-tracker.org/reports/SITREP_MVE_046.pdf,,3,0,2,1,0,33.3,,,,,,,,,,,,,,,
2026-06-30,pays,,,47,https://ebola-tracker.org/reports/SITREP_MVE_047.pdf,,1406,73,1,438,39,31.2,,,,1212,301,244,73,29.9,,,,11646,9605,82.5,
2026-06-30,province,Ituri,,47,https://ebola-tracker.org/reports/SITREP_MVE_047.pdf,,1283,69,1,366,31,28.5,,,,387,223,109,69,63.3,,,,9238,7631,82.6,
2026-06-30,province,Nord-Kivu,,47,https://ebola-tracker.org/reports/SITREP_MVE_047.pdf,,120,4,1,71,8,59.2,,,,814,77,135,4,3.0,,,,2408,1974,81.9,
2026-06-30,province,Sud-Kivu,,47,https://ebola-tracker.org/reports/SITREP_MVE_047.pdf,,3,0,1,1,0,33.3,,,,11,1,,,,,,,,,,
2026-06-30,zone,Ituri,Aru,47,https://ebola-tracker.org/reports/SITREP_MVE_047.pdf,,3,0,1,1,0,33.3,,,,,,,,,,,,,,,
2026-06-30,zone,Ituri,Aungba,47,https://ebola-tracker.org/reports/SITREP_MVE_047.pdf,,6,0,1,2,0,33.3,,,,,,,,,,,,,,,
2026-06-30,zone,Ituri,Bambu,47,https://ebola-tracker.org/reports/SITREP_MVE_047.pdf,,16,0,1,5,1,31.2,,,,,,,,,,,,,,,
2026-06-30,zone,Ituri,Bunia,47,https://ebola-tracker.org/reports/SITREP_MVE_047.pdf,,387,29,1,94,12,24.3,,,,,,,,,,,,,,,
2026-06-30,zone,Ituri,Damas,47,https://ebola-tracker.org/reports/SITREP_MVE_047.pdf,,5,0,1,0,0,0.0,,,,,,,,,,,,,,,
2026-06-30,zone,Ituri,Drodro,47,https://ebola-tracker.org/reports/SITREP_MVE_047.pdf,,3,0,1,3,0,100.0,,,,,,,,,,,,,,,
2026-06-30,zone,Ituri,Fataki,47,https://ebola-tracker.org/reports/SITREP_MVE_047.pdf,,1,0,1,0,0,0.0,,,,,,,,,,,,,,,
2026-06-30,zone,Ituri,Gethy,47,https://ebola-tracker.org/reports/SITREP_MVE_047.pdf,,1,0,1,0,0,0.0,,,,,,,,,,,,,,,
2026-06-30,zone,Ituri,Kambala,47,https://ebola-tracker.org/reports/SITREP_MVE_047.pdf,,2,1,1,2,1,100.0,,,,,,,,,,,,,,,
2026-06-30,zone,Ituri,Kilo,47,https://ebola-tracker.org/reports/SITREP_MVE_047.pdf,,9,0,1,1,0,11.1,,,,,,,,,,,,,,,
2026-06-30,zone,Ituri,Komanda,47,https://ebola-tracker.org/reports/SITREP_MVE_047.pdf,,18,2,1,5,0,27.8,,,,,,,,,,,,,,,
2026-06-30,zone,Ituri,Lita,47,https://ebola-tracker.org/reports/SITREP_MVE_047.pdf,,29,0,1,9,0,31.0,,,,,,,,,,,,,,,
2026-06-30,zone,Ituri,Logo,47,https://ebola-tracker.org/reports/SITREP_MVE_047.pdf,,7,0,1,0,0,0.0,,,,,,,,,,,,,,,
2026-06-30,zone,Ituri,Lolwa,47,https://ebola-tracker.org/reports/SITREP_MVE_047.pdf,,1,,,1,,100.0,,,,,,,,,,,,,,,
2026-06-30,zone,Ituri,Mambasa,47,https://ebola-tracker.org/reports/SITREP_MVE_047.pdf,,2,0,1,1,0,50.0,,,,,,,,,,,,,,,
2026-06-30,zone,Ituri,Mandima,47,https://ebola-tracker.org/reports/SITREP_MVE_047.pdf,,2,1,1,1,1,50.0,,,,,,,,,,,,,,,
2026-06-30,zone,Ituri,Mangala,47,https://ebola-tracker.org/reports/SITREP_MVE_047.pdf,,24,0,1,12,0,50.0,,,,,,,,,,,,,,,
2026-06-30,zone,Ituri,Mongbwalu,47,https://ebola-tracker.org/reports/SITREP_MVE_047.pdf,,264,6,1,126,3,47.7,,,,,,,,,,,,,,,
2026-06-30,zone,Ituri,Nia-Nia,47,https://ebola-tracker.org/reports/SITREP_MVE_047.pdf,,12,1,1,5,0,41.7,,,,,,,,,,,,,,,
2026-06-30,zone,Ituri,Nizi,47,https://ebola-tracker.org/reports/SITREP_MVE_047.pdf,,61,20,1,19,10,31.1,,,,,,,,,,,,,,,
2026-06-30,zone,Ituri,Nyankunde,47,https://ebola-tracker.org/reports/SITREP_MVE_047.pdf,,95,1,1,16,1,16.8,,,,,,,,,,,,,,,
2026-06-30,zone,Ituri,Rimba,47,https://ebola-tracker.org/reports/SITREP_MVE_047.pdf,,3,0,1,0,0,0.0,,,,,,,,,,,,,,,
2026-06-30,zone,Ituri,Rwampara,47,https://ebola-tracker.org/reports/SITREP_MVE_047.pdf,,301,6,1,61,1,20.3,,,,,,,,,,,,,,,
2026-06-30,zone,Ituri,Tchomia,47,https://ebola-tracker.org/reports/SITREP_MVE_047.pdf,,14,1,1,2,0,14.3,,,,,,,,,,,,,,,
2026-06-30,zone,Nord-Kivu,Beni,47,https://ebola-tracker.org/reports/SITREP_MVE_047.pdf,,24,2,1,15,1,62.5,,,,,,,,,,,,,,,
2026-06-30,zone,Nord-Kivu,Butembo,47,https://ebola-tracker.org/reports/SITREP_MVE_047.pdf,,34,0,1,15,1,44.1,,,,,,,,,,,,,,,
2026-06-30,zone,Nord-Kivu,Goma,47,https://ebola-tracker.org/reports/SITREP_MVE_047.pdf,,1,0,1,0,0,0.0,,,,,,,,,,,,,,,
2026-06-30,zone,Nord-Kivu,Kalunguta,47,https://ebola-tracker.org/reports/SITREP_MVE_047.pdf,,2,0,1,1,0,50.0,,,,,,,,,,,,,,,
2026-06-30,zone,Nord-Kivu,Katwa,47,https://ebola-tracker.org/reports/SITREP_MVE_047.pdf,,47,2,1,33,6,70.2,,,,,,,,,,,,,,,
2026-06-30,zone,Nord-Kivu,Kyondo,47,https://ebola-tracker.org/reports/SITREP_MVE_047.pdf,,3,0,1,2,0,66.7,,,,,,,,,,,,,,,
2026-06-30,zone,Nord-Kivu,Mabalako,47,https://ebola-tracker.org/reports/SITREP_MVE_047.pdf,,1,0,1,0,0,0.0,,,,,,,,,,,,,,,
2026-06-30,zone,Nord-Kivu,Masereka,47,https://ebola-tracker.org/reports/SITREP_MVE_047.pdf,,1,0,1,0,0,0.0,,,,,,,,,,,,,,,
2026-06-30,zone,Nord-Kivu,Musienene,47,https://ebola-tracker.org/reports/SITREP_MVE_047.pdf,,3,0,1,2,0,66.7,,,,,,,,,,,,,,,
2026-06-30,zone,Nord-Kivu,Oicha,47,https://ebola-tracker.org/reports/SITREP_MVE_047.pdf,,3,0,1,2,0,66.7,,,,,,,,,,,,,,,
2026-06-30,zone,Nord-Kivu,Vuhovi,47,https://ebola-tracker.org/reports/SITREP_MVE_047.pdf,,1,0,1,1,0,100.0,,,,,,,,,,,,,,,
2026-06-30,zone,Sud-Kivu,Miti-Murhesa,47,https://ebola-tracker.org/reports/SITREP_MVE_047.pdf,,3,0,1,1,0,33.3,,,,,,,,,,,,,,,
2026-07-01,pays,,,48,https://ebola-tracker.org/reports/SITREP_MVE_048.pdf,,1460,54,1,452,14,31.0,,,,885,150,228,54,23.7,,,,10821,8954,82.7,
2026-07-01,province,Ituri,,48,https://ebola-tracker.org/reports/SITREP_MVE_048.pdf,,1333,50,1,380,14,28.5,,,,155,110,132,50,37.9,,,,8376,6973,83.2,
2026-07-01,province,Nord-Kivu,,48,https://ebola-tracker.org/reports/SITREP_MVE_048.pdf,,124,4,1,71,0,57.3,,,,723,38,96,4,4.2,,,,2445,1981,81.0,
2026-07-01,province,Sud-Kivu,,48,https://ebola-tracker.org/reports/SITREP_MVE_048.pdf,,3,0,1,1,0,33.3,,,,7,2,,,,,,,,,,
2026-07-01,zone,Ituri,Aru,48,https://ebola-tracker.org/reports/SITREP_MVE_048.pdf,,3,0,1,1,0,33.3,,,,,,,,,,,,,,,
2026-07-01,zone,Ituri,Aungba,48,https://ebola-tracker.org/reports/SITREP_MVE_048.pdf,,6,0,1,2,0,33.3,,,,,,,,,,,,,,,
2026-07-01,zone,Ituri,Bambu,48,https://ebola-tracker.org/reports/SITREP_MVE_048.pdf,,16,0,1,5,0,31.2,,,,,,,,,,,,,,,
2026-07-01,zone,Ituri,Bunia,48,https://ebola-tracker.org/reports/SITREP_MVE_048.pdf,,416,29,1,103,9,24.8,,,,,,,,,,,,,,,
2026-07-01,zone,Ituri,Damas,48,https://ebola-tracker.org/reports/SITREP_MVE_048.pdf,,5,0,1,0,0,0.0,,,,,,,,,,,,,,,
2026-07-01,zone,Ituri,Drodro,48,https://ebola-tracker.org/reports/SITREP_MVE_048.pdf,,3,0,1,3,0,100.0,,,,,,,,,,,,,,,
2026-07-01,zone,Ituri,Fataki,48,https://ebola-tracker.org/reports/SITREP_MVE_048.pdf,,1,0,1,0,0,0.0,,,,,,,,,,,,,,,
2026-07-01,zone,Ituri,Gethy,48,https://ebola-tracker.org/reports/SITREP_MVE_048.pdf,,1,0,1,0,0,0.0,,,,,,,,,,,,,,,
2026-07-01,zone,Ituri,Kambala,48,https://ebola-tracker.org/reports/SITREP_MVE_048.pdf,,2,0,1,2,0,100.0,,,,,,,,,,,,,,,
2026-07-01,zone,Ituri,Kilo,48,https://ebola-tracker.org/reports/SITREP_MVE_048.pdf,,9,0,1,1,0,11.1,,,,,,,,,,,,,,,
2026-07-01,zone,Ituri,Komanda,48,https://ebola-tracker.org/reports/SITREP_MVE_048.pdf,,19,1,1,5,0,26.3,,,,,,,,,,,,,,,
2026-07-01,zone,Ituri,Lita,48,https://ebola-tracker.org/reports/SITREP_MVE_048.pdf,,32,3,1,11,2,34.4,,,,,,,,,,,,,,,
2026-07-01,zone,Ituri,Logo,48,https://ebola-tracker.org/reports/SITREP_MVE_048.pdf,,7,0,1,0,0,0.0,,,,,,,,,,,,,,,
2026-07-01,zone,Ituri,Lolwa,48,https://ebola-tracker.org/reports/SITREP_MVE_048.pdf,,1,0,1,1,0,100.0,,,,,,,,,,,,,,,
2026-07-01,zone,Ituri,Mambasa,48,https://ebola-tracker.org/reports/SITREP_MVE_048.pdf,,2,0,1,1,0,50.0,,,,,,,,,,,,,,,
2026-07-01,zone,Ituri,Mandima,48,https://ebola-tracker.org/reports/SITREP_MVE_048.pdf,,2,0,1,1,0,50.0,,,,,,,,,,,,,,,
2026-07-01,zone,Ituri,Mangala,48,https://ebola-tracker.org/reports/SITREP_MVE_048.pdf,,24,0,1,12,0,50.0,,,,,,,,,,,,,,,
2026-07-01,zone,Ituri,Mongbwalu,48,https://ebola-tracker.org/reports/SITREP_MVE_048.pdf,,270,6,1,127,1,47.0,,,,,,,,,,,,,,,
2026-07-01,zone,Ituri,Nia-Nia,48,https://ebola-tracker.org/reports/SITREP_MVE_048.pdf,,12,0,1,5,0,41.7,,,,,,,,,,,,,,,
2026-07-01,zone,Ituri,Nizi,48,https://ebola-tracker.org/reports/SITREP_MVE_048.pdf,,65,4,1,19,0,29.2,,,,,,,,,,,,,,,
2026-07-01,zone,Ituri,Nyankunde,48,https://ebola-tracker.org/reports/SITREP_MVE_048.pdf,,95,0,1,16,0,16.8,,,,,,,,,,,,,,,
2026-07-01,zone,Ituri,Rimba,48,https://ebola-tracker.org/reports/SITREP_MVE_048.pdf,,3,0,1,0,0,0.0,,,,,,,,,,,,,,,
2026-07-01,zone,Ituri,Rwampara,48,https://ebola-tracker.org/reports/SITREP_MVE_048.pdf,,308,7,1,63,2,20.5,,,,,,,,,,,,,,,
2026-07-01,zone,Ituri,Tchomia,48,https://ebola-tracker.org/reports/SITREP_MVE_048.pdf,,14,0,1,2,0,14.3,,,,,,,,,,,,,,,
2026-07-01,zone,Nord-Kivu,Beni,48,https://ebola-tracker.org/reports/SITREP_MVE_048.pdf,,26,2,1,15,0,57.7,,,,,,,,,,,,,,,
2026-07-01,zone,Nord-Kivu,Butembo,48,https://ebola-tracker.org/reports/SITREP_MVE_048.pdf,,34,0,1,15,0,44.1,,,,,,,,,,,,,,,
2026-07-01,zone,Nord-Kivu,Goma,48,https://ebola-tracker.org/reports/SITREP_MVE_048.pdf,,1,0,1,0,0,0.0,,,,,,,,,,,,,,,
2026-07-01,zone,Nord-Kivu,Kalunguta,48,https://ebola-tracker.org/reports/SITREP_MVE_048.pdf,,2,0,1,1,0,50.0,,,,,,,,,,,,,,,
2026-07-01,zone,Nord-Kivu,Katwa,48,https://ebola-tracker.org/reports/SITREP_MVE_048.pdf,,49,2,1,33,0,67.3,,,,,,,,,,,,,,,
2026-07-01,zone,Nord-Kivu,Kyondo,48,https://ebola-tracker.org/reports/SITREP_MVE_048.pdf,,3,0,1,2,0,66.7,,,,,,,,,,,,,,,
2026-07-01,zone,Nord-Kivu,Mabalako,48,https://ebola-tracker.org/reports/SITREP_MVE_048.pdf,,1,0,1,0,0,0.0,,,,,,,,,,,,,,,
2026-07-01,zone,Nord-Kivu,Masereka,48,https://ebola-tracker.org/reports/SITREP_MVE_048.pdf,,1,0,1,0,0,0.0,,,,,,,,,,,,,,,
2026-07-01,zone,Nord-Kivu,Musienene,48,https://ebola-tracker.org/reports/SITREP_MVE_048.pdf,,3,0,1,2,0,66.7,,,,,,,,,,,,,,,
2026-07-01,zone,Nord-Kivu,Oicha,48,https://ebola-tracker.org/reports/SITREP_MVE_048.pdf,,3,0,1,2,0,66.7,,,,,,,,,,,,,,,
2026-07-01,zone,Nord-Kivu,Vuhovi,48,https://ebola-tracker.org/reports/SITREP_MVE_048.pdf,,1,0,1,1,0,100.0,,,,,,,,,,,,,,,
2026-07-01,zone,Sud-Kivu,Miti-Murhesa,48,https://ebola-tracker.org/reports/SITREP_MVE_048.pdf,,3,0,1,1,0,33.3,,,,,,,,,,,,,,,
2026-07-02,pays,,,49,https://ebola-tracker.org/reports/SITREP_MVE_049.pdf,,1502,42,1,473,21,31.5,,,,970,213,196,42,21.4,644,,,11360,9291,81.8,
2026-07-02,province,Ituri,,49,https://ebola-tracker.org/reports/SITREP_MVE_049.pdf,,1366,33,1,397,17,29.1,,,,349,150,100,33,33.0,487,,,9046,7433,82.2,
2026-07-02,province,Nord-Kivu,,49,https://ebola-tracker.org/reports/SITREP_MVE_049.pdf,,133,9,1,75,4,56.4,,,,608,61,94,9,9.6,135,,,2314,1858,80.2,
2026-07-02,province,Sud-Kivu,,49,https://ebola-tracker.org/reports/SITREP_MVE_049.pdf,,3,0,1,1,0,33.3,,,,13,2,2,0,0.0,22,,,,,,
2026-07-02,zone,Ituri,Aru,49,https://ebola-tracker.org/reports/SITREP_MVE_049.pdf,,3,0,1,1,0,33.3,,,,,,,,,,,,,,,
2026-07-02,zone,Ituri,Aungba,49,https://ebola-tracker.org/reports/SITREP_MVE_049.pdf,,6,0,1,2,0,33.3,,,,,,,,,,,,,,,
2026-07-02,zone,Ituri,Bambu,49,https://ebola-tracker.org/reports/SITREP_MVE_049.pdf,,18,2,1,5,0,27.8,,,,,,,,,,,,,,,
2026-07-02,zone,Ituri,Bunia,49,https://ebola-tracker.org/reports/SITREP_MVE_049.pdf,,426,10,1,106,3,24.9,,,,,,,,,,,,,,,
2026-07-02,zone,Ituri,Damas,49,https://ebola-tracker.org/reports/SITREP_MVE_049.pdf,,5,0,1,0,0,0.0,,,,,,,,,,,,,,,
2026-07-02,zone,Ituri,Drodro,49,https://ebola-tracker.org/reports/SITREP_MVE_049.pdf,,3,0,1,3,0,100.0,,,,,,,,,,,,,,,
2026-07-02,zone,Ituri,Fataki,49,https://ebola-tracker.org/reports/SITREP_MVE_049.pdf,,1,0,1,0,0,0.0,,,,,,,,,,,,,,,
2026-07-02,zone,Ituri,Gethy,49,https://ebola-tracker.org/reports/SITREP_MVE_049.pdf,,1,0,1,0,0,0.0,,,,,,,,,,,,,,,
2026-07-02,zone,Ituri,Kambala,49,https://ebola-tracker.org/reports/SITREP_MVE_049.pdf,,2,0,1,2,0,100.0,,,,,,,,,,,,,,,
2026-07-02,zone,Ituri,Kilo,49,https://ebola-tracker.org/reports/SITREP_MVE_049.pdf,,9,0,1,1,0,11.1,,,,,,,,,,,,,,,
2026-07-02,zone,Ituri,Komanda,49,https://ebola-tracker.org/reports/SITREP_MVE_049.pdf,,19,0,1,5,0,26.3,,,,,,,,,,,,,,,
2026-07-02,zone,Ituri,Lita,49,https://ebola-tracker.org/reports/SITREP_MVE_049.pdf,,33,1,1,12,1,36.4,,,,,,,,,,,,,,,
2026-07-02,zone,Ituri,Logo,49,https://ebola-tracker.org/reports/SITREP_MVE_049.pdf,,7,0,1,0,0,0.0,,,,,,,,,,,,,,,
2026-07-02,zone,Ituri,Lolwa,49,https://ebola-tracker.org/reports/SITREP_MVE_049.pdf,,1,0,1,1,0,100.0,,,,,,,,,,,,,,,
2026-07-02,zone,Ituri,Mambasa,49,https://ebola-tracker.org/reports/SITREP_MVE_049.pdf,,2,0,1,1,0,50.0,,,,,,,,,,,,,,,
2026-07-02,zone,Ituri,Mandima,49,https://ebola-tracker.org/reports/SITREP_MVE_049.pdf,,4,2,1,1,0,25.0,,,,,,,,,,,,,,,
2026-07-02,zone,Ituri,Mangala,49,https://ebola-tracker.org/reports/SITREP_MVE_049.pdf,,24,0,1,12,0,50.0,,,,,,,,,,,,,,,
2026-07-02,zone,Ituri,Mongbwalu,49,https://ebola-tracker.org/reports/SITREP_MVE_049.pdf,,273,3,1,136,9,49.8,,,,,,,,,,,,,,,
2026-07-02,zone,Ituri,Nia-Nia,49,https://ebola-tracker.org/reports/SITREP_MVE_049.pdf,,12,0,1,5,0,41.7,,,,,,,,,,,,,,,
2026-07-02,zone,Ituri,Nizi,49,https://ebola-tracker.org/reports/SITREP_MVE_049.pdf,,65,0,1,19,0,29.2,,,,,,,,,,,,,,,
2026-07-02,zone,Ituri,Nyankunde,49,https://ebola-tracker.org/reports/SITREP_MVE_049.pdf,,95,0,1,16,0,16.8,,,,,,,,,,,,,,,
2026-07-02,zone,Ituri,Rimba,49,https://ebola-tracker.org/reports/SITREP_MVE_049.pdf,,3,0,1,0,0,0.0,,,,,,,,,,,,,,,
2026-07-02,zone,Ituri,Rwampara,49,https://ebola-tracker.org/reports/SITREP_MVE_049.pdf,,322,14,1,67,4,20.8,,,,,,,,,,,,,,,
2026-07-02,zone,Ituri,Tchomia,49,https://ebola-tracker.org/reports/SITREP_MVE_049.pdf,,15,1,1,2,0,13.3,,,,,,,,,,,,,,,
2026-07-02,zone,Nord-Kivu,Beni,49,https://ebola-tracker.org/reports/SITREP_MVE_049.pdf,,28,2,1,16,1,57.1,,,,,,,,,,,,,,,
2026-07-02,zone,Nord-Kivu,Butembo,49,https://ebola-tracker.org/reports/SITREP_MVE_049.pdf,,38,4,1,16,1,42.1,,,,,,,,,,,,,,,
2026-07-02,zone,Nord-Kivu,Goma,49,https://ebola-tracker.org/reports/SITREP_MVE_049.pdf,,2,1,1,0,0,0.0,,,,,,,,,,,,,,,
2026-07-02,zone,Nord-Kivu,Kalunguta,49,https://ebola-tracker.org/reports/SITREP_MVE_049.pdf,,2,0,1,1,0,50.0,,,,,,,,,,,,,,,
2026-07-02,zone,Nord-Kivu,Katwa,49,https://ebola-tracker.org/reports/SITREP_MVE_049.pdf,,51,2,1,35,2,68.6,,,,,,,,,,,,,,,
2026-07-02,zone,Nord-Kivu,Kyondo,49,https://ebola-tracker.org/reports/SITREP_MVE_049.pdf,,3,0,1,2,0,66.7,,,,,,,,,,,,,,,
2026-07-02,zone,Nord-Kivu,Mabalako,49,https://ebola-tracker.org/reports/SITREP_MVE_049.pdf,,1,0,1,0,0,0.0,,,,,,,,,,,,,,,
2026-07-02,zone,Nord-Kivu,Masereka,49,https://ebola-tracker.org/reports/SITREP_MVE_049.pdf,,1,0,1,0,0,0.0,,,,,,,,,,,,,,,
2026-07-02,zone,Nord-Kivu,Musienene,49,https://ebola-tracker.org/reports/SITREP_MVE_049.pdf,,3,0,1,2,0,66.7,,,,,,,,,,,,,,,
2026-07-02,zone,Nord-Kivu,Oicha,49,https://ebola-tracker.org/reports/SITREP_MVE_049.pdf,,3,0,1,2,0,66.7,,,,,,,,,,,,,,,
2026-07-02,zone,Nord-Kivu,Vuhovi,49,https://ebola-tracker.org/reports/SITREP_MVE_049.pdf,,1,0,1,1,0,100.0,,,,,,,,,,,,,,,
2026-07-02,zone,Sud-Kivu,Miti-Murhesa,49,https://ebola-tracker.org/reports/SITREP_MVE_049.pdf,,3,0,1,1,0,33.3,,,,,,,,,,,,,,,
2026-07-03,pays,,,50,https://ebola-tracker.org/reports/SITREP_MVE_050.pdf,,1528,26,1,492,19,32.2,,,,1071,185,147,26,17.7,,,,9971,8126,81.5,
2026-07-03,province,Ituri,,50,https://ebola-tracker.org/reports/SITREP_MVE_050.pdf,,1387,21,1,411,14,29.6,,,,292,119,54,21,38.9,,,,7467,6148,82.3,
2026-07-03,province,Nord-Kivu,,50,https://ebola-tracker.org/reports/SITREP_MVE_050.pdf,,138,5,1,80,5,58.0,,,,768,61,93,5,5.4,,,,2504,1978,78.9,
2026-07-03,province,Sud-Kivu,,50,https://ebola-tracker.org/reports/SITREP_MVE_050.pdf,,3,0,1,1,0,33.3,,,,11,5,,,,,,,,,,
2026-07-03,zone,Ituri,Aru,50,https://ebola-tracker.org/reports/SITREP_MVE_050.pdf,,3,0,1,1,0,33.3,,,,,,,,,,,,,,,
2026-07-03,zone,Ituri,Aungba,50,https://ebola-tracker.org/reports/SITREP_MVE_050.pdf,,6,0,1,2,0,33.3,,,,,,,,,,,,,,,
2026-07-03,zone,Ituri,Bambu,50,https://ebola-tracker.org/reports/SITREP_MVE_050.pdf,,18,0,1,5,0,27.8,,,,,,,,,,,,,,,
2026-07-03,zone,Ituri,Bunia,50,https://ebola-tracker.org/reports/SITREP_MVE_050.pdf,,431,5,1,112,6,26.0,,,,,,,,,,,,,,,
2026-07-03,zone,Ituri,Damas,50,https://ebola-tracker.org/reports/SITREP_MVE_050.pdf,,5,0,1,0,0,0.0,,,,,,,,,,,,,,,
2026-07-03,zone,Ituri,Drodro,50,https://ebola-tracker.org/reports/SITREP_MVE_050.pdf,,3,0,1,3,0,100.0,,,,,,,,,,,,,,,
2026-07-03,zone,Ituri,Fataki,50,https://ebola-tracker.org/reports/SITREP_MVE_050.pdf,,1,0,1,0,0,0.0,,,,,,,,,,,,,,,
2026-07-03,zone,Ituri,Gethy,50,https://ebola-tracker.org/reports/SITREP_MVE_050.pdf,,1,0,1,0,0,0.0,,,,,,,,,,,,,,,
2026-07-03,zone,Ituri,Kambala,50,https://ebola-tracker.org/reports/SITREP_MVE_050.pdf,,2,0,1,2,0,100.0,,,,,,,,,,,,,,,
2026-07-03,zone,Ituri,Kilo,50,https://ebola-tracker.org/reports/SITREP_MVE_050.pdf,,9,0,1,1,0,11.1,,,,,,,,,,,,,,,
2026-07-03,zone,Ituri,Komanda,50,https://ebola-tracker.org/reports/SITREP_MVE_050.pdf,,19,0,1,5,0,26.3,,,,,,,,,,,,,,,
2026-07-03,zone,Ituri,Lita,50,https://ebola-tracker.org/reports/SITREP_MVE_050.pdf,,33,0,1,12,0,36.4,,,,,,,,,,,,,,,
2026-07-03,zone,Ituri,Logo,50,https://ebola-tracker.org/reports/SITREP_MVE_050.pdf,,7,0,1,0,0,0.0,,,,,,,,,,,,,,,
2026-07-03,zone,Ituri,Lolwa,50,https://ebola-tracker.org/reports/SITREP_MVE_050.pdf,,1,0,1,1,0,100.0,,,,,,,,,,,,,,,
2026-07-03,zone,Ituri,Mambasa,50,https://ebola-tracker.org/reports/SITREP_MVE_050.pdf,,2,0,1,1,0,50.0,,,,,,,,,,,,,,,
2026-07-03,zone,Ituri,Mandima,50,https://ebola-tracker.org/reports/SITREP_MVE_050.pdf,,4,0,1,1,0,25.0,,,,,,,,,,,,,,,
2026-07-03,zone,Ituri,Mangala,50,https://ebola-tracker.org/reports/SITREP_MVE_050.pdf,,26,2,1,14,2,53.8,,,,,,,,,,,,,,,
2026-07-03,zone,Ituri,Mongbwalu,50,https://ebola-tracker.org/reports/SITREP_MVE_050.pdf,,276,3,1,139,3,50.4,,,,,,,,,,,,,,,
2026-07-03,zone,Ituri,Nia-Nia,50,https://ebola-tracker.org/reports/SITREP_MVE_050.pdf,,12,0,1,5,0,41.7,,,,,,,,,,,,,,,
2026-07-03,zone,Ituri,Nizi,50,https://ebola-tracker.org/reports/SITREP_MVE_050.pdf,,65,0,1,19,0,29.2,,,,,,,,,,,,,,,
2026-07-03,zone,Ituri,Nyankunde,50,https://ebola-tracker.org/reports/SITREP_MVE_050.pdf,,95,0,1,17,1,17.9,,,,,,,,,,,,,,,
2026-07-03,zone,Ituri,Rimba,50,https://ebola-tracker.org/reports/SITREP_MVE_050.pdf,,3,0,1,0,0,0.0,,,,,,,,,,,,,,,
2026-07-03,zone,Ituri,Rwampara,50,https://ebola-tracker.org/reports/SITREP_MVE_050.pdf,,333,11,1,69,2,20.7,,,,,,,,,,,,,,,
2026-07-03,zone,Ituri,Tchomia,50,https://ebola-tracker.org/reports/SITREP_MVE_050.pdf,,15,0,1,2,0,13.3,,,,,,,,,,,,,,,
2026-07-03,zone,Nord-Kivu,Beni,50,https://ebola-tracker.org/reports/SITREP_MVE_050.pdf,,29,1,1,17,1,58.6,,,,,,,,,,,,,,,
2026-07-03,zone,Nord-Kivu,Butembo,50,https://ebola-tracker.org/reports/SITREP_MVE_050.pdf,,40,2,1,18,2,45.0,,,,,,,,,,,,,,,
2026-07-03,zone,Nord-Kivu,Goma,50,https://ebola-tracker.org/reports/SITREP_MVE_050.pdf,,1,-1,1,0,0,0.0,,,,,,,,,,,,,,,
2026-07-03,zone,Nord-Kivu,Kalunguta,50,https://ebola-tracker.org/reports/SITREP_MVE_050.pdf,,2,0,1,1,0,50.0,,,,,,,,,,,,,,,
2026-07-03,zone,Nord-Kivu,Katwa,50,https://ebola-tracker.org/reports/SITREP_MVE_050.pdf,,51,0,1,37,2,72.5,,,,,,,,,,,,,,,
2026-07-03,zone,Nord-Kivu,Kyondo,50,https://ebola-tracker.org/reports/SITREP_MVE_050.pdf,,4,1,1,2,0,50.0,,,,,,,,,,,,,,,
2026-07-03,zone,Nord-Kivu,Mabalako,50,https://ebola-tracker.org/reports/SITREP_MVE_050.pdf,,1,0,1,0,0,0.0,,,,,,,,,,,,,,,
2026-07-03,zone,Nord-Kivu,Masereka,50,https://ebola-tracker.org/reports/SITREP_MVE_050.pdf,,2,1,1,0,0,0.0,,,,,,,,,,,,,,,
2026-07-03,zone,Nord-Kivu,Musienene,50,https://ebola-tracker.org/reports/SITREP_MVE_050.pdf,,4,1,1,2,0,50.0,,,,,,,,,,,,,,,
2026-07-03,zone,Nord-Kivu,Oicha,50,https://ebola-tracker.org/reports/SITREP_MVE_050.pdf,,3,0,1,2,0,66.7,,,,,,,,,,,,,,,
2026-07-03,zone,Nord-Kivu,Vuhovi,50,https://ebola-tracker.org/reports/SITREP_MVE_050.pdf,,1,0,1,1,0,100.0,,,,,,,,,,,,,,,
2026-07-03,zone,Sud-Kivu,Miti-Murhesa,50,https://ebola-tracker.org/reports/SITREP_MVE_050.pdf,,3,0,1,1,0,33.3,,,,,,,,,,,,,,,
2026-07-04,pays,,,51,https://ebola-tracker.org/reports/SITREP_MVE_051.pdf,,1561,33,1,506,14,32.4,,,,1229,354,172,33,19.2,,,,10079,8221,81.6,
2026-07-04,province,Ituri,,51,https://ebola-tracker.org/reports/SITREP_MVE_051.pdf,,1417,30,1,424,13,29.9,,,,408,275,99,30,30.3,,,,7467,6148,82.3,
2026-07-04,province,Nord-Kivu,,51,https://ebola-tracker.org/reports/SITREP_MVE_051.pdf,,141,3,1,81,1,57.4,,,,778,77,73,3,4.1,,,,2612,2073,79.4,
2026-07-04,province,Sud-Kivu,,51,https://ebola-tracker.org/reports/SITREP_MVE_051.pdf,,3,0,1,1,0,33.3,,,,43,2,,,,,,,,,,
2026-07-04,zone,Ituri,Aru,51,https://ebola-tracker.org/reports/SITREP_MVE_051.pdf,,3,0,1,1,0,33.3,,,,,,,,,,,,,,,
2026-07-04,zone,Ituri,Aungba,51,https://ebola-tracker.org/reports/SITREP_MVE_051.pdf,,6,0,1,2,0,33.3,,,,,,,,,,,,,,,
2026-07-04,zone,Ituri,Bambu,51,https://ebola-tracker.org/reports/SITREP_MVE_051.pdf,,18,0,1,5,0,27.8,,,,,,,,,,,,,,,
2026-07-04,zone,Ituri,Bunia,51,https://ebola-tracker.org/reports/SITREP_MVE_051.pdf,,438,7,1,118,6,26.9,,,,,,,,,,,,,,,
2026-07-04,zone,Ituri,Damas,51,https://ebola-tracker.org/reports/SITREP_MVE_051.pdf,,5,0,1,0,0,0.0,,,,,,,,,,,,,,,
2026-07-04,zone,Ituri,Drodro,51,https://ebola-tracker.org/reports/SITREP_MVE_051.pdf,,3,0,1,3,0,100.0,,,,,,,,,,,,,,,
2026-07-04,zone,Ituri,Fataki,51,https://ebola-tracker.org/reports/SITREP_MVE_051.pdf,,1,0,1,0,0,0.0,,,,,,,,,,,,,,,
2026-07-04,zone,Ituri,Gethy,51,https://ebola-tracker.org/reports/SITREP_MVE_051.pdf,,1,0,1,0,0,0.0,,,,,,,,,,,,,,,
2026-07-04,zone,Ituri,Kambala,51,https://ebola-tracker.org/reports/SITREP_MVE_051.pdf,,2,0,1,2,0,100.0,,,,,,,,,,,,,,,
2026-07-04,zone,Ituri,Kilo,51,https://ebola-tracker.org/reports/SITREP_MVE_051.pdf,,9,0,1,1,0,11.1,,,,,,,,,,,,,,,
2026-07-04,zone,Ituri,Komanda,51,https://ebola-tracker.org/reports/SITREP_MVE_051.pdf,,22,3,1,8,3,36.4,,,,,,,,,,,,,,,
2026-07-04,zone,Ituri,Lita,51,https://ebola-tracker.org/reports/SITREP_MVE_051.pdf,,33,0,1,12,0,36.4,,,,,,,,,,,,,,,
2026-07-04,zone,Ituri,Logo,51,https://ebola-tracker.org/reports/SITREP_MVE_051.pdf,,7,0,1,0,0,0.0,,,,,,,,,,,,,,,
2026-07-04,zone,Ituri,Lolwa,51,https://ebola-tracker.org/reports/SITREP_MVE_051.pdf,,1,0,1,1,0,100.0,,,,,,,,,,,,,,,
2026-07-04,zone,Ituri,Mambasa,51,https://ebola-tracker.org/reports/SITREP_MVE_051.pdf,,2,0,1,1,0,50.0,,,,,,,,,,,,,,,
2026-07-04,zone,Ituri,Mandima,51,https://ebola-tracker.org/reports/SITREP_MVE_051.pdf,,4,0,1,1,0,25.0,,,,,,,,,,,,,,,
2026-07-04,zone,Ituri,Mangala,51,https://ebola-tracker.org/reports/SITREP_MVE_051.pdf,,26,0,1,14,0,53.8,,,,,,,,,,,,,,,
2026-07-04,zone,Ituri,Mongbwalu,51,https://ebola-tracker.org/reports/SITREP_MVE_051.pdf,,278,2,1,141,2,50.7,,,,,,,,,,,,,,,
2026-07-04,zone,Ituri,Nia-Nia,51,https://ebola-tracker.org/reports/SITREP_MVE_051.pdf,,12,0,1,5,0,41.7,,,,,,,,,,,,,,,
2026-07-04,zone,Ituri,Nizi,51,https://ebola-tracker.org/reports/SITREP_MVE_051.pdf,,72,7,1,19,0,26.4,,,,,,,,,,,,,,,
2026-07-04,zone,Ituri,Nyankunde,51,https://ebola-tracker.org/reports/SITREP_MVE_051.pdf,,95,0,1,17,0,17.9,,,,,,,,,,,,,,,
2026-07-04,zone,Ituri,Rimba,51,https://ebola-tracker.org/reports/SITREP_MVE_051.pdf,,3,0,1,0,0,0.0,,,,,,,,,,,,,,,
2026-07-04,zone,Ituri,Rwampara,51,https://ebola-tracker.org/reports/SITREP_MVE_051.pdf,,344,11,1,71,2,20.6,,,,,,,,,,,,,,,
2026-07-04,zone,Ituri,Tchomia,51,https://ebola-tracker.org/reports/SITREP_MVE_051.pdf,,15,0,1,2,0,13.3,,,,,,,,,,,,,,,
2026-07-04,zone,Nord-Kivu,Beni,51,https://ebola-tracker.org/reports/SITREP_MVE_051.pdf,,29,0,1,17,0,58.6,,,,,,,,,,,,,,,
2026-07-04,zone,Nord-Kivu,Butembo,51,https://ebola-tracker.org/reports/SITREP_MVE_051.pdf,,40,0,1,18,0,45.0,,,,,,,,,,,,,,,
2026-07-04,zone,Nord-Kivu,Goma,51,https://ebola-tracker.org/reports/SITREP_MVE_051.pdf,,1,0,1,0,0,0.0,,,,,,,,,,,,,,,
2026-07-04,zone,Nord-Kivu,Kalunguta,51,https://ebola-tracker.org/reports/SITREP_MVE_051.pdf,,2,0,1,1,0,50.0,,,,,,,,,,,,,,,
2026-07-04,zone,Nord-Kivu,Katwa,51,https://ebola-tracker.org/reports/SITREP_MVE_051.pdf,,52,1,1,38,1,73.1,,,,,,,,,,,,,,,
2026-07-04,zone,Nord-Kivu,Kyondo,51,https://ebola-tracker.org/reports/SITREP_MVE_051.pdf,,4,0,1,2,0,50.0,,,,,,,,,,,,,,,
2026-07-04,zone,Nord-Kivu,Mabalako,51,https://ebola-tracker.org/reports/SITREP_MVE_051.pdf,,1,0,1,0,0,0.0,,,,,,,,,,,,,,,
2026-07-04,zone,Nord-Kivu,Masereka,51,https://ebola-tracker.org/reports/SITREP_MVE_051.pdf,,2,0,1,0,0,0.0,,,,,,,,,,,,,,,
2026-07-04,zone,Nord-Kivu,Musienene,51,https://ebola-tracker.org/reports/SITREP_MVE_051.pdf,,6,2,1,2,0,33.3,,,,,,,,,,,,,,,
2026-07-04,zone,Nord-Kivu,Oicha,51,https://ebola-tracker.org/reports/SITREP_MVE_051.pdf,,3,0,1,2,0,66.7,,,,,,,,,,,,,,,
2026-07-04,zone,Nord-Kivu,Vuhovi,51,https://ebola-tracker.org/reports/SITREP_MVE_051.pdf,,1,0,1,1,0,100.0,,,,,,,,,,,,,,,
2026-07-04,zone,Sud-Kivu,Miti-Murhesa,51,https://ebola-tracker.org/reports/SITREP_MVE_051.pdf,,3,0,1,1,0,33.3,,,,,,,,,,,,,,,
2026-07-05,pays,,,52,https://ebola-tracker.org/reports/SITREP_MVE_052.pdf,,1624,63,1,521,15,32.1,,,,901,135,250,63,25.2,630,,,12412,9624,77.5,
2026-07-05,province,Ituri,,52,https://ebola-tracker.org/reports/SITREP_MVE_052.pdf,,1477,60,1,439,15,29.7,,,,228,66,168,60,35.7,462,,,9757,7574,77.6,
2026-07-05,province,Nord-Kivu,,52,https://ebola-tracker.org/reports/SITREP_MVE_052.pdf,,144,3,1,81,0,56.2,,,,662,64,82,3,3.7,147,,,2655,2050,77.2,
2026-07-05,province,Sud-Kivu,,52,https://ebola-tracker.org/reports/SITREP_MVE_052.pdf,,3,0,1,1,0,33.3,,,,11,5,,,,21,,,,,,
2026-07-05,zone,Ituri,Aru,52,https://ebola-tracker.org/reports/SITREP_MVE_052.pdf,,3,0,1,1,0,33.3,,,,,,,,,,,,,,,
2026-07-05,zone,Ituri,Aungba,52,https://ebola-tracker.org/reports/SITREP_MVE_052.pdf,,6,0,1,2,0,33.3,,,,,,,,,,,,,,,
2026-07-05,zone,Ituri,Bambu,52,https://ebola-tracker.org/reports/SITREP_MVE_052.pdf,,25,7,1,6,1,24.0,,,,,,,,,,,,,,,
2026-07-05,zone,Ituri,Bunia,52,https://ebola-tracker.org/reports/SITREP_MVE_052.pdf,,452,14,1,121,3,26.8,,,,,,,,,,,,,,,
2026-07-05,zone,Ituri,Damas,52,https://ebola-tracker.org/reports/SITREP_MVE_052.pdf,,5,0,1,0,0,0.0,,,,,,,,,,,,,,,
2026-07-05,zone,Ituri,Drodro,52,https://ebola-tracker.org/reports/SITREP_MVE_052.pdf,,3,0,1,3,0,100.0,,,,,,,,,,,,,,,
2026-07-05,zone,Ituri,Fataki,52,https://ebola-tracker.org/reports/SITREP_MVE_052.pdf,,2,1,1,0,0,0.0,,,,,,,,,,,,,,,
2026-07-05,zone,Ituri,Gethy,52,https://ebola-tracker.org/reports/SITREP_MVE_052.pdf,,1,0,1,0,0,0.0,,,,,,,,,,,,,,,
2026-07-05,zone,Ituri,Kambala,52,https://ebola-tracker.org/reports/SITREP_MVE_052.pdf,,2,0,1,2,0,100.0,,,,,,,,,,,,,,,
2026-07-05,zone,Ituri,Kilo,52,https://ebola-tracker.org/reports/SITREP_MVE_052.pdf,,9,0,1,1,0,11.1,,,,,,,,,,,,,,,
2026-07-05,zone,Ituri,Komanda,52,https://ebola-tracker.org/reports/SITREP_MVE_052.pdf,,22,0,1,8,0,36.4,,,,,,,,,,,,,,,
2026-07-05,zone,Ituri,Lita,52,https://ebola-tracker.org/reports/SITREP_MVE_052.pdf,,33,0,1,12,0,36.4,,,,,,,,,,,,,,,
2026-07-05,zone,Ituri,Logo,52,https://ebola-tracker.org/reports/SITREP_MVE_052.pdf,,7,0,1,0,0,0.0,,,,,,,,,,,,,,,
2026-07-05,zone,Ituri,Lolwa,52,https://ebola-tracker.org/reports/SITREP_MVE_052.pdf,,1,0,1,1,0,100.0,,,,,,,,,,,,,,,
2026-07-05,zone,Ituri,Mambasa,52,https://ebola-tracker.org/reports/SITREP_MVE_052.pdf,,2,0,1,1,0,50.0,,,,,,,,,,,,,,,
2026-07-05,zone,Ituri,Mandima,52,https://ebola-tracker.org/reports/SITREP_MVE_052.pdf,,4,0,1,1,0,25.0,,,,,,,,,,,,,,,
2026-07-05,zone,Ituri,Mangala,52,https://ebola-tracker.org/reports/SITREP_MVE_052.pdf,,33,7,1,14,0,42.4,,,,,,,,,,,,,,,
2026-07-05,zone,Ituri,Mongbwalu,52,https://ebola-tracker.org/reports/SITREP_MVE_052.pdf,,288,10,1,149,8,51.7,,,,,,,,,,,,,,,
2026-07-05,zone,Ituri,Nia-Nia,52,https://ebola-tracker.org/reports/SITREP_MVE_052.pdf,,20,8,1,5,0,25.0,,,,,,,,,,,,,,,
2026-07-05,zone,Ituri,Nizi,52,https://ebola-tracker.org/reports/SITREP_MVE_052.pdf,,78,6,1,19,0,24.4,,,,,,,,,,,,,,,
2026-07-05,zone,Ituri,Nyankunde,52,https://ebola-tracker.org/reports/SITREP_MVE_052.pdf,,96,1,1,19,2,19.8,,,,,,,,,,,,,,,
2026-07-05,zone,Ituri,Rimba,52,https://ebola-tracker.org/reports/SITREP_MVE_052.pdf,,4,1,1,0,0,0.0,,,,,,,,,,,,,,,
2026-07-05,zone,Ituri,Rwampara,52,https://ebola-tracker.org/reports/SITREP_MVE_052.pdf,,349,5,1,72,1,20.6,,,,,,,,,,,,,,,
2026-07-05,zone,Ituri,Tchomia,52,https://ebola-tracker.org/reports/SITREP_MVE_052.pdf,,15,0,1,2,0,13.3,,,,,,,,,,,,,,,
2026-07-05,zone,Nord-Kivu,Beni,52,https://ebola-tracker.org/reports/SITREP_MVE_052.pdf,,29,0,1,17,0,58.6,,,,,,,,,,,,,,,
2026-07-05,zone,Nord-Kivu,Butembo,52,https://ebola-tracker.org/reports/SITREP_MVE_052.pdf,,40,0,1,18,0,45.0,,,,,,,,,,,,,,,
2026-07-05,zone,Nord-Kivu,Goma,52,https://ebola-tracker.org/reports/SITREP_MVE_052.pdf,,1,0,1,0,0,0.0,,,,,,,,,,,,,,,
2026-07-05,zone,Nord-Kivu,Kalunguta,52,https://ebola-tracker.org/reports/SITREP_MVE_052.pdf,,2,0,1,1,0,50.0,,,,,,,,,,,,,,,
2026-07-05,zone,Nord-Kivu,Katwa,52,https://ebola-tracker.org/reports/SITREP_MVE_052.pdf,,52,0,1,38,0,73.1,,,,,,,,,,,,,,,
2026-07-05,zone,Nord-Kivu,Kyondo,52,https://ebola-tracker.org/reports/SITREP_MVE_052.pdf,,4,0,1,2,0,50.0,,,,,,,,,,,,,,,
2026-07-05,zone,Nord-Kivu,Mabalako,52,https://ebola-tracker.org/reports/SITREP_MVE_052.pdf,,1,0,1,0,0,0.0,,,,,,,,,,,,,,,
2026-07-05,zone,Nord-Kivu,Masereka,52,https://ebola-tracker.org/reports/SITREP_MVE_052.pdf,,3,1,1,0,0,0.0,,,,,,,,,,,,,,,
2026-07-05,zone,Nord-Kivu,Musienene,52,https://ebola-tracker.org/reports/SITREP_MVE_052.pdf,,8,2,1,2,0,25.0,,,,,,,,,,,,,,,
2026-07-05,zone,Nord-Kivu,Oicha,52,https://ebola-tracker.org/reports/SITREP_MVE_052.pdf,,3,0,1,2,0,66.7,,,,,,,,,,,,,,,
2026-07-05,zone,Nord-Kivu,Vuhovi,52,https://ebola-tracker.org/reports/SITREP_MVE_052.pdf,,1,0,1,1,0,100.0,,,,,,,,,,,,,,,
2026-07-05,zone,Sud-Kivu,Miti-Murhesa,52,https://ebola-tracker.org/reports/SITREP_MVE_052.pdf,,3,0,1,1,0,33.3,,,,,,,,,,,,,,,
2026-07-06,pays,,,53,https://ebola-tracker.org/reports/SITREP_MVE_053.pdf,,1708,84,1,580,59,34.0,,,,1150,237,249,84,33.7,688,,,12190,9167,75.2,
2026-07-06,province,Ituri,,53,https://ebola-tracker.org/reports/SITREP_MVE_053.pdf,,1556,79,1,491,52,31.6,,,,414,170,172,79,45.9,485,,,9404,6864,72.9,
2026-07-06,province,Nord-Kivu,,53,https://ebola-tracker.org/reports/SITREP_MVE_053.pdf,,149,5,1,88,7,59.1,,,,726,64,77,5,6.5,182,,,2786,2303,82.7,
2026-07-06,province,Sud-Kivu,,53,https://ebola-tracker.org/reports/SITREP_MVE_053.pdf,,3,0,1,1,0,33.3,,,,10,3,,,,21,,,,,,
2026-07-06,zone,Ituri,Aru,53,https://ebola-tracker.org/reports/SITREP_MVE_053.pdf,,3,0,1,1,0,33.3,,,,,,,,,,,,,,,
2026-07-06,zone,Ituri,Aungba,53,https://ebola-tracker.org/reports/SITREP_MVE_053.pdf,,6,0,1,2,0,33.3,,,,,,,,,,,,,,,
2026-07-06,zone,Ituri,Bambu,53,https://ebola-tracker.org/reports/SITREP_MVE_053.pdf,,28,3,1,9,3,32.1,,,,,,,,,,,,,,,
2026-07-06,zone,Ituri,Boga,53,https://ebola-tracker.org/reports/SITREP_MVE_053.pdf,,1,,,1,,100.0,,,,,,,,,,,,,,,
2026-07-06,zone,Ituri,Bunia,53,https://ebola-tracker.org/reports/SITREP_MVE_053.pdf,,472,20,1,134,13,28.4,,,,,,,,,,,,,,,
2026-07-06,zone,Ituri,Damas,53,https://ebola-tracker.org/reports/SITREP_MVE_053.pdf,,5,0,1,0,0,0.0,,,,,,,,,,,,,,,
2026-07-06,zone,Ituri,Drodro,53,https://ebola-tracker.org/reports/SITREP_MVE_053.pdf,,3,0,1,3,0,100.0,,,,,,,,,,,,,,,
2026-07-06,zone,Ituri,Fataki,53,https://ebola-tracker.org/reports/SITREP_MVE_053.pdf,,3,1,1,1,1,33.3,,,,,,,,,,,,,,,
2026-07-06,zone,Ituri,Gethy,53,https://ebola-tracker.org/reports/SITREP_MVE_053.pdf,,1,0,1,0,0,0.0,,,,,,,,,,,,,,,
2026-07-06,zone,Ituri,Kambala,53,https://ebola-tracker.org/reports/SITREP_MVE_053.pdf,,2,0,1,2,0,100.0,,,,,,,,,,,,,,,
2026-07-06,zone,Ituri,Kilo,53,https://ebola-tracker.org/reports/SITREP_MVE_053.pdf,,9,0,1,1,0,11.1,,,,,,,,,,,,,,,
2026-07-06,zone,Ituri,Komanda,53,https://ebola-tracker.org/reports/SITREP_MVE_053.pdf,,23,1,1,8,0,34.8,,,,,,,,,,,,,,,
2026-07-06,zone,Ituri,Lita,53,https://ebola-tracker.org/reports/SITREP_MVE_053.pdf,,40,7,1,16,4,40.0,,,,,,,,,,,,,,,
2026-07-06,zone,Ituri,Logo,53,https://ebola-tracker.org/reports/SITREP_MVE_053.pdf,,7,0,1,0,0,0.0,,,,,,,,,,,,,,,
2026-07-06,zone,Ituri,Lolwa,53,https://ebola-tracker.org/reports/SITREP_MVE_053.pdf,,1,0,1,1,0,100.0,,,,,,,,,,,,,,,
2026-07-06,zone,Ituri,Mambasa,53,https://ebola-tracker.org/reports/SITREP_MVE_053.pdf,,4,2,1,3,2,75.0,,,,,,,,,,,,,,,
2026-07-06,zone,Ituri,Mandima,53,https://ebola-tracker.org/reports/SITREP_MVE_053.pdf,,5,1,1,2,1,40.0,,,,,,,,,,,,,,,
2026-07-06,zone,Ituri,Mangala,53,https://ebola-tracker.org/reports/SITREP_MVE_053.pdf,,39,6,1,20,6,51.3,,,,,,,,,,,,,,,
2026-07-06,zone,Ituri,Mongbwalu,53,https://ebola-tracker.org/reports/SITREP_MVE_053.pdf,,298,10,1,154,5,51.7,,,,,,,,,,,,,,,
2026-07-06,zone,Ituri,Nia-Nia,53,https://ebola-tracker.org/reports/SITREP_MVE_053.pdf,,33,13,1,12,7,36.4,,,,,,,,,,,,,,,
2026-07-06,zone,Ituri,Nizi,53,https://ebola-tracker.org/reports/SITREP_MVE_053.pdf,,84,6,1,24,5,28.6,,,,,,,,,,,,,,,
2026-07-06,zone,Ituri,Nyankunde,53,https://ebola-tracker.org/reports/SITREP_MVE_053.pdf,,96,0,1,20,1,20.8,,,,,,,,,,,,,,,
2026-07-06,zone,Ituri,Rimba,53,https://ebola-tracker.org/reports/SITREP_MVE_053.pdf,,4,0,1,0,0,0.0,,,,,,,,,,,,,,,
2026-07-06,zone,Ituri,Rwampara,53,https://ebola-tracker.org/reports/SITREP_MVE_053.pdf,,357,8,1,75,3,21.0,,,,,,,,,,,,,,,
2026-07-06,zone,Ituri,Tchomia,53,https://ebola-tracker.org/reports/SITREP_MVE_053.pdf,,15,0,1,2,0,13.3,,,,,,,,,,,,,,,
2026-07-06,zone,Nord-Kivu,Beni,53,https://ebola-tracker.org/reports/SITREP_MVE_053.pdf,,29,0,1,19,2,65.5,,,,,,,,,,,,,,,
2026-07-06,zone,Nord-Kivu,Butembo,53,https://ebola-tracker.org/reports/SITREP_MVE_053.pdf,,41,1,1,20,2,48.8,,,,,,,,,,,,,,,
2026-07-06,zone,Nord-Kivu,Goma,53,https://ebola-tracker.org/reports/SITREP_MVE_053.pdf,,1,0,1,0,0,0.0,,,,,,,,,,,,,,,
2026-07-06,zone,Nord-Kivu,Kalunguta,53,https://ebola-tracker.org/reports/SITREP_MVE_053.pdf,,2,0,1,1,0,50.0,,,,,,,,,,,,,,,
2026-07-06,zone,Nord-Kivu,Katwa,53,https://ebola-tracker.org/reports/SITREP_MVE_053.pdf,,56,4,1,41,3,73.2,,,,,,,,,,,,,,,
2026-07-06,zone,Nord-Kivu,Kyondo,53,https://ebola-tracker.org/reports/SITREP_MVE_053.pdf,,4,0,1,2,0,50.0,,,,,,,,,,,,,,,
2026-07-06,zone,Nord-Kivu,Mabalako,53,https://ebola-tracker.org/reports/SITREP_MVE_053.pdf,,1,0,1,0,0,0.0,,,,,,,,,,,,,,,
2026-07-06,zone,Nord-Kivu,Masereka,53,https://ebola-tracker.org/reports/SITREP_MVE_053.pdf,,3,0,1,0,0,0.0,,,,,,,,,,,,,,,
2026-07-06,zone,Nord-Kivu,Musienene,53,https://ebola-tracker.org/reports/SITREP_MVE_053.pdf,,8,0,1,2,0,25.0,,,,,,,,,,,,,,,
2026-07-06,zone,Nord-Kivu,Oicha,53,https://ebola-tracker.org/reports/SITREP_MVE_053.pdf,,3,0,1,2,0,66.7,,,,,,,,,,,,,,,
2026-07-06,zone,Nord-Kivu,Vuhovi,53,https://ebola-tracker.org/reports/SITREP_MVE_053.pdf,,1,0,1,1,0,100.0,,,,,,,,,,,,,,,
2026-07-06,zone,Sud-Kivu,Miti-Murhesa,53,https://ebola-tracker.org/reports/SITREP_MVE_053.pdf,,3,0,1,1,0,33.3,,,,,,,,,,,,,,,
2026-07-07,pays,,,54,https://ebola-tracker.org/reports/SITREP_MVE_054.pdf,,1759,51,1,600,20,34.1,,,,1171,304,237,51,21.5,694,,,14119,11300,80.0,
2026-07-07,province,Ituri,,54,https://ebola-tracker.org/reports/SITREP_MVE_054.pdf,,1601,45,1,511,20,31.9,,,,403,202,147,45,30.6,505,,,11788,9309,78.9,
2026-07-07,province,Nord-Kivu,,54,https://ebola-tracker.org/reports/SITREP_MVE_054.pdf,,155,6,1,88,0,56.8,,,,759,99,90,6,6.7,165,,,2331,1991,85.4,
2026-07-07,province,Sud-Kivu,,54,https://ebola-tracker.org/reports/SITREP_MVE_054.pdf,,3,0,1,1,0,33.3,,,,9,3,,,,24,,,,,,
2026-07-07,zone,Ituri,Aru,54,https://ebola-tracker.org/reports/SITREP_MVE_054.pdf,,3,0,1,1,0,33.3,,,,,,,,,,,,,,,
2026-07-07,zone,Ituri,Aungba,54,https://ebola-tracker.org/reports/SITREP_MVE_054.pdf,,6,0,1,2,0,33.3,,,,,,,,,,,,,,,
2026-07-07,zone,Ituri,Bambu,54,https://ebola-tracker.org/reports/SITREP_MVE_054.pdf,,28,0,1,9,0,32.1,,,,,,,,,,,,,,,
2026-07-07,zone,Ituri,Boga,54,https://ebola-tracker.org/reports/SITREP_MVE_054.pdf,,1,0,1,1,0,100.0,,,,,,,,,,,,,,,
2026-07-07,zone,Ituri,Bunia,54,https://ebola-tracker.org/reports/SITREP_MVE_054.pdf,,483,11,1,137,3,28.4,,,,,,,,,,,,,,,
2026-07-07,zone,Ituri,Damas,54,https://ebola-tracker.org/reports/SITREP_MVE_054.pdf,,5,0,1,0,0,0.0,,,,,,,,,,,,,,,
2026-07-07,zone,Ituri,Drodro,54,https://ebola-tracker.org/reports/SITREP_MVE_054.pdf,,3,0,1,3,0,100.0,,,,,,,,,,,,,,,
2026-07-07,zone,Ituri,Fataki,54,https://ebola-tracker.org/reports/SITREP_MVE_054.pdf,,4,1,1,1,0,25.0,,,,,,,,,,,,,,,
2026-07-07,zone,Ituri,Gethy,54,https://ebola-tracker.org/reports/SITREP_MVE_054.pdf,,1,0,1,0,0,0.0,,,,,,,,,,,,,,,
2026-07-07,zone,Ituri,Kambala,54,https://ebola-tracker.org/reports/SITREP_MVE_054.pdf,,2,0,1,2,0,100.0,,,,,,,,,,,,,,,
2026-07-07,zone,Ituri,Kilo,54,https://ebola-tracker.org/reports/SITREP_MVE_054.pdf,,9,0,1,1,0,11.1,,,,,,,,,,,,,,,
2026-07-07,zone,Ituri,Komanda,54,https://ebola-tracker.org/reports/SITREP_MVE_054.pdf,,23,0,1,8,0,34.8,,,,,,,,,,,,,,,
2026-07-07,zone,Ituri,Lita,54,https://ebola-tracker.org/reports/SITREP_MVE_054.pdf,,40,0,1,16,0,40.0,,,,,,,,,,,,,,,
2026-07-07,zone,Ituri,Logo,54,https://ebola-tracker.org/reports/SITREP_MVE_054.pdf,,7,0,1,0,0,0.0,,,,,,,,,,,,,,,
2026-07-07,zone,Ituri,Lolwa,54,https://ebola-tracker.org/reports/SITREP_MVE_054.pdf,,1,0,1,1,0,100.0,,,,,,,,,,,,,,,
2026-07-07,zone,Ituri,Mambasa,54,https://ebola-tracker.org/reports/SITREP_MVE_054.pdf,,4,0,1,3,0,75.0,,,,,,,,,,,,,,,
2026-07-07,zone,Ituri,Mandima,54,https://ebola-tracker.org/reports/SITREP_MVE_054.pdf,,5,0,1,2,0,40.0,,,,,,,,,,,,,,,
2026-07-07,zone,Ituri,Mangala,54,https://ebola-tracker.org/reports/SITREP_MVE_054.pdf,,40,1,1,20,0,50.0,,,,,,,,,,,,,,,
2026-07-07,zone,Ituri,Mongbwalu,54,https://ebola-tracker.org/reports/SITREP_MVE_054.pdf,,310,12,1,165,11,53.2,,,,,,,,,,,,,,,
2026-07-07,zone,Ituri,Nia-Nia,54,https://ebola-tracker.org/reports/SITREP_MVE_054.pdf,,35,2,1,13,1,37.1,,,,,,,,,,,,,,,
2026-07-07,zone,Ituri,Nizi,54,https://ebola-tracker.org/reports/SITREP_MVE_054.pdf,,94,10,1,28,4,29.8,,,,,,,,,,,,,,,
2026-07-07,zone,Ituri,Nyankunde,54,https://ebola-tracker.org/reports/SITREP_MVE_054.pdf,,97,1,1,20,0,20.6,,,,,,,,,,,,,,,
2026-07-07,zone,Ituri,Rimba,54,https://ebola-tracker.org/reports/SITREP_MVE_054.pdf,,4,0,1,0,0,0.0,,,,,,,,,,,,,,,
2026-07-07,zone,Ituri,Rwampara,54,https://ebola-tracker.org/reports/SITREP_MVE_054.pdf,,364,7,1,76,1,20.9,,,,,,,,,,,,,,,
2026-07-07,zone,Ituri,Tchomia,54,https://ebola-tracker.org/reports/SITREP_MVE_054.pdf,,15,0,1,2,0,13.3,,,,,,,,,,,,,,,
2026-07-07,zone,Nord-Kivu,Beni,54,https://ebola-tracker.org/reports/SITREP_MVE_054.pdf,,29,0,1,19,0,65.5,,,,,,,,,,,,,,,
2026-07-07,zone,Nord-Kivu,Butembo,54,https://ebola-tracker.org/reports/SITREP_MVE_054.pdf,,42,1,1,20,0,47.6,,,,,,,,,,,,,,,
2026-07-07,zone,Nord-Kivu,Goma,54,https://ebola-tracker.org/reports/SITREP_MVE_054.pdf,,1,0,1,0,0,0.0,,,,,,,,,,,,,,,
2026-07-07,zone,Nord-Kivu,Kalunguta,54,https://ebola-tracker.org/reports/SITREP_MVE_054.pdf,,2,0,1,1,0,50.0,,,,,,,,,,,,,,,
2026-07-07,zone,Nord-Kivu,Katwa,54,https://ebola-tracker.org/reports/SITREP_MVE_054.pdf,,61,5,1,41,0,67.2,,,,,,,,,,,,,,,
2026-07-07,zone,Nord-Kivu,Kyondo,54,https://ebola-tracker.org/reports/SITREP_MVE_054.pdf,,4,0,1,2,0,50.0,,,,,,,,,,,,,,,
2026-07-07,zone,Nord-Kivu,Mabalako,54,https://ebola-tracker.org/reports/SITREP_MVE_054.pdf,,1,0,1,0,0,0.0,,,,,,,,,,,,,,,
2026-07-07,zone,Nord-Kivu,Masereka,54,https://ebola-tracker.org/reports/SITREP_MVE_054.pdf,,3,0,1,0,0,0.0,,,,,,,,,,,,,,,
2026-07-07,zone,Nord-Kivu,Musienene,54,https://ebola-tracker.org/reports/SITREP_MVE_054.pdf,,8,0,1,2,0,25.0,,,,,,,,,,,,,,,
2026-07-07,zone,Nord-Kivu,Oicha,54,https://ebola-tracker.org/reports/SITREP_MVE_054.pdf,,3,0,1,2,0,66.7,,,,,,,,,,,,,,,
2026-07-07,zone,Nord-Kivu,Vuhovi,54,https://ebola-tracker.org/reports/SITREP_MVE_054.pdf,,1,0,1,1,0,100.0,,,,,,,,,,,,,,,
2026-07-07,zone,Sud-Kivu,Miti-Murhesa,54,https://ebola-tracker.org/reports/SITREP_MVE_054.pdf,,3,0,1,1,0,33.3,,,,,,,,,,,,,,,
2026-07-08,pays,,,55,https://ebola-tracker.org/reports/SITREP_MVE_055.pdf,,1792,33,1,625,25,34.9,,,,841,271,270,33,12.2,751,,,11927,9376,78.6,
2026-07-08,province,Ituri,,55,https://ebola-tracker.org/reports/SITREP_MVE_055.pdf,,1631,30,1,535,24,32.8,,,,555,246,157,30,19.1,519,,,9767,7434,76.1,
2026-07-08,province,Nord-Kivu,,55,https://ebola-tracker.org/reports/SITREP_MVE_055.pdf,,158,3,1,89,1,56.3,,,,271,21,113,3,2.7,193,,,2160,1942,89.9,
2026-07-08,province,Sud-Kivu,,55,https://ebola-tracker.org/reports/SITREP_MVE_055.pdf,,3,0,1,1,0,33.3,,,,15,4,,,,39,,,,,,
2026-07-08,zone,Ituri,Aru,55,https://ebola-tracker.org/reports/SITREP_MVE_055.pdf,,3,0,1,1,0,33.3,,,,,,,,,,,,,,,
2026-07-08,zone,Ituri,Aungba,55,https://ebola-tracker.org/reports/SITREP_MVE_055.pdf,,6,0,1,2,0,33.3,,,,,,,,,,,,,,,
2026-07-08,zone,Ituri,Bambu,55,https://ebola-tracker.org/reports/SITREP_MVE_055.pdf,,29,1,1,10,1,34.5,,,,,,,,,,,,,,,
2026-07-08,zone,Ituri,Boga,55,https://ebola-tracker.org/reports/SITREP_MVE_055.pdf,,1,0,1,1,0,100.0,,,,,,,,,,,,,,,
2026-07-08,zone,Ituri,Bunia,55,https://ebola-tracker.org/reports/SITREP_MVE_055.pdf,,487,4,1,141,4,29.0,,,,,,,,,,,,,,,
2026-07-08,zone,Ituri,Damas,55,https://ebola-tracker.org/reports/SITREP_MVE_055.pdf,,5,0,1,0,0,0.0,,,,,,,,,,,,,,,
2026-07-08,zone,Ituri,Drodro,55,https://ebola-tracker.org/reports/SITREP_MVE_055.pdf,,3,0,1,3,0,100.0,,,,,,,,,,,,,,,
2026-07-08,zone,Ituri,Fataki,55,https://ebola-tracker.org/reports/SITREP_MVE_055.pdf,,4,0,1,1,0,25.0,,,,,,,,,,,,,,,
2026-07-08,zone,Ituri,Gethy,55,https://ebola-tracker.org/reports/SITREP_MVE_055.pdf,,1,0,1,0,0,0.0,,,,,,,,,,,,,,,
2026-07-08,zone,Ituri,Kambala,55,https://ebola-tracker.org/reports/SITREP_MVE_055.pdf,,2,0,1,2,0,100.0,,,,,,,,,,,,,,,
2026-07-08,zone,Ituri,Kilo,55,https://ebola-tracker.org/reports/SITREP_MVE_055.pdf,,9,0,1,1,0,11.1,,,,,,,,,,,,,,,
2026-07-08,zone,Ituri,Komanda,55,https://ebola-tracker.org/reports/SITREP_MVE_055.pdf,,23,0,1,8,0,34.8,,,,,,,,,,,,,,,
2026-07-08,zone,Ituri,Lita,55,https://ebola-tracker.org/reports/SITREP_MVE_055.pdf,,41,1,1,16,0,39.0,,,,,,,,,,,,,,,
2026-07-08,zone,Ituri,Logo,55,https://ebola-tracker.org/reports/SITREP_MVE_055.pdf,,7,0,1,0,0,0.0,,,,,,,,,,,,,,,
2026-07-08,zone,Ituri,Lolwa,55,https://ebola-tracker.org/reports/SITREP_MVE_055.pdf,,1,0,1,1,0,100.0,,,,,,,,,,,,,,,
2026-07-08,zone,Ituri,Mambasa,55,https://ebola-tracker.org/reports/SITREP_MVE_055.pdf,,4,0,1,3,0,75.0,,,,,,,,,,,,,,,
2026-07-08,zone,Ituri,Mandima,55,https://ebola-tracker.org/reports/SITREP_MVE_055.pdf,,5,0,1,2,0,40.0,,,,,,,,,,,,,,,
2026-07-08,zone,Ituri,Mangala,55,https://ebola-tracker.org/reports/SITREP_MVE_055.pdf,,43,3,1,23,3,53.5,,,,,,,,,,,,,,,
2026-07-08,zone,Ituri,Mongbwalu,55,https://ebola-tracker.org/reports/SITREP_MVE_055.pdf,,315,5,1,167,2,53.0,,,,,,,,,,,,,,,
2026-07-08,zone,Ituri,Nia-Nia,55,https://ebola-tracker.org/reports/SITREP_MVE_055.pdf,,35,0,1,13,0,37.1,,,,,,,,,,,,,,,
2026-07-08,zone,Ituri,Nizi,55,https://ebola-tracker.org/reports/SITREP_MVE_055.pdf,,104,10,1,36,8,34.6,,,,,,,,,,,,,,,
2026-07-08,zone,Ituri,Nyankunde,55,https://ebola-tracker.org/reports/SITREP_MVE_055.pdf,,97,0,1,22,2,22.7,,,,,,,,,,,,,,,
2026-07-08,zone,Ituri,Rimba,55,https://ebola-tracker.org/reports/SITREP_MVE_055.pdf,,4,0,1,0,0,0.0,,,,,,,,,,,,,,,
2026-07-08,zone,Ituri,Rwampara,55,https://ebola-tracker.org/reports/SITREP_MVE_055.pdf,,370,6,1,80,4,21.6,,,,,,,,,,,,,,,
2026-07-08,zone,Ituri,Tchomia,55,https://ebola-tracker.org/reports/SITREP_MVE_055.pdf,,15,0,1,2,0,13.3,,,,,,,,,,,,,,,
2026-07-08,zone,Nord-Kivu,Beni,55,https://ebola-tracker.org/reports/SITREP_MVE_055.pdf,,29,0,1,19,0,65.5,,,,,,,,,,,,,,,
2026-07-08,zone,Nord-Kivu,Butembo,55,https://ebola-tracker.org/reports/SITREP_MVE_055.pdf,,42,0,1,20,0,47.6,,,,,,,,,,,,,,,
2026-07-08,zone,Nord-Kivu,Goma,55,https://ebola-tracker.org/reports/SITREP_MVE_055.pdf,,1,0,1,0,0,0.0,,,,,,,,,,,,,,,
2026-07-08,zone,Nord-Kivu,Kalunguta,55,https://ebola-tracker.org/reports/SITREP_MVE_055.pdf,,2,0,1,1,0,50.0,,,,,,,,,,,,,,,
2026-07-08,zone,Nord-Kivu,Katwa,55,https://ebola-tracker.org/reports/SITREP_MVE_055.pdf,,61,0,1,41,0,67.2,,,,,,,,,,,,,,,
2026-07-08,zone,Nord-Kivu,Kyondo,55,https://ebola-tracker.org/reports/SITREP_MVE_055.pdf,,4,0,1,2,0,50.0,,,,,,,,,,,,,,,
2026-07-08,zone,Nord-Kivu,Mabalako,55,https://ebola-tracker.org/reports/SITREP_MVE_055.pdf,,1,0,1,0,0,0.0,,,,,,,,,,,,,,,
2026-07-08,zone,Nord-Kivu,Masereka,55,https://ebola-tracker.org/reports/SITREP_MVE_055.pdf,,3,0,1,0,0,0.0,,,,,,,,,,,,,,,
2026-07-08,zone,Nord-Kivu,Musienene,55,https://ebola-tracker.org/reports/SITREP_MVE_055.pdf,,8,0,1,2,0,25.0,,,,,,,,,,,,,,,
2026-07-08,zone,Nord-Kivu,Oicha,55,https://ebola-tracker.org/reports/SITREP_MVE_055.pdf,,3,0,1,2,0,66.7,,,,,,,,,,,,,,,
2026-07-08,zone,Nord-Kivu,Vuhovi,55,https://ebola-tracker.org/reports/SITREP_MVE_055.pdf,,1,0,1,1,0,100.0,,,,,,,,,,,,,,,
2026-07-08,zone,Sud-Kivu,Miti-Murhesa,55,https://ebola-tracker.org/reports/SITREP_MVE_055.pdf,,3,0,1,1,0,33.3,,,,,,,,,,,,,,,
2026-07-09,pays,,,56,https://ebola-tracker.org/reports/SITREP_MVE_056.pdf,,1830,38,1,648,23,35.4,,,,1232,284,212,38,17.9,755,,,12946,10106,78.1,
2026-07-09,province,Ituri,,56,https://ebola-tracker.org/reports/SITREP_MVE_056.pdf,,1663,32,1,553,18,33.3,,,,492,216,104,32,30.8,540,,,10744,8136,75.7,
2026-07-09,province,Nord-Kivu,,56,https://ebola-tracker.org/reports/SITREP_MVE_056.pdf,,164,6,1,94,5,57.3,,,,731,66,108,6,5.6,188,,,2202,1970,89.5,
2026-07-09,province,Sud-Kivu,,56,https://ebola-tracker.org/reports/SITREP_MVE_056.pdf,,3,0,1,1,0,33.3,,,,9,2,,,,27,,,,,,
2026-07-09,zone,Ituri,Aru,56,https://ebola-tracker.org/reports/SITREP_MVE_056.pdf,,3,0,1,1,0,33.3,,,,,,,,,,,,,,,
2026-07-09,zone,Ituri,Aungba,56,https://ebola-tracker.org/reports/SITREP_MVE_056.pdf,,6,0,1,2,0,33.3,,,,,,,,,,,,,,,
2026-07-09,zone,Ituri,Bambu,56,https://ebola-tracker.org/reports/SITREP_MVE_056.pdf,,29,0,1,10,0,34.5,,,,,,,,,,,,,,,
2026-07-09,zone,Ituri,Boga,56,https://ebola-tracker.org/reports/SITREP_MVE_056.pdf,,1,0,1,1,0,100.0,,,,,,,,,,,,,,,
2026-07-09,zone,Ituri,Bunia,56,https://ebola-tracker.org/reports/SITREP_MVE_056.pdf,,495,8,1,149,8,30.1,,,,,,,,,,,,,,,
2026-07-09,zone,Ituri,Damas,56,https://ebola-tracker.org/reports/SITREP_MVE_056.pdf,,5,0,1,0,0,0.0,,,,,,,,,,,,,,,
2026-07-09,zone,Ituri,Drodro,56,https://ebola-tracker.org/reports/SITREP_MVE_056.pdf,,3,0,1,3,0,100.0,,,,,,,,,,,,,,,
2026-07-09,zone,Ituri,Fataki,56,https://ebola-tracker.org/reports/SITREP_MVE_056.pdf,,4,0,1,1,0,25.0,,,,,,,,,,,,,,,
2026-07-09,zone,Ituri,Gethy,56,https://ebola-tracker.org/reports/SITREP_MVE_056.pdf,,1,0,1,0,0,0.0,,,,,,,,,,,,,,,
2026-07-09,zone,Ituri,Kambala,56,https://ebola-tracker.org/reports/SITREP_MVE_056.pdf,,2,0,1,2,0,100.0,,,,,,,,,,,,,,,
2026-07-09,zone,Ituri,Kilo,56,https://ebola-tracker.org/reports/SITREP_MVE_056.pdf,,9,0,1,1,0,11.1,,,,,,,,,,,,,,,
2026-07-09,zone,Ituri,Komanda,56,https://ebola-tracker.org/reports/SITREP_MVE_056.pdf,,25,2,1,8,0,32.0,,,,,,,,,,,,,,,
2026-07-09,zone,Ituri,Lita,56,https://ebola-tracker.org/reports/SITREP_MVE_056.pdf,,42,1,1,17,1,40.5,,,,,,,,,,,,,,,
2026-07-09,zone,Ituri,Logo,56,https://ebola-tracker.org/reports/SITREP_MVE_056.pdf,,7,0,1,0,0,0.0,,,,,,,,,,,,,,,
2026-07-09,zone,Ituri,Lolwa,56,https://ebola-tracker.org/reports/SITREP_MVE_056.pdf,,1,0,1,1,0,100.0,,,,,,,,,,,,,,,
2026-07-09,zone,Ituri,Mambasa,56,https://ebola-tracker.org/reports/SITREP_MVE_056.pdf,,5,1,1,4,1,80.0,,,,,,,,,,,,,,,
2026-07-09,zone,Ituri,Mandima,56,https://ebola-tracker.org/reports/SITREP_MVE_056.pdf,,5,0,1,2,0,40.0,,,,,,,,,,,,,,,
2026-07-09,zone,Ituri,Mangala,56,https://ebola-tracker.org/reports/SITREP_MVE_056.pdf,,43,0,1,23,0,53.5,,,,,,,,,,,,,,,
2026-07-09,zone,Ituri,Mongbwalu,56,https://ebola-tracker.org/reports/SITREP_MVE_056.pdf,,327,12,1,170,3,52.0,,,,,,,,,,,,,,,
2026-07-09,zone,Ituri,Nia-Nia,56,https://ebola-tracker.org/reports/SITREP_MVE_056.pdf,,35,0,1,13,0,37.1,,,,,,,,,,,,,,,
2026-07-09,zone,Ituri,Nizi,56,https://ebola-tracker.org/reports/SITREP_MVE_056.pdf,,107,3,1,36,0,33.6,,,,,,,,,,,,,,,
2026-07-09,zone,Ituri,Nyankunde,56,https://ebola-tracker.org/reports/SITREP_MVE_056.pdf,,97,0,1,22,0,22.7,,,,,,,,,,,,,,,
2026-07-09,zone,Ituri,Rimba,56,https://ebola-tracker.org/reports/SITREP_MVE_056.pdf,,4,0,1,0,0,0.0,,,,,,,,,,,,,,,
2026-07-09,zone,Ituri,Rwampara,56,https://ebola-tracker.org/reports/SITREP_MVE_056.pdf,,373,3,1,83,3,22.3,,,,,,,,,,,,,,,
2026-07-09,zone,Ituri,Tchomia,56,https://ebola-tracker.org/reports/SITREP_MVE_056.pdf,,17,2,1,4,2,23.5,,,,,,,,,,,,,,,
2026-07-09,zone,Nord-Kivu,Beni,56,https://ebola-tracker.org/reports/SITREP_MVE_056.pdf,,30,1,1,20,1,66.7,,,,,,,,,,,,,,,
2026-07-09,zone,Nord-Kivu,Butembo,56,https://ebola-tracker.org/reports/SITREP_MVE_056.pdf,,43,1,1,20,0,46.5,,,,,,,,,,,,,,,
2026-07-09,zone,Nord-Kivu,Goma,56,https://ebola-tracker.org/reports/SITREP_MVE_056.pdf,,1,0,1,0,0,0.0,,,,,,,,,,,,,,,
2026-07-09,zone,Nord-Kivu,Kalunguta,56,https://ebola-tracker.org/reports/SITREP_MVE_056.pdf,,2,0,1,1,0,50.0,,,,,,,,,,,,,,,
2026-07-09,zone,Nord-Kivu,Katwa,56,https://ebola-tracker.org/reports/SITREP_MVE_056.pdf,,66,5,1,45,4,68.2,,,,,,,,,,,,,,,
2026-07-09,zone,Nord-Kivu,Kyondo,56,https://ebola-tracker.org/reports/SITREP_MVE_056.pdf,,5,1,1,3,1,60.0,,,,,,,,,,,,,,,
2026-07-09,zone,Nord-Kivu,Mabalako,56,https://ebola-tracker.org/reports/SITREP_MVE_056.pdf,,1,0,1,0,0,0.0,,,,,,,,,,,,,,,
2026-07-09,zone,Nord-Kivu,Masereka,56,https://ebola-tracker.org/reports/SITREP_MVE_056.pdf,,3,0,1,0,0,0.0,,,,,,,,,,,,,,,
2026-07-09,zone,Nord-Kivu,Musienene,56,https://ebola-tracker.org/reports/SITREP_MVE_056.pdf,,9,1,1,2,0,22.2,,,,,,,,,,,,,,,
2026-07-09,zone,Nord-Kivu,Oicha,56,https://ebola-tracker.org/reports/SITREP_MVE_056.pdf,,3,0,1,2,0,66.7,,,,,,,,,,,,,,,
2026-07-09,zone,Nord-Kivu,Vuhovi,56,https://ebola-tracker.org/reports/SITREP_MVE_056.pdf,,1,0,1,1,0,100.0,,,,,,,,,,,,,,,
2026-07-09,zone,Sud-Kivu,Miti-Murhesa,56,https://ebola-tracker.org/reports/SITREP_MVE_056.pdf,,3,0,1,1,0,33.3,,,,,,,,,,,,,,,
2026-07-10,pays,,,57,https://ebola-tracker.org/reports/SITREP_MVE_057.pdf,,1873,43,1,672,24,35.9,,,,1497,299,231,43,18.6,779,,,13760,9862,71.7,
2026-07-10,province,Haut-Uélé,,57,https://ebola-tracker.org/reports/SITREP_MVE_057.pdf,,1,,,1,,100.0,,,,,,,,,,,,,,,
2026-07-10,province,Ituri,,57,https://ebola-tracker.org/reports/SITREP_MVE_057.pdf,,1705,42,1,577,24,33.8,,,,637,225,177,42,23.7,535,,,11480,7817,68.1,
2026-07-10,province,Nord-Kivu,,57,https://ebola-tracker.org/reports/SITREP_MVE_057.pdf,,165,1,1,94,0,57.0,,,,852,69,54,1,1.9,225,,,2280,2045,89.7,
2026-07-10,province,Sud-Kivu,,57,https://ebola-tracker.org/reports/SITREP_MVE_057.pdf,,3,0,1,1,0,33.3,,,,8,5,,,,19,,,,,,
2026-07-10,province,Tshopo,,57,https://ebola-tracker.org/reports/SITREP_MVE_057.pdf,,4,,,2,,50.0,,,,,,,,,,,,,,,
2026-07-10,zone,Haut-Uélé,Wamba,57,https://ebola-tracker.org/reports/SITREP_MVE_057.pdf,,1,,,1,,100.0,,,,,,,,,,,,,,,
2026-07-10,zone,Ituri,Aru,57,https://ebola-tracker.org/reports/SITREP_MVE_057.pdf,,3,0,1,1,0,33.3,,,,,,,,,,,,,,,
2026-07-10,zone,Ituri,Aungba,57,https://ebola-tracker.org/reports/SITREP_MVE_057.pdf,,6,0,1,2,0,33.3,,,,,,,,,,,,,,,
2026-07-10,zone,Ituri,Bambu,57,https://ebola-tracker.org/reports/SITREP_MVE_057.pdf,,31,2,1,10,0,32.3,,,,,,,,,,,,,,,
2026-07-10,zone,Ituri,Boga,57,https://ebola-tracker.org/reports/SITREP_MVE_057.pdf,,1,0,1,1,0,100.0,,,,,,,,,,,,,,,
2026-07-10,zone,Ituri,Bunia,57,https://ebola-tracker.org/reports/SITREP_MVE_057.pdf,,503,8,1,156,7,31.0,,,,,,,,,,,,,,,
2026-07-10,zone,Ituri,Damas,57,https://ebola-tracker.org/reports/SITREP_MVE_057.pdf,,5,0,1,0,0,0.0,,,,,,,,,,,,,,,
2026-07-10,zone,Ituri,Drodro,57,https://ebola-tracker.org/reports/SITREP_MVE_057.pdf,,4,1,1,3,0,75.0,,,,,,,,,,,,,,,
2026-07-10,zone,Ituri,Fataki,57,https://ebola-tracker.org/reports/SITREP_MVE_057.pdf,,4,0,1,1,0,25.0,,,,,,,,,,,,,,,
2026-07-10,zone,Ituri,Gethy,57,https://ebola-tracker.org/reports/SITREP_MVE_057.pdf,,1,0,1,0,0,0.0,,,,,,,,,,,,,,,
2026-07-10,zone,Ituri,Kambala,57,https://ebola-tracker.org/reports/SITREP_MVE_057.pdf,,2,0,1,2,0,100.0,,,,,,,,,,,,,,,
2026-07-10,zone,Ituri,Kilo,57,https://ebola-tracker.org/reports/SITREP_MVE_057.pdf,,9,0,1,1,0,11.1,,,,,,,,,,,,,,,
2026-07-10,zone,Ituri,Komanda,57,https://ebola-tracker.org/reports/SITREP_MVE_057.pdf,,25,0,1,8,0,32.0,,,,,,,,,,,,,,,
2026-07-10,zone,Ituri,Lita,57,https://ebola-tracker.org/reports/SITREP_MVE_057.pdf,,45,3,1,19,2,42.2,,,,,,,,,,,,,,,
2026-07-10,zone,Ituri,Logo,57,https://ebola-tracker.org/reports/SITREP_MVE_057.pdf,,7,0,1,0,0,0.0,,,,,,,,,,,,,,,
2026-07-10,zone,Ituri,Lolwa,57,https://ebola-tracker.org/reports/SITREP_MVE_057.pdf,,1,0,1,1,0,100.0,,,,,,,,,,,,,,,
2026-07-10,zone,Ituri,Mambasa,57,https://ebola-tracker.org/reports/SITREP_MVE_057.pdf,,5,0,1,4,0,80.0,,,,,,,,,,,,,,,
2026-07-10,zone,Ituri,Mandima,57,https://ebola-tracker.org/reports/SITREP_MVE_057.pdf,,8,3,1,3,1,37.5,,,,,,,,,,,,,,,
2026-07-10,zone,Ituri,Mangala,57,https://ebola-tracker.org/reports/SITREP_MVE_057.pdf,,50,7,1,29,6,58.0,,,,,,,,,,,,,,,
2026-07-10,zone,Ituri,Mongbwalu,57,https://ebola-tracker.org/reports/SITREP_MVE_057.pdf,,329,2,1,171,1,52.0,,,,,,,,,,,,,,,
2026-07-10,zone,Ituri,Nia-Nia,57,https://ebola-tracker.org/reports/SITREP_MVE_057.pdf,,35,0,1,13,0,37.1,,,,,,,,,,,,,,,
2026-07-10,zone,Ituri,Nizi,57,https://ebola-tracker.org/reports/SITREP_MVE_057.pdf,,110,3,1,36,0,32.7,,,,,,,,,,,,,,,
2026-07-10,zone,Ituri,Nyankunde,57,https://ebola-tracker.org/reports/SITREP_MVE_057.pdf,,97,0,1,23,1,23.7,,,,,,,,,,,,,,,
2026-07-10,zone,Ituri,Rimba,57,https://ebola-tracker.org/reports/SITREP_MVE_057.pdf,,4,0,1,0,0,0.0,,,,,,,,,,,,,,,
2026-07-10,zone,Ituri,Rwampara,57,https://ebola-tracker.org/reports/SITREP_MVE_057.pdf,,384,11,1,89,6,23.2,,,,,,,,,,,,,,,
2026-07-10,zone,Ituri,Tchomia,57,https://ebola-tracker.org/reports/SITREP_MVE_057.pdf,,19,2,1,4,0,21.1,,,,,,,,,,,,,,,
2026-07-10,zone,Nord-Kivu,Beni,57,https://ebola-tracker.org/reports/SITREP_MVE_057.pdf,,30,0,1,20,0,66.7,,,,,,,,,,,,,,,
2026-07-10,zone,Nord-Kivu,Butembo,57,https://ebola-tracker.org/reports/SITREP_MVE_057.pdf,,43,0,1,20,0,46.5,,,,,,,,,,,,,,,
2026-07-10,zone,Nord-Kivu,Goma,57,https://ebola-tracker.org/reports/SITREP_MVE_057.pdf,,1,0,1,0,0,0.0,,,,,,,,,,,,,,,
2026-07-10,zone,Nord-Kivu,Kalunguta,57,https://ebola-tracker.org/reports/SITREP_MVE_057.pdf,,2,0,1,1,0,50.0,,,,,,,,,,,,,,,
2026-07-10,zone,Nord-Kivu,Katwa,57,https://ebola-tracker.org/reports/SITREP_MVE_057.pdf,,67,1,1,45,0,67.2,,,,,,,,,,,,,,,
2026-07-10,zone,Nord-Kivu,Kyondo,57,https://ebola-tracker.org/reports/SITREP_MVE_057.pdf,,5,0,1,3,0,60.0,,,,,,,,,,,,,,,
2026-07-10,zone,Nord-Kivu,Mabalako,57,https://ebola-tracker.org/reports/SITREP_MVE_057.pdf,,1,0,1,0,0,0.0,,,,,,,,,,,,,,,
2026-07-10,zone,Nord-Kivu,Masereka,57,https://ebola-tracker.org/reports/SITREP_MVE_057.pdf,,3,0,1,0,0,0.0,,,,,,,,,,,,,,,
2026-07-10,zone,Nord-Kivu,Musienene,57,https://ebola-tracker.org/reports/SITREP_MVE_057.pdf,,9,0,1,2,0,22.2,,,,,,,,,,,,,,,
2026-07-10,zone,Nord-Kivu,Oicha,57,https://ebola-tracker.org/reports/SITREP_MVE_057.pdf,,3,0,1,2,0,66.7,,,,,,,,,,,,,,,
2026-07-10,zone,Nord-Kivu,Vuhovi,57,https://ebola-tracker.org/reports/SITREP_MVE_057.pdf,,1,0,1,1,0,100.0,,,,,,,,,,,,,,,
2026-07-10,zone,Sud-Kivu,Miti-Murhesa,57,https://ebola-tracker.org/reports/SITREP_MVE_057.pdf,,3,0,1,1,0,33.3,,,,,,,,,,,,,,,
2026-07-10,zone,Tshopo,Lubunga,57,https://ebola-tracker.org/reports/SITREP_MVE_057.pdf,,1,,,0,,0.0,,,,,,,,,,,,,,,
2026-07-10,zone,Tshopo,Makiso-Kisangani,57,https://ebola-tracker.org/reports/SITREP_MVE_057.pdf,,2,,,2,,100.0,,,,,,,,,,,,,,,
2026-07-10,zone,Tshopo,Mangobo,57,https://ebola-tracker.org/reports/SITREP_MVE_057.pdf,,1,,,0,,0.0,,,,,,,,,,,,,,,
2026-07-11,pays,,,58,https://ebola-tracker.org/reports/SITREP_MVE_058.pdf,,1926,53,1,702,30,36.4,,,,1170,228,350,53,15.1,769,,,12735,9970,78.3,
2026-07-11,province,Haut-Uélé,,58,https://ebola-tracker.org/reports/SITREP_MVE_058.pdf,,1,0,1,1,0,100.0,,,,,,,,,,,,,,,
2026-07-11,province,Ituri,,58,https://ebola-tracker.org/reports/SITREP_MVE_058.pdf,,1745,40,1,601,24,34.4,,,,462,166,227,45,19.8,544,,,10450,7886,75.5,
2026-07-11,province,Nord-Kivu,,58,https://ebola-tracker.org/reports/SITREP_MVE_058.pdf,,173,8,1,97,3,56.1,,,,696,56,123,8,6.5,201,,,2285,2084,91.2,
2026-07-11,province,Sud-Kivu,,58,https://ebola-tracker.org/reports/SITREP_MVE_058.pdf,,3,0,1,1,0,33.3,,,,12,6,,,,24,,,,,,
2026-07-11,province,Tshopo,,58,https://ebola-tracker.org/reports/SITREP_MVE_058.pdf,,4,0,1,2,0,50.0,,,,,,,,,,,,,,,
2026-07-11,zone,Haut-Uélé,Wamba,58,https://ebola-tracker.org/reports/SITREP_MVE_058.pdf,,1,0,1,1,0,100.0,,,,,,,,,,,,,,,
2026-07-11,zone,Ituri,Ariwara,58,https://ebola-tracker.org/reports/SITREP_MVE_058.pdf,,1,,,1,,100.0,,,,,,,,,,,,,,,
2026-07-11,zone,Ituri,Aru,58,https://ebola-tracker.org/reports/SITREP_MVE_058.pdf,,3,0,1,1,0,33.3,,,,,,,,,,,,,,,
2026-07-11,zone,Ituri,Aungba,58,https://ebola-tracker.org/reports/SITREP_MVE_058.pdf,,6,0,1,2,0,33.3,,,,,,,,,,,,,,,
2026-07-11,zone,Ituri,Bambu,58,https://ebola-tracker.org/reports/SITREP_MVE_058.pdf,,31,0,1,10,0,32.3,,,,,,,,,,,,,,,
2026-07-11,zone,Ituri,Boga,58,https://ebola-tracker.org/reports/SITREP_MVE_058.pdf,,1,0,1,1,0,100.0,,,,,,,,,,,,,,,
2026-07-11,zone,Ituri,Bunia,58,https://ebola-tracker.org/reports/SITREP_MVE_058.pdf,,507,4,1,160,4,31.6,,,,,,,,,,,,,,,
2026-07-11,zone,Ituri,Damas,58,https://ebola-tracker.org/reports/SITREP_MVE_058.pdf,,5,0,1,0,0,0.0,,,,,,,,,,,,,,,
2026-07-11,zone,Ituri,Drodro,58,https://ebola-tracker.org/reports/SITREP_MVE_058.pdf,,4,0,1,3,0,75.0,,,,,,,,,,,,,,,
2026-07-11,zone,Ituri,Fataki,58,https://ebola-tracker.org/reports/SITREP_MVE_058.pdf,,4,0,1,1,0,25.0,,,,,,,,,,,,,,,
2026-07-11,zone,Ituri,Gethy,58,https://ebola-tracker.org/reports/SITREP_MVE_058.pdf,,1,0,1,0,0,0.0,,,,,,,,,,,,,,,
2026-07-11,zone,Ituri,Kambala,58,https://ebola-tracker.org/reports/SITREP_MVE_058.pdf,,2,0,1,2,0,100.0,,,,,,,,,,,,,,,
2026-07-11,zone,Ituri,Kilo,58,https://ebola-tracker.org/reports/SITREP_MVE_058.pdf,,9,0,1,1,0,11.1,,,,,,,,,,,,,,,
2026-07-11,zone,Ituri,Komanda,58,https://ebola-tracker.org/reports/SITREP_MVE_058.pdf,,27,2,1,8,0,29.6,,,,,,,,,,,,,,,
2026-07-11,zone,Ituri,Lita,58,https://ebola-tracker.org/reports/SITREP_MVE_058.pdf,,48,3,1,19,0,39.6,,,,,,,,,,,,,,,
2026-07-11,zone,Ituri,Logo,58,https://ebola-tracker.org/reports/SITREP_MVE_058.pdf,,7,0,1,0,0,0.0,,,,,,,,,,,,,,,
2026-07-11,zone,Ituri,Lolwa,58,https://ebola-tracker.org/reports/SITREP_MVE_058.pdf,,1,0,1,1,0,100.0,,,,,,,,,,,,,,,
2026-07-11,zone,Ituri,Mambasa,58,https://ebola-tracker.org/reports/SITREP_MVE_058.pdf,,5,0,1,4,0,80.0,,,,,,,,,,,,,,,
2026-07-11,zone,Ituri,Mandima,58,https://ebola-tracker.org/reports/SITREP_MVE_058.pdf,,8,0,1,3,0,37.5,,,,,,,,,,,,,,,
2026-07-11,zone,Ituri,Mangala,58,https://ebola-tracker.org/reports/SITREP_MVE_058.pdf,,50,0,1,29,0,58.0,,,,,,,,,,,,,,,
2026-07-11,zone,Ituri,Mongbwalu,58,https://ebola-tracker.org/reports/SITREP_MVE_058.pdf,,336,7,1,177,6,52.7,,,,,,,,,,,,,,,
2026-07-11,zone,Ituri,Nia-Nia,58,https://ebola-tracker.org/reports/SITREP_MVE_058.pdf,,36,1,1,12,-1,33.3,,,,,,,,,,,,,,,
2026-07-11,zone,Ituri,Nizi,58,https://ebola-tracker.org/reports/SITREP_MVE_058.pdf,,121,11,1,47,11,38.8,,,,,,,,,,,,,,,
2026-07-11,zone,Ituri,Nyankunde,58,https://ebola-tracker.org/reports/SITREP_MVE_058.pdf,,99,2,1,25,2,25.3,,,,,,,,,,,,,,,
2026-07-11,zone,Ituri,Rimba,58,https://ebola-tracker.org/reports/SITREP_MVE_058.pdf,,4,0,1,0,0,0.0,,,,,,,,,,,,,,,
2026-07-11,zone,Ituri,Rwampara,58,https://ebola-tracker.org/reports/SITREP_MVE_058.pdf,,393,9,1,90,1,22.9,,,,,,,,,,,,,,,
2026-07-11,zone,Ituri,Tchomia,58,https://ebola-tracker.org/reports/SITREP_MVE_058.pdf,,19,0,1,4,0,21.1,,,,,,,,,,,,,,,
2026-07-11,zone,Nord-Kivu,Beni,58,https://ebola-tracker.org/reports/SITREP_MVE_058.pdf,,30,0,1,20,0,66.7,,,,,,,,,,,,,,,
2026-07-11,zone,Nord-Kivu,Butembo,58,https://ebola-tracker.org/reports/SITREP_MVE_058.pdf,,44,1,1,21,1,47.7,,,,,,,,,,,,,,,
2026-07-11,zone,Nord-Kivu,Goma,58,https://ebola-tracker.org/reports/SITREP_MVE_058.pdf,,1,0,1,0,0,0.0,,,,,,,,,,,,,,,
2026-07-11,zone,Nord-Kivu,Kalunguta,58,https://ebola-tracker.org/reports/SITREP_MVE_058.pdf,,2,0,1,1,0,50.0,,,,,,,,,,,,,,,
2026-07-11,zone,Nord-Kivu,Katwa,58,https://ebola-tracker.org/reports/SITREP_MVE_058.pdf,,71,4,1,47,2,66.2,,,,,,,,,,,,,,,
2026-07-11,zone,Nord-Kivu,Kyondo,58,https://ebola-tracker.org/reports/SITREP_MVE_058.pdf,,7,2,1,3,0,42.9,,,,,,,,,,,,,,,
2026-07-11,zone,Nord-Kivu,Mabalako,58,https://ebola-tracker.org/reports/SITREP_MVE_058.pdf,,1,0,1,0,0,0.0,,,,,,,,,,,,,,,
2026-07-11,zone,Nord-Kivu,Masereka,58,https://ebola-tracker.org/reports/SITREP_MVE_058.pdf,,3,0,1,0,0,0.0,,,,,,,,,,,,,,,
2026-07-11,zone,Nord-Kivu,Musienene,58,https://ebola-tracker.org/reports/SITREP_MVE_058.pdf,,10,1,1,2,0,20.0,,,,,,,,,,,,,,,
2026-07-11,zone,Nord-Kivu,Oicha,58,https://ebola-tracker.org/reports/SITREP_MVE_058.pdf,,3,0,1,2,0,66.7,,,,,,,,,,,,,,,
2026-07-11,zone,Nord-Kivu,Vuhovi,58,https://ebola-tracker.org/reports/SITREP_MVE_058.pdf,,1,0,1,1,0,100.0,,,,,,,,,,,,,,,
2026-07-11,zone,Sud-Kivu,Miti-Murhesa,58,https://ebola-tracker.org/reports/SITREP_MVE_058.pdf,,3,0,1,1,0,33.3,,,,,,,,,,,,,,,
2026-07-11,zone,Tshopo,Lubunga,58,https://ebola-tracker.org/reports/SITREP_MVE_058.pdf,,1,0,1,0,0,0.0,,,,,,,,,,,,,,,
2026-07-11,zone,Tshopo,Makiso-Kisangani,58,https://ebola-tracker.org/reports/SITREP_MVE_058.pdf,,2,0,1,2,0,100.0,,,,,,,,,,,,,,,
2026-07-11,zone,Tshopo,Mangobo,58,https://ebola-tracker.org/reports/SITREP_MVE_058.pdf,,1,0,1,0,0,0.0,,,,,,,,,,,,,,,
2026-07-12,pays,,,59,https://ebola-tracker.org/reports/SITREP_MVE_059.pdf,,1963,37,1,719,17,36.6,,,,1110,268,302,33,10.9,,,,12370,10156,82.1,
2026-07-12,province,Haut-Uélé,,59,https://ebola-tracker.org/reports/SITREP_MVE_059.pdf,,7,6,1,7,6,100.0,,,,32,28,,,,,,,,,,
2026-07-12,province,Ituri,,59,https://ebola-tracker.org/reports/SITREP_MVE_059.pdf,,1772,27,1,608,7,34.3,,,,408,174,203,27,13.3,,,,9866,7830,79.4,
2026-07-12,province,Nord-Kivu,,59,https://ebola-tracker.org/reports/SITREP_MVE_059.pdf,,177,4,1,100,3,56.5,,,,665,62,99,6,6.1,,,,2377,2152,90.5,
2026-07-12,province,Sud-Kivu,,59,https://ebola-tracker.org/reports/SITREP_MVE_059.pdf,,3,0,1,1,0,33.3,,,,5,4,,,,,,,,,,
2026-07-12,province,Tshopo,,59,https://ebola-tracker.org/reports/SITREP_MVE_059.pdf,,4,0,1,3,1,75.0,,,,,,,,,,,,,,,
2026-07-12,zone,Haut-Uélé,Wamba,59,https://ebola-tracker.org/reports/SITREP_MVE_059.pdf,,7,6,1,7,6,100.0,,,,,,,,,,,,,,,
2026-07-12,zone,Ituri,Ariwara,59,https://ebola-tracker.org/reports/SITREP_MVE_059.pdf,,1,0,1,1,0,100.0,,,,,,,,,,,,,,,
2026-07-12,zone,Ituri,Aru,59,https://ebola-tracker.org/reports/SITREP_MVE_059.pdf,,3,0,1,1,0,33.3,,,,,,,,,,,,,,,
2026-07-12,zone,Ituri,Aungba,59,https://ebola-tracker.org/reports/SITREP_MVE_059.pdf,,6,0,1,2,0,33.3,,,,,,,,,,,,,,,
2026-07-12,zone,Ituri,Bambu,59,https://ebola-tracker.org/reports/SITREP_MVE_059.pdf,,31,0,1,10,0,32.3,,,,,,,,,,,,,,,
2026-07-12,zone,Ituri,Boga,59,https://ebola-tracker.org/reports/SITREP_MVE_059.pdf,,1,0,1,1,0,100.0,,,,,,,,,,,,,,,
2026-07-12,zone,Ituri,Bunia,59,https://ebola-tracker.org/reports/SITREP_MVE_059.pdf,,503,-4,1,156,-4,31.0,,,,,,,,,,,,,,,
2026-07-12,zone,Ituri,Damas,59,https://ebola-tracker.org/reports/SITREP_MVE_059.pdf,,5,0,1,0,0,0.0,,,,,,,,,,,,,,,
2026-07-12,zone,Ituri,Drodro,59,https://ebola-tracker.org/reports/SITREP_MVE_059.pdf,,4,0,1,3,0,75.0,,,,,,,,,,,,,,,
2026-07-12,zone,Ituri,Fataki,59,https://ebola-tracker.org/reports/SITREP_MVE_059.pdf,,4,0,1,1,0,25.0,,,,,,,,,,,,,,,
2026-07-12,zone,Ituri,Gethy,59,https://ebola-tracker.org/reports/SITREP_MVE_059.pdf,,1,0,1,0,0,0.0,,,,,,,,,,,,,,,
2026-07-12,zone,Ituri,Kambala,59,https://ebola-tracker.org/reports/SITREP_MVE_059.pdf,,2,0,1,2,0,100.0,,,,,,,,,,,,,,,
2026-07-12,zone,Ituri,Kilo,59,https://ebola-tracker.org/reports/SITREP_MVE_059.pdf,,9,0,1,1,0,11.1,,,,,,,,,,,,,,,
2026-07-12,zone,Ituri,Komanda,59,https://ebola-tracker.org/reports/SITREP_MVE_059.pdf,,25,-2,1,8,0,32.0,,,,,,,,,,,,,,,
2026-07-12,zone,Ituri,Lita,59,https://ebola-tracker.org/reports/SITREP_MVE_059.pdf,,45,-3,1,19,0,42.2,,,,,,,,,,,,,,,
2026-07-12,zone,Ituri,Logo,59,https://ebola-tracker.org/reports/SITREP_MVE_059.pdf,,7,0,1,0,0,0.0,,,,,,,,,,,,,,,
2026-07-12,zone,Ituri,Lolwa,59,https://ebola-tracker.org/reports/SITREP_MVE_059.pdf,,1,0,1,1,0,100.0,,,,,,,,,,,,,,,
2026-07-12,zone,Ituri,Mambasa,59,https://ebola-tracker.org/reports/SITREP_MVE_059.pdf,,5,0,1,4,0,80.0,,,,,,,,,,,,,,,
2026-07-12,zone,Ituri,Mandima,59,https://ebola-tracker.org/reports/SITREP_MVE_059.pdf,,8,0,1,3,0,37.5,,,,,,,,,,,,,,,
2026-07-12,zone,Ituri,Mangala,59,https://ebola-tracker.org/reports/SITREP_MVE_059.pdf,,50,0,1,29,0,58.0,,,,,,,,,,,,,,,
2026-07-12,zone,Ituri,Mongbwalu,59,https://ebola-tracker.org/reports/SITREP_MVE_059.pdf,,329,-7,1,171,-6,52.0,,,,,,,,,,,,,,,
2026-07-12,zone,Ituri,Nia-Nia,59,https://ebola-tracker.org/reports/SITREP_MVE_059.pdf,,35,-1,1,13,1,37.1,,,,,,,,,,,,,,,
2026-07-12,zone,Ituri,Nizi,59,https://ebola-tracker.org/reports/SITREP_MVE_059.pdf,,110,-11,1,36,-11,32.7,,,,,,,,,,,,,,,
2026-07-12,zone,Ituri,Nyankunde,59,https://ebola-tracker.org/reports/SITREP_MVE_059.pdf,,97,-2,1,23,-2,23.7,,,,,,,,,,,,,,,
2026-07-12,zone,Ituri,Rimba,59,https://ebola-tracker.org/reports/SITREP_MVE_059.pdf,,4,0,1,0,0,0.0,,,,,,,,,,,,,,,
2026-07-12,zone,Ituri,Rwampara,59,https://ebola-tracker.org/reports/SITREP_MVE_059.pdf,,384,-9,1,89,-1,23.2,,,,,,,,,,,,,,,
2026-07-12,zone,Ituri,Tchomia,59,https://ebola-tracker.org/reports/SITREP_MVE_059.pdf,,19,0,1,4,0,21.1,,,,,,,,,,,,,,,
2026-07-12,zone,Nord-Kivu,Beni,59,https://ebola-tracker.org/reports/SITREP_MVE_059.pdf,,30,0,1,20,0,66.7,,,,,,,,,,,,,,,
2026-07-12,zone,Nord-Kivu,Butembo,59,https://ebola-tracker.org/reports/SITREP_MVE_059.pdf,,44,0,1,20,-1,45.5,,,,,,,,,,,,,,,
2026-07-12,zone,Nord-Kivu,Goma,59,https://ebola-tracker.org/reports/SITREP_MVE_059.pdf,,1,0,1,0,0,0.0,,,,,,,,,,,,,,,
2026-07-12,zone,Nord-Kivu,Kalunguta,59,https://ebola-tracker.org/reports/SITREP_MVE_059.pdf,,2,0,1,1,0,50.0,,,,,,,,,,,,,,,
2026-07-12,zone,Nord-Kivu,Katwa,59,https://ebola-tracker.org/reports/SITREP_MVE_059.pdf,,71,0,1,47,0,66.2,,,,,,,,,,,,,,,
2026-07-12,zone,Nord-Kivu,Kyondo,59,https://ebola-tracker.org/reports/SITREP_MVE_059.pdf,,7,0,1,3,0,42.9,,,,,,,,,,,,,,,
2026-07-12,zone,Nord-Kivu,Mabalako,59,https://ebola-tracker.org/reports/SITREP_MVE_059.pdf,,1,0,1,0,0,0.0,,,,,,,,,,,,,,,
2026-07-12,zone,Nord-Kivu,Masereka,59,https://ebola-tracker.org/reports/SITREP_MVE_059.pdf,,3,0,1,0,0,0.0,,,,,,,,,,,,,,,
2026-07-12,zone,Nord-Kivu,Musienene,59,https://ebola-tracker.org/reports/SITREP_MVE_059.pdf,,10,0,1,2,0,20.0,,,,,,,,,,,,,,,
2026-07-12,zone,Nord-Kivu,Oicha,59,https://ebola-tracker.org/reports/SITREP_MVE_059.pdf,,3,0,1,2,0,66.7,,,,,,,,,,,,,,,
2026-07-12,zone,Nord-Kivu,Vuhovi,59,https://ebola-tracker.org/reports/SITREP_MVE_059.pdf,,1,0,1,1,0,100.0,,,,,,,,,,,,,,,
2026-07-12,zone,Sud-Kivu,Miti-Murhesa,59,https://ebola-tracker.org/reports/SITREP_MVE_059.pdf,,3,0,1,1,0,33.3,,,,,,,,,,,,,,,
2026-07-12,zone,Tshopo,Lubunga,59,https://ebola-tracker.org/reports/SITREP_MVE_059.pdf,,1,0,1,0,0,0.0,,,,,,,,,,,,,,,
2026-07-12,zone,Tshopo,Makiso-Kisangani,59,https://ebola-tracker.org/reports/SITREP_MVE_059.pdf,,2,0,1,2,0,100.0,,,,,,,,,,,,,,,
2026-07-12,zone,Tshopo,Mangobo,59,https://ebola-tracker.org/reports/SITREP_MVE_059.pdf,,1,0,1,0,0,0.0,,,,,,,,,,,,,,,
2026-07-13,pays,,,60,https://ebola-tracker.org/reports/SITREP_MVE_060.pdf,,2011,48,1,754,35,37.5,,8,14,1110,268,328,47,14.3,,,,12430,8382,67.4,
2026-07-13,province,Haut-Uélé,,60,https://ebola-tracker.org/reports/SITREP_MVE_060.pdf,,14,7,1,13,6,92.9,,,,32,28,,,,,,,,,55.5,
2026-07-13,province,Ituri,,60,https://ebola-tracker.org/reports/SITREP_MVE_060.pdf,,1808,36,1,631,23,34.9,,5,13,408,174,229,42,18.3,,,,10011,6206,62.0,
2026-07-13,province,Nord-Kivu,,60,https://ebola-tracker.org/reports/SITREP_MVE_060.pdf,,182,5,1,106,6,58.2,,3,1,665,62,99,5,5.1,,,,2279,2108,92.0,
2026-07-13,province,Sud-Kivu,,60,https://ebola-tracker.org/reports/SITREP_MVE_060.pdf,,3,0,1,1,0,33.3,,,,5,4,,,,,,,,,,
2026-07-13,province,Tshopo,,60,https://ebola-tracker.org/reports/SITREP_MVE_060.pdf,,4,0,1,3,0,75.0,,,,,,,,,,,,,,,
2026-07-13,zone,Haut-Uélé,Boma-Mangbetu,60,https://ebola-tracker.org/reports/SITREP_MVE_060.pdf,,2,,,1,,50.0,,,,,,,,,,,,,,,
2026-07-13,zone,Haut-Uélé,Isiro,60,https://ebola-tracker.org/reports/SITREP_MVE_060.pdf,,1,,,1,,100.0,,,,,,,,,,,,,,,
2026-07-13,zone,Haut-Uélé,Pawa,60,https://ebola-tracker.org/reports/SITREP_MVE_060.pdf,,3,,,3,,100.0,,,,,,,,,,,,,,,
2026-07-13,zone,Haut-Uélé,Wamba,60,https://ebola-tracker.org/reports/SITREP_MVE_060.pdf,,8,1,1,8,1,100.0,,,,,,,,,,,,,,,
2026-07-13,zone,Ituri,Ariwara,60,https://ebola-tracker.org/reports/SITREP_MVE_060.pdf,,1,0,1,1,0,100.0,,,,,,,,,,,,,,,
2026-07-13,zone,Ituri,Aru,60,https://ebola-tracker.org/reports/SITREP_MVE_060.pdf,,3,0,1,1,0,33.3,,,,,,,,,,,,,,,
2026-07-13,zone,Ituri,Aungba,60,https://ebola-tracker.org/reports/SITREP_MVE_060.pdf,,6,0,1,2,0,33.3,,,,,,,,,,,,,,,
2026-07-13,zone,Ituri,Bambu,60,https://ebola-tracker.org/reports/SITREP_MVE_060.pdf,,31,0,1,10,0,32.3,,,,,,,,,,,,,,,
2026-07-13,zone,Ituri,Boga,60,https://ebola-tracker.org/reports/SITREP_MVE_060.pdf,,1,0,1,1,0,100.0,,,,,,,,,,,,,,,
2026-07-13,zone,Ituri,Bunia,60,https://ebola-tracker.org/reports/SITREP_MVE_060.pdf,,534,31,1,172,16,32.2,,,,,,,,,,,,,,,
2026-07-13,zone,Ituri,Damas,60,https://ebola-tracker.org/reports/SITREP_MVE_060.pdf,,5,0,1,0,0,0.0,,,,,,,,,,,,,,,
2026-07-13,zone,Ituri,Drodro,60,https://ebola-tracker.org/reports/SITREP_MVE_060.pdf,,5,1,1,3,0,60.0,,,,,,,,,,,,,,,
2026-07-13,zone,Ituri,Fataki,60,https://ebola-tracker.org/reports/SITREP_MVE_060.pdf,,5,1,1,4,3,80.0,,,,,,,,,,,,,,,
2026-07-13,zone,Ituri,Gethy,60,https://ebola-tracker.org/reports/SITREP_MVE_060.pdf,,1,0,1,0,0,0.0,,,,,,,,,,,,,,,
2026-07-13,zone,Ituri,Kambala,60,https://ebola-tracker.org/reports/SITREP_MVE_060.pdf,,2,0,1,2,0,100.0,,,,,,,,,,,,,,,
2026-07-13,zone,Ituri,Kilo,60,https://ebola-tracker.org/reports/SITREP_MVE_060.pdf,,9,0,1,1,0,11.1,,,,,,,,,,,,,,,
2026-07-13,zone,Ituri,Komanda,60,https://ebola-tracker.org/reports/SITREP_MVE_060.pdf,,27,2,1,10,2,37.0,,,,,,,,,,,,,,,
2026-07-13,zone,Ituri,Lita,60,https://ebola-tracker.org/reports/SITREP_MVE_060.pdf,,59,14,1,23,4,39.0,,,,,,,,,,,,,,,
2026-07-13,zone,Ituri,Logo,60,https://ebola-tracker.org/reports/SITREP_MVE_060.pdf,,7,0,1,0,0,0.0,,,,,,,,,,,,,,,
2026-07-13,zone,Ituri,Lolwa,60,https://ebola-tracker.org/reports/SITREP_MVE_060.pdf,,2,1,1,1,0,50.0,,,,,,,,,,,,,,,
2026-07-13,zone,Ituri,Mambasa,60,https://ebola-tracker.org/reports/SITREP_MVE_060.pdf,,5,0,1,4,0,80.0,,,,,,,,,,,,,,,
2026-07-13,zone,Ituri,Mandima,60,https://ebola-tracker.org/reports/SITREP_MVE_060.pdf,,8,0,1,3,0,37.5,,,,,,,,,,,,,,,
2026-07-13,zone,Ituri,Mangala,60,https://ebola-tracker.org/reports/SITREP_MVE_060.pdf,,50,0,1,29,0,58.0,,,,,,,,,,,,,,,
2026-07-13,zone,Ituri,Mongbwalu,60,https://ebola-tracker.org/reports/SITREP_MVE_060.pdf,,336,7,1,182,11,54.2,,,,,,,,,,,,,,,
2026-07-13,zone,Ituri,Nia-Nia,60,https://ebola-tracker.org/reports/SITREP_MVE_060.pdf,,36,1,1,7,-6,19.4,,,,,,,,,,,,,,,
2026-07-13,zone,Ituri,Nizi,60,https://ebola-tracker.org/reports/SITREP_MVE_060.pdf,,131,21,1,50,14,38.2,,,,,,,,,,,,,,,
2026-07-13,zone,Ituri,Nyankunde,60,https://ebola-tracker.org/reports/SITREP_MVE_060.pdf,,99,2,1,26,3,26.3,,,,,,,,,,,,,,,
2026-07-13,zone,Ituri,Rimba,60,https://ebola-tracker.org/reports/SITREP_MVE_060.pdf,,4,0,1,0,0,0.0,,,,,,,,,,,,,,,
2026-07-13,zone,Ituri,Rwampara,60,https://ebola-tracker.org/reports/SITREP_MVE_060.pdf,,405,21,1,95,6,23.5,,,,,,,,,,,,,,,
2026-07-13,zone,Ituri,Tchomia,60,https://ebola-tracker.org/reports/SITREP_MVE_060.pdf,,19,0,1,4,0,21.1,,,,,,,,,,,,,,,
2026-07-13,zone,Nord-Kivu,Beni,60,https://ebola-tracker.org/reports/SITREP_MVE_060.pdf,,31,1,1,20,0,64.5,,,,,,,,,,,,,,,
2026-07-13,zone,Nord-Kivu,Butembo,60,https://ebola-tracker.org/reports/SITREP_MVE_060.pdf,,46,2,1,22,2,47.8,,,,,,,,,,,,,,,
2026-07-13,zone,Nord-Kivu,Goma,60,https://ebola-tracker.org/reports/SITREP_MVE_060.pdf,,1,0,1,0,0,0.0,,,,,,,,,,,,,,,
2026-07-13,zone,Nord-Kivu,Kalunguta,60,https://ebola-tracker.org/reports/SITREP_MVE_060.pdf,,2,0,1,1,0,50.0,,,,,,,,,,,,,,,
2026-07-13,zone,Nord-Kivu,Katwa,60,https://ebola-tracker.org/reports/SITREP_MVE_060.pdf,,76,5,1,55,8,72.4,,,,,,,,,,,,,,,
2026-07-13,zone,Nord-Kivu,Kyondo,60,https://ebola-tracker.org/reports/SITREP_MVE_060.pdf,,7,0,1,3,0,42.9,,,,,,,,,,,,,,,
2026-07-13,zone,Nord-Kivu,Mabalako,60,https://ebola-tracker.org/reports/SITREP_MVE_060.pdf,,1,0,1,0,0,0.0,,,,,,,,,,,,,,,
2026-07-13,zone,Nord-Kivu,Masereka,60,https://ebola-tracker.org/reports/SITREP_MVE_060.pdf,,3,0,1,0,0,0.0,,,,,,,,,,,,,,,
2026-07-13,zone,Nord-Kivu,Musienene,60,https://ebola-tracker.org/reports/SITREP_MVE_060.pdf,,11,1,1,2,0,18.2,,,,,,,,,,,,,,,
2026-07-13,zone,Nord-Kivu,Oicha,60,https://ebola-tracker.org/reports/SITREP_MVE_060.pdf,,3,0,1,2,0,66.7,,,,,,,,,,,,,,,
2026-07-13,zone,Nord-Kivu,Vuhovi,60,https://ebola-tracker.org/reports/SITREP_MVE_060.pdf,,1,0,1,1,0,100.0,,,,,,,,,,,,,,,
2026-07-13,zone,Sud-Kivu,Miti-Murhesa,60,https://ebola-tracker.org/reports/SITREP_MVE_060.pdf,,3,0,1,1,0,33.3,,,,,,,,,,,,,,,
2026-07-13,zone,Tshopo,Lubunga,60,https://ebola-tracker.org/reports/SITREP_MVE_060.pdf,,1,0,1,1,1,100.0,,,,,,,,,,,,,,,
2026-07-13,zone,Tshopo,Makiso-Kisangani,60,https://ebola-tracker.org/reports/SITREP_MVE_060.pdf,,2,0,1,2,0,100.0,,,,,,,,,,,,,,,
2026-07-13,zone,Tshopo,Mangobo,60,https://ebola-tracker.org/reports/SITREP_MVE_060.pdf,,1,0,1,0,0,0.0,,,,,,,,,,,,,,,
2026-07-14,pays,,,61,https://ebola-tracker.org/reports/SITREP_MVE_061.pdf,,2073,62,1,796,42,38.4,,27,15,1132,418,262,62,23.7,732,,,12050,9235,76.6,
2026-07-14,province,Haut-Uélé,,61,https://ebola-tracker.org/reports/SITREP_MVE_061.pdf,,14,0,1,13,0,92.9,,,,12,11,,,,,,,,,,
2026-07-14,province,Ituri,,61,https://ebola-tracker.org/reports/SITREP_MVE_061.pdf,,1863,55,1,668,37,35.9,,23,14,385,318,152,55,36.2,544,,,9731,7142,73.4,
2026-07-14,province,Nord-Kivu,,61,https://ebola-tracker.org/reports/SITREP_MVE_061.pdf,,189,7,1,111,5,58.7,,4,1,725,79,110,7,6.4,188,,,2172,2001,92.0,
2026-07-14,province,Sud-Kivu,,61,https://ebola-tracker.org/reports/SITREP_MVE_061.pdf,,3,0,1,1,0,33.3,,,,,,,,,,,,,,,
2026-07-14,province,Tshopo,,61,https://ebola-tracker.org/reports/SITREP_MVE_061.pdf,,4,0,1,3,0,75.0,,,,10,10,,,,,,,147,92,62.5,
2026-07-14,zone,Haut-Uélé,Boma-Mangbetu,61,https://ebola-tracker.org/reports/SITREP_MVE_061.pdf,,2,0,1,1,0,50.0,,,,,,,,,,,,,,,
2026-07-14,zone,Haut-Uélé,Isiro,61,https://ebola-tracker.org/reports/SITREP_MVE_061.pdf,,1,0,1,1,0,100.0,,,,,,,,,,,,,,,
2026-07-14,zone,Haut-Uélé,Pawa,61,https://ebola-tracker.org/reports/SITREP_MVE_061.pdf,,3,0,1,3,0,100.0,,,,,,,,,,,,,,,
2026-07-14,zone,Haut-Uélé,Wamba,61,https://ebola-tracker.org/reports/SITREP_MVE_061.pdf,,8,0,1,8,0,100.0,,,,,,,,,,,,,,,
2026-07-14,zone,Ituri,Ariwara,61,https://ebola-tracker.org/reports/SITREP_MVE_061.pdf,,1,0,1,1,0,100.0,,,,,,,,,,,,,,,
2026-07-14,zone,Ituri,Aru,61,https://ebola-tracker.org/reports/SITREP_MVE_061.pdf,,3,0,1,1,0,33.3,,,,,,,,,,,,,,,
2026-07-14,zone,Ituri,Aungba,61,https://ebola-tracker.org/reports/SITREP_MVE_061.pdf,,6,0,1,2,0,33.3,,,,,,,,,,,,,,,
2026-07-14,zone,Ituri,Bambu,61,https://ebola-tracker.org/reports/SITREP_MVE_061.pdf,,31,0,1,10,0,32.3,,,,,,,,,,,,,,,
2026-07-14,zone,Ituri,Boga,61,https://ebola-tracker.org/reports/SITREP_MVE_061.pdf,,1,0,1,1,0,100.0,,,,,,,,,,,,,,,
2026-07-14,zone,Ituri,Bunia,61,https://ebola-tracker.org/reports/SITREP_MVE_061.pdf,,556,22,1,185,13,33.3,,,,,,,,,,,,,,,
2026-07-14,zone,Ituri,Damas,61,https://ebola-tracker.org/reports/SITREP_MVE_061.pdf,,5,0,1,0,0,0.0,,,,,,,,,,,,,,,
2026-07-14,zone,Ituri,Drodro,61,https://ebola-tracker.org/reports/SITREP_MVE_061.pdf,,5,0,1,3,0,60.0,,,,,,,,,,,,,,,
2026-07-14,zone,Ituri,Fataki,61,https://ebola-tracker.org/reports/SITREP_MVE_061.pdf,,6,1,1,5,1,83.3,,,,,,,,,,,,,,,
2026-07-14,zone,Ituri,Gethy,61,https://ebola-tracker.org/reports/SITREP_MVE_061.pdf,,1,0,1,0,0,0.0,,,,,,,,,,,,,,,
2026-07-14,zone,Ituri,Kambala,61,https://ebola-tracker.org/reports/SITREP_MVE_061.pdf,,2,0,1,2,0,100.0,,,,,,,,,,,,,,,
2026-07-14,zone,Ituri,Kilo,61,https://ebola-tracker.org/reports/SITREP_MVE_061.pdf,,9,0,1,1,0,11.1,,,,,,,,,,,,,,,
2026-07-14,zone,Ituri,Komanda,61,https://ebola-tracker.org/reports/SITREP_MVE_061.pdf,,27,0,1,10,0,37.0,,,,,,,,,,,,,,,
2026-07-14,zone,Ituri,Lita,61,https://ebola-tracker.org/reports/SITREP_MVE_061.pdf,,64,5,1,23,0,35.9,,,,,,,,,,,,,,,
2026-07-14,zone,Ituri,Logo,61,https://ebola-tracker.org/reports/SITREP_MVE_061.pdf,,7,0,1,0,0,0.0,,,,,,,,,,,,,,,
2026-07-14,zone,Ituri,Lolwa,61,https://ebola-tracker.org/reports/SITREP_MVE_061.pdf,,2,0,1,1,0,50.0,,,,,,,,,,,,,,,
2026-07-14,zone,Ituri,Mambasa,61,https://ebola-tracker.org/reports/SITREP_MVE_061.pdf,,5,0,1,4,0,80.0,,,,,,,,,,,,,,,
2026-07-14,zone,Ituri,Mandima,61,https://ebola-tracker.org/reports/SITREP_MVE_061.pdf,,9,1,1,4,1,44.4,,,,,,,,,,,,,,,
2026-07-14,zone,Ituri,Mangala,61,https://ebola-tracker.org/reports/SITREP_MVE_061.pdf,,50,0,1,29,0,58.0,,,,,,,,,,,,,,,
2026-07-14,zone,Ituri,Mongbwalu,61,https://ebola-tracker.org/reports/SITREP_MVE_061.pdf,,342,6,1,188,6,55.0,,,,,,,,,,,,,,,
2026-07-14,zone,Ituri,Nia-Nia,61,https://ebola-tracker.org/reports/SITREP_MVE_061.pdf,,41,5,1,9,2,22.0,,,,,,,,,,,,,,,
2026-07-14,zone,Ituri,Nizi,61,https://ebola-tracker.org/reports/SITREP_MVE_061.pdf,,139,8,1,58,8,41.7,,,,,,,,,,,,,,,
2026-07-14,zone,Ituri,Nyankunde,61,https://ebola-tracker.org/reports/SITREP_MVE_061.pdf,,99,0,1,26,0,26.3,,,,,,,,,,,,,,,
2026-07-14,zone,Ituri,Rimba,61,https://ebola-tracker.org/reports/SITREP_MVE_061.pdf,,4,0,1,0,0,0.0,,,,,,,,,,,,,,,
2026-07-14,zone,Ituri,Rwampara,61,https://ebola-tracker.org/reports/SITREP_MVE_061.pdf,,412,7,1,101,6,24.5,,,,,,,,,,,,,,,
2026-07-14,zone,Ituri,Tchomia,61,https://ebola-tracker.org/reports/SITREP_MVE_061.pdf,,19,0,1,4,0,21.1,,,,,,,,,,,,,,,
2026-07-14,zone,Nord-Kivu,Beni,61,https://ebola-tracker.org/reports/SITREP_MVE_061.pdf,,31,0,1,20,0,64.5,,,,,,,,,,,,,,,
2026-07-14,zone,Nord-Kivu,Butembo,61,https://ebola-tracker.org/reports/SITREP_MVE_061.pdf,,49,3,1,24,2,49.0,,,,,,,,,,,,,,,
2026-07-14,zone,Nord-Kivu,Goma,61,https://ebola-tracker.org/reports/SITREP_MVE_061.pdf,,1,0,1,0,0,0.0,,,,,,,,,,,,,,,
2026-07-14,zone,Nord-Kivu,Kalunguta,61,https://ebola-tracker.org/reports/SITREP_MVE_061.pdf,,2,0,1,1,0,50.0,,,,,,,,,,,,,,,
2026-07-14,zone,Nord-Kivu,Katwa,61,https://ebola-tracker.org/reports/SITREP_MVE_061.pdf,,78,2,1,56,1,71.8,,,,,,,,,,,,,,,
2026-07-14,zone,Nord-Kivu,Kyondo,61,https://ebola-tracker.org/reports/SITREP_MVE_061.pdf,,7,0,1,3,0,42.9,,,,,,,,,,,,,,,
2026-07-14,zone,Nord-Kivu,Mabalako,61,https://ebola-tracker.org/reports/SITREP_MVE_061.pdf,,1,0,1,0,0,0.0,,,,,,,,,,,,,,,
2026-07-14,zone,Nord-Kivu,Masereka,61,https://ebola-tracker.org/reports/SITREP_MVE_061.pdf,,3,0,1,0,0,0.0,,,,,,,,,,,,,,,
2026-07-14,zone,Nord-Kivu,Musienene,61,https://ebola-tracker.org/reports/SITREP_MVE_061.pdf,,13,2,1,3,1,23.1,,,,,,,,,,,,,,,
2026-07-14,zone,Nord-Kivu,Oicha,61,https://ebola-tracker.org/reports/SITREP_MVE_061.pdf,,3,0,1,3,1,100.0,,,,,,,,,,,,,,,
2026-07-14,zone,Nord-Kivu,Vuhovi,61,https://ebola-tracker.org/reports/SITREP_MVE_061.pdf,,1,0,1,1,0,100.0,,,,,,,,,,,,,,,
2026-07-14,zone,Sud-Kivu,Miti-Murhesa,61,https://ebola-tracker.org/reports/SITREP_MVE_061.pdf,,3,0,1,1,0,33.3,,,,,,,,,,,,,,,
2026-07-14,zone,Tshopo,Lubunga,61,https://ebola-tracker.org/reports/SITREP_MVE_061.pdf,,1,0,1,1,0,100.0,,,,,,,,,,,,,,,
2026-07-14,zone,Tshopo,Makiso-Kisangani,61,https://ebola-tracker.org/reports/SITREP_MVE_061.pdf,,2,0,1,2,0,100.0,,,,,,,,,,,,,,,
2026-07-14,zone,Tshopo,Mangobo,61,https://ebola-tracker.org/reports/SITREP_MVE_061.pdf,,1,0,1,0,0,0.0,,,,,,,,,,,,,,,
2026-07-15,pays,,,62,https://ebola-tracker.org/reports/SITREP_MVE_062.pdf,,2124,51,1,828,32,39.0,,24,8,1167,389,315,51,16.2,720,834,86.3,12693,10195,80.3,
2026-07-15,province,Haut-Uélé,,62,https://ebola-tracker.org/reports/SITREP_MVE_062.pdf,,14,0,1,13,0,92.9,,,,,,,,,,,,,,,
2026-07-15,province,Ituri,,62,https://ebola-tracker.org/reports/SITREP_MVE_062.pdf,,1904,41,1,692,24,36.3,,16,8,467,282,186,41,22.0,549,693,79.2,10183,7957,78.1,
2026-07-15,province,Nord-Kivu,,62,https://ebola-tracker.org/reports/SITREP_MVE_062.pdf,,199,10,1,119,8,59.8,,8,0,696,68,129,10,7.8,171,141,121.3,2360,2163,91.7,
2026-07-15,province,Sud-Kivu,,62,https://ebola-tracker.org/reports/SITREP_MVE_062.pdf,,3,0,1,1,0,33.3,,,,,,,,,,,,,,,
2026-07-15,province,Tshopo,,62,https://ebola-tracker.org/reports/SITREP_MVE_062.pdf,,4,0,1,3,0,75.0,,,,4,39,,,,,,,150,75,50.0,
2026-07-15,zone,Haut-Uélé,Boma-Mangbetu,62,https://ebola-tracker.org/reports/SITREP_MVE_062.pdf,,2,0,1,1,0,50.0,,,,,,,,,,,,,,,
2026-07-15,zone,Haut-Uélé,Isiro,62,https://ebola-tracker.org/reports/SITREP_MVE_062.pdf,,1,0,1,1,0,100.0,,,,,,,,,,,,,,,
2026-07-15,zone,Haut-Uélé,Pawa,62,https://ebola-tracker.org/reports/SITREP_MVE_062.pdf,,3,0,1,3,0,100.0,,,,,,,,,,,,,,,
2026-07-15,zone,Haut-Uélé,Wamba,62,https://ebola-tracker.org/reports/SITREP_MVE_062.pdf,,8,0,1,8,0,100.0,,,,,,,,,,,,,,,
2026-07-15,zone,Ituri,Ariwara,62,https://ebola-tracker.org/reports/SITREP_MVE_062.pdf,,1,0,1,1,0,100.0,,,,,,,,,,,,,,,
2026-07-15,zone,Ituri,Aru,62,https://ebola-tracker.org/reports/SITREP_MVE_062.pdf,,3,0,1,1,0,33.3,,,,,,,,,,,,,,,
2026-07-15,zone,Ituri,Aungba,62,https://ebola-tracker.org/reports/SITREP_MVE_062.pdf,,6,0,1,2,0,33.3,,,,,,,,,,,,,,,
2026-07-15,zone,Ituri,Bambu,62,https://ebola-tracker.org/reports/SITREP_MVE_062.pdf,,31,0,1,11,1,35.5,,,,,,,,,,,,,,,
2026-07-15,zone,Ituri,Boga,62,https://ebola-tracker.org/reports/SITREP_MVE_062.pdf,,1,0,1,1,0,100.0,,,,,,,,,,,,,,,
2026-07-15,zone,Ituri,Bunia,62,https://ebola-tracker.org/reports/SITREP_MVE_062.pdf,,570,14,1,191,6,33.5,,,,,,,,,,,,,,,
2026-07-15,zone,Ituri,Damas,62,https://ebola-tracker.org/reports/SITREP_MVE_062.pdf,,7,2,1,0,0,0.0,,,,,,,,,,,,,,,
2026-07-15,zone,Ituri,Drodro,62,https://ebola-tracker.org/reports/SITREP_MVE_062.pdf,,5,0,1,3,0,60.0,,,,,,,,,,,,,,,
2026-07-15,zone,Ituri,Fataki,62,https://ebola-tracker.org/reports/SITREP_MVE_062.pdf,,6,0,1,5,0,83.3,,,,,,,,,,,,,,,
2026-07-15,zone,Ituri,Gethy,62,https://ebola-tracker.org/reports/SITREP_MVE_062.pdf,,1,0,1,0,0,0.0,,,,,,,,,,,,,,,
2026-07-15,zone,Ituri,Kambala,62,https://ebola-tracker.org/reports/SITREP_MVE_062.pdf,,2,0,1,2,0,100.0,,,,,,,,,,,,,,,
2026-07-15,zone,Ituri,Kilo,62,https://ebola-tracker.org/reports/SITREP_MVE_062.pdf,,10,1,1,2,1,20.0,,,,,,,,,,,,,,,
2026-07-15,zone,Ituri,Komanda,62,https://ebola-tracker.org/reports/SITREP_MVE_062.pdf,,27,0,1,10,0,37.0,,,,,,,,,,,,,,,
2026-07-15,zone,Ituri,Lita,62,https://ebola-tracker.org/reports/SITREP_MVE_062.pdf,,66,2,1,23,0,34.8,,,,,,,,,,,,,,,
2026-07-15,zone,Ituri,Logo,62,https://ebola-tracker.org/reports/SITREP_MVE_062.pdf,,7,0,1,0,0,0.0,,,,,,,,,,,,,,,
2026-07-15,zone,Ituri,Lolwa,62,https://ebola-tracker.org/reports/SITREP_MVE_062.pdf,,2,0,1,1,0,50.0,,,,,,,,,,,,,,,
2026-07-15,zone,Ituri,Mahagi,62,https://ebola-tracker.org/reports/SITREP_MVE_062.pdf,,1,,,0,,0.0,,,,,,,,,,,,,,,
2026-07-15,zone,Ituri,Mambasa,62,https://ebola-tracker.org/reports/SITREP_MVE_062.pdf,,5,0,1,4,0,80.0,,,,,,,,,,,,,,,
2026-07-15,zone,Ituri,Mandima,62,https://ebola-tracker.org/reports/SITREP_MVE_062.pdf,,9,0,1,4,0,44.4,,,,,,,,,,,,,,,
2026-07-15,zone,Ituri,Mangala,62,https://ebola-tracker.org/reports/SITREP_MVE_062.pdf,,50,0,1,29,0,58.0,,,,,,,,,,,,,,,
2026-07-15,zone,Ituri,Mongbwalu,62,https://ebola-tracker.org/reports/SITREP_MVE_062.pdf,,347,5,1,192,4,55.3,,,,,,,,,,,,,,,
2026-07-15,zone,Ituri,Nia-Nia,62,https://ebola-tracker.org/reports/SITREP_MVE_062.pdf,,42,1,1,9,0,21.4,,,,,,,,,,,,,,,
2026-07-15,zone,Ituri,Nizi,62,https://ebola-tracker.org/reports/SITREP_MVE_062.pdf,,148,9,1,67,9,45.3,,,,,,,,,,,,,,,
2026-07-15,zone,Ituri,Nyankunde,62,https://ebola-tracker.org/reports/SITREP_MVE_062.pdf,,99,0,1,26,0,26.3,,,,,,,,,,,,,,,
2026-07-15,zone,Ituri,Rimba,62,https://ebola-tracker.org/reports/SITREP_MVE_062.pdf,,4,0,1,0,0,0.0,,,,,,,,,,,,,,,
2026-07-15,zone,Ituri,Rwampara,62,https://ebola-tracker.org/reports/SITREP_MVE_062.pdf,,418,6,1,104,3,24.9,,,,,,,,,,,,,,,
2026-07-15,zone,Ituri,Tchomia,62,https://ebola-tracker.org/reports/SITREP_MVE_062.pdf,,19,0,1,4,0,21.1,,,,,,,,,,,,,,,
2026-07-15,zone,Nord-Kivu,Beni,62,https://ebola-tracker.org/reports/SITREP_MVE_062.pdf,,33,2,1,22,2,66.7,,,,,,,,,,,,,,,
2026-07-15,zone,Nord-Kivu,Butembo,62,https://ebola-tracker.org/reports/SITREP_MVE_062.pdf,,52,3,1,26,2,50.0,,,,,,,,,,,,,,,
2026-07-15,zone,Nord-Kivu,Goma,62,https://ebola-tracker.org/reports/SITREP_MVE_062.pdf,,1,0,1,0,0,0.0,,,,,,,,,,,,,,,
2026-07-15,zone,Nord-Kivu,Kalunguta,62,https://ebola-tracker.org/reports/SITREP_MVE_062.pdf,,2,0,1,1,0,50.0,,,,,,,,,,,,,,,
2026-07-15,zone,Nord-Kivu,Katwa,62,https://ebola-tracker.org/reports/SITREP_MVE_062.pdf,,82,4,1,59,3,72.0,,,,,,,,,,,,,,,
2026-07-15,zone,Nord-Kivu,Kyondo,62,https://ebola-tracker.org/reports/SITREP_MVE_062.pdf,,7,0,1,3,0,42.9,,,,,,,,,,,,,,,
2026-07-15,zone,Nord-Kivu,Mabalako,62,https://ebola-tracker.org/reports/SITREP_MVE_062.pdf,,1,0,1,0,0,0.0,,,,,,,,,,,,,,,
2026-07-15,zone,Nord-Kivu,Masereka,62,https://ebola-tracker.org/reports/SITREP_MVE_062.pdf,,3,0,1,0,0,0.0,,,,,,,,,,,,,,,
2026-07-15,zone,Nord-Kivu,Musienene,62,https://ebola-tracker.org/reports/SITREP_MVE_062.pdf,,14,1,1,4,1,28.6,,,,,,,,,,,,,,,
2026-07-15,zone,Nord-Kivu,Oicha,62,https://ebola-tracker.org/reports/SITREP_MVE_062.pdf,,3,0,1,3,0,100.0,,,,,,,,,,,,,,,
2026-07-15,zone,Nord-Kivu,Vuhovi,62,https://ebola-tracker.org/reports/SITREP_MVE_062.pdf,,1,0,1,1,0,100.0,,,,,,,,,,,,,,,
2026-07-15,zone,Sud-Kivu,Miti-Murhesa,62,https://ebola-tracker.org/reports/SITREP_MVE_062.pdf,,3,0,1,1,0,33.3,,,,,,,,,,,,,,,
2026-07-15,zone,Tshopo,Lubunga,62,https://ebola-tracker.org/reports/SITREP_MVE_062.pdf,,1,0,1,1,0,100.0,,,,,,,,,,,,,,,
2026-07-15,zone,Tshopo,Makiso-Kisangani,62,https://ebola-tracker.org/reports/SITREP_MVE_062.pdf,,2,0,1,2,0,100.0,,,,,,,,,,,,,,,
2026-07-15,zone,Tshopo,Mangobo,62,https://ebola-tracker.org/reports/SITREP_MVE_062.pdf,,1,0,1,0,0,0.0,,,,,,,,,,,,,,,
2026-07-17,pays,,,64,https://ebola-tracker.org/reports/SITREP_MVE_064.pdf,,2267,143,2,893,65,39.4,,14,11,1183,236,330,83,25.2,722,841,85.9,11820,9886,83.64,
2026-07-17,province,Haut-Uélé,,64,https://ebola-tracker.org/reports/SITREP_MVE_064.pdf,,22,8,2,13,0,59.1,,,,4,4,,,,,,,,,,
2026-07-17,province,Ituri,,64,https://ebola-tracker.org/reports/SITREP_MVE_064.pdf,,2023,119,2,745,53,36.8,,14,11,437,170,211,75,35.5,548,700,78.3,8660,7192,83.05,
2026-07-17,province,Nord-Kivu,,64,https://ebola-tracker.org/reports/SITREP_MVE_064.pdf,,214,15,2,130,11,60.7,,,,741,61,119,8,6.7,174,141,123.4,3008,2618,87.03,
2026-07-17,province,Sud-Kivu,,64,https://ebola-tracker.org/reports/SITREP_MVE_064.pdf,,3,0,2,1,0,33.3,,,,,,,,,,,,,,,
2026-07-17,province,Tshopo,,64,https://ebola-tracker.org/reports/SITREP_MVE_064.pdf,,5,1,2,4,1,80.0,,,,1,1,,,,,,,152,76,50.0,
2026-07-17,zone,Haut-Uélé,Boma-Mangbetu,64,https://ebola-tracker.org/reports/SITREP_MVE_064.pdf,,2,0,2,1,0,50.0,,,,,,,,,,,,,,,
2026-07-17,zone,Haut-Uélé,Isiro,64,https://ebola-tracker.org/reports/SITREP_MVE_064.pdf,,1,0,2,1,0,100.0,,,,,,,,,,,,,,,
2026-07-17,zone,Haut-Uélé,Pawa,64,https://ebola-tracker.org/reports/SITREP_MVE_064.pdf,,3,0,2,3,0,100.0,,,,,,,,,,,,,,,
2026-07-17,zone,Haut-Uélé,Wamba,64,https://ebola-tracker.org/reports/SITREP_MVE_064.pdf,,16,8,2,8,0,50.0,,,,,,,,,,,,,,,
2026-07-17,zone,Ituri,Ariwara,64,https://ebola-tracker.org/reports/SITREP_MVE_064.pdf,,6,5,2,1,0,16.7,,,,,,,,,,,,,,,
2026-07-17,zone,Ituri,Aru,64,https://ebola-tracker.org/reports/SITREP_MVE_064.pdf,,4,1,2,1,0,25.0,,,,,,,,,,,,,,,
2026-07-17,zone,Ituri,Aungba,64,https://ebola-tracker.org/reports/SITREP_MVE_064.pdf,,6,0,2,2,0,33.3,,,,,,,,,,,,,,,
2026-07-17,zone,Ituri,Bambu,64,https://ebola-tracker.org/reports/SITREP_MVE_064.pdf,,36,5,2,12,1,33.3,,,,,,,,,,,,,,,
2026-07-17,zone,Ituri,Boga,64,https://ebola-tracker.org/reports/SITREP_MVE_064.pdf,,1,0,2,1,0,100.0,,,,,,,,,,,,,,,
2026-07-17,zone,Ituri,Bunia,64,https://ebola-tracker.org/reports/SITREP_MVE_064.pdf,,606,36,2,197,6,32.5,,,,,,,,,,,,,,,
2026-07-17,zone,Ituri,Damas,64,https://ebola-tracker.org/reports/SITREP_MVE_064.pdf,,7,0,2,0,0,0.0,,,,,,,,,,,,,,,
2026-07-17,zone,Ituri,Drodro,64,https://ebola-tracker.org/reports/SITREP_MVE_064.pdf,,5,0,2,3,0,60.0,,,,,,,,,,,,,,,
2026-07-17,zone,Ituri,Fataki,64,https://ebola-tracker.org/reports/SITREP_MVE_064.pdf,,9,3,2,6,1,66.7,,,,,,,,,,,,,,,
2026-07-17,zone,Ituri,Gethy,64,https://ebola-tracker.org/reports/SITREP_MVE_064.pdf,,1,0,2,0,0,0.0,,,,,,,,,,,,,,,
2026-07-17,zone,Ituri,Kambala,64,https://ebola-tracker.org/reports/SITREP_MVE_064.pdf,,2,0,2,2,0,100.0,,,,,,,,,,,,,,,
2026-07-17,zone,Ituri,Kilo,64,https://ebola-tracker.org/reports/SITREP_MVE_064.pdf,,11,1,2,3,1,27.3,,,,,,,,,,,,,,,
2026-07-17,zone,Ituri,Komanda,64,https://ebola-tracker.org/reports/SITREP_MVE_064.pdf,,27,0,2,10,0,37.0,,,,,,,,,,,,,,,
2026-07-17,zone,Ituri,Lita,64,https://ebola-tracker.org/reports/SITREP_MVE_064.pdf,,77,11,2,27,4,35.1,,,,,,,,,,,,,,,
2026-07-17,zone,Ituri,Logo,64,https://ebola-tracker.org/reports/SITREP_MVE_064.pdf,,7,0,2,1,1,14.3,,,,,,,,,,,,,,,
2026-07-17,zone,Ituri,Lolwa,64,https://ebola-tracker.org/reports/SITREP_MVE_064.pdf,,2,0,2,1,0,50.0,,,,,,,,,,,,,,,
2026-07-17,zone,Ituri,Mahagi,64,https://ebola-tracker.org/reports/SITREP_MVE_064.pdf,,1,0,2,0,0,0.0,,,,,,,,,,,,,,,
2026-07-17,zone,Ituri,Mambasa,64,https://ebola-tracker.org/reports/SITREP_MVE_064.pdf,,8,3,2,5,1,62.5,,,,,,,,,,,,,,,
2026-07-17,zone,Ituri,Mandima,64,https://ebola-tracker.org/reports/SITREP_MVE_064.pdf,,9,0,2,4,0,44.4,,,,,,,,,,,,,,,
2026-07-17,zone,Ituri,Mangala,64,https://ebola-tracker.org/reports/SITREP_MVE_064.pdf,,56,6,2,33,4,58.9,,,,,,,,,,,,,,,
2026-07-17,zone,Ituri,Mongbwalu,64,https://ebola-tracker.org/reports/SITREP_MVE_064.pdf,,355,8,2,196,4,55.2,,,,,,,,,,,,,,,
2026-07-17,zone,Ituri,Nia-Nia,64,https://ebola-tracker.org/reports/SITREP_MVE_064.pdf,,47,5,2,12,3,25.5,,,,,,,,,,,,,,,
2026-07-17,zone,Ituri,Nizi,64,https://ebola-tracker.org/reports/SITREP_MVE_064.pdf,,168,20,2,79,12,47.0,,,,,,,,,,,,,,,
2026-07-17,zone,Ituri,Nyankunde,64,https://ebola-tracker.org/reports/SITREP_MVE_064.pdf,,99,0,2,28,2,28.3,,,,,,,,,,,,,,,
2026-07-17,zone,Ituri,Rimba,64,https://ebola-tracker.org/reports/SITREP_MVE_064.pdf,,5,1,2,0,0,0.0,,,,,,,,,,,,,,,
2026-07-17,zone,Ituri,Rwampara,64,https://ebola-tracker.org/reports/SITREP_MVE_064.pdf,,430,12,2,116,12,27.0,,,,,,,,,,,,,,,
2026-07-17,zone,Ituri,Tchomia,64,https://ebola-tracker.org/reports/SITREP_MVE_064.pdf,,21,2,2,5,1,23.8,,,,,,,,,,,,,,,
2026-07-17,zone,Nord-Kivu,Beni,64,https://ebola-tracker.org/reports/SITREP_MVE_064.pdf,,34,1,2,24,2,70.6,,,,,,,,,,,,,,,
2026-07-17,zone,Nord-Kivu,Butembo,64,https://ebola-tracker.org/reports/SITREP_MVE_064.pdf,,55,3,2,27,1,49.1,,,,,,,,,,,,,,,
2026-07-17,zone,Nord-Kivu,Goma,64,https://ebola-tracker.org/reports/SITREP_MVE_064.pdf,,1,0,2,0,0,0.0,,,,,,,,,,,,,,,
2026-07-17,zone,Nord-Kivu,Kalunguta,64,https://ebola-tracker.org/reports/SITREP_MVE_064.pdf,,2,0,2,1,0,50.0,,,,,,,,,,,,,,,
2026-07-17,zone,Nord-Kivu,Katwa,64,https://ebola-tracker.org/reports/SITREP_MVE_064.pdf,,92,10,2,67,8,72.8,,,,,,,,,,,,,,,
2026-07-17,zone,Nord-Kivu,Kyondo,64,https://ebola-tracker.org/reports/SITREP_MVE_064.pdf,,8,1,2,4,1,50.0,,,,,,,,,,,,,,,
2026-07-17,zone,Nord-Kivu,Mabalako,64,https://ebola-tracker.org/reports/SITREP_MVE_064.pdf,,1,0,2,0,0,0.0,,,,,,,,,,,,,,,
2026-07-17,zone,Nord-Kivu,Masereka,64,https://ebola-tracker.org/reports/SITREP_MVE_064.pdf,,3,0,2,0,0,0.0,,,,,,,,,,,,,,,
2026-07-17,zone,Nord-Kivu,Musienene,64,https://ebola-tracker.org/reports/SITREP_MVE_064.pdf,,14,0,2,3,-1,21.4,,,,,,,,,,,,,,,
2026-07-17,zone,Nord-Kivu,Oicha,64,https://ebola-tracker.org/reports/SITREP_MVE_064.pdf,,3,0,2,3,0,100.0,,,,,,,,,,,,,,,
2026-07-17,zone,Nord-Kivu,Vuhovi,64,https://ebola-tracker.org/reports/SITREP_MVE_064.pdf,,1,0,2,1,0,100.0,,,,,,,,,,,,,,,
2026-07-17,zone,Sud-Kivu,Miti-Murhesa,64,https://ebola-tracker.org/reports/SITREP_MVE_064.pdf,,3,0,2,1,0,33.3,,,,,,,,,,,,,,,
2026-07-17,zone,Tshopo,Lubunga,64,https://ebola-tracker.org/reports/SITREP_MVE_064.pdf,,1,0,2,0,-1,0.0,,,,,,,,,,,,,,,
2026-07-17,zone,Tshopo,Makiso-Kisangani,64,https://ebola-tracker.org/reports/SITREP_MVE_064.pdf,,3,1,2,3,1,100.0,,,,,,,,,,,,,,,
2026-07-17,zone,Tshopo,Mangobo,64,https://ebola-tracker.org/reports/SITREP_MVE_064.pdf,,1,0,2,1,1,100.0,,,,,,,,,,,,,,,
2026-07-18,pays,,,65,https://ebola-tracker.org/reports/SITREP_MVE_065.pdf,,2344,77,1,930,37,39.7,,30,10,864,192,294,83,28.2,724,857,84.5,12251,10517,85.8,
2026-07-18,province,Haut-Uélé,,65,https://ebola-tracker.org/reports/SITREP_MVE_065.pdf,,16,-6,1,10,-3,62.5,,,,0,4,,,,,,,,,,
2026-07-18,province,Ituri,,65,https://ebola-tracker.org/reports/SITREP_MVE_065.pdf,,2090,67,1,776,31,37.1,,22,9,336,128,167,67,40.1,539,706,76.3,9285,7886,84.9,
2026-07-18,province,Nord-Kivu,,65,https://ebola-tracker.org/reports/SITREP_MVE_065.pdf,,230,16,1,139,9,60.4,,8,1,525,57,127,16,12.6,181,141,128.4,2888,2553,88.4,
2026-07-18,province,Sud-Kivu,,65,https://ebola-tracker.org/reports/SITREP_MVE_065.pdf,,3,0,1,1,0,33.3,,,,,,,,,,,,,,,
2026-07-18,province,Tshopo,,65,https://ebola-tracker.org/reports/SITREP_MVE_065.pdf,,5,0,1,4,0,80.0,,,,3,3,,,,4,10,40.0,78,78,100.0,
2026-07-18,zone,Haut-Uélé,Boma-Mangbetu,65,https://ebola-tracker.org/reports/SITREP_MVE_065.pdf,,4,2,1,2,1,50.0,,,,,,,,,,,,,,,
2026-07-18,zone,Haut-Uélé,Isiro,65,https://ebola-tracker.org/reports/SITREP_MVE_065.pdf,,3,2,1,2,1,66.7,,,,,,,,,,,,,,,
2026-07-18,zone,Haut-Uélé,Pawa,65,https://ebola-tracker.org/reports/SITREP_MVE_065.pdf,,3,0,1,3,0,100.0,,,,,,,,,,,,,,,
2026-07-18,zone,Haut-Uélé,Wamba,65,https://ebola-tracker.org/reports/SITREP_MVE_065.pdf,,6,-10,1,3,-5,50.0,,,,,,,,,,,,,,,
2026-07-18,zone,Ituri,Ariwara,65,https://ebola-tracker.org/reports/SITREP_MVE_065.pdf,,6,0,1,1,0,16.7,,,,,,,,,,,,,,,
2026-07-18,zone,Ituri,Aru,65,https://ebola-tracker.org/reports/SITREP_MVE_065.pdf,,4,0,1,1,0,25.0,,,,,,,,,,,,,,,
2026-07-18,zone,Ituri,Aungba,65,https://ebola-tracker.org/reports/SITREP_MVE_065.pdf,,6,0,1,2,0,33.3,,,,,,,,,,,,,,,
2026-07-18,zone,Ituri,Bambu,65,https://ebola-tracker.org/reports/SITREP_MVE_065.pdf,,36,0,1,12,0,33.3,,,,,,,,,,,,,,,
2026-07-18,zone,Ituri,Boga,65,https://ebola-tracker.org/reports/SITREP_MVE_065.pdf,,1,0,1,1,0,100.0,,,,,,,,,,,,,,,
2026-07-18,zone,Ituri,Bunia,65,https://ebola-tracker.org/reports/SITREP_MVE_065.pdf,,621,15,1,202,5,32.5,,,,,,,,,,,,,,,
2026-07-18,zone,Ituri,Damas,65,https://ebola-tracker.org/reports/SITREP_MVE_065.pdf,,7,0,1,0,0,0.0,,,,,,,,,,,,,,,
2026-07-18,zone,Ituri,Drodro,65,https://ebola-tracker.org/reports/SITREP_MVE_065.pdf,,5,0,1,3,0,60.0,,,,,,,,,,,,,,,
2026-07-18,zone,Ituri,Fataki,65,https://ebola-tracker.org/reports/SITREP_MVE_065.pdf,,11,2,1,7,1,63.6,,,,,,,,,,,,,,,
2026-07-18,zone,Ituri,Gethy,65,https://ebola-tracker.org/reports/SITREP_MVE_065.pdf,,1,0,1,0,0,0.0,,,,,,,,,,,,,,,
2026-07-18,zone,Ituri,Kambala,65,https://ebola-tracker.org/reports/SITREP_MVE_065.pdf,,2,0,1,2,0,100.0,,,,,,,,,,,,,,,
2026-07-18,zone,Ituri,Kilo,65,https://ebola-tracker.org/reports/SITREP_MVE_065.pdf,,11,0,1,3,0,27.3,,,,,,,,,,,,,,,
2026-07-18,zone,Ituri,Komanda,65,https://ebola-tracker.org/reports/SITREP_MVE_065.pdf,,27,0,1,10,0,37.0,,,,,,,,,,,,,,,
2026-07-18,zone,Ituri,Lita,65,https://ebola-tracker.org/reports/SITREP_MVE_065.pdf,,77,0,1,27,0,35.1,,,,,,,,,,,,,,,
2026-07-18,zone,Ituri,Logo,65,https://ebola-tracker.org/reports/SITREP_MVE_065.pdf,,7,0,1,1,0,14.3,,,,,,,,,,,,,,,
2026-07-18,zone,Ituri,Lolwa,65,https://ebola-tracker.org/reports/SITREP_MVE_065.pdf,,2,0,1,1,0,50.0,,,,,,,,,,,,,,,
2026-07-18,zone,Ituri,Mahagi,65,https://ebola-tracker.org/reports/SITREP_MVE_065.pdf,,1,0,1,0,0,0.0,,,,,,,,,,,,,,,
2026-07-18,zone,Ituri,Mambasa,65,https://ebola-tracker.org/reports/SITREP_MVE_065.pdf,,8,0,1,6,1,75.0,,,,,,,,,,,,,,,
2026-07-18,zone,Ituri,Mandima,65,https://ebola-tracker.org/reports/SITREP_MVE_065.pdf,,9,0,1,4,0,44.4,,,,,,,,,,,,,,,
2026-07-18,zone,Ituri,Mangala,65,https://ebola-tracker.org/reports/SITREP_MVE_065.pdf,,58,2,1,35,2,60.3,,,,,,,,,,,,,,,
2026-07-18,zone,Ituri,Mongbwalu,65,https://ebola-tracker.org/reports/SITREP_MVE_065.pdf,,360,5,1,199,3,55.3,,,,,,,,,,,,,,,
2026-07-18,zone,Ituri,Nia-Nia,65,https://ebola-tracker.org/reports/SITREP_MVE_065.pdf,,49,2,1,15,3,30.6,,,,,,,,,,,,,,,
2026-07-18,zone,Ituri,Nizi,65,https://ebola-tracker.org/reports/SITREP_MVE_065.pdf,,198,30,1,87,8,43.9,,,,,,,,,,,,,,,
2026-07-18,zone,Ituri,Nyankunde,65,https://ebola-tracker.org/reports/SITREP_MVE_065.pdf,,99,0,1,28,0,28.3,,,,,,,,,,,,,,,
2026-07-18,zone,Ituri,Rimba,65,https://ebola-tracker.org/reports/SITREP_MVE_065.pdf,,5,0,1,0,0,0.0,,,,,,,,,,,,,,,
2026-07-18,zone,Ituri,Rwampara,65,https://ebola-tracker.org/reports/SITREP_MVE_065.pdf,,440,10,1,124,8,28.2,,,,,,,,,,,,,,,
2026-07-18,zone,Ituri,Tchomia,65,https://ebola-tracker.org/reports/SITREP_MVE_065.pdf,,22,1,1,5,0,22.7,,,,,,,,,,,,,,,
2026-07-18,zone,Nord-Kivu,Beni,65,https://ebola-tracker.org/reports/SITREP_MVE_065.pdf,,37,3,1,25,1,67.6,,,,,,,,,,,,,,,
2026-07-18,zone,Nord-Kivu,Butembo,65,https://ebola-tracker.org/reports/SITREP_MVE_065.pdf,,57,2,1,29,2,50.9,,,,,,,,,,,,,,,
2026-07-18,zone,Nord-Kivu,Goma,65,https://ebola-tracker.org/reports/SITREP_MVE_065.pdf,,1,0,1,0,0,0.0,,,,,,,,,,,,,,,
2026-07-18,zone,Nord-Kivu,Kalunguta,65,https://ebola-tracker.org/reports/SITREP_MVE_065.pdf,,2,0,1,1,0,50.0,,,,,,,,,,,,,,,
2026-07-18,zone,Nord-Kivu,Katwa,65,https://ebola-tracker.org/reports/SITREP_MVE_065.pdf,,98,6,1,71,4,72.4,,,,,,,,,,,,,,,
2026-07-18,zone,Nord-Kivu,Kyondo,65,https://ebola-tracker.org/reports/SITREP_MVE_065.pdf,,9,1,1,4,0,44.4,,,,,,,,,,,,,,,
2026-07-18,zone,Nord-Kivu,Mabalako,65,https://ebola-tracker.org/reports/SITREP_MVE_065.pdf,,1,0,1,0,0,0.0,,,,,,,,,,,,,,,
2026-07-18,zone,Nord-Kivu,Masereka,65,https://ebola-tracker.org/reports/SITREP_MVE_065.pdf,,3,0,1,0,0,0.0,,,,,,,,,,,,,,,
2026-07-18,zone,Nord-Kivu,Musienene,65,https://ebola-tracker.org/reports/SITREP_MVE_065.pdf,,18,4,1,5,2,27.8,,,,,,,,,,,,,,,
2026-07-18,zone,Nord-Kivu,Oicha,65,https://ebola-tracker.org/reports/SITREP_MVE_065.pdf,,3,0,1,3,0,100.0,,,,,,,,,,,,,,,
2026-07-18,zone,Nord-Kivu,Vuhovi,65,https://ebola-tracker.org/reports/SITREP_MVE_065.pdf,,1,0,1,1,0,100.0,,,,,,,,,,,,,,,
2026-07-18,zone,Sud-Kivu,Miti-Murhesa,65,https://ebola-tracker.org/reports/SITREP_MVE_065.pdf,,3,0,1,1,0,33.3,,,,,,,,,,,,,,,
2026-07-18,zone,Tshopo,Lubunga,65,https://ebola-tracker.org/reports/SITREP_MVE_065.pdf,,1,0,1,0,0,0.0,,,,,,,,,,,,,,,
2026-07-18,zone,Tshopo,Makiso-Kisangani,65,https://ebola-tracker.org/reports/SITREP_MVE_065.pdf,,3,0,1,3,0,100.0,,,,,,,,,,,,,,,
2026-07-18,zone,Tshopo,Mangobo,65,https://ebola-tracker.org/reports/SITREP_MVE_065.pdf,,1,0,1,1,0,100.0,,,,,,,,,,,,,,,
2026-07-19,pays,,,66,https://ebola-tracker.org/reports/SITREP_MVE_066.pdf,,2423,79,1,967,37,39.9,,24,13,993,252,272,79,29.0,734,939,78.2,10519,8531,81.1,
2026-07-19,province,Haut-Uélé,,66,https://ebola-tracker.org/reports/SITREP_MVE_066.pdf,,16,0,1,10,0,62.5,,,,4,4,,,,,,,310,162,52.3,
2026-07-19,province,Ituri,,66,https://ebola-tracker.org/reports/SITREP_MVE_066.pdf,,2160,70,1,811,35,37.5,,23,12,417,207,167,70,41.9,553,798,69.3,7581,6167,81.3,
2026-07-19,province,Nord-Kivu,,66,https://ebola-tracker.org/reports/SITREP_MVE_066.pdf,,239,9,1,141,2,59.0,,1,1,572,41,105,9,8.6,181,141,128.4,2628,2202,83.8,
2026-07-19,province,Sud-Kivu,,66,https://ebola-tracker.org/reports/SITREP_MVE_066.pdf,,3,0,1,1,0,33.3,,,,,,,,,,,,,,,
2026-07-19,province,Tshopo,,66,https://ebola-tracker.org/reports/SITREP_MVE_066.pdf,,5,0,1,4,0,80.0,,,,,,,,,,,,,,,
2026-07-19,zone,Haut-Uélé,Boma-Mangbetu,66,https://ebola-tracker.org/reports/SITREP_MVE_066.pdf,,4,0,1,2,0,50.0,,,,,,,,,,,,,,,
2026-07-19,zone,Haut-Uélé,Isiro,66,https://ebola-tracker.org/reports/SITREP_MVE_066.pdf,,3,0,1,2,0,66.7,,,,,,,,,,,,,,,
2026-07-19,zone,Haut-Uélé,Pawa,66,https://ebola-tracker.org/reports/SITREP_MVE_066.pdf,,3,0,1,3,0,100.0,,,,,,,,,,,,,,,
2026-07-19,zone,Haut-Uélé,Wamba,66,https://ebola-tracker.org/reports/SITREP_MVE_066.pdf,,6,0,1,3,0,50.0,,,,,,,,,,,,,,,
2026-07-19,zone,Ituri,Adja,66,https://ebola-tracker.org/reports/SITREP_MVE_066.pdf,,10,,,1,,10.0,,,,,,,,,,,,,,,
2026-07-19,zone,Ituri,Ariwara,66,https://ebola-tracker.org/reports/SITREP_MVE_066.pdf,,7,1,1,1,0,14.3,,,,,,,,,,,,,,,
2026-07-19,zone,Ituri,Aru,66,https://ebola-tracker.org/reports/SITREP_MVE_066.pdf,,4,0,1,1,0,25.0,,,,,,,,,,,,,,,
2026-07-19,zone,Ituri,Aungba,66,https://ebola-tracker.org/reports/SITREP_MVE_066.pdf,,6,0,1,2,0,33.3,,,,,,,,,,,,,,,
2026-07-19,zone,Ituri,Bambu,66,https://ebola-tracker.org/reports/SITREP_MVE_066.pdf,,40,4,1,14,2,35.0,,,,,,,,,,,,,,,
2026-07-19,zone,Ituri,Boga,66,https://ebola-tracker.org/reports/SITREP_MVE_066.pdf,,1,0,1,1,0,100.0,,,,,,,,,,,,,,,
2026-07-19,zone,Ituri,Bunia,66,https://ebola-tracker.org/reports/SITREP_MVE_066.pdf,,639,18,1,211,9,33.0,,,,,,,,,,,,,,,
2026-07-19,zone,Ituri,Damas,66,https://ebola-tracker.org/reports/SITREP_MVE_066.pdf,,7,0,1,0,0,0.0,,,,,,,,,,,,,,,
2026-07-19,zone,Ituri,Drodro,66,https://ebola-tracker.org/reports/SITREP_MVE_066.pdf,,5,0,1,3,0,60.0,,,,,,,,,,,,,,,
2026-07-19,zone,Ituri,Fataki,66,https://ebola-tracker.org/reports/SITREP_MVE_066.pdf,,11,0,1,7,0,63.6,,,,,,,,,,,,,,,
2026-07-19,zone,Ituri,Gethy,66,https://ebola-tracker.org/reports/SITREP_MVE_066.pdf,,1,0,1,0,0,0.0,,,,,,,,,,,,,,,
2026-07-19,zone,Ituri,Kambala,66,https://ebola-tracker.org/reports/SITREP_MVE_066.pdf,,2,0,1,2,0,100.0,,,,,,,,,,,,,,,
2026-07-19,zone,Ituri,Kilo,66,https://ebola-tracker.org/reports/SITREP_MVE_066.pdf,,11,0,1,3,0,27.3,,,,,,,,,,,,,,,
2026-07-19,zone,Ituri,Komanda,66,https://ebola-tracker.org/reports/SITREP_MVE_066.pdf,,27,0,1,10,0,37.0,,,,,,,,,,,,,,,
2026-07-19,zone,Ituri,Lita,66,https://ebola-tracker.org/reports/SITREP_MVE_066.pdf,,78,1,1,27,0,34.6,,,,,,,,,,,,,,,
2026-07-19,zone,Ituri,Logo,66,https://ebola-tracker.org/reports/SITREP_MVE_066.pdf,,8,1,1,1,0,12.5,,,,,,,,,,,,,,,
2026-07-19,zone,Ituri,Lolwa,66,https://ebola-tracker.org/reports/SITREP_MVE_066.pdf,,2,0,1,1,0,50.0,,,,,,,,,,,,,,,
2026-07-19,zone,Ituri,Mahagi,66,https://ebola-tracker.org/reports/SITREP_MVE_066.pdf,,1,0,1,0,0,0.0,,,,,,,,,,,,,,,
2026-07-19,zone,Ituri,Mambasa,66,https://ebola-tracker.org/reports/SITREP_MVE_066.pdf,,8,0,1,6,0,75.0,,,,,,,,,,,,,,,
2026-07-19,zone,Ituri,Mandima,66,https://ebola-tracker.org/reports/SITREP_MVE_066.pdf,,9,0,1,4,0,44.4,,,,,,,,,,,,,,,
2026-07-19,zone,Ituri,Mangala,66,https://ebola-tracker.org/reports/SITREP_MVE_066.pdf,,61,3,1,38,3,62.3,,,,,,,,,,,,,,,
2026-07-19,zone,Ituri,Mongbwalu,66,https://ebola-tracker.org/reports/SITREP_MVE_066.pdf,,363,3,1,203,4,55.9,,,,,,,,,,,,,,,
2026-07-19,zone,Ituri,Nia-Nia,66,https://ebola-tracker.org/reports/SITREP_MVE_066.pdf,,51,2,1,15,0,29.4,,,,,,,,,,,,,,,
2026-07-19,zone,Ituri,Nizi,66,https://ebola-tracker.org/reports/SITREP_MVE_066.pdf,,214,16,1,93,6,43.5,,,,,,,,,,,,,,,
2026-07-19,zone,Ituri,Nyankunde,66,https://ebola-tracker.org/reports/SITREP_MVE_066.pdf,,99,0,1,28,0,28.3,,,,,,,,,,,,,,,
2026-07-19,zone,Ituri,Rimba,66,https://ebola-tracker.org/reports/SITREP_MVE_066.pdf,,5,0,1,0,0,0.0,,,,,,,,,,,,,,,
2026-07-19,zone,Ituri,Rwampara,66,https://ebola-tracker.org/reports/SITREP_MVE_066.pdf,,450,10,1,133,9,29.6,,,,,,,,,,,,,,,
2026-07-19,zone,Ituri,Tchomia,66,https://ebola-tracker.org/reports/SITREP_MVE_066.pdf,,23,1,1,6,1,26.1,,,,,,,,,,,,,,,
2026-07-19,zone,Nord-Kivu,Beni,66,https://ebola-tracker.org/reports/SITREP_MVE_066.pdf,,37,0,1,25,0,67.6,,,,,,,,,,,,,,,
2026-07-19,zone,Nord-Kivu,Butembo,66,https://ebola-tracker.org/reports/SITREP_MVE_066.pdf,,58,1,1,30,1,51.7,,,,,,,,,,,,,,,
2026-07-19,zone,Nord-Kivu,Goma,66,https://ebola-tracker.org/reports/SITREP_MVE_066.pdf,,1,0,1,0,0,0.0,,,,,,,,,,,,,,,
2026-07-19,zone,Nord-Kivu,Kalunguta,66,https://ebola-tracker.org/reports/SITREP_MVE_066.pdf,,2,0,1,1,0,50.0,,,,,,,,,,,,,,,
2026-07-19,zone,Nord-Kivu,Katwa,66,https://ebola-tracker.org/reports/SITREP_MVE_066.pdf,,104,6,1,72,1,69.2,,,,,,,,,,,,,,,
2026-07-19,zone,Nord-Kivu,Kyondo,66,https://ebola-tracker.org/reports/SITREP_MVE_066.pdf,,9,0,1,4,0,44.4,,,,,,,,,,,,,,,
2026-07-19,zone,Nord-Kivu,Mabalako,66,https://ebola-tracker.org/reports/SITREP_MVE_066.pdf,,1,0,1,0,0,0.0,,,,,,,,,,,,,,,
2026-07-19,zone,Nord-Kivu,Masereka,66,https://ebola-tracker.org/reports/SITREP_MVE_066.pdf,,3,0,1,0,0,0.0,,,,,,,,,,,,,,,
2026-07-19,zone,Nord-Kivu,Musienene,66,https://ebola-tracker.org/reports/SITREP_MVE_066.pdf,,19,1,1,5,0,26.3,,,,,,,,,,,,,,,
2026-07-19,zone,Nord-Kivu,Oicha,66,https://ebola-tracker.org/reports/SITREP_MVE_066.pdf,,4,1,1,3,0,75.0,,,,,,,,,,,,,,,
2026-07-19,zone,Nord-Kivu,Vuhovi,66,https://ebola-tracker.org/reports/SITREP_MVE_066.pdf,,1,0,1,1,0,100.0,,,,,,,,,,,,,,,
2026-07-19,zone,Sud-Kivu,Miti-Murhesa,66,https://ebola-tracker.org/reports/SITREP_MVE_066.pdf,,3,0,1,1,0,33.3,,,,,,,,,,,,,,,
2026-07-19,zone,Tshopo,Lubunga,66,https://ebola-tracker.org/reports/SITREP_MVE_066.pdf,,1,0,1,0,0,0.0,,,,,,,,,,,,,,,
2026-07-19,zone,Tshopo,Makiso-Kisangani,66,https://ebola-tracker.org/reports/SITREP_MVE_066.pdf,,3,0,1,3,0,100.0,,,,,,,,,,,,,,,
2026-07-19,zone,Tshopo,Mangobo,66,https://ebola-tracker.org/reports/SITREP_MVE_066.pdf,,1,0,1,1,0,100.0,,,,,,,,,,,,,,,
2026-07-20,pays,,,67,https://ebola-tracker.org/reports/SITREP_MVE_067.pdf,,2473,50,1,999,32,40.4,,16,16,1239,322,239,50,20.9,737,850,86.7,11739,9623,82.0,
2026-07-20,province,Haut-Uélé,,67,https://ebola-tracker.org/reports/SITREP_MVE_067.pdf,,16,0,1,10,0,62.5,,,,,,,,,,,,,,,
2026-07-20,province,Ituri,,67,https://ebola-tracker.org/reports/SITREP_MVE_067.pdf,,2202,42,1,838,27,38.1,,13,14,490,201,113,42,37.2,556,709,78.4,8111,6638,81.8,
2026-07-20,province,Nord-Kivu,,67,https://ebola-tracker.org/reports/SITREP_MVE_067.pdf,,247,8,1,146,5,59.1,,3,2,737,116,126,8,6.3,181,141,128.4,3553,2910,81.9,
2026-07-20,province,Sud-Kivu,,67,https://ebola-tracker.org/reports/SITREP_MVE_067.pdf,,3,0,1,1,0,33.3,,,,9,2,,,,,,,,,,
2026-07-20,province,Tshopo,,67,https://ebola-tracker.org/reports/SITREP_MVE_067.pdf,,5,0,1,4,0,80.0,,,,3,3,,,,,,,75,75,100.0,
2026-07-20,zone,Haut-Uélé,Boma-Mangbetu,67,https://ebola-tracker.org/reports/SITREP_MVE_067.pdf,,4,0,1,2,0,50.0,,,,,,,,,,,,,,,
2026-07-20,zone,Haut-Uélé,Isiro,67,https://ebola-tracker.org/reports/SITREP_MVE_067.pdf,,3,0,1,2,0,66.7,,,,,,,,,,,,,,,
2026-07-20,zone,Haut-Uélé,Pawa,67,https://ebola-tracker.org/reports/SITREP_MVE_067.pdf,,3,0,1,3,0,100.0,,,,,,,,,,,,,,,
2026-07-20,zone,Haut-Uélé,Wamba,67,https://ebola-tracker.org/reports/SITREP_MVE_067.pdf,,6,0,1,3,0,50.0,,,,,,,,,,,,,,,
2026-07-20,zone,Ituri,Adja,67,https://ebola-tracker.org/reports/SITREP_MVE_067.pdf,,10,0,1,1,0,10.0,,,,,,,,,,,,,,,
2026-07-20,zone,Ituri,Ariwara,67,https://ebola-tracker.org/reports/SITREP_MVE_067.pdf,,10,3,1,1,0,10.0,,,,,,,,,,,,,,,
2026-07-20,zone,Ituri,Aru,67,https://ebola-tracker.org/reports/SITREP_MVE_067.pdf,,4,0,1,2,1,50.0,,,,,,,,,,,,,,,
2026-07-20,zone,Ituri,Aungba,67,https://ebola-tracker.org/reports/SITREP_MVE_067.pdf,,6,0,1,2,0,33.3,,,,,,,,,,,,,,,
2026-07-20,zone,Ituri,Bambu,67,https://ebola-tracker.org/reports/SITREP_MVE_067.pdf,,40,0,1,14,0,35.0,,,,,,,,,,,,,,,
2026-07-20,zone,Ituri,Boga,67,https://ebola-tracker.org/reports/SITREP_MVE_067.pdf,,1,0,1,1,0,100.0,,,,,,,,,,,,,,,
2026-07-20,zone,Ituri,Bunia,67,https://ebola-tracker.org/reports/SITREP_MVE_067.pdf,,657,18,1,219,8,33.3,,,,,,,,,,,,,,,
2026-07-20,zone,Ituri,Damas,67,https://ebola-tracker.org/reports/SITREP_MVE_067.pdf,,7,0,1,0,0,0.0,,,,,,,,,,,,,,,
2026-07-20,zone,Ituri,Drodro,67,https://ebola-tracker.org/reports/SITREP_MVE_067.pdf,,5,0,1,3,0,60.0,,,,,,,,,,,,,,,
2026-07-20,zone,Ituri,Fataki,67,https://ebola-tracker.org/reports/SITREP_MVE_067.pdf,,11,0,1,7,0,63.6,,,,,,,,,,,,,,,
2026-07-20,zone,Ituri,Gethy,67,https://ebola-tracker.org/reports/SITREP_MVE_067.pdf,,1,0,1,0,0,0.0,,,,,,,,,,,,,,,
2026-07-20,zone,Ituri,Kambala,67,https://ebola-tracker.org/reports/SITREP_MVE_067.pdf,,2,0,1,2,0,100.0,,,,,,,,,,,,,,,
2026-07-20,zone,Ituri,Kilo,67,https://ebola-tracker.org/reports/SITREP_MVE_067.pdf,,11,0,1,3,0,27.3,,,,,,,,,,,,,,,
2026-07-20,zone,Ituri,Komanda,67,https://ebola-tracker.org/reports/SITREP_MVE_067.pdf,,27,0,1,11,1,40.7,,,,,,,,,,,,,,,
2026-07-20,zone,Ituri,Lita,67,https://ebola-tracker.org/reports/SITREP_MVE_067.pdf,,78,0,1,27,0,34.6,,,,,,,,,,,,,,,
2026-07-20,zone,Ituri,Logo,67,https://ebola-tracker.org/reports/SITREP_MVE_067.pdf,,8,0,1,1,0,12.5,,,,,,,,,,,,,,,
2026-07-20,zone,Ituri,Lolwa,67,https://ebola-tracker.org/reports/SITREP_MVE_067.pdf,,2,0,1,1,0,50.0,,,,,,,,,,,,,,,
2026-07-20,zone,Ituri,Mahagi,67,https://ebola-tracker.org/reports/SITREP_MVE_067.pdf,,1,0,1,0,0,0.0,,,,,,,,,,,,,,,
2026-07-20,zone,Ituri,Mambasa,67,https://ebola-tracker.org/reports/SITREP_MVE_067.pdf,,8,0,1,6,0,75.0,,,,,,,,,,,,,,,
2026-07-20,zone,Ituri,Mandima,67,https://ebola-tracker.org/reports/SITREP_MVE_067.pdf,,10,1,1,5,1,50.0,,,,,,,,,,,,,,,
2026-07-20,zone,Ituri,Mangala,67,https://ebola-tracker.org/reports/SITREP_MVE_067.pdf,,61,0,1,38,0,62.3,,,,,,,,,,,,,,,
2026-07-20,zone,Ituri,Mongbwalu,67,https://ebola-tracker.org/reports/SITREP_MVE_067.pdf,,364,1,1,204,1,56.0,,,,,,,,,,,,,,,
2026-07-20,zone,Ituri,Nia-Nia,67,https://ebola-tracker.org/reports/SITREP_MVE_067.pdf,,54,3,1,16,1,29.6,,,,,,,,,,,,,,,
2026-07-20,zone,Ituri,Nizi,67,https://ebola-tracker.org/reports/SITREP_MVE_067.pdf,,223,9,1,99,6,44.4,,,,,,,,,,,,,,,
2026-07-20,zone,Ituri,Nyankunde,67,https://ebola-tracker.org/reports/SITREP_MVE_067.pdf,,99,0,1,28,0,28.3,,,,,,,,,,,,,,,
2026-07-20,zone,Ituri,Rimba,67,https://ebola-tracker.org/reports/SITREP_MVE_067.pdf,,5,0,1,0,0,0.0,,,,,,,,,,,,,,,
2026-07-20,zone,Ituri,Rwampara,67,https://ebola-tracker.org/reports/SITREP_MVE_067.pdf,,457,7,1,140,7,30.6,,,,,,,,,,,,,,,
2026-07-20,zone,Ituri,Tchomia,67,https://ebola-tracker.org/reports/SITREP_MVE_067.pdf,,23,0,1,7,1,30.4,,,,,,,,,,,,,,,
2026-07-20,zone,Nord-Kivu,Beni,67,https://ebola-tracker.org/reports/SITREP_MVE_067.pdf,,37,0,1,25,0,67.6,,,,,,,,,,,,,,,
2026-07-20,zone,Nord-Kivu,Butembo,67,https://ebola-tracker.org/reports/SITREP_MVE_067.pdf,,61,3,1,31,1,50.8,,,,,,,,,,,,,,,
2026-07-20,zone,Nord-Kivu,Goma,67,https://ebola-tracker.org/reports/SITREP_MVE_067.pdf,,1,0,1,0,0,0.0,,,,,,,,,,,,,,,
2026-07-20,zone,Nord-Kivu,Kalunguta,67,https://ebola-tracker.org/reports/SITREP_MVE_067.pdf,,2,0,1,1,0,50.0,,,,,,,,,,,,,,,
2026-07-20,zone,Nord-Kivu,Katwa,67,https://ebola-tracker.org/reports/SITREP_MVE_067.pdf,,108,4,1,74,2,68.5,,,,,,,,,,,,,,,
2026-07-20,zone,Nord-Kivu,Kyondo,67,https://ebola-tracker.org/reports/SITREP_MVE_067.pdf,,10,1,1,5,1,50.0,,,,,,,,,,,,,,,
2026-07-20,zone,Nord-Kivu,Mabalako,67,https://ebola-tracker.org/reports/SITREP_MVE_067.pdf,,1,0,1,0,0,0.0,,,,,,,,,,,,,,,
2026-07-20,zone,Nord-Kivu,Masereka,67,https://ebola-tracker.org/reports/SITREP_MVE_067.pdf,,3,0,1,0,0,0.0,,,,,,,,,,,,,,,
2026-07-20,zone,Nord-Kivu,Musienene,67,https://ebola-tracker.org/reports/SITREP_MVE_067.pdf,,19,0,1,5,0,26.3,,,,,,,,,,,,,,,
2026-07-20,zone,Nord-Kivu,Oicha,67,https://ebola-tracker.org/reports/SITREP_MVE_067.pdf,,4,0,1,4,1,100.0,,,,,,,,,,,,,,,
2026-07-20,zone,Nord-Kivu,Vuhovi,67,https://ebola-tracker.org/reports/SITREP_MVE_067.pdf,,1,0,1,1,0,100.0,,,,,,,,,,,,,,,
2026-07-20,zone,Sud-Kivu,Miti-Murhesa,67,https://ebola-tracker.org/reports/SITREP_MVE_067.pdf,,3,0,1,1,0,33.3,,,,,,,,,,,,,,,
2026-07-20,zone,Tshopo,Lubunga,67,https://ebola-tracker.org/reports/SITREP_MVE_067.pdf,,1,0,1,0,0,0.0,,,,,,,,,,,,,,,
2026-07-20,zone,Tshopo,Makiso-Kisangani,67,https://ebola-tracker.org/reports/SITREP_MVE_067.pdf,,3,0,1,3,0,100.0,,,,,,,,,,,,,,,
2026-07-20,zone,Tshopo,Mangobo,67,https://ebola-tracker.org/reports/SITREP_MVE_067.pdf,,1,0,1,1,0,100.0,,,,,,,,,,,,,,,
2026-07-21,pays,,,68,https://ebola-tracker.org/reports/SITREP_MVE_068.pdf,,2536,63,1,1033,34,40.7,,17,17,1399,306,274,63,23.0,738,849,86.9,13936,10765,77.2,
2026-07-21,province,Haut-Uélé,,68,https://ebola-tracker.org/reports/SITREP_MVE_068.pdf,,21,5,1,12,2,57.1,,2,0,,,20,5,25.0,,,,,,,
2026-07-21,province,Ituri,,68,https://ebola-tracker.org/reports/SITREP_MVE_068.pdf,,2248,46,1,864,26,38.4,,10,16,485,215,132,46,34.8,556,708,78.5,10100,7616,75.4,
2026-07-21,province,Nord-Kivu,,68,https://ebola-tracker.org/reports/SITREP_MVE_068.pdf,,259,12,1,152,6,58.7,,5,1,911,88,122,12,9.8,182,141,129.1,3761,3074,81.7,
2026-07-21,province,Sud-Kivu,,68,https://ebola-tracker.org/reports/SITREP_MVE_068.pdf,,3,0,1,1,0,33.3,,,,,,,,,,,,,,,
2026-07-21,province,Tshopo,,68,https://ebola-tracker.org/reports/SITREP_MVE_068.pdf,,5,0,1,4,0,80.0,,,,3,3,,,,,,,75,75,100.0,
2026-07-21,zone,Haut-Uélé,Boma-Mangbetu,68,https://ebola-tracker.org/reports/SITREP_MVE_068.pdf,,4,0,1,2,0,50.0,,,,,,,,,,,,,,,
2026-07-21,zone,Haut-Uélé,Isiro,68,https://ebola-tracker.org/reports/SITREP_MVE_068.pdf,,8,5,1,4,2,50.0,,,,,,,,,,,,,,,
2026-07-21,zone,Haut-Uélé,Pawa,68,https://ebola-tracker.org/reports/SITREP_MVE_068.pdf,,3,0,1,3,0,100.0,,,,,,,,,,,,,,,
2026-07-21,zone,Haut-Uélé,Wamba,68,https://ebola-tracker.org/reports/SITREP_MVE_068.pdf,,6,0,1,3,0,50.0,,,,,,,,,,,,,,,
2026-07-21,zone,Ituri,Adja,68,https://ebola-tracker.org/reports/SITREP_MVE_068.pdf,,10,0,1,1,0,10.0,,,,,,,,,,,,,,,
2026-07-21,zone,Ituri,Ariwara,68,https://ebola-tracker.org/reports/SITREP_MVE_068.pdf,,10,0,1,1,0,10.0,,,,,,,,,,,,,,,
2026-07-21,zone,Ituri,Aru,68,https://ebola-tracker.org/reports/SITREP_MVE_068.pdf,,4,0,1,2,0,50.0,,,,,,,,,,,,,,,
2026-07-21,zone,Ituri,Aungba,68,https://ebola-tracker.org/reports/SITREP_MVE_068.pdf,,6,0,1,2,0,33.3,,,,,,,,,,,,,,,
2026-07-21,zone,Ituri,Bambu,68,https://ebola-tracker.org/reports/SITREP_MVE_068.pdf,,40,0,1,14,0,35.0,,,,,,,,,,,,,,,
2026-07-21,zone,Ituri,Boga,68,https://ebola-tracker.org/reports/SITREP_MVE_068.pdf,,3,2,1,2,1,66.7,,,,,,,,,,,,,,,
2026-07-21,zone,Ituri,Bunia,68,https://ebola-tracker.org/reports/SITREP_MVE_068.pdf,,681,24,1,228,9,33.5,,,,,,,,,,,,,,,
2026-07-21,zone,Ituri,Damas,68,https://ebola-tracker.org/reports/SITREP_MVE_068.pdf,,7,0,1,0,0,0.0,,,,,,,,,,,,,,,
2026-07-21,zone,Ituri,Drodro,68,https://ebola-tracker.org/reports/SITREP_MVE_068.pdf,,8,3,1,4,1,50.0,,,,,,,,,,,,,,,
2026-07-21,zone,Ituri,Fataki,68,https://ebola-tracker.org/reports/SITREP_MVE_068.pdf,,14,3,1,7,0,50.0,,,,,,,,,,,,,,,
2026-07-21,zone,Ituri,Gethy,68,https://ebola-tracker.org/reports/SITREP_MVE_068.pdf,,1,0,1,0,0,0.0,,,,,,,,,,,,,,,
2026-07-21,zone,Ituri,Kambala,68,https://ebola-tracker.org/reports/SITREP_MVE_068.pdf,,2,0,1,2,0,100.0,,,,,,,,,,,,,,,
2026-07-21,zone,Ituri,Kilo,68,https://ebola-tracker.org/reports/SITREP_MVE_068.pdf,,11,0,1,3,0,27.3,,,,,,,,,,,,,,,
2026-07-21,zone,Ituri,Komanda,68,https://ebola-tracker.org/reports/SITREP_MVE_068.pdf,,27,0,1,11,0,40.7,,,,,,,,,,,,,,,
2026-07-21,zone,Ituri,Lita,68,https://ebola-tracker.org/reports/SITREP_MVE_068.pdf,,79,1,1,28,1,35.4,,,,,,,,,,,,,,,
2026-07-21,zone,Ituri,Logo,68,https://ebola-tracker.org/reports/SITREP_MVE_068.pdf,,8,0,1,1,0,12.5,,,,,,,,,,,,,,,
2026-07-21,zone,Ituri,Lolwa,68,https://ebola-tracker.org/reports/SITREP_MVE_068.pdf,,2,0,1,1,0,50.0,,,,,,,,,,,,,,,
2026-07-21,zone,Ituri,Mahagi,68,https://ebola-tracker.org/reports/SITREP_MVE_068.pdf,,1,0,1,0,0,0.0,,,,,,,,,,,,,,,
2026-07-21,zone,Ituri,Mambasa,68,https://ebola-tracker.org/reports/SITREP_MVE_068.pdf,,8,0,1,6,0,75.0,,,,,,,,,,,,,,,
2026-07-21,zone,Ituri,Mandima,68,https://ebola-tracker.org/reports/SITREP_MVE_068.pdf,,11,1,1,6,1,54.5,,,,,,,,,,,,,,,
2026-07-21,zone,Ituri,Mangala,68,https://ebola-tracker.org/reports/SITREP_MVE_068.pdf,,61,0,1,38,0,62.3,,,,,,,,,,,,,,,
2026-07-21,zone,Ituri,Mongbwalu,68,https://ebola-tracker.org/reports/SITREP_MVE_068.pdf,,364,0,1,206,2,56.6,,,,,,,,,,,,,,,
2026-07-21,zone,Ituri,Nia-Nia,68,https://ebola-tracker.org/reports/SITREP_MVE_068.pdf,,56,2,1,17,1,30.4,,,,,,,,,,,,,,,
2026-07-21,zone,Ituri,Nizi,68,https://ebola-tracker.org/reports/SITREP_MVE_068.pdf,,224,1,1,99,0,44.2,,,,,,,,,,,,,,,
2026-07-21,zone,Ituri,Nyankunde,68,https://ebola-tracker.org/reports/SITREP_MVE_068.pdf,,99,0,1,28,0,28.3,,,,,,,,,,,,,,,
2026-07-21,zone,Ituri,Rimba,68,https://ebola-tracker.org/reports/SITREP_MVE_068.pdf,,5,0,1,0,0,0.0,,,,,,,,,,,,,,,
2026-07-21,zone,Ituri,Rwampara,68,https://ebola-tracker.org/reports/SITREP_MVE_068.pdf,,466,9,1,150,10,32.2,,,,,,,,,,,,,,,
2026-07-21,zone,Ituri,Tchomia,68,https://ebola-tracker.org/reports/SITREP_MVE_068.pdf,,23,0,1,7,0,30.4,,,,,,,,,,,,,,,
2026-07-21,zone,Nord-Kivu,Beni,68,https://ebola-tracker.org/reports/SITREP_MVE_068.pdf,,39,2,1,27,2,69.2,,,,,,,,,,,,,,,
2026-07-21,zone,Nord-Kivu,Butembo,68,https://ebola-tracker.org/reports/SITREP_MVE_068.pdf,,65,4,1,31,0,47.7,,,,,,,,,,,,,,,
2026-07-21,zone,Nord-Kivu,Goma,68,https://ebola-tracker.org/reports/SITREP_MVE_068.pdf,,1,0,1,0,0,0.0,,,,,,,,,,,,,,,
2026-07-21,zone,Nord-Kivu,Kalunguta,68,https://ebola-tracker.org/reports/SITREP_MVE_068.pdf,,2,0,1,1,0,50.0,,,,,,,,,,,,,,,
2026-07-21,zone,Nord-Kivu,Katwa,68,https://ebola-tracker.org/reports/SITREP_MVE_068.pdf,,114,6,1,78,4,68.4,,,,,,,,,,,,,,,
2026-07-21,zone,Nord-Kivu,Kyondo,68,https://ebola-tracker.org/reports/SITREP_MVE_068.pdf,,10,0,1,5,0,50.0,,,,,,,,,,,,,,,
2026-07-21,zone,Nord-Kivu,Mabalako,68,https://ebola-tracker.org/reports/SITREP_MVE_068.pdf,,1,0,1,0,0,0.0,,,,,,,,,,,,,,,
2026-07-21,zone,Nord-Kivu,Masereka,68,https://ebola-tracker.org/reports/SITREP_MVE_068.pdf,,3,0,1,0,0,0.0,,,,,,,,,,,,,,,
2026-07-21,zone,Nord-Kivu,Musienene,68,https://ebola-tracker.org/reports/SITREP_MVE_068.pdf,,19,0,1,5,0,26.3,,,,,,,,,,,,,,,
2026-07-21,zone,Nord-Kivu,Oicha,68,https://ebola-tracker.org/reports/SITREP_MVE_068.pdf,,4,0,1,4,0,100.0,,,,,,,,,,,,,,,
2026-07-21,zone,Nord-Kivu,Vuhovi,68,https://ebola-tracker.org/reports/SITREP_MVE_068.pdf,,1,0,1,1,0,100.0,,,,,,,,,,,,,,,
2026-07-21,zone,Sud-Kivu,Miti-Murhesa,68,https://ebola-tracker.org/reports/SITREP_MVE_068.pdf,,3,0,1,1,0,33.3,,,,,,,,,,,,,,,
2026-07-21,zone,Tshopo,Lubunga,68,https://ebola-tracker.org/reports/SITREP_MVE_068.pdf,,1,0,1,0,0,0.0,,,,,,,,,,,,,,,
2026-07-21,zone,Tshopo,Makiso-Kisangani,68,https://ebola-tracker.org/reports/SITREP_MVE_068.pdf,,3,0,1,3,0,100.0,,,,,,,,,,,,,,,
2026-07-21,zone,Tshopo,Mangobo,68,https://ebola-tracker.org/reports/SITREP_MVE_068.pdf,,1,0,1,1,0,100.0,,,,,,,,,,,,,,,
2026-07-22,pays,,,69,https://ebola-tracker.org/reports/SITREP_MVE_069.pdf,rattrapage,2905,369,1,1269,236,43.7,,41,21,1323,318,414,97,23.4,722,858,84.1,15374,11459,74.5,
2026-07-22,province,Haut-Uélé,,69,https://ebola-tracker.org/reports/SITREP_MVE_069.pdf,rattrapage,27,6,1,15,3,55.6,,2,1,3,7,12,6,50.0,,,,,,,
2026-07-22,province,Ituri,,69,https://ebola-tracker.org/reports/SITREP_MVE_069.pdf,rattrapage,2595,347,1,1077,213,41.5,,33,12,485,188,221,73,33.0,551,709,77.7,11428,8377,73.3,
2026-07-22,province,Nord-Kivu,,69,https://ebola-tracker.org/reports/SITREP_MVE_069.pdf,rattrapage,275,16,1,172,20,62.5,,6,8,833,119,178,18,10.1,168,141,119.1,3874,3010,77.7,
2026-07-22,province,Sud-Kivu,,69,https://ebola-tracker.org/reports/SITREP_MVE_069.pdf,rattrapage,3,0,1,1,0,33.3,,,,,,,,,,,,,,,
2026-07-22,province,Tshopo,,69,https://ebola-tracker.org/reports/SITREP_MVE_069.pdf,rattrapage,5,0,1,4,0,80.0,,,,2,4,3,0,0.0,3,8,37.5,72,72,100.0,
2026-07-22,zone,Haut-Uélé,Boma-Mangbetu,69,https://ebola-tracker.org/reports/SITREP_MVE_069.pdf,rattrapage,6,2,1,2,0,33.3,,,,,,,,,,,,,,,
2026-07-22,zone,Haut-Uélé,Isiro,69,https://ebola-tracker.org/reports/SITREP_MVE_069.pdf,rattrapage,8,0,1,5,1,62.5,,,,,,,,,,,,,,,
2026-07-22,zone,Haut-Uélé,Pawa,69,https://ebola-tracker.org/reports/SITREP_MVE_069.pdf,rattrapage,7,4,1,5,2,71.4,,,,,,,,,,,,,,,
2026-07-22,zone,Haut-Uélé,Wamba,69,https://ebola-tracker.org/reports/SITREP_MVE_069.pdf,rattrapage,6,0,1,3,0,50.0,,,,,,,,,,,,,,,
2026-07-22,zone,Ituri,Adja,69,https://ebola-tracker.org/reports/SITREP_MVE_069.pdf,rattrapage,10,0,1,1,0,10.0,,,,,,,,,,,,,,,
2026-07-22,zone,Ituri,Ariwara,69,https://ebola-tracker.org/reports/SITREP_MVE_069.pdf,rattrapage,7,-3,1,1,0,14.3,,,,,,,,,,,,,,,
2026-07-22,zone,Ituri,Aru,69,https://ebola-tracker.org/reports/SITREP_MVE_069.pdf,rattrapage,5,1,1,1,-1,20.0,,,,,,,,,,,,,,,
2026-07-22,zone,Ituri,Aungba,69,https://ebola-tracker.org/reports/SITREP_MVE_069.pdf,rattrapage,4,-2,1,4,2,100.0,,,,,,,,,,,,,,,
2026-07-22,zone,Ituri,Bambu,69,https://ebola-tracker.org/reports/SITREP_MVE_069.pdf,rattrapage,51,11,1,9,-5,17.6,,,,,,,,,,,,,,,
2026-07-22,zone,Ituri,Boga,69,https://ebola-tracker.org/reports/SITREP_MVE_069.pdf,rattrapage,1,-2,1,1,-1,100.0,,,,,,,,,,,,,,,
2026-07-22,zone,Ituri,Bunia,69,https://ebola-tracker.org/reports/SITREP_MVE_069.pdf,rattrapage,696,15,1,175,-53,25.1,,,,,,,,,,,,,,,
2026-07-22,zone,Ituri,Damas,69,https://ebola-tracker.org/reports/SITREP_MVE_069.pdf,rattrapage,13,6,1,8,8,61.5,,,,,,,,,,,,,,,
2026-07-22,zone,Ituri,Drodro,69,https://ebola-tracker.org/reports/SITREP_MVE_069.pdf,rattrapage,6,-2,1,4,0,66.7,,,,,,,,,,,,,,,
2026-07-22,zone,Ituri,Fataki,69,https://ebola-tracker.org/reports/SITREP_MVE_069.pdf,rattrapage,17,3,1,6,-1,35.3,,,,,,,,,,,,,,,
2026-07-22,zone,Ituri,Gethy,69,https://ebola-tracker.org/reports/SITREP_MVE_069.pdf,rattrapage,1,0,1,0,0,0.0,,,,,,,,,,,,,,,
2026-07-22,zone,Ituri,Kambala,69,https://ebola-tracker.org/reports/SITREP_MVE_069.pdf,rattrapage,2,0,1,0,-2,0.0,,,,,,,,,,,,,,,
2026-07-22,zone,Ituri,Kilo,69,https://ebola-tracker.org/reports/SITREP_MVE_069.pdf,rattrapage,23,12,1,11,8,47.8,,,,,,,,,,,,,,,
2026-07-22,zone,Ituri,Komanda,69,https://ebola-tracker.org/reports/SITREP_MVE_069.pdf,rattrapage,30,3,1,21,10,70.0,,,,,,,,,,,,,,,
2026-07-22,zone,Ituri,Lita,69,https://ebola-tracker.org/reports/SITREP_MVE_069.pdf,rattrapage,101,22,1,58,30,57.4,,,,,,,,,,,,,,,
2026-07-22,zone,Ituri,Logo,69,https://ebola-tracker.org/reports/SITREP_MVE_069.pdf,rattrapage,8,0,1,3,2,37.5,,,,,,,,,,,,,,,
2026-07-22,zone,Ituri,Lolwa,69,https://ebola-tracker.org/reports/SITREP_MVE_069.pdf,rattrapage,4,2,1,1,0,25.0,,,,,,,,,,,,,,,
2026-07-22,zone,Ituri,Mahagi,69,https://ebola-tracker.org/reports/SITREP_MVE_069.pdf,rattrapage,1,0,1,1,1,100.0,,,,,,,,,,,,,,,
2026-07-22,zone,Ituri,Mambasa,69,https://ebola-tracker.org/reports/SITREP_MVE_069.pdf,rattrapage,7,-1,1,4,-2,57.1,,,,,,,,,,,,,,,
2026-07-22,zone,Ituri,Mandima,69,https://ebola-tracker.org/reports/SITREP_MVE_069.pdf,rattrapage,13,2,1,9,3,69.2,,,,,,,,,,,,,,,
2026-07-22,zone,Ituri,Mangala,69,https://ebola-tracker.org/reports/SITREP_MVE_069.pdf,rattrapage,86,25,1,59,21,68.6,,,,,,,,,,,,,,,
2026-07-22,zone,Ituri,Mongbwalu,69,https://ebola-tracker.org/reports/SITREP_MVE_069.pdf,rattrapage,482,118,1,226,20,46.9,,,,,,,,,,,,,,,
2026-07-22,zone,Ituri,Nia-Nia,69,https://ebola-tracker.org/reports/SITREP_MVE_069.pdf,rattrapage,78,22,1,41,24,52.6,,,,,,,,,,,,,,,
2026-07-22,zone,Ituri,Nizi,69,https://ebola-tracker.org/reports/SITREP_MVE_069.pdf,rattrapage,308,84,1,144,45,46.8,,,,,,,,,,,,,,,
2026-07-22,zone,Ituri,Nyankunde,69,https://ebola-tracker.org/reports/SITREP_MVE_069.pdf,rattrapage,114,15,1,30,2,26.3,,,,,,,,,,,,,,,
2026-07-22,zone,Ituri,Rimba,69,https://ebola-tracker.org/reports/SITREP_MVE_069.pdf,rattrapage,7,2,1,4,4,57.1,,,,,,,,,,,,,,,
2026-07-22,zone,Ituri,Rwampara,69,https://ebola-tracker.org/reports/SITREP_MVE_069.pdf,rattrapage,481,15,1,231,81,48.0,,,,,,,,,,,,,,,
2026-07-22,zone,Ituri,Tchomia,69,https://ebola-tracker.org/reports/SITREP_MVE_069.pdf,rattrapage,39,16,1,24,17,61.5,,,,,,,,,,,,,,,
2026-07-22,zone,Nord-Kivu,Beni,69,https://ebola-tracker.org/reports/SITREP_MVE_069.pdf,rattrapage,41,2,1,29,2,70.7,,,,,,,,,,,,,,,
2026-07-22,zone,Nord-Kivu,Butembo,69,https://ebola-tracker.org/reports/SITREP_MVE_069.pdf,rattrapage,62,-3,1,39,8,62.9,,,,,,,,,,,,,,,
2026-07-22,zone,Nord-Kivu,Goma,69,https://ebola-tracker.org/reports/SITREP_MVE_069.pdf,rattrapage,1,0,1,0,0,0.0,,,,,,,,,,,,,,,
2026-07-22,zone,Nord-Kivu,Kalunguta,69,https://ebola-tracker.org/reports/SITREP_MVE_069.pdf,rattrapage,4,2,1,3,2,75.0,,,,,,,,,,,,,,,
2026-07-22,zone,Nord-Kivu,Katwa,69,https://ebola-tracker.org/reports/SITREP_MVE_069.pdf,rattrapage,121,7,1,77,-1,63.6,,,,,,,,,,,,,,,
2026-07-22,zone,Nord-Kivu,Kyondo,69,https://ebola-tracker.org/reports/SITREP_MVE_069.pdf,rattrapage,10,0,1,7,2,70.0,,,,,,,,,,,,,,,
2026-07-22,zone,Nord-Kivu,Mabalako,69,https://ebola-tracker.org/reports/SITREP_MVE_069.pdf,rattrapage,1,0,1,0,0,0.0,,,,,,,,,,,,,,,
2026-07-22,zone,Nord-Kivu,Masereka,69,https://ebola-tracker.org/reports/SITREP_MVE_069.pdf,rattrapage,4,1,1,0,0,0.0,,,,,,,,,,,,,,,
2026-07-22,zone,Nord-Kivu,Musienene,69,https://ebola-tracker.org/reports/SITREP_MVE_069.pdf,rattrapage,26,7,1,13,8,50.0,,,,,,,,,,,,,,,
2026-07-22,zone,Nord-Kivu,Oicha,69,https://ebola-tracker.org/reports/SITREP_MVE_069.pdf,rattrapage,4,0,1,3,-1,75.0,,,,,,,,,,,,,,,
2026-07-22,zone,Nord-Kivu,Vuhovi,69,https://ebola-tracker.org/reports/SITREP_MVE_069.pdf,rattrapage,1,0,1,1,0,100.0,,,,,,,,,,,,,,,
2026-07-22,zone,Sud-Kivu,Miti-Murhesa,69,https://ebola-tracker.org/reports/SITREP_MVE_069.pdf,rattrapage,3,0,1,1,0,33.3,,,,,,,,,,,,,,,
2026-07-22,zone,Tshopo,Lubunga,69,https://ebola-tracker.org/reports/SITREP_MVE_069.pdf,rattrapage,1,0,1,0,0,0.0,,,,,,,,,,,,,,,
2026-07-22,zone,Tshopo,Makiso-Kisangani,69,https://ebola-tracker.org/reports/SITREP_MVE_069.pdf,rattrapage,3,0,1,3,0,100.0,,,,,,,,,,,,,,,
2026-07-22,zone,Tshopo,Mangobo,69,https://ebola-tracker.org/reports/SITREP_MVE_069.pdf,rattrapage,1,0,1,1,0,100.0,,,,,,,,,,,,,,,
2026-07-23,pays,,,70,https://ebola-tracker.org/reports/SITREP_MVE_070.pdf,,2973,68,1,1309,40,44.0,,26,14,1483,315,278,66,23.7,766,860,89.1,15358,11351,73.9,
2026-07-23,province,Haut-Uélé,,70,https://ebola-tracker.org/reports/SITREP_MVE_070.pdf,,29,2,1,15,0,51.7,,0,0,,,,,,,,,,,,
2026-07-23,province,Ituri,,70,https://ebola-tracker.org/reports/SITREP_MVE_070.pdf,,2646,51,1,1107,30,41.8,,18,12,532,199,155,51,32.9,570,709,80.4,11332,8170,72.1,
2026-07-23,province,Nord-Kivu,,70,https://ebola-tracker.org/reports/SITREP_MVE_070.pdf,,290,15,1,182,10,62.8,,8,2,924,107,120,15,12.5,192,141,136.2,4001,3156,78.9,
2026-07-23,province,Sud-Kivu,,70,https://ebola-tracker.org/reports/SITREP_MVE_070.pdf,,3,0,1,1,0,33.3,,,,,,,,,,,,,,,
2026-07-23,province,Tshopo,,70,https://ebola-tracker.org/reports/SITREP_MVE_070.pdf,,5,0,1,4,0,80.0,,,,27,9,3,0,0.0,4,10,40.0,25,25,100.0,
2026-07-23,zone,Haut-Uélé,Boma-Mangbetu,70,https://ebola-tracker.org/reports/SITREP_MVE_070.pdf,,6,0,1,2,0,33.3,,,,,,,,,,,,,,,
2026-07-23,zone,Haut-Uélé,Isiro,70,https://ebola-tracker.org/reports/SITREP_MVE_070.pdf,,8,0,1,5,0,62.5,,,,,,,,,,,,,,,
2026-07-23,zone,Haut-Uélé,Pawa,70,https://ebola-tracker.org/reports/SITREP_MVE_070.pdf,,7,0,1,5,0,71.4,,,,,,,,,,,,,,,
2026-07-23,zone,Haut-Uélé,Rungu,70,https://ebola-tracker.org/reports/SITREP_MVE_070.pdf,,1,,,0,,0.0,,,,,,,,,,,,,,,
2026-07-23,zone,Haut-Uélé,Wamba,70,https://ebola-tracker.org/reports/SITREP_MVE_070.pdf,,7,1,1,3,0,42.9,,,,,,,,,,,,,,,
2026-07-23,zone,Ituri,Adja,70,https://ebola-tracker.org/reports/SITREP_MVE_070.pdf,,10,0,1,1,0,10.0,,,,,,,,,,,,,,,
2026-07-23,zone,Ituri,Ariwara,70,https://ebola-tracker.org/reports/SITREP_MVE_070.pdf,,7,0,1,1,0,14.3,,,,,,,,,,,,,,,
2026-07-23,zone,Ituri,Aru,70,https://ebola-tracker.org/reports/SITREP_MVE_070.pdf,,5,0,1,1,0,20.0,,,,,,,,,,,,,,,
2026-07-23,zone,Ituri,Aungba,70,https://ebola-tracker.org/reports/SITREP_MVE_070.pdf,,4,0,1,4,0,100.0,,,,,,,,,,,,,,,
2026-07-23,zone,Ituri,Bambu,70,https://ebola-tracker.org/reports/SITREP_MVE_070.pdf,,51,0,1,10,1,19.6,,,,,,,,,,,,,,,
2026-07-23,zone,Ituri,Boga,70,https://ebola-tracker.org/reports/SITREP_MVE_070.pdf,,1,0,1,1,0,100.0,,,,,,,,,,,,,,,
2026-07-23,zone,Ituri,Bunia,70,https://ebola-tracker.org/reports/SITREP_MVE_070.pdf,,713,17,1,185,10,25.9,,,,,,,,,,,,,,,
2026-07-23,zone,Ituri,Damas,70,https://ebola-tracker.org/reports/SITREP_MVE_070.pdf,,14,1,1,8,0,57.1,,,,,,,,,,,,,,,
2026-07-23,zone,Ituri,Drodro,70,https://ebola-tracker.org/reports/SITREP_MVE_070.pdf,,6,0,1,4,0,66.7,,,,,,,,,,,,,,,
2026-07-23,zone,Ituri,Fataki,70,https://ebola-tracker.org/reports/SITREP_MVE_070.pdf,,17,0,1,6,0,35.3,,,,,,,,,,,,,,,
2026-07-23,zone,Ituri,Gethy,70,https://ebola-tracker.org/reports/SITREP_MVE_070.pdf,,1,0,1,0,0,0.0,,,,,,,,,,,,,,,
2026-07-23,zone,Ituri,Kambala,70,https://ebola-tracker.org/reports/SITREP_MVE_070.pdf,,2,0,1,0,0,0.0,,,,,,,,,,,,,,,
2026-07-23,zone,Ituri,Kilo,70,https://ebola-tracker.org/reports/SITREP_MVE_070.pdf,,23,0,1,11,0,47.8,,,,,,,,,,,,,,,
2026-07-23,zone,Ituri,Komanda,70,https://ebola-tracker.org/reports/SITREP_MVE_070.pdf,,33,3,1,22,1,66.7,,,,,,,,,,,,,,,
2026-07-23,zone,Ituri,Lita,70,https://ebola-tracker.org/reports/SITREP_MVE_070.pdf,,103,2,1,59,1,57.3,,,,,,,,,,,,,,,
2026-07-23,zone,Ituri,Logo,70,https://ebola-tracker.org/reports/SITREP_MVE_070.pdf,,9,1,1,3,0,33.3,,,,,,,,,,,,,,,
2026-07-23,zone,Ituri,Lolwa,70,https://ebola-tracker.org/reports/SITREP_MVE_070.pdf,,4,0,1,1,0,25.0,,,,,,,,,,,,,,,
2026-07-23,zone,Ituri,Mahagi,70,https://ebola-tracker.org/reports/SITREP_MVE_070.pdf,,1,0,1,1,0,100.0,,,,,,,,,,,,,,,
2026-07-23,zone,Ituri,Mambasa,70,https://ebola-tracker.org/reports/SITREP_MVE_070.pdf,,7,0,1,4,0,57.1,,,,,,,,,,,,,,,
2026-07-23,zone,Ituri,Mandima,70,https://ebola-tracker.org/reports/SITREP_MVE_070.pdf,,13,0,1,9,0,69.2,,,,,,,,,,,,,,,
2026-07-23,zone,Ituri,Mangala,70,https://ebola-tracker.org/reports/SITREP_MVE_070.pdf,,92,6,1,60,1,65.2,,,,,,,,,,,,,,,
2026-07-23,zone,Ituri,Mongbwalu,70,https://ebola-tracker.org/reports/SITREP_MVE_070.pdf,,484,2,1,228,2,47.1,,,,,,,,,,,,,,,
2026-07-23,zone,Ituri,Nia-Nia,70,https://ebola-tracker.org/reports/SITREP_MVE_070.pdf,,78,0,1,43,2,55.1,,,,,,,,,,,,,,,
2026-07-23,zone,Ituri,Nizi,70,https://ebola-tracker.org/reports/SITREP_MVE_070.pdf,,316,8,1,151,7,47.8,,,,,,,,,,,,,,,
2026-07-23,zone,Ituri,Nyankunde,70,https://ebola-tracker.org/reports/SITREP_MVE_070.pdf,,114,0,1,30,0,26.3,,,,,,,,,,,,,,,
2026-07-23,zone,Ituri,Rimba,70,https://ebola-tracker.org/reports/SITREP_MVE_070.pdf,,8,1,1,4,0,50.0,,,,,,,,,,,,,,,
2026-07-23,zone,Ituri,Rwampara,70,https://ebola-tracker.org/reports/SITREP_MVE_070.pdf,,490,9,1,236,5,48.2,,,,,,,,,,,,,,,
2026-07-23,zone,Ituri,Tchomia,70,https://ebola-tracker.org/reports/SITREP_MVE_070.pdf,,40,1,1,24,0,60.0,,,,,,,,,,,,,,,
2026-07-23,zone,Nord-Kivu,Beni,70,https://ebola-tracker.org/reports/SITREP_MVE_070.pdf,,42,1,1,29,0,69.0,,,,,,,,,,,,,,,
2026-07-23,zone,Nord-Kivu,Butembo,70,https://ebola-tracker.org/reports/SITREP_MVE_070.pdf,,63,1,1,41,2,65.1,,,,,,,,,,,,,,,
2026-07-23,zone,Nord-Kivu,Goma,70,https://ebola-tracker.org/reports/SITREP_MVE_070.pdf,,1,0,1,0,0,0.0,,,,,,,,,,,,,,,
2026-07-23,zone,Nord-Kivu,Kalunguta,70,https://ebola-tracker.org/reports/SITREP_MVE_070.pdf,,4,0,1,3,0,75.0,,,,,,,,,,,,,,,
2026-07-23,zone,Nord-Kivu,Katwa,70,https://ebola-tracker.org/reports/SITREP_MVE_070.pdf,,133,12,1,85,8,63.9,,,,,,,,,,,,,,,
2026-07-23,zone,Nord-Kivu,Kyondo,70,https://ebola-tracker.org/reports/SITREP_MVE_070.pdf,,10,0,1,7,0,70.0,,,,,,,,,,,,,,,
2026-07-23,zone,Nord-Kivu,Mabalako,70,https://ebola-tracker.org/reports/SITREP_MVE_070.pdf,,1,0,1,0,0,0.0,,,,,,,,,,,,,,,
2026-07-23,zone,Nord-Kivu,Masereka,70,https://ebola-tracker.org/reports/SITREP_MVE_070.pdf,,4,0,1,0,0,0.0,,,,,,,,,,,,,,,
2026-07-23,zone,Nord-Kivu,Musienene,70,https://ebola-tracker.org/reports/SITREP_MVE_070.pdf,,27,1,1,13,0,48.1,,,,,,,,,,,,,,,
2026-07-23,zone,Nord-Kivu,Oicha,70,https://ebola-tracker.org/reports/SITREP_MVE_070.pdf,,4,0,1,3,0,75.0,,,,,,,,,,,,,,,
2026-07-23,zone,Nord-Kivu,Vuhovi,70,https://ebola-tracker.org/reports/SITREP_MVE_070.pdf,,1,0,1,1,0,100.0,,,,,,,,,,,,,,,
2026-07-23,zone,Sud-Kivu,Miti-Murhesa,70,https://ebola-tracker.org/reports/SITREP_MVE_070.pdf,,3,0,1,1,0,33.3,,,,,,,,,,,,,,,
2026-07-23,zone,Tshopo,Lubunga,70,https://ebola-tracker.org/reports/SITREP_MVE_070.pdf,,1,0,1,0,0,0.0,,,,,,,,,,,,,,,
2026-07-23,zone,Tshopo,Makiso-Kisangani,70,https://ebola-tracker.org/reports/SITREP_MVE_070.pdf,,3,0,1,3,0,100.0,,,,,,,,,,,,,,,
2026-07-23,zone,Tshopo,Mangobo,70,https://ebola-tracker.org/reports/SITREP_MVE_070.pdf,,1,0,1,1,0,100.0,,,,,,,,,,,,,,,
2026-07-24,pays,,,71,https://ebola-tracker.org/reports/SITREP_MVE_071.pdf,,3075,102,1,1354,45,44.0,,36,9,1858,274,381,96,25.2,755,850,88.8,14525,11100,76.4,
2026-07-24,province,Haut-Uélé,,71,https://ebola-tracker.org/reports/SITREP_MVE_071.pdf,,35,6,1,19,4,54.3,,2,2,5,3,,,,,,,258,186,72.1,
2026-07-24,province,Ituri,,71,https://ebola-tracker.org/reports/SITREP_MVE_071.pdf,,2733,87,1,1142,35,41.8,,29,6,865,198,240,87,36.2,576,709,81.2,10123,7466,73.8,
2026-07-24,province,Nord-Kivu,,71,https://ebola-tracker.org/reports/SITREP_MVE_071.pdf,,299,9,1,188,6,62.9,,5,1,957,64,139,9,6.5,179,141,127.0,4111,3418,83.1,
2026-07-24,province,Sud-Kivu,,71,https://ebola-tracker.org/reports/SITREP_MVE_071.pdf,,3,0,1,1,0,33.3,,,,,,,,,,,,,,,
2026-07-24,province,Tshopo,,71,https://ebola-tracker.org/reports/SITREP_MVE_071.pdf,,5,0,1,4,0,80.0,,,,31,9,2,0,0.0,,,,33,30,90.9,
2026-07-24,zone,Haut-Uélé,Boma-Mangbetu,71,https://ebola-tracker.org/reports/SITREP_MVE_071.pdf,,6,0,1,3,1,50.0,,,,,,,,,,,,,,,
2026-07-24,zone,Haut-Uélé,Isiro,71,https://ebola-tracker.org/reports/SITREP_MVE_071.pdf,,11,3,1,7,2,63.6,,,,,,,,,,,,,,,
2026-07-24,zone,Haut-Uélé,Pawa,71,https://ebola-tracker.org/reports/SITREP_MVE_071.pdf,,7,0,1,5,0,71.4,,,,,,,,,,,,,,,
2026-07-24,zone,Haut-Uélé,Rungu,71,https://ebola-tracker.org/reports/SITREP_MVE_071.pdf,,1,0,1,0,0,0.0,,,,,,,,,,,,,,,
2026-07-24,zone,Haut-Uélé,Wamba,71,https://ebola-tracker.org/reports/SITREP_MVE_071.pdf,,10,3,1,4,1,40.0,,,,,,,,,,,,,,,
2026-07-24,zone,Ituri,Adja,71,https://ebola-tracker.org/reports/SITREP_MVE_071.pdf,,10,0,1,1,0,10.0,,,,,,,,,,,,,,,
2026-07-24,zone,Ituri,Ariwara,71,https://ebola-tracker.org/reports/SITREP_MVE_071.pdf,,7,0,1,1,0,14.3,,,,,,,,,,,,,,,
2026-07-24,zone,Ituri,Aru,71,https://ebola-tracker.org/reports/SITREP_MVE_071.pdf,,5,0,1,1,0,20.0,,,,,,,,,,,,,,,
2026-07-24,zone,Ituri,Aungba,71,https://ebola-tracker.org/reports/SITREP_MVE_071.pdf,,4,0,1,4,0,100.0,,,,,,,,,,,,,,,
2026-07-24,zone,Ituri,Bambu,71,https://ebola-tracker.org/reports/SITREP_MVE_071.pdf,,54,3,1,11,1,20.4,,,,,,,,,,,,,,,
2026-07-24,zone,Ituri,Boga,71,https://ebola-tracker.org/reports/SITREP_MVE_071.pdf,,1,0,1,1,0,100.0,,,,,,,,,,,,,,,
2026-07-24,zone,Ituri,Bunia,71,https://ebola-tracker.org/reports/SITREP_MVE_071.pdf,,739,26,1,200,15,27.1,,,,,,,,,,,,,,,
2026-07-24,zone,Ituri,Damas,71,https://ebola-tracker.org/reports/SITREP_MVE_071.pdf,,14,0,1,8,0,57.1,,,,,,,,,,,,,,,
2026-07-24,zone,Ituri,Drodro,71,https://ebola-tracker.org/reports/SITREP_MVE_071.pdf,,6,0,1,4,0,66.7,,,,,,,,,,,,,,,
2026-07-24,zone,Ituri,Fataki,71,https://ebola-tracker.org/reports/SITREP_MVE_071.pdf,,17,0,1,6,0,35.3,,,,,,,,,,,,,,,
2026-07-24,zone,Ituri,Gethy,71,https://ebola-tracker.org/reports/SITREP_MVE_071.pdf,,1,0,1,0,0,0.0,,,,,,,,,,,,,,,
2026-07-24,zone,Ituri,Kambala,71,https://ebola-tracker.org/reports/SITREP_MVE_071.pdf,,2,0,1,0,0,0.0,,,,,,,,,,,,,,,
2026-07-24,zone,Ituri,Kilo,71,https://ebola-tracker.org/reports/SITREP_MVE_071.pdf,,23,0,1,11,0,47.8,,,,,,,,,,,,,,,
2026-07-24,zone,Ituri,Komanda,71,https://ebola-tracker.org/reports/SITREP_MVE_071.pdf,,33,0,1,22,0,66.7,,,,,,,,,,,,,,,
2026-07-24,zone,Ituri,Lita,71,https://ebola-tracker.org/reports/SITREP_MVE_071.pdf,,109,6,1,62,3,56.9,,,,,,,,,,,,,,,
2026-07-24,zone,Ituri,Logo,71,https://ebola-tracker.org/reports/SITREP_MVE_071.pdf,,9,0,1,3,0,33.3,,,,,,,,,,,,,,,
2026-07-24,zone,Ituri,Lolwa,71,https://ebola-tracker.org/reports/SITREP_MVE_071.pdf,,4,0,1,1,0,25.0,,,,,,,,,,,,,,,
2026-07-24,zone,Ituri,Mahagi,71,https://ebola-tracker.org/reports/SITREP_MVE_071.pdf,,2,1,1,1,0,50.0,,,,,,,,,,,,,,,
2026-07-24,zone,Ituri,Mambasa,71,https://ebola-tracker.org/reports/SITREP_MVE_071.pdf,,7,0,1,4,0,57.1,,,,,,,,,,,,,,,
2026-07-24,zone,Ituri,Mandima,71,https://ebola-tracker.org/reports/SITREP_MVE_071.pdf,,13,0,1,9,0,69.2,,,,,,,,,,,,,,,
2026-07-24,zone,Ituri,Mangala,71,https://ebola-tracker.org/reports/SITREP_MVE_071.pdf,,98,6,1,63,3,64.3,,,,,,,,,,,,,,,
2026-07-24,zone,Ituri,Mongbwalu,71,https://ebola-tracker.org/reports/SITREP_MVE_071.pdf,,490,6,1,232,4,47.3,,,,,,,,,,,,,,,
2026-07-24,zone,Ituri,Nia-Nia,71,https://ebola-tracker.org/reports/SITREP_MVE_071.pdf,,78,0,1,45,2,57.7,,,,,,,,,,,,,,,
2026-07-24,zone,Ituri,Nizi,71,https://ebola-tracker.org/reports/SITREP_MVE_071.pdf,,330,14,1,158,7,47.9,,,,,,,,,,,,,,,
2026-07-24,zone,Ituri,Nyankunde,71,https://ebola-tracker.org/reports/SITREP_MVE_071.pdf,,114,0,1,30,0,26.3,,,,,,,,,,,,,,,
2026-07-24,zone,Ituri,Rimba,71,https://ebola-tracker.org/reports/SITREP_MVE_071.pdf,,8,0,1,4,0,50.0,,,,,,,,,,,,,,,
2026-07-24,zone,Ituri,Rwampara,71,https://ebola-tracker.org/reports/SITREP_MVE_071.pdf,,515,25,1,236,0,45.8,,,,,,,,,,,,,,,
2026-07-24,zone,Ituri,Tchomia,71,https://ebola-tracker.org/reports/SITREP_MVE_071.pdf,,40,0,1,24,0,60.0,,,,,,,,,,,,,,,
2026-07-24,zone,Nord-Kivu,Beni,71,https://ebola-tracker.org/reports/SITREP_MVE_071.pdf,,42,0,1,29,0,69.0,,,,,,,,,,,,,,,
2026-07-24,zone,Nord-Kivu,Butembo,71,https://ebola-tracker.org/reports/SITREP_MVE_071.pdf,,66,3,1,43,2,65.2,,,,,,,,,,,,,,,
2026-07-24,zone,Nord-Kivu,Goma,71,https://ebola-tracker.org/reports/SITREP_MVE_071.pdf,,1,0,1,0,0,0.0,,,,,,,,,,,,,,,
2026-07-24,zone,Nord-Kivu,Kalunguta,71,https://ebola-tracker.org/reports/SITREP_MVE_071.pdf,,4,0,1,3,0,75.0,,,,,,,,,,,,,,,
2026-07-24,zone,Nord-Kivu,Katwa,71,https://ebola-tracker.org/reports/SITREP_MVE_071.pdf,,136,3,1,88,3,64.7,,,,,,,,,,,,,,,
2026-07-24,zone,Nord-Kivu,Kyondo,71,https://ebola-tracker.org/reports/SITREP_MVE_071.pdf,,11,1,1,7,0,63.6,,,,,,,,,,,,,,,
2026-07-24,zone,Nord-Kivu,Mabalako,71,https://ebola-tracker.org/reports/SITREP_MVE_071.pdf,,1,0,1,0,0,0.0,,,,,,,,,,,,,,,
2026-07-24,zone,Nord-Kivu,Masereka,71,https://ebola-tracker.org/reports/SITREP_MVE_071.pdf,,4,0,1,0,0,0.0,,,,,,,,,,,,,,,
2026-07-24,zone,Nord-Kivu,Musienene,71,https://ebola-tracker.org/reports/SITREP_MVE_071.pdf,,29,2,1,14,1,48.3,,,,,,,,,,,,,,,
2026-07-24,zone,Nord-Kivu,Oicha,71,https://ebola-tracker.org/reports/SITREP_MVE_071.pdf,,4,0,1,3,0,75.0,,,,,,,,,,,,,,,
2026-07-24,zone,Nord-Kivu,Vuhovi,71,https://ebola-tracker.org/reports/SITREP_MVE_071.pdf,,1,0,1,1,0,100.0,,,,,,,,,,,,,,,
2026-07-24,zone,Sud-Kivu,Miti-Murhesa,71,https://ebola-tracker.org/reports/SITREP_MVE_071.pdf,,3,0,1,1,0,33.3,,,,,,,,,,,,,,,
2026-07-24,zone,Tshopo,Lubunga,71,https://ebola-tracker.org/reports/SITREP_MVE_071.pdf,,1,0,1,0,0,0.0,,,,,,,,,,,,,,,
2026-07-24,zone,Tshopo,Makiso-Kisangani,71,https://ebola-tracker.org/reports/SITREP_MVE_071.pdf,,3,0,1,3,0,100.0,,,,,,,,,,,,,,,
2026-07-24,zone,Tshopo,Mangobo,71,https://ebola-tracker.org/reports/SITREP_MVE_071.pdf,,1,0,1,1,0,100.0,,,,,,,,,,,,,,,
2026-07-25,pays,,,72,https://ebola-tracker.org/reports/SITREP_MVE_072.pdf,,3200,125,1,1405,51,43.9,,32,19,1335,340,374,124,33.2,773,941,82.1,15440,12010,77.8,
2026-07-25,province,Haut-Uélé,,72,https://ebola-tracker.org/reports/SITREP_MVE_072.pdf,,38,3,1,20,1,52.6,,0,1,11,3,10,2,20.0,,,,199,129,64.8,
2026-07-25,province,Ituri,,72,https://ebola-tracker.org/reports/SITREP_MVE_072.pdf,,2848,115,1,1184,42,41.6,,28,14,581,242,224,115,51.3,602,800,75.2,10901,8245,75.6,
2026-07-25,province,Nord-Kivu,,72,https://ebola-tracker.org/reports/SITREP_MVE_072.pdf,,306,7,1,196,8,64.1,,4,4,714,86,135,7,5.2,171,141,121.3,4307,3606,83.7,
2026-07-25,province,Sud-Kivu,,72,https://ebola-tracker.org/reports/SITREP_MVE_072.pdf,,3,0,1,1,0,33.3,,,,7,7,,,,,,,,,,
2026-07-25,province,Tshopo,,72,https://ebola-tracker.org/reports/SITREP_MVE_072.pdf,,5,0,1,4,0,80.0,,,,22,2,5,0,0.0,,,,33,30,90.9,
2026-07-25,zone,Haut-Uélé,Boma-Mangbetu,72,https://ebola-tracker.org/reports/SITREP_MVE_072.pdf,,7,1,1,4,1,57.1,,,,,,,,,,,,,,,
2026-07-25,zone,Haut-Uélé,Isiro,72,https://ebola-tracker.org/reports/SITREP_MVE_072.pdf,,12,1,1,7,0,58.3,,,,,,,,,,,,,,,
2026-07-25,zone,Haut-Uélé,Pawa,72,https://ebola-tracker.org/reports/SITREP_MVE_072.pdf,,7,0,1,5,0,71.4,,,,,,,,,,,,,,,
2026-07-25,zone,Haut-Uélé,Rungu,72,https://ebola-tracker.org/reports/SITREP_MVE_072.pdf,,1,0,1,0,0,0.0,,,,,,,,,,,,,,,
2026-07-25,zone,Haut-Uélé,Wamba,72,https://ebola-tracker.org/reports/SITREP_MVE_072.pdf,,11,1,1,4,0,36.4,,,,,,,,,,,,,,,
2026-07-25,zone,Ituri,Adja,72,https://ebola-tracker.org/reports/SITREP_MVE_072.pdf,,11,1,1,1,0,9.1,,,,,,,,,,,,,,,
2026-07-25,zone,Ituri,Ariwara,72,https://ebola-tracker.org/reports/SITREP_MVE_072.pdf,,7,0,1,1,0,14.3,,,,,,,,,,,,,,,
2026-07-25,zone,Ituri,Aru,72,https://ebola-tracker.org/reports/SITREP_MVE_072.pdf,,5,0,1,4,3,80.0,,,,,,,,,,,,,,,
2026-07-25,zone,Ituri,Aungba,72,https://ebola-tracker.org/reports/SITREP_MVE_072.pdf,,4,0,1,4,0,100.0,,,,,,,,,,,,,,,
2026-07-25,zone,Ituri,Bambu,72,https://ebola-tracker.org/reports/SITREP_MVE_072.pdf,,54,0,1,11,0,20.4,,,,,,,,,,,,,,,
2026-07-25,zone,Ituri,Boga,72,https://ebola-tracker.org/reports/SITREP_MVE_072.pdf,,1,0,1,1,0,100.0,,,,,,,,,,,,,,,
2026-07-25,zone,Ituri,Bunia,72,https://ebola-tracker.org/reports/SITREP_MVE_072.pdf,,762,23,1,215,15,28.2,,,,,,,,,,,,,,,
2026-07-25,zone,Ituri,Damas,72,https://ebola-tracker.org/reports/SITREP_MVE_072.pdf,,16,2,1,8,0,50.0,,,,,,,,,,,,,,,
2026-07-25,zone,Ituri,Drodro,72,https://ebola-tracker.org/reports/SITREP_MVE_072.pdf,,6,0,1,4,0,66.7,,,,,,,,,,,,,,,
2026-07-25,zone,Ituri,Fataki,72,https://ebola-tracker.org/reports/SITREP_MVE_072.pdf,,17,0,1,6,0,35.3,,,,,,,,,,,,,,,
2026-07-25,zone,Ituri,Gethy,72,https://ebola-tracker.org/reports/SITREP_MVE_072.pdf,,1,0,1,0,0,0.0,,,,,,,,,,,,,,,
2026-07-25,zone,Ituri,Kambala,72,https://ebola-tracker.org/reports/SITREP_MVE_072.pdf,,2,0,1,0,0,0.0,,,,,,,,,,,,,,,
2026-07-25,zone,Ituri,Kilo,72,https://ebola-tracker.org/reports/SITREP_MVE_072.pdf,,23,0,1,11,0,47.8,,,,,,,,,,,,,,,
2026-07-25,zone,Ituri,Komanda,72,https://ebola-tracker.org/reports/SITREP_MVE_072.pdf,,35,2,1,24,2,68.6,,,,,,,,,,,,,,,
2026-07-25,zone,Ituri,Lita,72,https://ebola-tracker.org/reports/SITREP_MVE_072.pdf,,117,8,1,66,4,56.4,,,,,,,,,,,,,,,
2026-07-25,zone,Ituri,Logo,72,https://ebola-tracker.org/reports/SITREP_MVE_072.pdf,,9,0,1,3,0,33.3,,,,,,,,,,,,,,,
2026-07-25,zone,Ituri,Lolwa,72,https://ebola-tracker.org/reports/SITREP_MVE_072.pdf,,4,0,1,1,0,25.0,,,,,,,,,,,,,,,
2026-07-25,zone,Ituri,Mahagi,72,https://ebola-tracker.org/reports/SITREP_MVE_072.pdf,,3,1,1,1,0,33.3,,,,,,,,,,,,,,,
2026-07-25,zone,Ituri,Mambasa,72,https://ebola-tracker.org/reports/SITREP_MVE_072.pdf,,9,2,1,4,0,44.4,,,,,,,,,,,,,,,
2026-07-25,zone,Ituri,Mandima,72,https://ebola-tracker.org/reports/SITREP_MVE_072.pdf,,13,0,1,9,0,69.2,,,,,,,,,,,,,,,
2026-07-25,zone,Ituri,Mangala,72,https://ebola-tracker.org/reports/SITREP_MVE_072.pdf,,100,2,1,64,1,64.0,,,,,,,,,,,,,,,
2026-07-25,zone,Ituri,Mongbwalu,72,https://ebola-tracker.org/reports/SITREP_MVE_072.pdf,,498,8,1,237,5,47.6,,,,,,,,,,,,,,,
2026-07-25,zone,Ituri,Nia-Nia,72,https://ebola-tracker.org/reports/SITREP_MVE_072.pdf,,89,11,1,46,1,51.7,,,,,,,,,,,,,,,
2026-07-25,zone,Ituri,Nizi,72,https://ebola-tracker.org/reports/SITREP_MVE_072.pdf,,350,20,1,166,8,47.4,,,,,,,,,,,,,,,
2026-07-25,zone,Ituri,Nyankunde,72,https://ebola-tracker.org/reports/SITREP_MVE_072.pdf,,114,0,1,31,1,27.2,,,,,,,,,,,,,,,
2026-07-25,zone,Ituri,Rimba,72,https://ebola-tracker.org/reports/SITREP_MVE_072.pdf,,8,0,1,4,0,50.0,,,,,,,,,,,,,,,
2026-07-25,zone,Ituri,Rwampara,72,https://ebola-tracker.org/reports/SITREP_MVE_072.pdf,,550,35,1,238,2,43.3,,,,,,,,,,,,,,,
2026-07-25,zone,Ituri,Tchomia,72,https://ebola-tracker.org/reports/SITREP_MVE_072.pdf,,40,0,1,24,0,60.0,,,,,,,,,,,,,,,
2026-07-25,zone,Nord-Kivu,Beni,72,https://ebola-tracker.org/reports/SITREP_MVE_072.pdf,,43,1,1,30,1,69.8,,,,,,,,,,,,,,,
2026-07-25,zone,Nord-Kivu,Butembo,72,https://ebola-tracker.org/reports/SITREP_MVE_072.pdf,,70,4,1,48,5,68.6,,,,,,,,,,,,,,,
2026-07-25,zone,Nord-Kivu,Goma,72,https://ebola-tracker.org/reports/SITREP_MVE_072.pdf,,1,0,1,0,0,0.0,,,,,,,,,,,,,,,
2026-07-25,zone,Nord-Kivu,Kalunguta,72,https://ebola-tracker.org/reports/SITREP_MVE_072.pdf,,4,0,1,3,0,75.0,,,,,,,,,,,,,,,
2026-07-25,zone,Nord-Kivu,Katwa,72,https://ebola-tracker.org/reports/SITREP_MVE_072.pdf,,138,2,1,90,2,65.2,,,,,,,,,,,,,,,
2026-07-25,zone,Nord-Kivu,Kyondo,72,https://ebola-tracker.org/reports/SITREP_MVE_072.pdf,,11,0,1,7,0,63.6,,,,,,,,,,,,,,,
2026-07-25,zone,Nord-Kivu,Mabalako,72,https://ebola-tracker.org/reports/SITREP_MVE_072.pdf,,1,0,1,0,0,0.0,,,,,,,,,,,,,,,
2026-07-25,zone,Nord-Kivu,Masereka,72,https://ebola-tracker.org/reports/SITREP_MVE_072.pdf,,4,0,1,0,0,0.0,,,,,,,,,,,,,,,
2026-07-25,zone,Nord-Kivu,Musienene,72,https://ebola-tracker.org/reports/SITREP_MVE_072.pdf,,29,0,1,14,0,48.3,,,,,,,,,,,,,,,
2026-07-25,zone,Nord-Kivu,Oicha,72,https://ebola-tracker.org/reports/SITREP_MVE_072.pdf,,4,0,1,3,0,75.0,,,,,,,,,,,,,,,
2026-07-25,zone,Nord-Kivu,Vuhovi,72,https://ebola-tracker.org/reports/SITREP_MVE_072.pdf,,1,0,1,1,0,100.0,,,,,,,,,,,,,,,
2026-07-25,zone,Sud-Kivu,Miti-Murhesa,72,https://ebola-tracker.org/reports/SITREP_MVE_072.pdf,,3,0,1,1,0,33.3,,,,,,,,,,,,,,,
2026-07-25,zone,Tshopo,Lubunga,72,https://ebola-tracker.org/reports/SITREP_MVE_072.pdf,,1,0,1,0,0,0.0,,,,,,,,,,,,,,,
2026-07-25,zone,Tshopo,Makiso-Kisangani,72,https://ebola-tracker.org/reports/SITREP_MVE_072.pdf,,3,0,1,3,0,100.0,,,,,,,,,,,,,,,
2026-07-25,zone,Tshopo,Mangobo,72,https://ebola-tracker.org/reports/SITREP_MVE_072.pdf,,1,0,1,1,0,100.0,,,,,,,,,,,,,,,
2026-07-26,pays,,,73,https://ebola-tracker.org/reports/SITREP_MVE_073.pdf,,3262,62,1,1437,32,44.1,,15,9,1202,326,312,62,19.9,723,941,76.8,15498,12122,78.2,
2026-07-26,province,Haut-Uélé,,73,https://ebola-tracker.org/reports/SITREP_MVE_073.pdf,,38,0,1,21,1,55.3,,1,0,1,3,8,1,12.5,,,,150,90,60.0,
2026-07-26,province,Ituri,,73,https://ebola-tracker.org/reports/SITREP_MVE_073.pdf,,2901,53,1,1207,23,41.6,,14,9,587,242,186,53,28.5,531,800,66.4,10901,8245,75.6,
2026-07-26,province,Nord-Kivu,,73,https://ebola-tracker.org/reports/SITREP_MVE_073.pdf,,314,8,1,204,8,65.0,,,,614,81,113,8,7.1,192,141,136.2,4447,3787,85.2,
2026-07-26,province,Sud-Kivu,,73,https://ebola-tracker.org/reports/SITREP_MVE_073.pdf,,3,0,1,1,0,33.3,,,,,,,,,,,,,,,
2026-07-26,province,Tshopo,,73,https://ebola-tracker.org/reports/SITREP_MVE_073.pdf,,5,0,1,4,0,80.0,,,,,,5,0,0.0,,,,,,,
2026-07-26,zone,Haut-Uélé,Boma-Mangbetu,73,https://ebola-tracker.org/reports/SITREP_MVE_073.pdf,,7,0,1,4,0,57.1,,,,,,,,,,,,,,,
2026-07-26,zone,Haut-Uélé,Isiro,73,https://ebola-tracker.org/reports/SITREP_MVE_073.pdf,,12,0,1,7,0,58.3,,,,,,,,,,,,,,,
2026-07-26,zone,Haut-Uélé,Pawa,73,https://ebola-tracker.org/reports/SITREP_MVE_073.pdf,,8,1,1,6,1,75.0,,,,,,,,,,,,,,,
2026-07-26,zone,Haut-Uélé,Rungu,73,https://ebola-tracker.org/reports/SITREP_MVE_073.pdf,,1,0,1,0,0,0.0,,,,,,,,,,,,,,,
2026-07-26,zone,Haut-Uélé,Wamba,73,https://ebola-tracker.org/reports/SITREP_MVE_073.pdf,,11,0,1,4,0,36.4,,,,,,,,,,,,,,,
2026-07-26,zone,Ituri,Adja,73,https://ebola-tracker.org/reports/SITREP_MVE_073.pdf,,11,0,1,1,0,9.1,,,,,,,,,,,,,,,
2026-07-26,zone,Ituri,Ariwara,73,https://ebola-tracker.org/reports/SITREP_MVE_073.pdf,,7,0,1,1,0,14.3,,,,,,,,,,,,,,,
2026-07-26,zone,Ituri,Aru,73,https://ebola-tracker.org/reports/SITREP_MVE_073.pdf,,5,0,1,5,1,100.0,,,,,,,,,,,,,,,
2026-07-26,zone,Ituri,Aungba,73,https://ebola-tracker.org/reports/SITREP_MVE_073.pdf,,5,1,1,4,0,80.0,,,,,,,,,,,,,,,
2026-07-26,zone,Ituri,Bambu,73,https://ebola-tracker.org/reports/SITREP_MVE_073.pdf,,57,3,1,11,0,19.3,,,,,,,,,,,,,,,
2026-07-26,zone,Ituri,Boga,73,https://ebola-tracker.org/reports/SITREP_MVE_073.pdf,,1,0,1,1,0,100.0,,,,,,,,,,,,,,,
2026-07-26,zone,Ituri,Bunia,73,https://ebola-tracker.org/reports/SITREP_MVE_073.pdf,,773,11,1,220,5,28.5,,,,,,,,,,,,,,,
2026-07-26,zone,Ituri,Damas,73,https://ebola-tracker.org/reports/SITREP_MVE_073.pdf,,16,0,1,8,0,50.0,,,,,,,,,,,,,,,
2026-07-26,zone,Ituri,Drodro,73,https://ebola-tracker.org/reports/SITREP_MVE_073.pdf,,10,4,1,5,1,50.0,,,,,,,,,,,,,,,
2026-07-26,zone,Ituri,Fataki,73,https://ebola-tracker.org/reports/SITREP_MVE_073.pdf,,17,0,1,6,0,35.3,,,,,,,,,,,,,,,
2026-07-26,zone,Ituri,Gethy,73,https://ebola-tracker.org/reports/SITREP_MVE_073.pdf,,1,0,1,0,0,0.0,,,,,,,,,,,,,,,
2026-07-26,zone,Ituri,Kambala,73,https://ebola-tracker.org/reports/SITREP_MVE_073.pdf,,2,0,1,0,0,0.0,,,,,,,,,,,,,,,
2026-07-26,zone,Ituri,Kilo,73,https://ebola-tracker.org/reports/SITREP_MVE_073.pdf,,23,0,1,11,0,47.8,,,,,,,,,,,,,,,
2026-07-26,zone,Ituri,Komanda,73,https://ebola-tracker.org/reports/SITREP_MVE_073.pdf,,35,0,1,24,0,68.6,,,,,,,,,,,,,,,
2026-07-26,zone,Ituri,Lita,73,https://ebola-tracker.org/reports/SITREP_MVE_073.pdf,,117,0,1,66,0,56.4,,,,,,,,,,,,,,,
2026-07-26,zone,Ituri,Logo,73,https://ebola-tracker.org/reports/SITREP_MVE_073.pdf,,9,0,1,3,0,33.3,,,,,,,,,,,,,,,
2026-07-26,zone,Ituri,Lolwa,73,https://ebola-tracker.org/reports/SITREP_MVE_073.pdf,,4,0,1,1,0,25.0,,,,,,,,,,,,,,,
2026-07-26,zone,Ituri,Mahagi,73,https://ebola-tracker.org/reports/SITREP_MVE_073.pdf,,3,0,1,1,0,33.3,,,,,,,,,,,,,,,
2026-07-26,zone,Ituri,Mambasa,73,https://ebola-tracker.org/reports/SITREP_MVE_073.pdf,,9,0,1,4,0,44.4,,,,,,,,,,,,,,,
2026-07-26,zone,Ituri,Mandima,73,https://ebola-tracker.org/reports/SITREP_MVE_073.pdf,,13,0,1,9,0,69.2,,,,,,,,,,,,,,,
2026-07-26,zone,Ituri,Mangala,73,https://ebola-tracker.org/reports/SITREP_MVE_073.pdf,,100,0,1,64,0,64.0,,,,,,,,,,,,,,,
2026-07-26,zone,Ituri,Mongbwalu,73,https://ebola-tracker.org/reports/SITREP_MVE_073.pdf,,506,8,1,244,7,48.2,,,,,,,,,,,,,,,
2026-07-26,zone,Ituri,Nia-Nia,73,https://ebola-tracker.org/reports/SITREP_MVE_073.pdf,,90,1,1,47,1,52.2,,,,,,,,,,,,,,,
2026-07-26,zone,Ituri,Nizi,73,https://ebola-tracker.org/reports/SITREP_MVE_073.pdf,,357,7,1,171,5,47.9,,,,,,,,,,,,,,,
2026-07-26,zone,Ituri,Nyankunde,73,https://ebola-tracker.org/reports/SITREP_MVE_073.pdf,,114,0,1,31,0,27.2,,,,,,,,,,,,,,,
2026-07-26,zone,Ituri,Rimba,73,https://ebola-tracker.org/reports/SITREP_MVE_073.pdf,,8,0,1,4,0,50.0,,,,,,,,,,,,,,,
2026-07-26,zone,Ituri,Rwampara,73,https://ebola-tracker.org/reports/SITREP_MVE_073.pdf,,568,18,1,241,3,42.4,,,,,,,,,,,,,,,
2026-07-26,zone,Ituri,Tchomia,73,https://ebola-tracker.org/reports/SITREP_MVE_073.pdf,,40,0,1,24,0,60.0,,,,,,,,,,,,,,,
2026-07-26,zone,Nord-Kivu,Beni,73,https://ebola-tracker.org/reports/SITREP_MVE_073.pdf,,44,1,1,34,4,77.3,,,,,,,,,,,,,,,
2026-07-26,zone,Nord-Kivu,Butembo,73,https://ebola-tracker.org/reports/SITREP_MVE_073.pdf,,73,3,1,49,1,67.1,,,,,,,,,,,,,,,
2026-07-26,zone,Nord-Kivu,Goma,73,https://ebola-tracker.org/reports/SITREP_MVE_073.pdf,,1,0,1,0,0,0.0,,,,,,,,,,,,,,,
2026-07-26,zone,Nord-Kivu,Kalunguta,73,https://ebola-tracker.org/reports/SITREP_MVE_073.pdf,,5,1,1,3,0,60.0,,,,,,,,,,,,,,,
2026-07-26,zone,Nord-Kivu,Katwa,73,https://ebola-tracker.org/reports/SITREP_MVE_073.pdf,,140,2,1,88,-2,62.9,,,,,,,,,,,,,,,
2026-07-26,zone,Nord-Kivu,Kyondo,73,https://ebola-tracker.org/reports/SITREP_MVE_073.pdf,,12,1,1,7,0,58.3,,,,,,,,,,,,,,,
2026-07-26,zone,Nord-Kivu,Mabalako,73,https://ebola-tracker.org/reports/SITREP_MVE_073.pdf,,1,0,1,0,0,0.0,,,,,,,,,,,,,,,
2026-07-26,zone,Nord-Kivu,Masereka,73,https://ebola-tracker.org/reports/SITREP_MVE_073.pdf,,4,0,1,0,0,0.0,,,,,,,,,,,,,,,
2026-07-26,zone,Nord-Kivu,Musienene,73,https://ebola-tracker.org/reports/SITREP_MVE_073.pdf,,29,0,1,19,5,65.5,,,,,,,,,,,,,,,
2026-07-26,zone,Nord-Kivu,Oicha,73,https://ebola-tracker.org/reports/SITREP_MVE_073.pdf,,4,0,1,3,0,75.0,,,,,,,,,,,,,,,
2026-07-26,zone,Nord-Kivu,Vuhovi,73,https://ebola-tracker.org/reports/SITREP_MVE_073.pdf,,1,0,1,1,0,100.0,,,,,,,,,,,,,,,
2026-07-26,zone,Sud-Kivu,Miti-Murhesa,73,https://ebola-tracker.org/reports/SITREP_MVE_073.pdf,,3,0,1,1,0,33.3,,,,,,,,,,,,,,,
2026-07-26,zone,Tshopo,Lubunga,73,https://ebola-tracker.org/reports/SITREP_MVE_073.pdf,,1,0,1,0,0,0.0,,,,,,,,,,,,,,,
2026-07-26,zone,Tshopo,Makiso-Kisangani,73,https://ebola-tracker.org/reports/SITREP_MVE_073.pdf,,3,0,1,3,0,100.0,,,,,,,,,,,,,,,
2026-07-26,zone,Tshopo,Mangobo,73,https://ebola-tracker.org/reports/SITREP_MVE_073.pdf,,1,0,1,1,0,100.0,,,,,,,,,,,,,,,
2026-07-27,pays,,,74,https://ebola-tracker.org/reports/SITREP_MVE_074.pdf,,3360,98,1,1487,50,44.3,,16,15,1263,321,309,98,31.7,733,949,77.2,17588,13882,78.9,
2026-07-27,province,Haut-Uélé,,74,https://ebola-tracker.org/reports/SITREP_MVE_074.pdf,,39,1,1,21,0,53.8,,,,10,25,,,,,,,150,90,60.0,
2026-07-27,province,Ituri,,74,https://ebola-tracker.org/reports/SITREP_MVE_074.pdf,,2988,87,1,1238,31,41.4,,16,15,393,190,206,87,42.2,544,808,67.3,12500,9706,77.6,
2026-07-27,province,Nord-Kivu,,74,https://ebola-tracker.org/reports/SITREP_MVE_074.pdf,,325,11,1,223,19,68.6,,,,858,105,100,11,11.0,189,141,134.0,4908,4056,82.6,
2026-07-27,province,Sud-Kivu,,74,https://ebola-tracker.org/reports/SITREP_MVE_074.pdf,,3,0,1,1,0,33.3,,,,,,,,,,,,,,,
2026-07-27,province,Tshopo,,74,https://ebola-tracker.org/reports/SITREP_MVE_074.pdf,,5,0,1,4,0,80.0,,,,2,1,3,0,0.0,,,,30,30,100.0,
2026-07-27,zone,Haut-Uélé,Boma-Mangbetu,74,https://ebola-tracker.org/reports/SITREP_MVE_074.pdf,,7,0,1,4,0,57.1,,,,,,,,,,,,,,,
2026-07-27,zone,Haut-Uélé,Isiro,74,https://ebola-tracker.org/reports/SITREP_MVE_074.pdf,,12,0,1,7,0,58.3,,,,,,,,,,,,,,,
2026-07-27,zone,Haut-Uélé,Pawa,74,https://ebola-tracker.org/reports/SITREP_MVE_074.pdf,,8,0,1,6,0,75.0,,,,,,,,,,,,,,,
2026-07-27,zone,Haut-Uélé,Rungu,74,https://ebola-tracker.org/reports/SITREP_MVE_074.pdf,,1,0,1,0,0,0.0,,,,,,,,,,,,,,,
2026-07-27,zone,Haut-Uélé,Wamba,74,https://ebola-tracker.org/reports/SITREP_MVE_074.pdf,,11,0,1,4,0,36.4,,,,,,,,,,,,,,,
2026-07-27,zone,Ituri,Adja,74,https://ebola-tracker.org/reports/SITREP_MVE_074.pdf,,11,0,1,1,0,9.1,,,,,,,,,,,,,,,
2026-07-27,zone,Ituri,Ariwara,74,https://ebola-tracker.org/reports/SITREP_MVE_074.pdf,,7,0,1,1,0,14.3,,,,,,,,,,,,,,,
2026-07-27,zone,Ituri,Aru,74,https://ebola-tracker.org/reports/SITREP_MVE_074.pdf,,5,0,1,5,0,100.0,,,,,,,,,,,,,,,
2026-07-27,zone,Ituri,Aungba,74,https://ebola-tracker.org/reports/SITREP_MVE_074.pdf,,5,0,1,4,0,80.0,,,,,,,,,,,,,,,
2026-07-27,zone,Ituri,Bambu,74,https://ebola-tracker.org/reports/SITREP_MVE_074.pdf,,57,0,1,12,1,21.1,,,,,,,,,,,,,,,
2026-07-27,zone,Ituri,Boga,74,https://ebola-tracker.org/reports/SITREP_MVE_074.pdf,,1,0,1,1,0,100.0,,,,,,,,,,,,,,,
2026-07-27,zone,Ituri,Bunia,74,https://ebola-tracker.org/reports/SITREP_MVE_074.pdf,,801,28,1,232,12,29.0,,,,,,,,,,,,,,,
2026-07-27,zone,Ituri,Damas,74,https://ebola-tracker.org/reports/SITREP_MVE_074.pdf,,16,0,1,8,0,50.0,,,,,,,,,,,,,,,
2026-07-27,zone,Ituri,Drodro,74,https://ebola-tracker.org/reports/SITREP_MVE_074.pdf,,10,0,1,5,0,50.0,,,,,,,,,,,,,,,
2026-07-27,zone,Ituri,Fataki,74,https://ebola-tracker.org/reports/SITREP_MVE_074.pdf,,17,0,1,6,0,35.3,,,,,,,,,,,,,,,
2026-07-27,zone,Ituri,Gethy,74,https://ebola-tracker.org/reports/SITREP_MVE_074.pdf,,1,0,1,0,0,0.0,,,,,,,,,,,,,,,
2026-07-27,zone,Ituri,Kambala,74,https://ebola-tracker.org/reports/SITREP_MVE_074.pdf,,2,0,1,0,0,0.0,,,,,,,,,,,,,,,
2026-07-27,zone,Ituri,Kilo,74,https://ebola-tracker.org/reports/SITREP_MVE_074.pdf,,28,5,1,11,0,39.3,,,,,,,,,,,,,,,
2026-07-27,zone,Ituri,Komanda,74,https://ebola-tracker.org/reports/SITREP_MVE_074.pdf,,36,1,1,25,1,69.4,,,,,,,,,,,,,,,
2026-07-27,zone,Ituri,Lita,74,https://ebola-tracker.org/reports/SITREP_MVE_074.pdf,,121,4,1,67,1,55.4,,,,,,,,,,,,,,,
2026-07-27,zone,Ituri,Logo,74,https://ebola-tracker.org/reports/SITREP_MVE_074.pdf,,9,0,1,3,0,33.3,,,,,,,,,,,,,,,
2026-07-27,zone,Ituri,Lolwa,74,https://ebola-tracker.org/reports/SITREP_MVE_074.pdf,,4,0,1,1,0,25.0,,,,,,,,,,,,,,,
2026-07-27,zone,Ituri,Mahagi,74,https://ebola-tracker.org/reports/SITREP_MVE_074.pdf,,4,1,1,1,0,25.0,,,,,,,,,,,,,,,
2026-07-27,zone,Ituri,Mambasa,74,https://ebola-tracker.org/reports/SITREP_MVE_074.pdf,,9,0,1,4,0,44.4,,,,,,,,,,,,,,,
2026-07-27,zone,Ituri,Mandima,74,https://ebola-tracker.org/reports/SITREP_MVE_074.pdf,,16,3,1,12,3,75.0,,,,,,,,,,,,,,,
2026-07-27,zone,Ituri,Mangala,74,https://ebola-tracker.org/reports/SITREP_MVE_074.pdf,,100,0,1,64,0,64.0,,,,,,,,,,,,,,,
2026-07-27,zone,Ituri,Mongbwalu,74,https://ebola-tracker.org/reports/SITREP_MVE_074.pdf,,528,22,1,252,8,47.7,,,,,,,,,,,,,,,
2026-07-27,zone,Ituri,Nia-Nia,74,https://ebola-tracker.org/reports/SITREP_MVE_074.pdf,,92,2,1,48,1,52.2,,,,,,,,,,,,,,,
2026-07-27,zone,Ituri,Nizi,74,https://ebola-tracker.org/reports/SITREP_MVE_074.pdf,,360,3,1,172,1,47.8,,,,,,,,,,,,,,,
2026-07-27,zone,Ituri,Nyankunde,74,https://ebola-tracker.org/reports/SITREP_MVE_074.pdf,,114,0,1,31,0,27.2,,,,,,,,,,,,,,,
2026-07-27,zone,Ituri,Rimba,74,https://ebola-tracker.org/reports/SITREP_MVE_074.pdf,,8,0,1,4,0,50.0,,,,,,,,,,,,,,,
2026-07-27,zone,Ituri,Rwampara,74,https://ebola-tracker.org/reports/SITREP_MVE_074.pdf,,585,17,1,244,3,41.7,,,,,,,,,,,,,,,
2026-07-27,zone,Ituri,Tchomia,74,https://ebola-tracker.org/reports/SITREP_MVE_074.pdf,,41,1,1,24,0,58.5,,,,,,,,,,,,,,,
2026-07-27,zone,Nord-Kivu,Beni,74,https://ebola-tracker.org/reports/SITREP_MVE_074.pdf,,46,2,1,37,3,80.4,,,,,,,,,,,,,,,
2026-07-27,zone,Nord-Kivu,Butembo,74,https://ebola-tracker.org/reports/SITREP_MVE_074.pdf,,75,2,1,61,12,81.3,,,,,,,,,,,,,,,
2026-07-27,zone,Nord-Kivu,Goma,74,https://ebola-tracker.org/reports/SITREP_MVE_074.pdf,,1,0,1,0,0,0.0,,,,,,,,,,,,,,,
2026-07-27,zone,Nord-Kivu,Kalunguta,74,https://ebola-tracker.org/reports/SITREP_MVE_074.pdf,,5,0,1,3,0,60.0,,,,,,,,,,,,,,,
2026-07-27,zone,Nord-Kivu,Katwa,74,https://ebola-tracker.org/reports/SITREP_MVE_074.pdf,,145,5,1,91,3,62.8,,,,,,,,,,,,,,,
2026-07-27,zone,Nord-Kivu,Kyondo,74,https://ebola-tracker.org/reports/SITREP_MVE_074.pdf,,12,0,1,7,0,58.3,,,,,,,,,,,,,,,
2026-07-27,zone,Nord-Kivu,Mabalako,74,https://ebola-tracker.org/reports/SITREP_MVE_074.pdf,,1,0,1,0,0,0.0,,,,,,,,,,,,,,,
2026-07-27,zone,Nord-Kivu,Masereka,74,https://ebola-tracker.org/reports/SITREP_MVE_074.pdf,,4,0,1,0,0,0.0,,,,,,,,,,,,,,,
2026-07-27,zone,Nord-Kivu,Musienene,74,https://ebola-tracker.org/reports/SITREP_MVE_074.pdf,,31,2,1,20,1,64.5,,,,,,,,,,,,,,,
2026-07-27,zone,Nord-Kivu,Oicha,74,https://ebola-tracker.org/reports/SITREP_MVE_074.pdf,,4,0,1,3,0,75.0,,,,,,,,,,,,,,,
2026-07-27,zone,Nord-Kivu,Vuhovi,74,https://ebola-tracker.org/reports/SITREP_MVE_074.pdf,,1,0,1,1,0,100.0,,,,,,,,,,,,,,,
2026-07-27,zone,Sud-Kivu,Miti-Murhesa,74,https://ebola-tracker.org/reports/SITREP_MVE_074.pdf,,3,0,1,1,0,33.3,,,,,,,,,,,,,,,
2026-07-27,zone,Tshopo,Lubunga,74,https://ebola-tracker.org/reports/SITREP_MVE_074.pdf,,1,0,1,0,0,0.0,,,,,,,,,,,,,,,
2026-07-27,zone,Tshopo,Makiso-Kisangani,74,https://ebola-tracker.org/reports/SITREP_MVE_074.pdf,,3,0,1,3,0,100.0,,,,,,,,,,,,,,,
2026-07-27,zone,Tshopo,Mangobo,74,https://ebola-tracker.org/reports/SITREP_MVE_074.pdf,,1,0,1,1,0,100.0,,,,,,,,,,,,,,,
2026-07-30,pays,,,77,https://ebola-tracker.org/reports/SITREP_MVE_077.pdf,rattrapage,3605,245,3,1587,100,44.0,,11,13,1465,374,,83,,748,1049,71.3,17828,13420,75.3,
2026-07-30,province,Haut-Uélé,,77,https://ebola-tracker.org/reports/SITREP_MVE_077.pdf,rattrapage,53,14,3,28,7,52.8,,0,0,5,27,,6,,22,68,32.4,458,369,80.6,
2026-07-30,province,Ituri,,77,https://ebola-tracker.org/reports/SITREP_MVE_077.pdf,rattrapage,3176,188,3,1311,73,41.3,,7,13,514,222,241,62,25.7,523,820,63.8,11638,8781,75.5,
2026-07-30,province,Nord-Kivu,,77,https://ebola-tracker.org/reports/SITREP_MVE_077.pdf,rattrapage,366,41,3,242,19,66.1,,4,0,875,101,147,15,10.2,202,141,143.3,5667,4227,74.6,
2026-07-30,province,Sud-Kivu,,77,https://ebola-tracker.org/reports/SITREP_MVE_077.pdf,rattrapage,3,0,3,1,0,33.3,,0,0,,,,,,,,,,,,
2026-07-30,province,Tshopo,,77,https://ebola-tracker.org/reports/SITREP_MVE_077.pdf,rattrapage,7,2,3,5,1,71.4,,0,0,71,24,,,,1,20,5.0,65,43,66.2,
2026-07-30,zone,Haut-Uélé,Boma-Mangbetu,77,https://ebola-tracker.org/reports/SITREP_MVE_077.pdf,rattrapage,12,5,3,4,0,33.3,,,,,,,,,,,,,,,
2026-07-30,zone,Haut-Uélé,Isiro,77,https://ebola-tracker.org/reports/SITREP_MVE_077.pdf,rattrapage,16,4,3,9,2,56.2,,,,,,,,,,,,,,,
2026-07-30,zone,Haut-Uélé,Pawa,77,https://ebola-tracker.org/reports/SITREP_MVE_077.pdf,rattrapage,9,1,3,7,1,77.8,,,,,,,,,,,,,,,
2026-07-30,zone,Haut-Uélé,Rungu,77,https://ebola-tracker.org/reports/SITREP_MVE_077.pdf,rattrapage,1,0,3,0,0,0.0,,,,,,,,,,,,,,,
2026-07-30,zone,Haut-Uélé,Wamba,77,https://ebola-tracker.org/reports/SITREP_MVE_077.pdf,rattrapage,15,4,3,8,4,53.3,,,,,,,,,,,,,,,
2026-07-30,zone,Ituri,Adja,77,https://ebola-tracker.org/reports/SITREP_MVE_077.pdf,rattrapage,11,0,3,1,0,9.1,,,,,,,,,,,,,,,
2026-07-30,zone,Ituri,Ariwara,77,https://ebola-tracker.org/reports/SITREP_MVE_077.pdf,rattrapage,7,0,3,2,1,28.6,,,,,,,,,,,,,,,
2026-07-30,zone,Ituri,Aru,77,https://ebola-tracker.org/reports/SITREP_MVE_077.pdf,rattrapage,5,0,3,5,0,100.0,,,,,,,,,,,,,,,
2026-07-30,zone,Ituri,Aungba,77,https://ebola-tracker.org/reports/SITREP_MVE_077.pdf,rattrapage,9,4,3,5,1,55.6,,,,,,,,,,,,,,,
2026-07-30,zone,Ituri,Bambu,77,https://ebola-tracker.org/reports/SITREP_MVE_077.pdf,rattrapage,60,3,3,12,0,20.0,,,,,,,,,,,,,,,
2026-07-30,zone,Ituri,Boga,77,https://ebola-tracker.org/reports/SITREP_MVE_077.pdf,rattrapage,1,0,3,1,0,100.0,,,,,,,,,,,,,,,
2026-07-30,zone,Ituri,Bunia,77,https://ebola-tracker.org/reports/SITREP_MVE_077.pdf,rattrapage,880,79,3,257,25,29.2,,,,,,,,,,,,,,,
2026-07-30,zone,Ituri,Damas,77,https://ebola-tracker.org/reports/SITREP_MVE_077.pdf,rattrapage,17,1,3,8,0,47.1,,,,,,,,,,,,,,,
2026-07-30,zone,Ituri,Drodro,77,https://ebola-tracker.org/reports/SITREP_MVE_077.pdf,rattrapage,10,0,3,6,1,60.0,,,,,,,,,,,,,,,
2026-07-30,zone,Ituri,Fataki,77,https://ebola-tracker.org/reports/SITREP_MVE_077.pdf,rattrapage,27,10,3,12,6,44.4,,,,,,,,,,,,,,,
2026-07-30,zone,Ituri,Gethy,77,https://ebola-tracker.org/reports/SITREP_MVE_077.pdf,rattrapage,1,0,3,0,0,0.0,,,,,,,,,,,,,,,
2026-07-30,zone,Ituri,Kambala,77,https://ebola-tracker.org/reports/SITREP_MVE_077.pdf,rattrapage,2,0,3,0,0,0.0,,,,,,,,,,,,,,,
2026-07-30,zone,Ituri,Kilo,77,https://ebola-tracker.org/reports/SITREP_MVE_077.pdf,rattrapage,29,1,3,11,0,37.9,,,,,,,,,,,,,,,
2026-07-30,zone,Ituri,Komanda,77,https://ebola-tracker.org/reports/SITREP_MVE_077.pdf,rattrapage,36,0,3,25,0,69.4,,,,,,,,,,,,,,,
2026-07-30,zone,Ituri,Lita,77,https://ebola-tracker.org/reports/SITREP_MVE_077.pdf,rattrapage,131,10,3,75,8,57.3,,,,,,,,,,,,,,,
2026-07-30,zone,Ituri,Logo,77,https://ebola-tracker.org/reports/SITREP_MVE_077.pdf,rattrapage,9,0,3,3,0,33.3,,,,,,,,,,,,,,,
2026-07-30,zone,Ituri,Lolwa,77,https://ebola-tracker.org/reports/SITREP_MVE_077.pdf,rattrapage,7,3,3,2,1,28.6,,,,,,,,,,,,,,,
2026-07-30,zone,Ituri,Mahagi,77,https://ebola-tracker.org/reports/SITREP_MVE_077.pdf,rattrapage,4,0,3,1,0,25.0,,,,,,,,,,,,,,,
2026-07-30,zone,Ituri,Mambasa,77,https://ebola-tracker.org/reports/SITREP_MVE_077.pdf,rattrapage,9,0,3,6,2,66.7,,,,,,,,,,,,,,,
2026-07-30,zone,Ituri,Mandima,77,https://ebola-tracker.org/reports/SITREP_MVE_077.pdf,rattrapage,16,0,3,12,0,75.0,,,,,,,,,,,,,,,
2026-07-30,zone,Ituri,Mangala,77,https://ebola-tracker.org/reports/SITREP_MVE_077.pdf,rattrapage,101,1,3,64,0,63.4,,,,,,,,,,,,,,,
2026-07-30,zone,Ituri,Mongbwalu,77,https://ebola-tracker.org/reports/SITREP_MVE_077.pdf,rattrapage,541,13,3,258,6,47.7,,,,,,,,,,,,,,,
2026-07-30,zone,Ituri,Nia-Nia,77,https://ebola-tracker.org/reports/SITREP_MVE_077.pdf,rattrapage,95,3,3,50,2,52.6,,,,,,,,,,,,,,,
2026-07-30,zone,Ituri,Nizi,77,https://ebola-tracker.org/reports/SITREP_MVE_077.pdf,rattrapage,377,17,3,179,7,47.5,,,,,,,,,,,,,,,
2026-07-30,zone,Ituri,Nyankunde,77,https://ebola-tracker.org/reports/SITREP_MVE_077.pdf,rattrapage,114,0,3,31,0,27.2,,,,,,,,,,,,,,,
2026-07-30,zone,Ituri,Rimba,77,https://ebola-tracker.org/reports/SITREP_MVE_077.pdf,rattrapage,9,1,3,4,0,44.4,,,,,,,,,,,,,,,
2026-07-30,zone,Ituri,Rwampara,77,https://ebola-tracker.org/reports/SITREP_MVE_077.pdf,rattrapage,627,42,3,257,13,41.0,,,,,,,,,,,,,,,
2026-07-30,zone,Ituri,Tchomia,77,https://ebola-tracker.org/reports/SITREP_MVE_077.pdf,rattrapage,41,0,3,24,0,58.5,,,,,,,,,,,,,,,
2026-07-30,zone,Nord-Kivu,Beni,77,https://ebola-tracker.org/reports/SITREP_MVE_077.pdf,rattrapage,50,4,3,41,4,82.0,,,,,,,,,,,,,,,
2026-07-30,zone,Nord-Kivu,Butembo,77,https://ebola-tracker.org/reports/SITREP_MVE_077.pdf,rattrapage,82,7,3,64,3,78.0,,,,,,,,,,,,,,,
2026-07-30,zone,Nord-Kivu,Goma,77,https://ebola-tracker.org/reports/SITREP_MVE_077.pdf,rattrapage,1,0,3,0,0,0.0,,,,,,,,,,,,,,,
2026-07-30,zone,Nord-Kivu,Kalunguta,77,https://ebola-tracker.org/reports/SITREP_MVE_077.pdf,rattrapage,5,0,3,3,0,60.0,,,,,,,,,,,,,,,
2026-07-30,zone,Nord-Kivu,Katwa,77,https://ebola-tracker.org/reports/SITREP_MVE_077.pdf,rattrapage,166,21,3,100,9,60.2,,,,,,,,,,,,,,,
2026-07-30,zone,Nord-Kivu,Kyondo,77,https://ebola-tracker.org/reports/SITREP_MVE_077.pdf,rattrapage,13,1,3,8,1,61.5,,,,,,,,,,,,,,,
2026-07-30,zone,Nord-Kivu,Mabalako,77,https://ebola-tracker.org/reports/SITREP_MVE_077.pdf,rattrapage,1,0,3,0,0,0.0,,,,,,,,,,,,,,,
2026-07-30,zone,Nord-Kivu,Masereka,77,https://ebola-tracker.org/reports/SITREP_MVE_077.pdf,rattrapage,4,0,3,0,0,0.0,,,,,,,,,,,,,,,
2026-07-30,zone,Nord-Kivu,Musienene,77,https://ebola-tracker.org/reports/SITREP_MVE_077.pdf,rattrapage,39,8,3,22,2,56.4,,,,,,,,,,,,,,,
2026-07-30,zone,Nord-Kivu,Oicha,77,https://ebola-tracker.org/reports/SITREP_MVE_077.pdf,rattrapage,4,0,3,3,0,75.0,,,,,,,,,,,,,,,
2026-07-30,zone,Nord-Kivu,Vuhovi,77,https://ebola-tracker.org/reports/SITREP_MVE_077.pdf,rattrapage,1,0,3,1,0,100.0,,,,,,,,,,,,,,,
2026-07-30,zone,Sud-Kivu,Miti-Murhesa,77,https://ebola-tracker.org/reports/SITREP_MVE_077.pdf,rattrapage,3,0,3,1,0,33.3,,,,,,,,,,,,,,,
2026-07-30,zone,Tshopo,Kabondo,77,https://ebola-tracker.org/reports/SITREP_MVE_077.pdf,rattrapage,1,,,1,,100.0,,,,,,,,,,,,,,,
2026-07-30,zone,Tshopo,Lubunga,77,https://ebola-tracker.org/reports/SITREP_MVE_077.pdf,rattrapage,1,0,3,0,0,0.0,,,,,,,,,,,,,,,
2026-07-30,zone,Tshopo,Makiso-Kisangani,77,https://ebola-tracker.org/reports/SITREP_MVE_077.pdf,rattrapage,4,1,3,3,0,75.0,,,,,,,,,,,,,,,
2026-07-30,zone,Tshopo,Mangobo,77,https://ebola-tracker.org/reports/SITREP_MVE_077.pdf,rattrapage,1,0,3,1,0,100.0,,,,,,,,,,,,,,,
2026-07-31,pays,,,78,https://ebola-tracker.org/reports/SITREP_MVE_078.pdf,,3674,69,1,1621,34,44.1,,20,14,1403,321,384,80,20.8,760,1050,72.4,18508,14436,78.0,
2026-07-31,province,Haut-Uélé,,78,https://ebola-tracker.org/reports/SITREP_MVE_078.pdf,,57,4,1,28,0,49.1,,0,0,3,22,8,4,50.0,37,68,54.4,562,375,66.7,
2026-07-31,province,Ituri,,78,https://ebola-tracker.org/reports/SITREP_MVE_078.pdf,,3229,53,1,1336,25,41.4,,15,10,530,206,238,64,26.9,525,821,63.9,11980,9588,80.0,
2026-07-31,province,Nord-Kivu,,78,https://ebola-tracker.org/reports/SITREP_MVE_078.pdf,,378,12,1,251,9,66.4,,5,4,864,87,127,12,9.4,196,141,139.0,5911,4418,74.7,
2026-07-31,province,Sud-Kivu,,78,https://ebola-tracker.org/reports/SITREP_MVE_078.pdf,,3,0,1,1,0,33.3,,0,0,6,6,11,0,0.0,,,,55,55,100.0,
2026-07-31,province,Tshopo,,78,https://ebola-tracker.org/reports/SITREP_MVE_078.pdf,,7,0,1,5,0,71.4,,0,0,,,,,,2,20,10.0,,,,
2026-07-31,zone,Haut-Uélé,Boma-Mangbetu,78,https://ebola-tracker.org/reports/SITREP_MVE_078.pdf,,12,0,1,4,0,33.3,,,,,,,,,,,,,,,
2026-07-31,zone,Haut-Uélé,Isiro,78,https://ebola-tracker.org/reports/SITREP_MVE_078.pdf,,19,3,1,9,0,47.4,,,,,,,,,,,,,,,
2026-07-31,zone,Haut-Uélé,Pawa,78,https://ebola-tracker.org/reports/SITREP_MVE_078.pdf,,10,1,1,7,0,70.0,,,,,,,,,,,,,,,
2026-07-31,zone,Haut-Uélé,Rungu,78,https://ebola-tracker.org/reports/SITREP_MVE_078.pdf,,1,0,1,0,0,0.0,,,,,,,,,,,,,,,
2026-07-31,zone,Haut-Uélé,Wamba,78,https://ebola-tracker.org/reports/SITREP_MVE_078.pdf,,15,0,1,8,0,53.3,,,,,,,,,,,,,,,
2026-07-31,zone,Ituri,Adja,78,https://ebola-tracker.org/reports/SITREP_MVE_078.pdf,,11,0,1,1,0,9.1,,,,,,,,,,,,,,,
2026-07-31,zone,Ituri,Ariwara,78,https://ebola-tracker.org/reports/SITREP_MVE_078.pdf,,7,0,1,2,0,28.6,,,,,,,,,,,,,,,
2026-07-31,zone,Ituri,Aru,78,https://ebola-tracker.org/reports/SITREP_MVE_078.pdf,,5,0,1,5,0,100.0,,,,,,,,,,,,,,,
2026-07-31,zone,Ituri,Aungba,78,https://ebola-tracker.org/reports/SITREP_MVE_078.pdf,,9,0,1,5,0,55.6,,,,,,,,,,,,,,,
2026-07-31,zone,Ituri,Bambu,78,https://ebola-tracker.org/reports/SITREP_MVE_078.pdf,,60,0,1,12,0,20.0,,,,,,,,,,,,,,,
2026-07-31,zone,Ituri,Boga,78,https://ebola-tracker.org/reports/SITREP_MVE_078.pdf,,1,0,1,1,0,100.0,,,,,,,,,,,,,,,
2026-07-31,zone,Ituri,Bunia,78,https://ebola-tracker.org/reports/SITREP_MVE_078.pdf,,896,16,1,259,2,28.9,,,,,,,,,,,,,,,
2026-07-31,zone,Ituri,Damas,78,https://ebola-tracker.org/reports/SITREP_MVE_078.pdf,,17,0,1,8,0,47.1,,,,,,,,,,,,,,,
2026-07-31,zone,Ituri,Drodro,78,https://ebola-tracker.org/reports/SITREP_MVE_078.pdf,,10,0,1,6,0,60.0,,,,,,,,,,,,,,,
2026-07-31,zone,Ituri,Fataki,78,https://ebola-tracker.org/reports/SITREP_MVE_078.pdf,,35,8,1,17,5,48.6,,,,,,,,,,,,,,,
2026-07-31,zone,Ituri,Gethy,78,https://ebola-tracker.org/reports/SITREP_MVE_078.pdf,,1,0,1,0,0,0.0,,,,,,,,,,,,,,,
2026-07-31,zone,Ituri,Kambala,78,https://ebola-tracker.org/reports/SITREP_MVE_078.pdf,,2,0,1,0,0,0.0,,,,,,,,,,,,,,,
2026-07-31,zone,Ituri,Kilo,78,https://ebola-tracker.org/reports/SITREP_MVE_078.pdf,,29,0,1,11,0,37.9,,,,,,,,,,,,,,,
2026-07-31,zone,Ituri,Komanda,78,https://ebola-tracker.org/reports/SITREP_MVE_078.pdf,,36,0,1,25,0,69.4,,,,,,,,,,,,,,,
2026-07-31,zone,Ituri,Lita,78,https://ebola-tracker.org/reports/SITREP_MVE_078.pdf,,132,1,1,79,4,59.8,,,,,,,,,,,,,,,
2026-07-31,zone,Ituri,Logo,78,https://ebola-tracker.org/reports/SITREP_MVE_078.pdf,,9,0,1,3,0,33.3,,,,,,,,,,,,,,,
2026-07-31,zone,Ituri,Lolwa,78,https://ebola-tracker.org/reports/SITREP_MVE_078.pdf,,7,0,1,2,0,28.6,,,,,,,,,,,,,,,
2026-07-31,zone,Ituri,Mahagi,78,https://ebola-tracker.org/reports/SITREP_MVE_078.pdf,,4,0,1,1,0,25.0,,,,,,,,,,,,,,,
2026-07-31,zone,Ituri,Mambasa,78,https://ebola-tracker.org/reports/SITREP_MVE_078.pdf,,9,0,1,6,0,66.7,,,,,,,,,,,,,,,
2026-07-31,zone,Ituri,Mandima,78,https://ebola-tracker.org/reports/SITREP_MVE_078.pdf,,16,0,1,12,0,75.0,,,,,,,,,,,,,,,
2026-07-31,zone,Ituri,Mangala,78,https://ebola-tracker.org/reports/SITREP_MVE_078.pdf,,102,1,1,64,0,62.7,,,,,,,,,,,,,,,
2026-07-31,zone,Ituri,Mongbwalu,78,https://ebola-tracker.org/reports/SITREP_MVE_078.pdf,,545,4,1,259,1,47.5,,,,,,,,,,,,,,,
2026-07-31,zone,Ituri,Nia-Nia,78,https://ebola-tracker.org/reports/SITREP_MVE_078.pdf,,101,6,1,53,3,52.5,,,,,,,,,,,,,,,
2026-07-31,zone,Ituri,Nizi,78,https://ebola-tracker.org/reports/SITREP_MVE_078.pdf,,387,10,1,187,8,48.3,,,,,,,,,,,,,,,
2026-07-31,zone,Ituri,Nyankunde,78,https://ebola-tracker.org/reports/SITREP_MVE_078.pdf,,115,1,1,32,1,27.8,,,,,,,,,,,,,,,
2026-07-31,zone,Ituri,Rimba,78,https://ebola-tracker.org/reports/SITREP_MVE_078.pdf,,9,0,1,4,0,44.4,,,,,,,,,,,,,,,
2026-07-31,zone,Ituri,Rwampara,78,https://ebola-tracker.org/reports/SITREP_MVE_078.pdf,,633,6,1,258,1,40.8,,,,,,,,,,,,,,,
2026-07-31,zone,Ituri,Tchomia,78,https://ebola-tracker.org/reports/SITREP_MVE_078.pdf,,41,0,1,24,0,58.5,,,,,,,,,,,,,,,
2026-07-31,zone,Nord-Kivu,Beni,78,https://ebola-tracker.org/reports/SITREP_MVE_078.pdf,,57,7,1,46,5,80.7,,,,,,,,,,,,,,,
2026-07-31,zone,Nord-Kivu,Butembo,78,https://ebola-tracker.org/reports/SITREP_MVE_078.pdf,,83,1,1,65,1,78.3,,,,,,,,,,,,,,,
2026-07-31,zone,Nord-Kivu,Goma,78,https://ebola-tracker.org/reports/SITREP_MVE_078.pdf,,1,0,1,0,0,0.0,,,,,,,,,,,,,,,
2026-07-31,zone,Nord-Kivu,Kalunguta,78,https://ebola-tracker.org/reports/SITREP_MVE_078.pdf,,6,1,1,3,0,50.0,,,,,,,,,,,,,,,
2026-07-31,zone,Nord-Kivu,Katwa,78,https://ebola-tracker.org/reports/SITREP_MVE_078.pdf,,168,2,1,102,2,60.7,,,,,,,,,,,,,,,
2026-07-31,zone,Nord-Kivu,Kyondo,78,https://ebola-tracker.org/reports/SITREP_MVE_078.pdf,,13,0,1,8,0,61.5,,,,,,,,,,,,,,,
2026-07-31,zone,Nord-Kivu,Mabalako,78,https://ebola-tracker.org/reports/SITREP_MVE_078.pdf,,1,0,1,0,0,0.0,,,,,,,,,,,,,,,
2026-07-31,zone,Nord-Kivu,Masereka,78,https://ebola-tracker.org/reports/SITREP_MVE_078.pdf,,4,0,1,0,0,0.0,,,,,,,,,,,,,,,
2026-07-31,zone,Nord-Kivu,Musienene,78,https://ebola-tracker.org/reports/SITREP_MVE_078.pdf,,40,1,1,23,1,57.5,,,,,,,,,,,,,,,
2026-07-31,zone,Nord-Kivu,Oicha,78,https://ebola-tracker.org/reports/SITREP_MVE_078.pdf,,4,0,1,3,0,75.0,,,,,,,,,,,,,,,
2026-07-31,zone,Nord-Kivu,Vuhovi,78,https://ebola-tracker.org/reports/SITREP_MVE_078.pdf,,1,0,1,1,0,100.0,,,,,,,,,,,,,,,
2026-07-31,zone,Sud-Kivu,Miti-Murhesa,78,https://ebola-tracker.org/reports/SITREP_MVE_078.pdf,,3,0,1,1,0,33.3,,,,,,,,,,,,,,,
2026-07-31,zone,Tshopo,Kabondo,78,https://ebola-tracker.org/reports/SITREP_MVE_078.pdf,,1,0,1,1,0,100.0,,,,,,,,,,,,,,,
2026-07-31,zone,Tshopo,Lubunga,78,https://ebola-tracker.org/reports/SITREP_MVE_078.pdf,,1,0,1,0,0,0.0,,,,,,,,,,,,,,,
2026-07-31,zone,Tshopo,Makiso-Kisangani,78,https://ebola-tracker.org/reports/SITREP_MVE_078.pdf,,4,0,1,3,0,75.0,,,,,,,,,,,,,,,
2026-07-31,zone,Tshopo,Mangobo,78,https://ebola-tracker.org/reports/SITREP_MVE_078.pdf,,1,0,1,1,0,100.0,,,,,,,,,,,,,,,
2026-08-01,pays,,,79,https://ebola-tracker.org/reports/SITREP_MVE_079.pdf,,3748,74,1,1657,36,44.2,,20,16,1077,227,457,93,20.4,690,1050,65.7,17472,13988,80.1,
2026-08-01,province,Haut-Uélé,,79,https://ebola-tracker.org/reports/SITREP_MVE_079.pdf,,60,3,1,30,2,50.0,,0,2,,,9,4,44.4,31,68,45.6,562,375,66.7,
2026-08-01,province,Ituri,,79,https://ebola-tracker.org/reports/SITREP_MVE_079.pdf,,3278,49,1,1359,23,41.5,,13,10,479,153,290,67,23.1,476,821,58.0,10848,9050,83.4,
2026-08-01,province,Nord-Kivu,,79,https://ebola-tracker.org/reports/SITREP_MVE_079.pdf,,400,22,1,262,11,65.5,,7,4,571,66,153,22,14.4,181,141,128.4,5942,4465,75.1,
2026-08-01,province,Sud-Kivu,,79,https://ebola-tracker.org/reports/SITREP_MVE_079.pdf,,3,0,1,1,0,33.3,,0,0,7,4,5,0,0.0,,,,55,55,100.0,
2026-08-01,province,Tshopo,,79,https://ebola-tracker.org/reports/SITREP_MVE_079.pdf,,7,0,1,5,0,71.4,,0,0,20,4,,,,2,20,10.0,65,43,66.2,
2026-08-01,zone,Haut-Uélé,Boma-Mangbetu,79,https://ebola-tracker.org/reports/SITREP_MVE_079.pdf,,12,0,1,4,0,33.3,,,,,,,,,,,,,,,
2026-08-01,zone,Haut-Uélé,Isiro,79,https://ebola-tracker.org/reports/SITREP_MVE_079.pdf,,19,0,1,9,0,47.4,,,,,,,,,,,,,,,
2026-08-01,zone,Haut-Uélé,Pawa,79,https://ebola-tracker.org/reports/SITREP_MVE_079.pdf,,12,2,1,9,2,75.0,,,,,,,,,,,,,,,
2026-08-01,zone,Haut-Uélé,Rungu,79,https://ebola-tracker.org/reports/SITREP_MVE_079.pdf,,1,0,1,0,0,0.0,,,,,,,,,,,,,,,
2026-08-01,zone,Haut-Uélé,Wamba,79,https://ebola-tracker.org/reports/SITREP_MVE_079.pdf,,16,1,1,8,0,50.0,,,,,,,,,,,,,,,
2026-08-01,zone,Ituri,Adja,79,https://ebola-tracker.org/reports/SITREP_MVE_079.pdf,,11,0,1,1,0,9.1,,,,,,,,,,,,,,,
2026-08-01,zone,Ituri,Ariwara,79,https://ebola-tracker.org/reports/SITREP_MVE_079.pdf,,7,0,1,2,0,28.6,,,,,,,,,,,,,,,
2026-08-01,zone,Ituri,Aru,79,https://ebola-tracker.org/reports/SITREP_MVE_079.pdf,,5,0,1,5,0,100.0,,,,,,,,,,,,,,,
2026-08-01,zone,Ituri,Aungba,79,https://ebola-tracker.org/reports/SITREP_MVE_079.pdf,,9,0,1,5,0,55.6,,,,,,,,,,,,,,,
2026-08-01,zone,Ituri,Bambu,79,https://ebola-tracker.org/reports/SITREP_MVE_079.pdf,,60,0,1,13,1,21.7,,,,,,,,,,,,,,,
2026-08-01,zone,Ituri,Boga,79,https://ebola-tracker.org/reports/SITREP_MVE_079.pdf,,1,0,1,1,0,100.0,,,,,,,,,,,,,,,
2026-08-01,zone,Ituri,Bunia,79,https://ebola-tracker.org/reports/SITREP_MVE_079.pdf,,905,9,1,262,3,29.0,,,,,,,,,,,,,,,
2026-08-01,zone,Ituri,Damas,79,https://ebola-tracker.org/reports/SITREP_MVE_079.pdf,,18,1,1,8,0,44.4,,,,,,,,,,,,,,,
2026-08-01,zone,Ituri,Drodro,79,https://ebola-tracker.org/reports/SITREP_MVE_079.pdf,,11,1,1,6,0,54.5,,,,,,,,,,,,,,,
2026-08-01,zone,Ituri,Fataki,79,https://ebola-tracker.org/reports/SITREP_MVE_079.pdf,,35,0,1,17,0,48.6,,,,,,,,,,,,,,,
2026-08-01,zone,Ituri,Gethy,79,https://ebola-tracker.org/reports/SITREP_MVE_079.pdf,,1,0,1,0,0,0.0,,,,,,,,,,,,,,,
2026-08-01,zone,Ituri,Kambala,79,https://ebola-tracker.org/reports/SITREP_MVE_079.pdf,,2,0,1,0,0,0.0,,,,,,,,,,,,,,,
2026-08-01,zone,Ituri,Kilo,79,https://ebola-tracker.org/reports/SITREP_MVE_079.pdf,,29,0,1,11,0,37.9,,,,,,,,,,,,,,,
2026-08-01,zone,Ituri,Komanda,79,https://ebola-tracker.org/reports/SITREP_MVE_079.pdf,,37,1,1,27,2,73.0,,,,,,,,,,,,,,,
2026-08-01,zone,Ituri,Lita,79,https://ebola-tracker.org/reports/SITREP_MVE_079.pdf,,137,5,1,80,1,58.4,,,,,,,,,,,,,,,
2026-08-01,zone,Ituri,Logo,79,https://ebola-tracker.org/reports/SITREP_MVE_079.pdf,,9,0,1,3,0,33.3,,,,,,,,,,,,,,,
2026-08-01,zone,Ituri,Lolwa,79,https://ebola-tracker.org/reports/SITREP_MVE_079.pdf,,7,0,1,2,0,28.6,,,,,,,,,,,,,,,
2026-08-01,zone,Ituri,Mahagi,79,https://ebola-tracker.org/reports/SITREP_MVE_079.pdf,,4,0,1,1,0,25.0,,,,,,,,,,,,,,,
2026-08-01,zone,Ituri,Mambasa,79,https://ebola-tracker.org/reports/SITREP_MVE_079.pdf,,10,1,1,6,0,60.0,,,,,,,,,,,,,,,
2026-08-01,zone,Ituri,Mandima,79,https://ebola-tracker.org/reports/SITREP_MVE_079.pdf,,16,0,1,12,0,75.0,,,,,,,,,,,,,,,
2026-08-01,zone,Ituri,Mangala,79,https://ebola-tracker.org/reports/SITREP_MVE_079.pdf,,105,3,1,66,2,62.9,,,,,,,,,,,,,,,
2026-08-01,zone,Ituri,Mongbwalu,79,https://ebola-tracker.org/reports/SITREP_MVE_079.pdf,,550,5,1,261,2,47.5,,,,,,,,,,,,,,,
2026-08-01,zone,Ituri,Nia-Nia,79,https://ebola-tracker.org/reports/SITREP_MVE_079.pdf,,103,2,1,56,3,54.4,,,,,,,,,,,,,,,
2026-08-01,zone,Ituri,Nizi,79,https://ebola-tracker.org/reports/SITREP_MVE_079.pdf,,397,10,1,192,5,48.4,,,,,,,,,,,,,,,
2026-08-01,zone,Ituri,Nyankunde,79,https://ebola-tracker.org/reports/SITREP_MVE_079.pdf,,115,0,1,34,2,29.6,,,,,,,,,,,,,,,
2026-08-01,zone,Ituri,Rimba,79,https://ebola-tracker.org/reports/SITREP_MVE_079.pdf,,9,0,1,4,0,44.4,,,,,,,,,,,,,,,
2026-08-01,zone,Ituri,Rwampara,79,https://ebola-tracker.org/reports/SITREP_MVE_079.pdf,,644,11,1,260,2,40.4,,,,,,,,,,,,,,,
2026-08-01,zone,Ituri,Tchomia,79,https://ebola-tracker.org/reports/SITREP_MVE_079.pdf,,41,0,1,24,0,58.5,,,,,,,,,,,,,,,
2026-08-01,zone,Nord-Kivu,Beni,79,https://ebola-tracker.org/reports/SITREP_MVE_079.pdf,,61,4,1,49,3,80.3,,,,,,,,,,,,,,,
2026-08-01,zone,Nord-Kivu,Butembo,79,https://ebola-tracker.org/reports/SITREP_MVE_079.pdf,,88,5,1,67,2,76.1,,,,,,,,,,,,,,,
2026-08-01,zone,Nord-Kivu,Goma,79,https://ebola-tracker.org/reports/SITREP_MVE_079.pdf,,1,0,1,0,0,0.0,,,,,,,,,,,,,,,
2026-08-01,zone,Nord-Kivu,Kalunguta,79,https://ebola-tracker.org/reports/SITREP_MVE_079.pdf,,6,0,1,3,0,50.0,,,,,,,,,,,,,,,
2026-08-01,zone,Nord-Kivu,Katwa,79,https://ebola-tracker.org/reports/SITREP_MVE_079.pdf,,180,12,1,108,6,60.0,,,,,,,,,,,,,,,
2026-08-01,zone,Nord-Kivu,Kyondo,79,https://ebola-tracker.org/reports/SITREP_MVE_079.pdf,,13,0,1,8,0,61.5,,,,,,,,,,,,,,,
2026-08-01,zone,Nord-Kivu,Mabalako,79,https://ebola-tracker.org/reports/SITREP_MVE_079.pdf,,1,0,1,0,0,0.0,,,,,,,,,,,,,,,
2026-08-01,zone,Nord-Kivu,Masereka,79,https://ebola-tracker.org/reports/SITREP_MVE_079.pdf,,4,0,1,0,0,0.0,,,,,,,,,,,,,,,
2026-08-01,zone,Nord-Kivu,Musienene,79,https://ebola-tracker.org/reports/SITREP_MVE_079.pdf,,41,1,1,23,0,56.1,,,,,,,,,,,,,,,
2026-08-01,zone,Nord-Kivu,Oicha,79,https://ebola-tracker.org/reports/SITREP_MVE_079.pdf,,4,0,1,3,0,75.0,,,,,,,,,,,,,,,
2026-08-01,zone,Nord-Kivu,Vuhovi,79,https://ebola-tracker.org/reports/SITREP_MVE_079.pdf,,1,0,1,1,0,100.0,,,,,,,,,,,,,,,
2026-08-01,zone,Sud-Kivu,Miti-Murhesa,79,https://ebola-tracker.org/reports/SITREP_MVE_079.pdf,,3,0,1,1,0,33.3,,,,,,,,,,,,,,,
2026-08-01,zone,Tshopo,Kabondo,79,https://ebola-tracker.org/reports/SITREP_MVE_079.pdf,,1,0,1,1,0,100.0,,,,,,,,,,,,,,,
2026-08-01,zone,Tshopo,Lubunga,79,https://ebola-tracker.org/reports/SITREP_MVE_079.pdf,,1,0,1,0,0,0.0,,,,,,,,,,,,,,,
2026-08-01,zone,Tshopo,Makiso-Kisangani,79,https://ebola-tracker.org/reports/SITREP_MVE_079.pdf,,3,-1,1,3,0,100.0,,,,,,,,,,,,,,,
2026-08-01,zone,Tshopo,Mangobo,79,https://ebola-tracker.org/reports/SITREP_MVE_079.pdf,,1,0,1,1,0,100.0,,,,,,,,,,,,,,,
2026-08-01,zone,Tshopo,Wanie-Rukula,79,https://ebola-tracker.org/reports/SITREP_MVE_079.pdf,,1,,,0,,0.0,,,,,,,,,,,,,,,
2026-08-02,pays,,,80,https://ebola-tracker.org/reports/SITREP_MVE_080.pdf,,3802,54,1,1707,50,44.9,,0,0,1241,275,,72,,707,1050,65.4,18276,14466,79.2,
2026-08-02,province,Haut-Uélé,,80,https://ebola-tracker.org/reports/SITREP_MVE_080.pdf,,61,1,1,34,4,55.7,,0,0,,,4,1,25.0,31,68,45.6,562,375,66.7,
2026-08-02,province,Ituri,,80,https://ebola-tracker.org/reports/SITREP_MVE_080.pdf,,3317,39,1,1382,23,41.7,,,,507,172,210,53,25.2,468,821,57.0,11496,9434,82.1,
2026-08-02,province,Nord-Kivu,,80,https://ebola-tracker.org/reports/SITREP_MVE_080.pdf,,414,14,1,285,23,68.8,,0,0,731,102,132,18,13.6,186,141,131.9,6163,4602,74.7,
2026-08-02,province,Sud-Kivu,,80,https://ebola-tracker.org/reports/SITREP_MVE_080.pdf,,3,0,1,1,0,33.3,,0,0,3,1,,0,,20,,,55,55,100.0,
2026-08-02,province,Tshopo,,80,https://ebola-tracker.org/reports/SITREP_MVE_080.pdf,,7,0,1,5,0,71.4,,0,0,,,,,,2,20,10.0,,,,
2026-08-02,zone,Haut-Uélé,Boma-Mangbetu,80,https://ebola-tracker.org/reports/SITREP_MVE_080.pdf,,13,1,1,4,0,30.8,,,,,,,,,,,,,,,
2026-08-02,zone,Haut-Uélé,Isiro,80,https://ebola-tracker.org/reports/SITREP_MVE_080.pdf,,19,0,1,11,2,57.9,,,,,,,,,,,,,,,
2026-08-02,zone,Haut-Uélé,Pawa,80,https://ebola-tracker.org/reports/SITREP_MVE_080.pdf,,12,0,1,10,1,83.3,,,,,,,,,,,,,,,
2026-08-02,zone,Haut-Uélé,Rungu,80,https://ebola-tracker.org/reports/SITREP_MVE_080.pdf,,1,0,1,0,0,0.0,,,,,,,,,,,,,,,
2026-08-02,zone,Haut-Uélé,Wamba,80,https://ebola-tracker.org/reports/SITREP_MVE_080.pdf,,16,0,1,9,1,56.2,,,,,,,,,,,,,,,
2026-08-02,zone,Ituri,Adja,80,https://ebola-tracker.org/reports/SITREP_MVE_080.pdf,,11,0,1,1,0,9.1,,,,,,,,,,,,,,,
2026-08-02,zone,Ituri,Ariwara,80,https://ebola-tracker.org/reports/SITREP_MVE_080.pdf,,7,0,1,2,0,28.6,,,,,,,,,,,,,,,
2026-08-02,zone,Ituri,Aru,80,https://ebola-tracker.org/reports/SITREP_MVE_080.pdf,,5,0,1,5,0,100.0,,,,,,,,,,,,,,,
2026-08-02,zone,Ituri,Aungba,80,https://ebola-tracker.org/reports/SITREP_MVE_080.pdf,,10,1,1,5,0,50.0,,,,,,,,,,,,,,,
2026-08-02,zone,Ituri,Bambu,80,https://ebola-tracker.org/reports/SITREP_MVE_080.pdf,,64,4,1,15,2,23.4,,,,,,,,,,,,,,,
2026-08-02,zone,Ituri,Boga,80,https://ebola-tracker.org/reports/SITREP_MVE_080.pdf,,1,0,1,1,0,100.0,,,,,,,,,,,,,,,
2026-08-02,zone,Ituri,Bunia,80,https://ebola-tracker.org/reports/SITREP_MVE_080.pdf,,914,9,1,270,8,29.5,,,,,,,,,,,,,,,
2026-08-02,zone,Ituri,Damas,80,https://ebola-tracker.org/reports/SITREP_MVE_080.pdf,,18,0,1,8,0,44.4,,,,,,,,,,,,,,,
2026-08-02,zone,Ituri,Drodro,80,https://ebola-tracker.org/reports/SITREP_MVE_080.pdf,,11,0,1,6,0,54.5,,,,,,,,,,,,,,,
2026-08-02,zone,Ituri,Fataki,80,https://ebola-tracker.org/reports/SITREP_MVE_080.pdf,,35,0,1,17,0,48.6,,,,,,,,,,,,,,,
2026-08-02,zone,Ituri,Gethy,80,https://ebola-tracker.org/reports/SITREP_MVE_080.pdf,,1,0,1,0,0,0.0,,,,,,,,,,,,,,,
2026-08-02,zone,Ituri,Kambala,80,https://ebola-tracker.org/reports/SITREP_MVE_080.pdf,,2,0,1,0,0,0.0,,,,,,,,,,,,,,,
2026-08-02,zone,Ituri,Kilo,80,https://ebola-tracker.org/reports/SITREP_MVE_080.pdf,,29,0,1,11,0,37.9,,,,,,,,,,,,,,,
2026-08-02,zone,Ituri,Komanda,80,https://ebola-tracker.org/reports/SITREP_MVE_080.pdf,,37,0,1,27,0,73.0,,,,,,,,,,,,,,,
2026-08-02,zone,Ituri,Lita,80,https://ebola-tracker.org/reports/SITREP_MVE_080.pdf,,141,4,1,84,4,59.6,,,,,,,,,,,,,,,
2026-08-02,zone,Ituri,Logo,80,https://ebola-tracker.org/reports/SITREP_MVE_080.pdf,,9,0,1,4,1,44.4,,,,,,,,,,,,,,,
2026-08-02,zone,Ituri,Lolwa,80,https://ebola-tracker.org/reports/SITREP_MVE_080.pdf,,7,0,1,2,0,28.6,,,,,,,,,,,,,,,
2026-08-02,zone,Ituri,Mahagi,80,https://ebola-tracker.org/reports/SITREP_MVE_080.pdf,,4,0,1,1,0,25.0,,,,,,,,,,,,,,,
2026-08-02,zone,Ituri,Mambasa,80,https://ebola-tracker.org/reports/SITREP_MVE_080.pdf,,10,0,1,6,0,60.0,,,,,,,,,,,,,,,
2026-08-02,zone,Ituri,Mandima,80,https://ebola-tracker.org/reports/SITREP_MVE_080.pdf,,16,0,1,12,0,75.0,,,,,,,,,,,,,,,
2026-08-02,zone,Ituri,Mangala,80,https://ebola-tracker.org/reports/SITREP_MVE_080.pdf,,105,0,1,66,0,62.9,,,,,,,,,,,,,,,
2026-08-02,zone,Ituri,Mongbwalu,80,https://ebola-tracker.org/reports/SITREP_MVE_080.pdf,,552,2,1,263,2,47.6,,,,,,,,,,,,,,,
2026-08-02,zone,Ituri,Nia-Nia,80,https://ebola-tracker.org/reports/SITREP_MVE_080.pdf,,104,1,1,57,1,54.8,,,,,,,,,,,,,,,
2026-08-02,zone,Ituri,Nizi,80,https://ebola-tracker.org/reports/SITREP_MVE_080.pdf,,402,5,1,194,2,48.3,,,,,,,,,,,,,,,
2026-08-02,zone,Ituri,Nyankunde,80,https://ebola-tracker.org/reports/SITREP_MVE_080.pdf,,115,0,1,34,0,29.6,,,,,,,,,,,,,,,
2026-08-02,zone,Ituri,Rimba,80,https://ebola-tracker.org/reports/SITREP_MVE_080.pdf,,9,0,1,4,0,44.4,,,,,,,,,,,,,,,
2026-08-02,zone,Ituri,Rwampara,80,https://ebola-tracker.org/reports/SITREP_MVE_080.pdf,,655,11,1,263,3,40.2,,,,,,,,,,,,,,,
2026-08-02,zone,Ituri,Tchomia,80,https://ebola-tracker.org/reports/SITREP_MVE_080.pdf,,43,2,1,24,0,55.8,,,,,,,,,,,,,,,
2026-08-02,zone,Nord-Kivu,Beni,80,https://ebola-tracker.org/reports/SITREP_MVE_080.pdf,,64,3,1,49,0,76.6,,,,,,,,,,,,,,,
2026-08-02,zone,Nord-Kivu,Butembo,80,https://ebola-tracker.org/reports/SITREP_MVE_080.pdf,,87,-1,1,69,2,79.3,,,,,,,,,,,,,,,
2026-08-02,zone,Nord-Kivu,Goma,80,https://ebola-tracker.org/reports/SITREP_MVE_080.pdf,,1,0,1,0,0,0.0,,,,,,,,,,,,,,,
2026-08-02,zone,Nord-Kivu,Kalunguta,80,https://ebola-tracker.org/reports/SITREP_MVE_080.pdf,,7,1,1,4,1,57.1,,,,,,,,,,,,,,,
2026-08-02,zone,Nord-Kivu,Katwa,80,https://ebola-tracker.org/reports/SITREP_MVE_080.pdf,,186,6,1,122,14,65.6,,,,,,,,,,,,,,,
2026-08-02,zone,Nord-Kivu,Kyondo,80,https://ebola-tracker.org/reports/SITREP_MVE_080.pdf,,13,0,1,10,2,76.9,,,,,,,,,,,,,,,
2026-08-02,zone,Nord-Kivu,Lubero,80,https://ebola-tracker.org/reports/SITREP_MVE_080.pdf,,1,,,1,,100.0,,,,,,,,,,,,,,,
2026-08-02,zone,Nord-Kivu,Mabalako,80,https://ebola-tracker.org/reports/SITREP_MVE_080.pdf,,1,0,1,0,0,0.0,,,,,,,,,,,,,,,
2026-08-02,zone,Nord-Kivu,Masereka,80,https://ebola-tracker.org/reports/SITREP_MVE_080.pdf,,5,1,1,1,1,20.0,,,,,,,,,,,,,,,
2026-08-02,zone,Nord-Kivu,Musienene,80,https://ebola-tracker.org/reports/SITREP_MVE_080.pdf,,43,2,1,25,2,58.1,,,,,,,,,,,,,,,
2026-08-02,zone,Nord-Kivu,Oicha,80,https://ebola-tracker.org/reports/SITREP_MVE_080.pdf,,4,0,1,3,0,75.0,,,,,,,,,,,,,,,
2026-08-02,zone,Nord-Kivu,Vuhovi,80,https://ebola-tracker.org/reports/SITREP_MVE_080.pdf,,2,1,1,1,0,50.0,,,,,,,,,,,,,,,
2026-08-02,zone,Sud-Kivu,Miti-Murhesa,80,https://ebola-tracker.org/reports/SITREP_MVE_080.pdf,,3,0,1,1,0,33.3,,,,,,,,,,,,,,,
2026-08-02,zone,Tshopo,Kabondo,80,https://ebola-tracker.org/reports/SITREP_MVE_080.pdf,,1,0,1,1,0,100.0,,,,,,,,,,,,,,,
2026-08-02,zone,Tshopo,Lubunga,80,https://ebola-tracker.org/reports/SITREP_MVE_080.pdf,,1,0,1,0,0,0.0,,,,,,,,,,,,,,,
2026-08-02,zone,Tshopo,Makiso-Kisangani,80,https://ebola-tracker.org/reports/SITREP_MVE_080.pdf,,3,0,1,3,0,100.0,,,,,,,,,,,,,,,
2026-08-02,zone,Tshopo,Mangobo,80,https://ebola-tracker.org/reports/SITREP_MVE_080.pdf,,1,0,1,1,0,100.0,,,,,,,,,,,,,,,
2026-08-02,zone,Tshopo,Wanie-Rukula,80,https://ebola-tracker.org/reports/SITREP_MVE_080.pdf,,1,0,1,0,0,0.0,,,,,,,,,,,,,,,
2026-08-03,pays,,,81,https://ebola-tracker.org/reports/SITREP_MVE_081.pdf,,3874,72,1,1751,44,45.2,,30,14,1271,289,,78,,471,833,56.5,18243,14300,78.4,
2026-08-03,province,Haut-Uélé,,81,https://ebola-tracker.org/reports/SITREP_MVE_081.pdf,,63,2,1,38,4,60.3,,2,2,5,6,,,,,,,508,320,63.0,
2026-08-03,province,Ituri,,81,https://ebola-tracker.org/reports/SITREP_MVE_081.pdf,,3375,58,1,1417,35,42.0,,25,10,540,182,275,64,23.3,471,833,56.5,11544,9255,80.2,
2026-08-03,province,Nord-Kivu,,81,https://ebola-tracker.org/reports/SITREP_MVE_081.pdf,,426,12,1,290,5,68.1,,3,2,703,97,106,14,13.2,,,,6021,4576,76.0,
2026-08-03,province,Sud-Kivu,,81,https://ebola-tracker.org/reports/SITREP_MVE_081.pdf,,3,0,1,1,0,33.3,,0,0,8,2,,0,,,,,55,55,100.0,
2026-08-03,province,Tshopo,,81,https://ebola-tracker.org/reports/SITREP_MVE_081.pdf,,7,0,1,5,0,71.4,,0,0,15,2,,,,,,,115,94,81.7,
2026-08-03,zone,Haut-Uélé,Boma-Mangbetu,81,https://ebola-tracker.org/reports/SITREP_MVE_081.pdf,,13,0,1,5,1,38.5,,,,,,,,,,,,,,,
2026-08-03,zone,Haut-Uélé,Isiro,81,https://ebola-tracker.org/reports/SITREP_MVE_081.pdf,,21,2,1,13,2,61.9,,,,,,,,,,,,,,,
2026-08-03,zone,Haut-Uélé,Pawa,81,https://ebola-tracker.org/reports/SITREP_MVE_081.pdf,,12,0,1,11,1,91.7,,,,,,,,,,,,,,,
2026-08-03,zone,Haut-Uélé,Rungu,81,https://ebola-tracker.org/reports/SITREP_MVE_081.pdf,,1,0,1,0,0,0.0,,,,,,,,,,,,,,,
2026-08-03,zone,Haut-Uélé,Wamba,81,https://ebola-tracker.org/reports/SITREP_MVE_081.pdf,,16,0,1,9,0,56.2,,,,,,,,,,,,,,,
2026-08-03,zone,Ituri,Adja,81,https://ebola-tracker.org/reports/SITREP_MVE_081.pdf,,11,0,1,1,0,9.1,,,,,,,,,,,,,,,
2026-08-03,zone,Ituri,Ariwara,81,https://ebola-tracker.org/reports/SITREP_MVE_081.pdf,,7,0,1,2,0,28.6,,,,,,,,,,,,,,,
2026-08-03,zone,Ituri,Aru,81,https://ebola-tracker.org/reports/SITREP_MVE_081.pdf,,5,0,1,5,0,100.0,,,,,,,,,,,,,,,
2026-08-03,zone,Ituri,Aungba,81,https://ebola-tracker.org/reports/SITREP_MVE_081.pdf,,10,0,1,5,0,50.0,,,,,,,,,,,,,,,
2026-08-03,zone,Ituri,Bambu,81,https://ebola-tracker.org/reports/SITREP_MVE_081.pdf,,69,5,1,15,0,21.7,,,,,,,,,,,,,,,
2026-08-03,zone,Ituri,Boga,81,https://ebola-tracker.org/reports/SITREP_MVE_081.pdf,,1,0,1,1,0,100.0,,,,,,,,,,,,,,,
2026-08-03,zone,Ituri,Bunia,81,https://ebola-tracker.org/reports/SITREP_MVE_081.pdf,,925,11,1,277,7,29.9,,,,,,,,,,,,,,,
2026-08-03,zone,Ituri,Damas,81,https://ebola-tracker.org/reports/SITREP_MVE_081.pdf,,18,0,1,8,0,44.4,,,,,,,,,,,,,,,
2026-08-03,zone,Ituri,Drodro,81,https://ebola-tracker.org/reports/SITREP_MVE_081.pdf,,11,0,1,6,0,54.5,,,,,,,,,,,,,,,
2026-08-03,zone,Ituri,Fataki,81,https://ebola-tracker.org/reports/SITREP_MVE_081.pdf,,35,0,1,17,0,48.6,,,,,,,,,,,,,,,
2026-08-03,zone,Ituri,Gethy,81,https://ebola-tracker.org/reports/SITREP_MVE_081.pdf,,1,0,1,0,0,0.0,,,,,,,,,,,,,,,
2026-08-03,zone,Ituri,Kambala,81,https://ebola-tracker.org/reports/SITREP_MVE_081.pdf,,2,0,1,0,0,0.0,,,,,,,,,,,,,,,
2026-08-03,zone,Ituri,Kilo,81,https://ebola-tracker.org/reports/SITREP_MVE_081.pdf,,29,0,1,11,0,37.9,,,,,,,,,,,,,,,
2026-08-03,zone,Ituri,Komanda,81,https://ebola-tracker.org/reports/SITREP_MVE_081.pdf,,38,1,1,27,0,71.1,,,,,,,,,,,,,,,
2026-08-03,zone,Ituri,Lita,81,https://ebola-tracker.org/reports/SITREP_MVE_081.pdf,,142,1,1,86,2,60.6,,,,,,,,,,,,,,,
2026-08-03,zone,Ituri,Logo,81,https://ebola-tracker.org/reports/SITREP_MVE_081.pdf,,10,1,1,5,1,50.0,,,,,,,,,,,,,,,
2026-08-03,zone,Ituri,Lolwa,81,https://ebola-tracker.org/reports/SITREP_MVE_081.pdf,,7,0,1,2,0,28.6,,,,,,,,,,,,,,,
2026-08-03,zone,Ituri,Mahagi,81,https://ebola-tracker.org/reports/SITREP_MVE_081.pdf,,4,0,1,1,0,25.0,,,,,,,,,,,,,,,
2026-08-03,zone,Ituri,Mambasa,81,https://ebola-tracker.org/reports/SITREP_MVE_081.pdf,,10,0,1,6,0,60.0,,,,,,,,,,,,,,,
2026-08-03,zone,Ituri,Mandima,81,https://ebola-tracker.org/reports/SITREP_MVE_081.pdf,,16,0,1,12,0,75.0,,,,,,,,,,,,,,,
2026-08-03,zone,Ituri,Mangala,81,https://ebola-tracker.org/reports/SITREP_MVE_081.pdf,,106,1,1,67,1,63.2,,,,,,,,,,,,,,,
2026-08-03,zone,Ituri,Mongbwalu,81,https://ebola-tracker.org/reports/SITREP_MVE_081.pdf,,553,1,1,264,1,47.7,,,,,,,,,,,,,,,
2026-08-03,zone,Ituri,Nia-Nia,81,https://ebola-tracker.org/reports/SITREP_MVE_081.pdf,,112,8,1,63,6,56.2,,,,,,,,,,,,,,,
2026-08-03,zone,Ituri,Nizi,81,https://ebola-tracker.org/reports/SITREP_MVE_081.pdf,,410,8,1,201,7,49.0,,,,,,,,,,,,,,,
2026-08-03,zone,Ituri,Nyankunde,81,https://ebola-tracker.org/reports/SITREP_MVE_081.pdf,,115,0,1,34,0,29.6,,,,,,,,,,,,,,,
2026-08-03,zone,Ituri,Rimba,81,https://ebola-tracker.org/reports/SITREP_MVE_081.pdf,,9,0,1,4,0,44.4,,,,,,,,,,,,,,,
2026-08-03,zone,Ituri,Rwampara,81,https://ebola-tracker.org/reports/SITREP_MVE_081.pdf,,674,19,1,273,10,40.5,,,,,,,,,,,,,,,
2026-08-03,zone,Ituri,Tchomia,81,https://ebola-tracker.org/reports/SITREP_MVE_081.pdf,,45,2,1,24,0,53.3,,,,,,,,,,,,,,,
2026-08-03,zone,Nord-Kivu,Beni,81,https://ebola-tracker.org/reports/SITREP_MVE_081.pdf,,64,0,1,49,0,76.6,,,,,,,,,,,,,,,
2026-08-03,zone,Nord-Kivu,Butembo,81,https://ebola-tracker.org/reports/SITREP_MVE_081.pdf,,89,2,1,69,0,77.5,,,,,,,,,,,,,,,
2026-08-03,zone,Nord-Kivu,Goma,81,https://ebola-tracker.org/reports/SITREP_MVE_081.pdf,,1,0,1,0,0,0.0,,,,,,,,,,,,,,,
2026-08-03,zone,Nord-Kivu,Kalunguta,81,https://ebola-tracker.org/reports/SITREP_MVE_081.pdf,,7,0,1,4,0,57.1,,,,,,,,,,,,,,,
2026-08-03,zone,Nord-Kivu,Katwa,81,https://ebola-tracker.org/reports/SITREP_MVE_081.pdf,,195,9,1,125,3,64.1,,,,,,,,,,,,,,,
2026-08-03,zone,Nord-Kivu,Kyondo,81,https://ebola-tracker.org/reports/SITREP_MVE_081.pdf,,13,0,1,10,0,76.9,,,,,,,,,,,,,,,
2026-08-03,zone,Nord-Kivu,Lubero,81,https://ebola-tracker.org/reports/SITREP_MVE_081.pdf,,1,0,1,1,0,100.0,,,,,,,,,,,,,,,
2026-08-03,zone,Nord-Kivu,Mabalako,81,https://ebola-tracker.org/reports/SITREP_MVE_081.pdf,,1,0,1,0,0,0.0,,,,,,,,,,,,,,,
2026-08-03,zone,Nord-Kivu,Masereka,81,https://ebola-tracker.org/reports/SITREP_MVE_081.pdf,,5,0,1,1,0,20.0,,,,,,,,,,,,,,,
2026-08-03,zone,Nord-Kivu,Musienene,81,https://ebola-tracker.org/reports/SITREP_MVE_081.pdf,,44,1,1,25,0,56.8,,,,,,,,,,,,,,,
2026-08-03,zone,Nord-Kivu,Oicha,81,https://ebola-tracker.org/reports/SITREP_MVE_081.pdf,,4,0,1,3,0,75.0,,,,,,,,,,,,,,,
2026-08-03,zone,Nord-Kivu,Vuhovi,81,https://ebola-tracker.org/reports/SITREP_MVE_081.pdf,,2,0,1,1,0,50.0,,,,,,,,,,,,,,,
2026-08-03,zone,Sud-Kivu,Miti-Murhesa,81,https://ebola-tracker.org/reports/SITREP_MVE_081.pdf,,3,0,1,1,0,33.3,,,,,,,,,,,,,,,
2026-08-03,zone,Tshopo,Kabondo,81,https://ebola-tracker.org/reports/SITREP_MVE_081.pdf,,1,0,1,1,0,100.0,,,,,,,,,,,,,,,
2026-08-03,zone,Tshopo,Lubunga,81,https://ebola-tracker.org/reports/SITREP_MVE_081.pdf,,1,0,1,0,0,0.0,,,,,,,,,,,,,,,
2026-08-03,zone,Tshopo,Makiso-Kisangani,81,https://ebola-tracker.org/reports/SITREP_MVE_081.pdf,,3,0,1,3,0,100.0,,,,,,,,,,,,,,,
2026-08-03,zone,Tshopo,Mangobo,81,https://ebola-tracker.org/reports/SITREP_MVE_081.pdf,,1,0,1,1,0,100.0,,,,,,,,,,,,,,,
2026-08-03,zone,Tshopo,Wanie-Rukula,81,https://ebola-tracker.org/reports/SITREP_MVE_081.pdf,,1,0,1,0,0,0.0,,,,,,,,,,,,,,,
2026-08-04,pays,,,82,https://ebola-tracker.org/reports/SITREP_MVE_082.pdf,,3973,99,1,1801,50,45.3,,37,15,1172,262,,,,,,,17781,13393,75.3,
2026-08-04,province,Haut-Uélé,,82,https://ebola-tracker.org/reports/SITREP_MVE_082.pdf,,67,4,1,39,1,58.2,,1,0,22,21,4,,,,,,641,320,49.9,
2026-08-04,province,Ituri,,82,https://ebola-tracker.org/reports/SITREP_MVE_082.pdf,,3460,85,1,1464,47,42.3,,35,12,562,174,251,91,36.3,,,,10942,8467,77.4,
2026-08-04,province,Nord-Kivu,,82,https://ebola-tracker.org/reports/SITREP_MVE_082.pdf,,436,10,1,292,2,67.0,,1,3,582,66,98,10,10.2,,,,6143,4551,74.1,
2026-08-04,province,Sud-Kivu,,82,https://ebola-tracker.org/reports/SITREP_MVE_082.pdf,,3,0,1,1,0,33.3,,0,0,6,1,,0,,,,,55,55,100.0,
2026-08-04,province,Tshopo,,82,https://ebola-tracker.org/reports/SITREP_MVE_082.pdf,,7,0,1,5,0,71.4,,0,0,,,,,,,,,,,,
2026-08-04,zone,Haut-Uélé,Boma-Mangbetu,82,https://ebola-tracker.org/reports/SITREP_MVE_082.pdf,,13,0,1,5,0,38.5,,,,,,,,,,,,,,,
2026-08-04,zone,Haut-Uélé,Isiro,82,https://ebola-tracker.org/reports/SITREP_MVE_082.pdf,,25,4,1,14,1,56.0,,,,,,,,,,,,,,,
2026-08-04,zone,Haut-Uélé,Pawa,82,https://ebola-tracker.org/reports/SITREP_MVE_082.pdf,,12,0,1,11,0,91.7,,,,,,,,,,,,,,,
2026-08-04,zone,Haut-Uélé,Rungu,82,https://ebola-tracker.org/reports/SITREP_MVE_082.pdf,,1,0,1,0,0,0.0,,,,,,,,,,,,,,,
2026-08-04,zone,Haut-Uélé,Wamba,82,https://ebola-tracker.org/reports/SITREP_MVE_082.pdf,,16,0,1,9,0,56.2,,,,,,,,,,,,,,,
2026-08-04,zone,Ituri,Adja,82,https://ebola-tracker.org/reports/SITREP_MVE_082.pdf,,11,0,1,1,0,9.1,,,,,,,,,,,,,,,
2026-08-04,zone,Ituri,Ariwara,82,https://ebola-tracker.org/reports/SITREP_MVE_082.pdf,,7,0,1,2,0,28.6,,,,,,,,,,,,,,,
2026-08-04,zone,Ituri,Aru,82,https://ebola-tracker.org/reports/SITREP_MVE_082.pdf,,5,0,1,5,0,100.0,,,,,,,,,,,,,,,
2026-08-04,zone,Ituri,Aungba,82,https://ebola-tracker.org/reports/SITREP_MVE_082.pdf,,10,0,1,5,0,50.0,,,,,,,,,,,,,,,
2026-08-04,zone,Ituri,Bambu,82,https://ebola-tracker.org/reports/SITREP_MVE_082.pdf,,69,0,1,17,2,24.6,,,,,,,,,,,,,,,
2026-08-04,zone,Ituri,Boga,82,https://ebola-tracker.org/reports/SITREP_MVE_082.pdf,,1,0,1,1,0,100.0,,,,,,,,,,,,,,,
2026-08-04,zone,Ituri,Bunia,82,https://ebola-tracker.org/reports/SITREP_MVE_082.pdf,,950,25,1,289,12,30.4,,,,,,,,,,,,,,,
2026-08-04,zone,Ituri,Damas,82,https://ebola-tracker.org/reports/SITREP_MVE_082.pdf,,18,0,1,8,0,44.4,,,,,,,,,,,,,,,
2026-08-04,zone,Ituri,Drodro,82,https://ebola-tracker.org/reports/SITREP_MVE_082.pdf,,11,0,1,6,0,54.5,,,,,,,,,,,,,,,
2026-08-04,zone,Ituri,Fataki,82,https://ebola-tracker.org/reports/SITREP_MVE_082.pdf,,40,5,1,20,3,50.0,,,,,,,,,,,,,,,
2026-08-04,zone,Ituri,Gethy,82,https://ebola-tracker.org/reports/SITREP_MVE_082.pdf,,1,0,1,0,0,0.0,,,,,,,,,,,,,,,
2026-08-04,zone,Ituri,Kambala,82,https://ebola-tracker.org/reports/SITREP_MVE_082.pdf,,2,0,1,0,0,0.0,,,,,,,,,,,,,,,
2026-08-04,zone,Ituri,Kilo,82,https://ebola-tracker.org/reports/SITREP_MVE_082.pdf,,29,0,1,11,0,37.9,,,,,,,,,,,,,,,
2026-08-04,zone,Ituri,Komanda,82,https://ebola-tracker.org/reports/SITREP_MVE_082.pdf,,38,0,1,27,0,71.1,,,,,,,,,,,,,,,
2026-08-04,zone,Ituri,Lita,82,https://ebola-tracker.org/reports/SITREP_MVE_082.pdf,,151,9,1,89,3,58.9,,,,,,,,,,,,,,,
2026-08-04,zone,Ituri,Logo,82,https://ebola-tracker.org/reports/SITREP_MVE_082.pdf,,10,0,1,5,0,50.0,,,,,,,,,,,,,,,
2026-08-04,zone,Ituri,Lolwa,82,https://ebola-tracker.org/reports/SITREP_MVE_082.pdf,,7,0,1,2,0,28.6,,,,,,,,,,,,,,,
2026-08-04,zone,Ituri,Mahagi,82,https://ebola-tracker.org/reports/SITREP_MVE_082.pdf,,4,0,1,1,0,25.0,,,,,,,,,,,,,,,
2026-08-04,zone,Ituri,Mambasa,82,https://ebola-tracker.org/reports/SITREP_MVE_082.pdf,,10,0,1,6,0,60.0,,,,,,,,,,,,,,,
2026-08-04,zone,Ituri,Mandima,82,https://ebola-tracker.org/reports/SITREP_MVE_082.pdf,,16,0,1,12,0,75.0,,,,,,,,,,,,,,,
2026-08-04,zone,Ituri,Mangala,82,https://ebola-tracker.org/reports/SITREP_MVE_082.pdf,,108,2,1,67,0,62.0,,,,,,,,,,,,,,,
2026-08-04,zone,Ituri,Mongbwalu,82,https://ebola-tracker.org/reports/SITREP_MVE_082.pdf,,558,5,1,268,4,48.0,,,,,,,,,,,,,,,
2026-08-04,zone,Ituri,Nia-Nia,82,https://ebola-tracker.org/reports/SITREP_MVE_082.pdf,,112,0,1,66,3,58.9,,,,,,,,,,,,,,,
2026-08-04,zone,Ituri,Nizi,82,https://ebola-tracker.org/reports/SITREP_MVE_082.pdf,,431,21,1,211,10,49.0,,,,,,,,,,,,,,,
2026-08-04,zone,Ituri,Nyankunde,82,https://ebola-tracker.org/reports/SITREP_MVE_082.pdf,,115,0,1,35,1,30.4,,,,,,,,,,,,,,,
2026-08-04,zone,Ituri,Rimba,82,https://ebola-tracker.org/reports/SITREP_MVE_082.pdf,,9,0,1,4,0,44.4,,,,,,,,,,,,,,,
2026-08-04,zone,Ituri,Rwampara,82,https://ebola-tracker.org/reports/SITREP_MVE_082.pdf,,692,18,1,282,9,40.8,,,,,,,,,,,,,,,
2026-08-04,zone,Ituri,Tchomia,82,https://ebola-tracker.org/reports/SITREP_MVE_082.pdf,,45,0,1,24,0,53.3,,,,,,,,,,,,,,,
2026-08-04,zone,Nord-Kivu,Beni,82,https://ebola-tracker.org/reports/SITREP_MVE_082.pdf,,64,0,1,49,0,76.6,,,,,,,,,,,,,,,
2026-08-04,zone,Nord-Kivu,Butembo,82,https://ebola-tracker.org/reports/SITREP_MVE_082.pdf,,92,3,1,69,0,75.0,,,,,,,,,,,,,,,
2026-08-04,zone,Nord-Kivu,Goma,82,https://ebola-tracker.org/reports/SITREP_MVE_082.pdf,,1,0,1,0,0,0.0,,,,,,,,,,,,,,,
2026-08-04,zone,Nord-Kivu,Kalunguta,82,https://ebola-tracker.org/reports/SITREP_MVE_082.pdf,,8,1,1,4,0,50.0,,,,,,,,,,,,,,,
2026-08-04,zone,Nord-Kivu,Katwa,82,https://ebola-tracker.org/reports/SITREP_MVE_082.pdf,,200,5,1,129,4,64.5,,,,,,,,,,,,,,,
2026-08-04,zone,Nord-Kivu,Kyondo,82,https://ebola-tracker.org/reports/SITREP_MVE_082.pdf,,13,0,1,10,0,76.9,,,,,,,,,,,,,,,
2026-08-04,zone,Nord-Kivu,Lubero,82,https://ebola-tracker.org/reports/SITREP_MVE_082.pdf,,1,0,1,1,0,100.0,,,,,,,,,,,,,,,
2026-08-04,zone,Nord-Kivu,Mabalako,82,https://ebola-tracker.org/reports/SITREP_MVE_082.pdf,,1,0,1,0,0,0.0,,,,,,,,,,,,,,,
2026-08-04,zone,Nord-Kivu,Masereka,82,https://ebola-tracker.org/reports/SITREP_MVE_082.pdf,,5,0,1,1,0,20.0,,,,,,,,,,,,,,,
2026-08-04,zone,Nord-Kivu,Musienene,82,https://ebola-tracker.org/reports/SITREP_MVE_082.pdf,,45,1,1,25,0,55.6,,,,,,,,,,,,,,,
2026-08-04,zone,Nord-Kivu,Oicha,82,https://ebola-tracker.org/reports/SITREP_MVE_082.pdf,,4,0,1,3,0,75.0,,,,,,,,,,,,,,,
2026-08-04,zone,Nord-Kivu,Vuhovi,82,https://ebola-tracker.org/reports/SITREP_MVE_082.pdf,,2,0,1,1,0,50.0,,,,,,,,,,,,,,,
2026-08-04,zone,Sud-Kivu,Miti-Murhesa,82,https://ebola-tracker.org/reports/SITREP_MVE_082.pdf,,3,0,1,1,0,33.3,,,,,,,,,,,,,,,
2026-08-04,zone,Tshopo,Kabondo,82,https://ebola-tracker.org/reports/SITREP_MVE_082.pdf,,1,0,1,1,0,100.0,,,,,,,,,,,,,,,
2026-08-04,zone,Tshopo,Lubunga,82,https://ebola-tracker.org/reports/SITREP_MVE_082.pdf,,1,0,1,0,0,0.0,,,,,,,,,,,,,,,
2026-08-04,zone,Tshopo,Makiso-Kisangani,82,https://ebola-tracker.org/reports/SITREP_MVE_082.pdf,,3,0,1,3,0,100.0,,,,,,,,,,,,,,,
2026-08-04,zone,Tshopo,Mangobo,82,https://ebola-tracker.org/reports/SITREP_MVE_082.pdf,,1,0,1,1,0,100.0,,,,,,,,,,,,,,,
2026-08-04,zone,Tshopo,Wanie-Rukula,82,https://ebola-tracker.org/reports/SITREP_MVE_082.pdf,,1,0,1,0,0,0.0,,,,,,,,,,,,,,,
2026-08-05,pays,,,83,https://ebola-tracker.org/reports/SITREP_MVE_083.pdf,,4053,80,1,1851,50,45.7,,33,17,1281,282,,81,,468,833,56.2,18886,14673,77.7,
2026-08-05,province,Haut-Uélé,,83,https://ebola-tracker.org/reports/SITREP_MVE_083.pdf,,74,7,1,41,2,55.4,,1,1,,,7,0,0.0,,,,601,320,53.2,
2026-08-05,province,Ituri,,83,https://ebola-tracker.org/reports/SITREP_MVE_083.pdf,,3521,61,1,1502,38,42.7,,27,11,458,193,297,70,23.6,468,833,56.0,11763,9324,79.3,
2026-08-05,province,Nord-Kivu,,83,https://ebola-tracker.org/reports/SITREP_MVE_083.pdf,,447,11,1,302,10,67.6,,5,5,772,86,134,11,8.2,,,,6352,4882,76.9,
2026-08-05,province,Sud-Kivu,,83,https://ebola-tracker.org/reports/SITREP_MVE_083.pdf,,3,0,1,1,0,33.3,,,,2,1,,0,,,,,55,55,100.0,
2026-08-05,province,Tshopo,,83,https://ebola-tracker.org/reports/SITREP_MVE_083.pdf,,8,1,1,5,0,62.5,,,,49,2,,,,,,,115,92,80.0,
2026-08-05,zone,Haut-Uélé,Boma-Mangbetu,83,https://ebola-tracker.org/reports/SITREP_MVE_083.pdf,,15,2,1,5,0,33.3,,,,,,,,,,,,,,,
2026-08-05,zone,Haut-Uélé,Gombari,83,https://ebola-tracker.org/reports/SITREP_MVE_083.pdf,,1,,,1,,100.0,,,,,,,,,,,,,,,
2026-08-05,zone,Haut-Uélé,Isiro,83,https://ebola-tracker.org/reports/SITREP_MVE_083.pdf,,26,1,1,15,1,57.7,,,,,,,,,,,,,,,
2026-08-05,zone,Haut-Uélé,Pawa,83,https://ebola-tracker.org/reports/SITREP_MVE_083.pdf,,15,3,1,11,0,73.3,,,,,,,,,,,,,,,
2026-08-05,zone,Haut-Uélé,Rungu,83,https://ebola-tracker.org/reports/SITREP_MVE_083.pdf,,1,0,1,0,0,0.0,,,,,,,,,,,,,,,
2026-08-05,zone,Haut-Uélé,Wamba,83,https://ebola-tracker.org/reports/SITREP_MVE_083.pdf,,16,0,1,9,0,56.2,,,,,,,,,,,,,,,
2026-08-05,zone,Ituri,Adja,83,https://ebola-tracker.org/reports/SITREP_MVE_083.pdf,,11,0,1,1,0,9.1,,,,,,,,,,,,,,,
2026-08-05,zone,Ituri,Ariwara,83,https://ebola-tracker.org/reports/SITREP_MVE_083.pdf,,7,0,1,2,0,28.6,,,,,,,,,,,,,,,
2026-08-05,zone,Ituri,Aru,83,https://ebola-tracker.org/reports/SITREP_MVE_083.pdf,,6,1,1,6,1,100.0,,,,,,,,,,,,,,,
2026-08-05,zone,Ituri,Aungba,83,https://ebola-tracker.org/reports/SITREP_MVE_083.pdf,,10,0,1,5,0,50.0,,,,,,,,,,,,,,,
2026-08-05,zone,Ituri,Bambu,83,https://ebola-tracker.org/reports/SITREP_MVE_083.pdf,,77,8,1,20,3,26.0,,,,,,,,,,,,,,,
2026-08-05,zone,Ituri,Boga,83,https://ebola-tracker.org/reports/SITREP_MVE_083.pdf,,1,0,1,1,0,100.0,,,,,,,,,,,,,,,
2026-08-05,zone,Ituri,Bunia,83,https://ebola-tracker.org/reports/SITREP_MVE_083.pdf,,967,17,1,297,8,30.7,,,,,,,,,,,,,,,
2026-08-05,zone,Ituri,Damas,83,https://ebola-tracker.org/reports/SITREP_MVE_083.pdf,,18,0,1,8,0,44.4,,,,,,,,,,,,,,,
2026-08-05,zone,Ituri,Drodro,83,https://ebola-tracker.org/reports/SITREP_MVE_083.pdf,,11,0,1,6,0,54.5,,,,,,,,,,,,,,,
2026-08-05,zone,Ituri,Fataki,83,https://ebola-tracker.org/reports/SITREP_MVE_083.pdf,,45,5,1,24,4,53.3,,,,,,,,,,,,,,,
2026-08-05,zone,Ituri,Gethy,83,https://ebola-tracker.org/reports/SITREP_MVE_083.pdf,,2,1,1,1,1,50.0,,,,,,,,,,,,,,,
2026-08-05,zone,Ituri,Kambala,83,https://ebola-tracker.org/reports/SITREP_MVE_083.pdf,,2,0,1,0,0,0.0,,,,,,,,,,,,,,,
2026-08-05,zone,Ituri,Kilo,83,https://ebola-tracker.org/reports/SITREP_MVE_083.pdf,,29,0,1,11,0,37.9,,,,,,,,,,,,,,,
2026-08-05,zone,Ituri,Komanda,83,https://ebola-tracker.org/reports/SITREP_MVE_083.pdf,,39,1,1,29,2,74.4,,,,,,,,,,,,,,,
2026-08-05,zone,Ituri,Lita,83,https://ebola-tracker.org/reports/SITREP_MVE_083.pdf,,152,1,1,89,0,58.6,,,,,,,,,,,,,,,
2026-08-05,zone,Ituri,Logo,83,https://ebola-tracker.org/reports/SITREP_MVE_083.pdf,,10,0,1,5,0,50.0,,,,,,,,,,,,,,,
2026-08-05,zone,Ituri,Lolwa,83,https://ebola-tracker.org/reports/SITREP_MVE_083.pdf,,7,0,1,2,0,28.6,,,,,,,,,,,,,,,
2026-08-05,zone,Ituri,Mahagi,83,https://ebola-tracker.org/reports/SITREP_MVE_083.pdf,,4,0,1,1,0,25.0,,,,,,,,,,,,,,,
2026-08-05,zone,Ituri,Mambasa,83,https://ebola-tracker.org/reports/SITREP_MVE_083.pdf,,10,0,1,6,0,60.0,,,,,,,,,,,,,,,
2026-08-05,zone,Ituri,Mandima,83,https://ebola-tracker.org/reports/SITREP_MVE_083.pdf,,16,0,1,12,0,75.0,,,,,,,,,,,,,,,
2026-08-05,zone,Ituri,Mangala,83,https://ebola-tracker.org/reports/SITREP_MVE_083.pdf,,108,0,1,67,0,62.0,,,,,,,,,,,,,,,
2026-08-05,zone,Ituri,Mongbwalu,83,https://ebola-tracker.org/reports/SITREP_MVE_083.pdf,,561,3,1,272,4,48.5,,,,,,,,,,,,,,,
2026-08-05,zone,Ituri,Nia-Nia,83,https://ebola-tracker.org/reports/SITREP_MVE_083.pdf,,114,2,1,67,1,58.8,,,,,,,,,,,,,,,
2026-08-05,zone,Ituri,Nizi,83,https://ebola-tracker.org/reports/SITREP_MVE_083.pdf,,437,6,1,216,5,49.4,,,,,,,,,,,,,,,
2026-08-05,zone,Ituri,Nyankunde,83,https://ebola-tracker.org/reports/SITREP_MVE_083.pdf,,115,0,1,35,0,30.4,,,,,,,,,,,,,,,
2026-08-05,zone,Ituri,Rimba,83,https://ebola-tracker.org/reports/SITREP_MVE_083.pdf,,9,0,1,4,0,44.4,,,,,,,,,,,,,,,
2026-08-05,zone,Ituri,Rwampara,83,https://ebola-tracker.org/reports/SITREP_MVE_083.pdf,,708,16,1,291,9,41.1,,,,,,,,,,,,,,,
2026-08-05,zone,Ituri,Tchomia,83,https://ebola-tracker.org/reports/SITREP_MVE_083.pdf,,45,0,1,24,0,53.3,,,,,,,,,,,,,,,
2026-08-05,zone,Nord-Kivu,Beni,83,https://ebola-tracker.org/reports/SITREP_MVE_083.pdf,,65,1,1,49,0,75.4,,,,,,,,,,,,,,,
2026-08-05,zone,Nord-Kivu,Butembo,83,https://ebola-tracker.org/reports/SITREP_MVE_083.pdf,,92,0,1,71,2,77.2,,,,,,,,,,,,,,,
2026-08-05,zone,Nord-Kivu,Goma,83,https://ebola-tracker.org/reports/SITREP_MVE_083.pdf,,1,0,1,0,0,0.0,,,,,,,,,,,,,,,
2026-08-05,zone,Nord-Kivu,Kalunguta,83,https://ebola-tracker.org/reports/SITREP_MVE_083.pdf,,8,0,1,4,0,50.0,,,,,,,,,,,,,,,
2026-08-05,zone,Nord-Kivu,Katwa,83,https://ebola-tracker.org/reports/SITREP_MVE_083.pdf,,208,8,1,135,6,64.9,,,,,,,,,,,,,,,
2026-08-05,zone,Nord-Kivu,Kyondo,83,https://ebola-tracker.org/reports/SITREP_MVE_083.pdf,,13,0,1,10,0,76.9,,,,,,,,,,,,,,,
2026-08-05,zone,Nord-Kivu,Lubero,83,https://ebola-tracker.org/reports/SITREP_MVE_083.pdf,,1,0,1,1,0,100.0,,,,,,,,,,,,,,,
2026-08-05,zone,Nord-Kivu,Mabalako,83,https://ebola-tracker.org/reports/SITREP_MVE_083.pdf,,1,0,1,0,0,0.0,,,,,,,,,,,,,,,
2026-08-05,zone,Nord-Kivu,Masereka,83,https://ebola-tracker.org/reports/SITREP_MVE_083.pdf,,5,0,1,1,0,20.0,,,,,,,,,,,,,,,
2026-08-05,zone,Nord-Kivu,Musienene,83,https://ebola-tracker.org/reports/SITREP_MVE_083.pdf,,47,2,1,26,1,55.3,,,,,,,,,,,,,,,
2026-08-05,zone,Nord-Kivu,Oicha,83,https://ebola-tracker.org/reports/SITREP_MVE_083.pdf,,4,0,1,3,0,75.0,,,,,,,,,,,,,,,
2026-08-05,zone,Nord-Kivu,Vuhovi,83,https://ebola-tracker.org/reports/SITREP_MVE_083.pdf,,2,0,1,1,0,50.0,,,,,,,,,,,,,,,
2026-08-05,zone,Sud-Kivu,Miti-Murhesa,83,https://ebola-tracker.org/reports/SITREP_MVE_083.pdf,,3,0,1,1,0,33.3,,,,,,,,,,,,,,,
2026-08-05,zone,Tshopo,Bafwasende,83,https://ebola-tracker.org/reports/SITREP_MVE_083.pdf,,1,,,0,,0.0,,,,,,,,,,,,,,,
2026-08-05,zone,Tshopo,Kabondo,83,https://ebola-tracker.org/reports/SITREP_MVE_083.pdf,,1,0,1,1,0,100.0,,,,,,,,,,,,,,,
2026-08-05,zone,Tshopo,Lubunga,83,https://ebola-tracker.org/reports/SITREP_MVE_083.pdf,,1,0,1,0,0,0.0,,,,,,,,,,,,,,,
2026-08-05,zone,Tshopo,Makiso-Kisangani,83,https://ebola-tracker.org/reports/SITREP_MVE_083.pdf,,3,0,1,3,0,100.0,,,,,,,,,,,,,,,
2026-08-05,zone,Tshopo,Mangobo,83,https://ebola-tracker.org/reports/SITREP_MVE_083.pdf,,1,0,1,1,0,100.0,,,,,,,,,,,,,,,
2026-08-05,zone,Tshopo,Wanie-Rukula,83,https://ebola-tracker.org/reports/SITREP_MVE_083.pdf,,1,0,1,0,0,0.0,,,,,,,,,,,,,,,
2026-08-06,pays,,,84,https://ebola-tracker.org/reports/SITREP_MVE_084.pdf,,4120,67,1,1887,36,45.8,,,,1141,,202,42,20.8,488,833,58.6,,,83.7,
2026-08-06,province,Haut-Uélé,,84,https://ebola-tracker.org/reports/SITREP_MVE_084.pdf,,87,13,1,44,3,50.6,,,,25,,,,,,,,,,,
2026-08-06,province,Ituri,,84,https://ebola-tracker.org/reports/SITREP_MVE_084.pdf,,3563,42,1,1526,24,42.8,,,,510,,202,42,20.8,488,833,58.6,,,,
2026-08-06,province,Nord-Kivu,,84,https://ebola-tracker.org/reports/SITREP_MVE_084.pdf,,458,11,1,311,9,67.9,,,,585,,,,,,,,,,,
2026-08-06,province,Sud-Kivu,,84,https://ebola-tracker.org/reports/SITREP_MVE_084.pdf,,3,0,1,1,0,33.3,,,,2,,,,,,,,,,,
2026-08-06,province,Tshopo,,84,https://ebola-tracker.org/reports/SITREP_MVE_084.pdf,,9,1,1,5,0,55.6,,,,19,,,,,,,,,,,
2026-08-07,pays,,,85,https://ebola-tracker.org/reports/SITREP_MVE_085.pdf,,4209,89,1,1916,29,45.5,,,,1318,443,,73,,595,860,69.2,17896,14923,83.4,
2026-08-07,province,Haut-Uélé,,85,https://ebola-tracker.org/reports/SITREP_MVE_085.pdf,,91,4,1,44,0,48.4,,,,13,12,,,,,,,,,50.1,
2026-08-07,province,Ituri,,85,https://ebola-tracker.org/reports/SITREP_MVE_085.pdf,,3636,73,1,1551,25,42.7,,,,517,330,,73,,595,860,69.2,,,88.8,
2026-08-07,province,Nord-Kivu,,85,https://ebola-tracker.org/reports/SITREP_MVE_085.pdf,,470,12,1,315,4,67.0,,,,782,95,,,,,,,,,77.1,
2026-08-07,province,Sud-Kivu,,85,https://ebola-tracker.org/reports/SITREP_MVE_085.pdf,,3,0,1,1,0,33.3,,,,6,6,,,,,,,,,,
2026-08-07,province,Tshopo,,85,https://ebola-tracker.org/reports/SITREP_MVE_085.pdf,,9,0,1,5,0,55.6,,,,0,0,,,,,,,,,,
2026-08-08,pays,,,86,https://ebola-tracker.org/reports/SITREP_MVE_086.pdf,,4294,85,1,1960,44,45.6,,,,1282,258,,68,,501,840,59.6,17141,14505,84.6,
2026-08-08,province,Haut-Uélé,,86,https://ebola-tracker.org/reports/SITREP_MVE_086.pdf,,98,7,1,44,0,44.9,,,,5,5,,,,,,,,,76.1,
2026-08-08,province,Ituri,,86,https://ebola-tracker.org/reports/SITREP_MVE_086.pdf,,3704,68,1,1584,33,42.8,,,,577,185,,68,,501,840,60.0,,,87.7,
2026-08-08,province,Nord-Kivu,,86,https://ebola-tracker.org/reports/SITREP_MVE_086.pdf,,480,10,1,326,11,67.9,,,,650,64,,,,,,,,,80.2,
2026-08-08,province,Sud-Kivu,,86,https://ebola-tracker.org/reports/SITREP_MVE_086.pdf,,3,0,1,1,0,33.3,,,,7,2,,,,,,,,,,
2026-08-08,province,Tshopo,,86,https://ebola-tracker.org/reports/SITREP_MVE_086.pdf,,9,0,1,5,0,55.6,,,,43,2,,,,,,,,,,
2026-08-09,pays,,,87,https://ebola-tracker.org/reports/SITREP_MVE_087.pdf,,4381,87,1,2011,51,45.9,869,,,1426,242,,57,,508,840,60.5,16183,14029,86.7,
2026-08-09,province,Haut-Uélé,,87,https://ebola-tracker.org/reports/SITREP_MVE_087.pdf,,113,15,1,47,3,41.6,,,,9,6,,,,,,,,,57.9,
2026-08-09,province,Ituri,,87,https://ebola-tracker.org/reports/SITREP_MVE_087.pdf,,3761,57,1,1620,36,43.1,,,,708,125,,57,,508,840,61.0,,,,
2026-08-09,province,Nord-Kivu,,87,https://ebola-tracker.org/reports/SITREP_MVE_087.pdf,,495,15,1,338,12,68.3,,,,657,103,,,,,,,,,,
2026-08-09,province,Sud-Kivu,,87,https://ebola-tracker.org/reports/SITREP_MVE_087.pdf,,3,0,1,1,0,33.3,,,,8,1,,,,,,,,,,
2026-08-09,province,Tshopo,,87,https://ebola-tracker.org/reports/SITREP_MVE_087.pdf,,9,0,1,5,0,55.6,,,,44,7,,,,,,,,,,
2026-08-09,zone,Haut-Uélé,Boma-Mangbetu,87,https://ebola-tracker.org/reports/SITREP_MVE_087.pdf,,21,6,4,,,,,,,,,,,,,,,,,,
2026-08-09,zone,Haut-Uélé,Gombari,87,https://ebola-tracker.org/reports/SITREP_MVE_087.pdf,,1,0,4,,,,,,,,,,,,,,,,,,
2026-08-09,zone,Haut-Uélé,Isiro,87,https://ebola-tracker.org/reports/SITREP_MVE_087.pdf,,31,5,4,,,,,,,,,,,,,,,,,,
2026-08-09,zone,Haut-Uélé,Pawa,87,https://ebola-tracker.org/reports/SITREP_MVE_087.pdf,,17,2,4,,,,,,,,,,,,,,,,,,
2026-08-09,zone,Haut-Uélé,Rungu,87,https://ebola-tracker.org/reports/SITREP_MVE_087.pdf,,1,0,4,,,,,,,,,,,,,,,,,,
2026-08-09,zone,Haut-Uélé,Wamba,87,https://ebola-tracker.org/reports/SITREP_MVE_087.pdf,,42,26,4,,,,,,,,,,,,,,,,,,
2026-08-09,zone,Ituri,Adja,87,https://ebola-tracker.org/reports/SITREP_MVE_087.pdf,,11,0,4,,,,,,,,,,,,,,,,,,
2026-08-09,zone,Ituri,Ariwara,87,https://ebola-tracker.org/reports/SITREP_MVE_087.pdf,,7,0,4,,,,,,,,,,,,,,,,,,
2026-08-09,zone,Ituri,Aru,87,https://ebola-tracker.org/reports/SITREP_MVE_087.pdf,,7,1,4,,,,,,,,,,,,,,,,,,
2026-08-09,zone,Ituri,Aungba,87,https://ebola-tracker.org/reports/SITREP_MVE_087.pdf,,10,0,4,,,,,,,,,,,,,,,,,,
2026-08-09,zone,Ituri,Bambu,87,https://ebola-tracker.org/reports/SITREP_MVE_087.pdf,,92,15,4,,,,,,,,,,,,,,,,,,
2026-08-09,zone,Ituri,Boga,87,https://ebola-tracker.org/reports/SITREP_MVE_087.pdf,,1,0,4,,,,,,,,,,,,,,,,,,
2026-08-09,zone,Ituri,Bunia,87,https://ebola-tracker.org/reports/SITREP_MVE_087.pdf,,1021,54,4,,,,,,,,,,,,,,,,,,
2026-08-09,zone,Ituri,Damas,87,https://ebola-tracker.org/reports/SITREP_MVE_087.pdf,,18,0,4,,,,,,,,,,,,,,,,,,
2026-08-09,zone,Ituri,Drodro,87,https://ebola-tracker.org/reports/SITREP_MVE_087.pdf,,12,1,4,,,,,,,,,,,,,,,,,,
2026-08-09,zone,Ituri,Fataki,87,https://ebola-tracker.org/reports/SITREP_MVE_087.pdf,,54,9,4,,,,,,,,,,,,,,,,,,
2026-08-09,zone,Ituri,Gethy,87,https://ebola-tracker.org/reports/SITREP_MVE_087.pdf,,2,0,4,,,,,,,,,,,,,,,,,,
2026-08-09,zone,Ituri,Kambala,87,https://ebola-tracker.org/reports/SITREP_MVE_087.pdf,,2,0,4,,,,,,,,,,,,,,,,,,
2026-08-09,zone,Ituri,Kilo,87,https://ebola-tracker.org/reports/SITREP_MVE_087.pdf,,29,0,4,,,,,,,,,,,,,,,,,,
2026-08-09,zone,Ituri,Komanda,87,https://ebola-tracker.org/reports/SITREP_MVE_087.pdf,,42,3,4,,,,,,,,,,,,,,,,,,
2026-08-09,zone,Ituri,Lita,87,https://ebola-tracker.org/reports/SITREP_MVE_087.pdf,,163,11,4,,,,,,,,,,,,,,,,,,
2026-08-09,zone,Ituri,Logo,87,https://ebola-tracker.org/reports/SITREP_MVE_087.pdf,,11,1,4,,,,,,,,,,,,,,,,,,
2026-08-09,zone,Ituri,Lolwa,87,https://ebola-tracker.org/reports/SITREP_MVE_087.pdf,,11,4,4,,,,,,,,,,,,,,,,,,
2026-08-09,zone,Ituri,Mahagi,87,https://ebola-tracker.org/reports/SITREP_MVE_087.pdf,,4,0,4,,,,,,,,,,,,,,,,,,
2026-08-09,zone,Ituri,Mambasa,87,https://ebola-tracker.org/reports/SITREP_MVE_087.pdf,,13,3,4,,,,,,,,,,,,,,,,,,
2026-08-09,zone,Ituri,Mandima,87,https://ebola-tracker.org/reports/SITREP_MVE_087.pdf,,19,3,4,,,,,,,,,,,,,,,,,,
2026-08-09,zone,Ituri,Mangala,87,https://ebola-tracker.org/reports/SITREP_MVE_087.pdf,,116,8,4,,,,,,,,,,,,,,,,,,
2026-08-09,zone,Ituri,Mongbwalu,87,https://ebola-tracker.org/reports/SITREP_MVE_087.pdf,,566,5,4,,,,,,,,,,,,,,,,,,
2026-08-09,zone,Ituri,Nia-Nia,87,https://ebola-tracker.org/reports/SITREP_MVE_087.pdf,,138,24,4,,,,,,,,,,,,,,,,,,
2026-08-09,zone,Ituri,Nizi,87,https://ebola-tracker.org/reports/SITREP_MVE_087.pdf,,479,42,4,,,,,,,,,,,,,,,,,,
2026-08-09,zone,Ituri,Nyankunde,87,https://ebola-tracker.org/reports/SITREP_MVE_087.pdf,,116,1,4,,,,,,,,,,,,,,,,,,
2026-08-09,zone,Ituri,Rimba,87,https://ebola-tracker.org/reports/SITREP_MVE_087.pdf,,9,0,4,,,,,,,,,,,,,,,,,,
2026-08-09,zone,Ituri,Rwampara,87,https://ebola-tracker.org/reports/SITREP_MVE_087.pdf,,760,52,4,,,,,,,,,,,,,,,,,,
2026-08-09,zone,Ituri,Tchomia,87,https://ebola-tracker.org/reports/SITREP_MVE_087.pdf,,48,3,4,,,,,,,,,,,,,,,,,,
2026-08-09,zone,Nord-Kivu,Beni,87,https://ebola-tracker.org/reports/SITREP_MVE_087.pdf,,76,11,4,,,,,,,,,,,,,,,,,,
2026-08-09,zone,Nord-Kivu,Butembo,87,https://ebola-tracker.org/reports/SITREP_MVE_087.pdf,,101,9,4,,,,,,,,,,,,,,,,,,
2026-08-09,zone,Nord-Kivu,Goma,87,https://ebola-tracker.org/reports/SITREP_MVE_087.pdf,,1,0,4,,,,,,,,,,,,,,,,,,
2026-08-09,zone,Nord-Kivu,Kalunguta,87,https://ebola-tracker.org/reports/SITREP_MVE_087.pdf,,10,2,4,,,,,,,,,,,,,,,,,,
2026-08-09,zone,Nord-Kivu,Katwa,87,https://ebola-tracker.org/reports/SITREP_MVE_087.pdf,,229,21,4,,,,,,,,,,,,,,,,,,
2026-08-09,zone,Nord-Kivu,Kyondo,87,https://ebola-tracker.org/reports/SITREP_MVE_087.pdf,,13,0,4,,,,,,,,,,,,,,,,,,
2026-08-09,zone,Nord-Kivu,Lubero,87,https://ebola-tracker.org/reports/SITREP_MVE_087.pdf,,1,0,4,,,,,,,,,,,,,,,,,,
2026-08-09,zone,Nord-Kivu,Mabalako,87,https://ebola-tracker.org/reports/SITREP_MVE_087.pdf,,1,0,4,,,,,,,,,,,,,,,,,,
2026-08-09,zone,Nord-Kivu,Masereka,87,https://ebola-tracker.org/reports/SITREP_MVE_087.pdf,,7,2,4,,,,,,,,,,,,,,,,,,
2026-08-09,zone,Nord-Kivu,Musienene,87,https://ebola-tracker.org/reports/SITREP_MVE_087.pdf,,48,1,4,,,,,,,,,,,,,,,,,,
2026-08-09,zone,Nord-Kivu,Oicha,87,https://ebola-tracker.org/reports/SITREP_MVE_087.pdf,,5,1,4,,,,,,,,,,,,,,,,,,
2026-08-09,zone,Nord-Kivu,Vuhovi,87,https://ebola-tracker.org/reports/SITREP_MVE_087.pdf,,3,1,4,,,,,,,,,,,,,,,,,,
2026-08-09,zone,Sud-Kivu,Miti-Murhesa,87,https://ebola-tracker.org/reports/SITREP_MVE_087.pdf,,3,0,4,,,,,,,,,,,,,,,,,,
2026-08-09,zone,Tshopo,Bafwasende,87,https://ebola-tracker.org/reports/SITREP_MVE_087.pdf,,1,0,4,,,,,,,,,,,,,,,,,,
2026-08-09,zone,Tshopo,Kabondo,87,https://ebola-tracker.org/reports/SITREP_MVE_087.pdf,,2,1,4,,,,,,,,,,,,,,,,,,
2026-08-09,zone,Tshopo,Lubunga,87,https://ebola-tracker.org/reports/SITREP_MVE_087.pdf,,1,0,4,,,,,,,,,,,,,,,,,,
2026-08-09,zone,Tshopo,Makiso-Kisangani,87,https://ebola-tracker.org/reports/SITREP_MVE_087.pdf,,3,0,4,,,,,,,,,,,,,,,,,,
2026-08-09,zone,Tshopo,Mangobo,87,https://ebola-tracker.org/reports/SITREP_MVE_087.pdf,,1,0,4,,,,,,,,,,,,,,,,,,
2026-08-09,zone,Tshopo,Wanie-Rukula,87,https://ebola-tracker.org/reports/SITREP_MVE_087.pdf,,1,0,4,,,,,,,,,,,,,,,,,,
2026-08-10,pays,,,88,https://ebola-tracker.org/reports/SITREP_MVE_088.pdf,,4449,68,1,2061,50,46.3,886,31,19,1605,389,,78,,417,845,49.3,16862,13951,82.7,
2026-08-10,province,Haut-Uélé,,88,https://ebola-tracker.org/reports/SITREP_MVE_088.pdf,,113,0,1,48,1,42.5,,,,0,0,,,,,,,,,,
2026-08-10,province,Ituri,,88,https://ebola-tracker.org/reports/SITREP_MVE_088.pdf,,3814,53,1,1653,33,43.3,,21,12,604,229,,63,,417,845,49.3,,,,
2026-08-10,province,Nord-Kivu,,88,https://ebola-tracker.org/reports/SITREP_MVE_088.pdf,,510,15,1,354,16,69.4,,10,7,904,153,,15,,,,,,,74.7,
2026-08-10,province,Sud-Kivu,,88,https://ebola-tracker.org/reports/SITREP_MVE_088.pdf,,3,0,1,1,0,33.3,,0,0,8,1,,,,,,,,,,
2026-08-10,province,Tshopo,,88,https://ebola-tracker.org/reports/SITREP_MVE_088.pdf,,9,0,1,5,0,55.6,,0,0,89,6,,,,,,,,,,
2026-08-10,zone,Haut-Uélé,Boma-Mangbetu,88,https://ebola-tracker.org/reports/SITREP_MVE_088.pdf,,21,0,1,5,0,23.8,,,,,,,,,,,,,,,
2026-08-10,zone,Haut-Uélé,Gombari,88,https://ebola-tracker.org/reports/SITREP_MVE_088.pdf,,1,0,1,1,0,100.0,,,,,,,,,,,,,,,
2026-08-10,zone,Haut-Uélé,Isiro,88,https://ebola-tracker.org/reports/SITREP_MVE_088.pdf,,31,0,1,16,1,51.6,,,,,,,,,,,,,,,
2026-08-10,zone,Haut-Uélé,Pawa,88,https://ebola-tracker.org/reports/SITREP_MVE_088.pdf,,17,0,1,11,0,64.7,,,,,,,,,,,,,,,
2026-08-10,zone,Haut-Uélé,Rungu,88,https://ebola-tracker.org/reports/SITREP_MVE_088.pdf,,1,0,1,0,0,0.0,,,,,,,,,,,,,,,
2026-08-10,zone,Haut-Uélé,Wamba,88,https://ebola-tracker.org/reports/SITREP_MVE_088.pdf,,42,0,1,15,6,35.7,,,,,,,,,,,,,,,
2026-08-10,zone,Ituri,Adja,88,https://ebola-tracker.org/reports/SITREP_MVE_088.pdf,,11,0,1,1,0,9.1,,,,,,,,,,,,,,,
2026-08-10,zone,Ituri,Ariwara,88,https://ebola-tracker.org/reports/SITREP_MVE_088.pdf,,7,0,1,2,0,28.6,,,,,,,,,,,,,,,
2026-08-10,zone,Ituri,Aru,88,https://ebola-tracker.org/reports/SITREP_MVE_088.pdf,,7,0,1,6,0,85.7,,,,,,,,,,,,,,,
2026-08-10,zone,Ituri,Aungba,88,https://ebola-tracker.org/reports/SITREP_MVE_088.pdf,,10,0,1,5,0,50.0,,,,,,,,,,,,,,,
2026-08-10,zone,Ituri,Bambu,88,https://ebola-tracker.org/reports/SITREP_MVE_088.pdf,,93,1,1,22,2,23.7,,,,,,,,,,,,,,,
2026-08-10,zone,Ituri,Boga,88,https://ebola-tracker.org/reports/SITREP_MVE_088.pdf,,1,0,1,1,0,100.0,,,,,,,,,,,,,,,
2026-08-10,zone,Ituri,Bunia,88,https://ebola-tracker.org/reports/SITREP_MVE_088.pdf,,1043,22,1,317,20,30.4,,,,,,,,,,,,,,,
2026-08-10,zone,Ituri,Damas,88,https://ebola-tracker.org/reports/SITREP_MVE_088.pdf,,18,0,1,8,0,44.4,,,,,,,,,,,,,,,
2026-08-10,zone,Ituri,Drodro,88,https://ebola-tracker.org/reports/SITREP_MVE_088.pdf,,12,0,1,6,0,50.0,,,,,,,,,,,,,,,
2026-08-10,zone,Ituri,Fataki,88,https://ebola-tracker.org/reports/SITREP_MVE_088.pdf,,55,1,1,29,5,52.7,,,,,,,,,,,,,,,
2026-08-10,zone,Ituri,Gethy,88,https://ebola-tracker.org/reports/SITREP_MVE_088.pdf,,2,0,1,1,0,50.0,,,,,,,,,,,,,,,
2026-08-10,zone,Ituri,Kambala,88,https://ebola-tracker.org/reports/SITREP_MVE_088.pdf,,2,0,1,0,0,0.0,,,,,,,,,,,,,,,
2026-08-10,zone,Ituri,Kilo,88,https://ebola-tracker.org/reports/SITREP_MVE_088.pdf,,29,0,1,11,0,37.9,,,,,,,,,,,,,,,
2026-08-10,zone,Ituri,Komanda,88,https://ebola-tracker.org/reports/SITREP_MVE_088.pdf,,42,0,1,29,0,69.0,,,,,,,,,,,,,,,
2026-08-10,zone,Ituri,Lita,88,https://ebola-tracker.org/reports/SITREP_MVE_088.pdf,,163,0,1,96,7,58.9,,,,,,,,,,,,,,,
2026-08-10,zone,Ituri,Logo,88,https://ebola-tracker.org/reports/SITREP_MVE_088.pdf,,11,0,1,5,0,45.5,,,,,,,,,,,,,,,
2026-08-10,zone,Ituri,Lolwa,88,https://ebola-tracker.org/reports/SITREP_MVE_088.pdf,,11,0,1,4,2,36.4,,,,,,,,,,,,,,,
2026-08-10,zone,Ituri,Mahagi,88,https://ebola-tracker.org/reports/SITREP_MVE_088.pdf,,4,0,1,1,0,25.0,,,,,,,,,,,,,,,
2026-08-10,zone,Ituri,Mambasa,88,https://ebola-tracker.org/reports/SITREP_MVE_088.pdf,,13,0,1,6,0,46.2,,,,,,,,,,,,,,,
2026-08-10,zone,Ituri,Mandima,88,https://ebola-tracker.org/reports/SITREP_MVE_088.pdf,,19,0,1,13,1,68.4,,,,,,,,,,,,,,,
2026-08-10,zone,Ituri,Mangala,88,https://ebola-tracker.org/reports/SITREP_MVE_088.pdf,,116,0,1,74,7,63.8,,,,,,,,,,,,,,,
2026-08-10,zone,Ituri,Mongbwalu,88,https://ebola-tracker.org/reports/SITREP_MVE_088.pdf,,576,10,1,280,8,48.6,,,,,,,,,,,,,,,
2026-08-10,zone,Ituri,Nia-Nia,88,https://ebola-tracker.org/reports/SITREP_MVE_088.pdf,,142,4,1,84,17,59.2,,,,,,,,,,,,,,,
2026-08-10,zone,Ituri,Nizi,88,https://ebola-tracker.org/reports/SITREP_MVE_088.pdf,,489,10,1,227,11,46.4,,,,,,,,,,,,,,,
2026-08-10,zone,Ituri,Nyankunde,88,https://ebola-tracker.org/reports/SITREP_MVE_088.pdf,,116,0,1,35,0,30.2,,,,,,,,,,,,,,,
2026-08-10,zone,Ituri,Rimba,88,https://ebola-tracker.org/reports/SITREP_MVE_088.pdf,,9,0,1,4,0,44.4,,,,,,,,,,,,,,,
2026-08-10,zone,Ituri,Rwampara,88,https://ebola-tracker.org/reports/SITREP_MVE_088.pdf,,765,5,1,303,12,39.6,,,,,,,,,,,,,,,
2026-08-10,zone,Ituri,Tchomia,88,https://ebola-tracker.org/reports/SITREP_MVE_088.pdf,,48,0,1,24,0,50.0,,,,,,,,,,,,,,,
2026-08-10,zone,Nord-Kivu,Beni,88,https://ebola-tracker.org/reports/SITREP_MVE_088.pdf,,78,2,1,60,11,76.9,,,,,,,,,,,,,,,
2026-08-10,zone,Nord-Kivu,Butembo,88,https://ebola-tracker.org/reports/SITREP_MVE_088.pdf,,103,2,1,85,14,82.5,,,,,,,,,,,,,,,
2026-08-10,zone,Nord-Kivu,Goma,88,https://ebola-tracker.org/reports/SITREP_MVE_088.pdf,,1,0,1,0,0,0.0,,,,,,,,,,,,,,,
2026-08-10,zone,Nord-Kivu,Kalunguta,88,https://ebola-tracker.org/reports/SITREP_MVE_088.pdf,,10,0,1,4,0,40.0,,,,,,,,,,,,,,,
2026-08-10,zone,Nord-Kivu,Katwa,88,https://ebola-tracker.org/reports/SITREP_MVE_088.pdf,,239,10,1,156,21,65.3,,,,,,,,,,,,,,,
2026-08-10,zone,Nord-Kivu,Kyondo,88,https://ebola-tracker.org/reports/SITREP_MVE_088.pdf,,13,0,1,10,0,76.9,,,,,,,,,,,,,,,
2026-08-10,zone,Nord-Kivu,Lubero,88,https://ebola-tracker.org/reports/SITREP_MVE_088.pdf,,1,0,1,1,0,100.0,,,,,,,,,,,,,,,
2026-08-10,zone,Nord-Kivu,Mabalako,88,https://ebola-tracker.org/reports/SITREP_MVE_088.pdf,,1,0,1,0,0,0.0,,,,,,,,,,,,,,,
2026-08-10,zone,Nord-Kivu,Masereka,88,https://ebola-tracker.org/reports/SITREP_MVE_088.pdf,,7,0,1,4,3,57.1,,,,,,,,,,,,,,,
2026-08-10,zone,Nord-Kivu,Musienene,88,https://ebola-tracker.org/reports/SITREP_MVE_088.pdf,,49,1,1,29,3,59.2,,,,,,,,,,,,,,,
2026-08-10,zone,Nord-Kivu,Oicha,88,https://ebola-tracker.org/reports/SITREP_MVE_088.pdf,,5,0,1,4,1,80.0,,,,,,,,,,,,,,,
2026-08-10,zone,Nord-Kivu,Vuhovi,88,https://ebola-tracker.org/reports/SITREP_MVE_088.pdf,,3,0,1,1,0,33.3,,,,,,,,,,,,,,,
2026-08-10,zone,Sud-Kivu,Miti-Murhesa,88,https://ebola-tracker.org/reports/SITREP_MVE_088.pdf,,3,0,1,1,0,33.3,,,,,,,,,,,,,,,
2026-08-10,zone,Tshopo,Bafwasende,88,https://ebola-tracker.org/reports/SITREP_MVE_088.pdf,,1,0,1,0,0,0.0,,,,,,,,,,,,,,,
2026-08-10,zone,Tshopo,Kabondo,88,https://ebola-tracker.org/reports/SITREP_MVE_088.pdf,,2,0,1,1,0,50.0,,,,,,,,,,,,,,,
2026-08-10,zone,Tshopo,Lubunga,88,https://ebola-tracker.org/reports/SITREP_MVE_088.pdf,,1,0,1,0,0,0.0,,,,,,,,,,,,,,,
2026-08-10,zone,Tshopo,Makiso-Kisangani,88,https://ebola-tracker.org/reports/SITREP_MVE_088.pdf,,3,0,1,3,0,100.0,,,,,,,,,,,,,,,
2026-08-10,zone,Tshopo,Mangobo,88,https://ebola-tracker.org/reports/SITREP_MVE_088.pdf,,1,0,1,1,0,100.0,,,,,,,,,,,,,,,
2026-08-10,zone,Tshopo,Wanie-Rukula,88,https://ebola-tracker.org/reports/SITREP_MVE_088.pdf,,1,0,1,0,0,0.0,,,,,,,,,,,,,,,
2026-08-11,pays,,,89,https://ebola-tracker.org/reports/SITREP_MVE_089.pdf,,4566,117,1,2128,67,46.6,918,50,17,1542,325,,139,,551,845,44.4,20728,17085,82.4,
2026-08-11,province,Haut-Uélé,,89,https://ebola-tracker.org/reports/SITREP_MVE_089.pdf,,115,2,1,51,3,44.3,,2,1,10,10,3,2,66.7,,,,,,,
2026-08-11,province,Ituri,,89,https://ebola-tracker.org/reports/SITREP_MVE_089.pdf,,3912,98,1,1702,49,43.5,,39,10,568,160,,119,,375,845,44.4,,,,
2026-08-11,province,Nord-Kivu,,89,https://ebola-tracker.org/reports/SITREP_MVE_089.pdf,,528,18,1,369,15,69.9,,9,6,934,149,,18,,176,,,,,60.7,
2026-08-11,province,Sud-Kivu,,89,https://ebola-tracker.org/reports/SITREP_MVE_089.pdf,,3,0,1,1,0,33.3,,0,0,0,0,,,,,,,,,,
2026-08-11,province,Tshopo,,89,https://ebola-tracker.org/reports/SITREP_MVE_089.pdf,,9,0,1,5,0,55.6,,0,0,30,6,,0,,,,,,,,
2026-08-11,zone,Haut-Uélé,Boma-Mangbetu,89,https://ebola-tracker.org/reports/SITREP_MVE_089.pdf,,20,-1,1,5,0,25.0,,,,,,,,,,,,,,,
2026-08-11,zone,Haut-Uélé,Gombari,89,https://ebola-tracker.org/reports/SITREP_MVE_089.pdf,,1,0,1,1,0,100.0,,,,,,,,,,,,,,,
2026-08-11,zone,Haut-Uélé,Isiro,89,https://ebola-tracker.org/reports/SITREP_MVE_089.pdf,,33,2,1,18,2,54.5,,,,,,,,,,,,,,,
2026-08-11,zone,Haut-Uélé,Pawa,89,https://ebola-tracker.org/reports/SITREP_MVE_089.pdf,,17,0,1,11,0,64.7,,,,,,,,,,,,,,,
2026-08-11,zone,Haut-Uélé,Rungu,89,https://ebola-tracker.org/reports/SITREP_MVE_089.pdf,,1,0,1,0,0,0.0,,,,,,,,,,,,,,,
2026-08-11,zone,Haut-Uélé,Wamba,89,https://ebola-tracker.org/reports/SITREP_MVE_089.pdf,,43,1,1,16,1,37.2,,,,,,,,,,,,,,,
2026-08-11,zone,Ituri,Adja,89,https://ebola-tracker.org/reports/SITREP_MVE_089.pdf,,11,0,1,1,0,9.1,,,,,,,,,,,,,,,
2026-08-11,zone,Ituri,Ariwara,89,https://ebola-tracker.org/reports/SITREP_MVE_089.pdf,,7,0,1,2,0,28.6,,,,,,,,,,,,,,,
2026-08-11,zone,Ituri,Aru,89,https://ebola-tracker.org/reports/SITREP_MVE_089.pdf,,7,0,1,6,0,85.7,,,,,,,,,,,,,,,
2026-08-11,zone,Ituri,Aungba,89,https://ebola-tracker.org/reports/SITREP_MVE_089.pdf,,10,0,1,5,0,50.0,,,,,,,,,,,,,,,
2026-08-11,zone,Ituri,Bambu,89,https://ebola-tracker.org/reports/SITREP_MVE_089.pdf,,93,0,1,22,0,23.7,,,,,,,,,,,,,,,
2026-08-11,zone,Ituri,Boga,89,https://ebola-tracker.org/reports/SITREP_MVE_089.pdf,,1,0,1,1,0,100.0,,,,,,,,,,,,,,,
2026-08-11,zone,Ituri,Bunia,89,https://ebola-tracker.org/reports/SITREP_MVE_089.pdf,,1072,29,1,329,12,30.7,,,,,,,,,,,,,,,
2026-08-11,zone,Ituri,Damas,89,https://ebola-tracker.org/reports/SITREP_MVE_089.pdf,,20,2,1,9,1,45.0,,,,,,,,,,,,,,,
2026-08-11,zone,Ituri,Drodro,89,https://ebola-tracker.org/reports/SITREP_MVE_089.pdf,,12,0,1,6,0,50.0,,,,,,,,,,,,,,,
2026-08-11,zone,Ituri,Fataki,89,https://ebola-tracker.org/reports/SITREP_MVE_089.pdf,,55,0,1,29,0,52.7,,,,,,,,,,,,,,,
2026-08-11,zone,Ituri,Gethy,89,https://ebola-tracker.org/reports/SITREP_MVE_089.pdf,,2,0,1,1,0,50.0,,,,,,,,,,,,,,,
2026-08-11,zone,Ituri,Kambala,89,https://ebola-tracker.org/reports/SITREP_MVE_089.pdf,,2,0,1,0,0,0.0,,,,,,,,,,,,,,,
2026-08-11,zone,Ituri,Kilo,89,https://ebola-tracker.org/reports/SITREP_MVE_089.pdf,,30,1,1,12,1,40.0,,,,,,,,,,,,,,,
2026-08-11,zone,Ituri,Komanda,89,https://ebola-tracker.org/reports/SITREP_MVE_089.pdf,,42,0,1,29,0,69.0,,,,,,,,,,,,,,,
2026-08-11,zone,Ituri,Lita,89,https://ebola-tracker.org/reports/SITREP_MVE_089.pdf,,169,6,1,97,1,57.4,,,,,,,,,,,,,,,
2026-08-11,zone,Ituri,Logo,89,https://ebola-tracker.org/reports/SITREP_MVE_089.pdf,,11,0,1,5,0,45.5,,,,,,,,,,,,,,,
2026-08-11,zone,Ituri,Lolwa,89,https://ebola-tracker.org/reports/SITREP_MVE_089.pdf,,11,0,1,4,0,36.4,,,,,,,,,,,,,,,
2026-08-11,zone,Ituri,Mahagi,89,https://ebola-tracker.org/reports/SITREP_MVE_089.pdf,,4,0,1,1,0,25.0,,,,,,,,,,,,,,,
2026-08-11,zone,Ituri,Mambasa,89,https://ebola-tracker.org/reports/SITREP_MVE_089.pdf,,13,0,1,6,0,46.2,,,,,,,,,,,,,,,
2026-08-11,zone,Ituri,Mandima,89,https://ebola-tracker.org/reports/SITREP_MVE_089.pdf,,19,0,1,13,0,68.4,,,,,,,,,,,,,,,
2026-08-11,zone,Ituri,Mangala,89,https://ebola-tracker.org/reports/SITREP_MVE_089.pdf,,120,4,1,76,2,63.3,,,,,,,,,,,,,,,
2026-08-11,zone,Ituri,Mongbwalu,89,https://ebola-tracker.org/reports/SITREP_MVE_089.pdf,,579,3,1,281,1,48.5,,,,,,,,,,,,,,,
2026-08-11,zone,Ituri,Nia-Nia,89,https://ebola-tracker.org/reports/SITREP_MVE_089.pdf,,146,4,1,87,3,59.6,,,,,,,,,,,,,,,
2026-08-11,zone,Ituri,Nizi,89,https://ebola-tracker.org/reports/SITREP_MVE_089.pdf,,502,13,1,231,4,46.0,,,,,,,,,,,,,,,
2026-08-11,zone,Ituri,Nyankunde,89,https://ebola-tracker.org/reports/SITREP_MVE_089.pdf,,117,1,1,35,0,29.9,,,,,,,,,,,,,,,
2026-08-11,zone,Ituri,Rimba,89,https://ebola-tracker.org/reports/SITREP_MVE_089.pdf,,9,0,1,4,0,44.4,,,,,,,,,,,,,,,
2026-08-11,zone,Ituri,Rwampara,89,https://ebola-tracker.org/reports/SITREP_MVE_089.pdf,,800,35,1,316,13,39.5,,,,,,,,,,,,,,,
2026-08-11,zone,Ituri,Tchomia,89,https://ebola-tracker.org/reports/SITREP_MVE_089.pdf,,48,0,1,24,0,50.0,,,,,,,,,,,,,,,
2026-08-11,zone,Nord-Kivu,Beni,89,https://ebola-tracker.org/reports/SITREP_MVE_089.pdf,,80,2,1,62,2,77.5,,,,,,,,,,,,,,,
2026-08-11,zone,Nord-Kivu,Butembo,89,https://ebola-tracker.org/reports/SITREP_MVE_089.pdf,,105,2,1,86,1,81.9,,,,,,,,,,,,,,,
2026-08-11,zone,Nord-Kivu,Goma,89,https://ebola-tracker.org/reports/SITREP_MVE_089.pdf,,1,0,1,0,0,0.0,,,,,,,,,,,,,,,
2026-08-11,zone,Nord-Kivu,Kalunguta,89,https://ebola-tracker.org/reports/SITREP_MVE_089.pdf,,10,0,1,4,0,40.0,,,,,,,,,,,,,,,
2026-08-11,zone,Nord-Kivu,Katwa,89,https://ebola-tracker.org/reports/SITREP_MVE_089.pdf,,249,10,1,166,10,66.7,,,,,,,,,,,,,,,
2026-08-11,zone,Nord-Kivu,Kyondo,89,https://ebola-tracker.org/reports/SITREP_MVE_089.pdf,,13,0,1,10,0,76.9,,,,,,,,,,,,,,,
2026-08-11,zone,Nord-Kivu,Lubero,89,https://ebola-tracker.org/reports/SITREP_MVE_089.pdf,,1,0,1,1,0,100.0,,,,,,,,,,,,,,,
2026-08-11,zone,Nord-Kivu,Mabalako,89,https://ebola-tracker.org/reports/SITREP_MVE_089.pdf,,1,0,1,0,0,0.0,,,,,,,,,,,,,,,
2026-08-11,zone,Nord-Kivu,Masereka,89,https://ebola-tracker.org/reports/SITREP_MVE_089.pdf,,7,0,1,4,0,57.1,,,,,,,,,,,,,,,
2026-08-11,zone,Nord-Kivu,Musienene,89,https://ebola-tracker.org/reports/SITREP_MVE_089.pdf,,53,4,1,31,2,58.5,,,,,,,,,,,,,,,
2026-08-11,zone,Nord-Kivu,Oicha,89,https://ebola-tracker.org/reports/SITREP_MVE_089.pdf,,5,0,1,4,0,80.0,,,,,,,,,,,,,,,
2026-08-11,zone,Nord-Kivu,Vuhovi,89,https://ebola-tracker.org/reports/SITREP_MVE_089.pdf,,3,0,1,1,0,33.3,,,,,,,,,,,,,,,
2026-08-11,zone,Sud-Kivu,Miti-Murhesa,89,https://ebola-tracker.org/reports/SITREP_MVE_089.pdf,,3,0,1,1,0,33.3,,,,,,,,,,,,,,,
2026-08-11,zone,Tshopo,Bafwasende,89,https://ebola-tracker.org/reports/SITREP_MVE_089.pdf,,1,0,1,0,0,0.0,,,,,,,,,,,,,,,
2026-08-11,zone,Tshopo,Kabondo,89,https://ebola-tracker.org/reports/SITREP_MVE_089.pdf,,2,0,1,1,0,50.0,,,,,,,,,,,,,,,
2026-08-11,zone,Tshopo,Lubunga,89,https://ebola-tracker.org/reports/SITREP_MVE_089.pdf,,1,0,1,0,0,0.0,,,,,,,,,,,,,,,
2026-08-11,zone,Tshopo,Makiso-Kisangani,89,https://ebola-tracker.org/reports/SITREP_MVE_089.pdf,,3,0,1,3,0,100.0,,,,,,,,,,,,,,,
2026-08-11,zone,Tshopo,Mangobo,89,https://ebola-tracker.org/reports/SITREP_MVE_089.pdf,,1,0,1,1,0,100.0,,,,,,,,,,,,,,,
2026-08-11,zone,Tshopo,Wanie-Rukula,89,https://ebola-tracker.org/reports/SITREP_MVE_089.pdf,,1,0,1,0,0,0.0,,,,,,,,,,,,,,,
2026-08-12,pays,,,90,https://ebola-tracker.org/reports/SITREP_MVE_090.pdf,,4665,99,1,2184,56,46.8,965,28,25,1531,328,,105,,676,1051,46.7,20740,17460,84.2,
2026-08-12,province,Bas-Uélé,,90,https://ebola-tracker.org/reports/SITREP_MVE_090.pdf,,1,,,1,,100.0,,1,0,,,,,,,,,,,,
2026-08-12,province,Haut-Uélé,,90,https://ebola-tracker.org/reports/SITREP_MVE_090.pdf,,119,4,1,55,4,46.2,,1,0,26,21,,,,53,78,67.9,,,69.7,
2026-08-12,province,Ituri,,90,https://ebola-tracker.org/reports/SITREP_MVE_090.pdf,,3979,67,1,1726,24,43.4,,9,15,568,162,249,80,32.1,438,973,45.0,,,,
2026-08-12,province,Nord-Kivu,,90,https://ebola-tracker.org/reports/SITREP_MVE_090.pdf,,553,25,1,395,26,71.4,,16,10,882,134,,25,,180,,,,,,
2026-08-12,province,Sud-Kivu,,90,https://ebola-tracker.org/reports/SITREP_MVE_090.pdf,,3,0,1,1,0,33.3,,0,0,15,3,,,,,,,,,,
2026-08-12,province,Tshopo,,90,https://ebola-tracker.org/reports/SITREP_MVE_090.pdf,,10,1,1,6,1,60.0,,1,0,40,8,,,,5,,41.7,,,,
2026-08-12,zone,Bas-Uélé,Buta,90,https://ebola-tracker.org/reports/SITREP_MVE_090.pdf,,1,,,1,,100.0,,,,,,,,,,,,,,,
2026-08-12,zone,Haut-Uélé,Boma-Mangbetu,90,https://ebola-tracker.org/reports/SITREP_MVE_090.pdf,,22,2,1,5,0,22.7,,,,,,,,,,,,,,,
2026-08-12,zone,Haut-Uélé,Gombari,90,https://ebola-tracker.org/reports/SITREP_MVE_090.pdf,,1,0,1,1,0,100.0,,,,,,,,,,,,,,,
2026-08-12,zone,Haut-Uélé,Isiro,90,https://ebola-tracker.org/reports/SITREP_MVE_090.pdf,,37,4,1,19,1,51.4,,,,,,,,,,,,,,,
2026-08-12,zone,Haut-Uélé,Pawa,90,https://ebola-tracker.org/reports/SITREP_MVE_090.pdf,,17,0,1,14,3,82.4,,,,,,,,,,,,,,,
2026-08-12,zone,Haut-Uélé,Rungu,90,https://ebola-tracker.org/reports/SITREP_MVE_090.pdf,,1,0,1,0,0,0.0,,,,,,,,,,,,,,,
2026-08-12,zone,Haut-Uélé,Wamba,90,https://ebola-tracker.org/reports/SITREP_MVE_090.pdf,,41,-2,1,16,0,39.0,,,,,,,,,,,,,,,
2026-08-12,zone,Ituri,Adja,90,https://ebola-tracker.org/reports/SITREP_MVE_090.pdf,,11,0,1,1,0,9.1,,,,,,,,,,,,,,,
2026-08-12,zone,Ituri,Ariwara,90,https://ebola-tracker.org/reports/SITREP_MVE_090.pdf,,7,0,1,2,0,28.6,,,,,,,,,,,,,,,
2026-08-12,zone,Ituri,Aru,90,https://ebola-tracker.org/reports/SITREP_MVE_090.pdf,,7,0,1,6,0,85.7,,,,,,,,,,,,,,,
2026-08-12,zone,Ituri,Aungba,90,https://ebola-tracker.org/reports/SITREP_MVE_090.pdf,,10,0,1,5,0,50.0,,,,,,,,,,,,,,,
2026-08-12,zone,Ituri,Bambu,90,https://ebola-tracker.org/reports/SITREP_MVE_090.pdf,,93,0,1,22,0,23.7,,,,,,,,,,,,,,,
2026-08-12,zone,Ituri,Boga,90,https://ebola-tracker.org/reports/SITREP_MVE_090.pdf,,1,0,1,1,0,100.0,,,,,,,,,,,,,,,
2026-08-12,zone,Ituri,Bunia,90,https://ebola-tracker.org/reports/SITREP_MVE_090.pdf,,1095,23,1,333,4,30.4,,,,,,,,,,,,,,,
2026-08-12,zone,Ituri,Damas,90,https://ebola-tracker.org/reports/SITREP_MVE_090.pdf,,21,1,1,9,0,42.9,,,,,,,,,,,,,,,
2026-08-12,zone,Ituri,Drodro,90,https://ebola-tracker.org/reports/SITREP_MVE_090.pdf,,13,1,1,6,0,46.2,,,,,,,,,,,,,,,
2026-08-12,zone,Ituri,Fataki,90,https://ebola-tracker.org/reports/SITREP_MVE_090.pdf,,59,4,1,30,1,50.8,,,,,,,,,,,,,,,
2026-08-12,zone,Ituri,Gethy,90,https://ebola-tracker.org/reports/SITREP_MVE_090.pdf,,2,0,1,1,0,50.0,,,,,,,,,,,,,,,
2026-08-12,zone,Ituri,Kambala,90,https://ebola-tracker.org/reports/SITREP_MVE_090.pdf,,2,0,1,0,0,0.0,,,,,,,,,,,,,,,
2026-08-12,zone,Ituri,Kilo,90,https://ebola-tracker.org/reports/SITREP_MVE_090.pdf,,30,0,1,12,0,40.0,,,,,,,,,,,,,,,
2026-08-12,zone,Ituri,Komanda,90,https://ebola-tracker.org/reports/SITREP_MVE_090.pdf,,42,0,1,29,0,69.0,,,,,,,,,,,,,,,
2026-08-12,zone,Ituri,Lita,90,https://ebola-tracker.org/reports/SITREP_MVE_090.pdf,,169,0,1,97,0,57.4,,,,,,,,,,,,,,,
2026-08-12,zone,Ituri,Logo,90,https://ebola-tracker.org/reports/SITREP_MVE_090.pdf,,11,0,1,5,0,45.5,,,,,,,,,,,,,,,
2026-08-12,zone,Ituri,Lolwa,90,https://ebola-tracker.org/reports/SITREP_MVE_090.pdf,,14,3,1,4,0,28.6,,,,,,,,,,,,,,,
2026-08-12,zone,Ituri,Mahagi,90,https://ebola-tracker.org/reports/SITREP_MVE_090.pdf,,4,0,1,1,0,25.0,,,,,,,,,,,,,,,
2026-08-12,zone,Ituri,Mambasa,90,https://ebola-tracker.org/reports/SITREP_MVE_090.pdf,,13,0,1,6,0,46.2,,,,,,,,,,,,,,,
2026-08-12,zone,Ituri,Mandima,90,https://ebola-tracker.org/reports/SITREP_MVE_090.pdf,,19,0,1,13,0,68.4,,,,,,,,,,,,,,,
2026-08-12,zone,Ituri,Mangala,90,https://ebola-tracker.org/reports/SITREP_MVE_090.pdf,,122,2,1,76,0,62.3,,,,,,,,,,,,,,,
2026-08-12,zone,Ituri,Mongbwalu,90,https://ebola-tracker.org/reports/SITREP_MVE_090.pdf,,581,2,1,282,1,48.5,,,,,,,,,,,,,,,
2026-08-12,zone,Ituri,Nia-Nia,90,https://ebola-tracker.org/reports/SITREP_MVE_090.pdf,,151,5,1,88,1,58.3,,,,,,,,,,,,,,,
2026-08-12,zone,Ituri,Nizi,90,https://ebola-tracker.org/reports/SITREP_MVE_090.pdf,,509,7,1,231,0,45.4,,,,,,,,,,,,,,,
2026-08-12,zone,Ituri,Nyankunde,90,https://ebola-tracker.org/reports/SITREP_MVE_090.pdf,,118,1,1,35,0,29.7,,,,,,,,,,,,,,,
2026-08-12,zone,Ituri,Rimba,90,https://ebola-tracker.org/reports/SITREP_MVE_090.pdf,,9,0,1,4,0,44.4,,,,,,,,,,,,,,,
2026-08-12,zone,Ituri,Rwampara,90,https://ebola-tracker.org/reports/SITREP_MVE_090.pdf,,818,18,1,319,3,39.0,,,,,,,,,,,,,,,
2026-08-12,zone,Ituri,Tchomia,90,https://ebola-tracker.org/reports/SITREP_MVE_090.pdf,,48,0,1,24,0,50.0,,,,,,,,,,,,,,,
2026-08-12,zone,Nord-Kivu,Beni,90,https://ebola-tracker.org/reports/SITREP_MVE_090.pdf,,85,5,1,65,3,76.5,,,,,,,,,,,,,,,
2026-08-12,zone,Nord-Kivu,Butembo,90,https://ebola-tracker.org/reports/SITREP_MVE_090.pdf,,107,2,1,91,5,85.0,,,,,,,,,,,,,,,
2026-08-12,zone,Nord-Kivu,Goma,90,https://ebola-tracker.org/reports/SITREP_MVE_090.pdf,,1,0,1,0,0,0.0,,,,,,,,,,,,,,,
2026-08-12,zone,Nord-Kivu,Kalunguta,90,https://ebola-tracker.org/reports/SITREP_MVE_090.pdf,,10,0,1,4,0,40.0,,,,,,,,,,,,,,,
2026-08-12,zone,Nord-Kivu,Katwa,90,https://ebola-tracker.org/reports/SITREP_MVE_090.pdf,,262,13,1,180,14,68.7,,,,,,,,,,,,,,,
2026-08-12,zone,Nord-Kivu,Kyondo,90,https://ebola-tracker.org/reports/SITREP_MVE_090.pdf,,14,1,1,12,2,85.7,,,,,,,,,,,,,,,
2026-08-12,zone,Nord-Kivu,Lubero,90,https://ebola-tracker.org/reports/SITREP_MVE_090.pdf,,1,0,1,1,0,100.0,,,,,,,,,,,,,,,
2026-08-12,zone,Nord-Kivu,Mabalako,90,https://ebola-tracker.org/reports/SITREP_MVE_090.pdf,,2,1,1,1,1,50.0,,,,,,,,,,,,,,,
2026-08-12,zone,Nord-Kivu,Masereka,90,https://ebola-tracker.org/reports/SITREP_MVE_090.pdf,,7,0,1,4,0,57.1,,,,,,,,,,,,,,,
2026-08-12,zone,Nord-Kivu,Musienene,90,https://ebola-tracker.org/reports/SITREP_MVE_090.pdf,,55,2,1,32,1,58.2,,,,,,,,,,,,,,,
2026-08-12,zone,Nord-Kivu,Oicha,90,https://ebola-tracker.org/reports/SITREP_MVE_090.pdf,,5,0,1,4,0,80.0,,,,,,,,,,,,,,,
2026-08-12,zone,Nord-Kivu,Vuhovi,90,https://ebola-tracker.org/reports/SITREP_MVE_090.pdf,,4,1,1,1,0,25.0,,,,,,,,,,,,,,,
2026-08-12,zone,Sud-Kivu,Miti-Murhesa,90,https://ebola-tracker.org/reports/SITREP_MVE_090.pdf,,3,0,1,1,0,33.3,,,,,,,,,,,,,,,
2026-08-12,zone,Tshopo,Bafwasende,90,https://ebola-tracker.org/reports/SITREP_MVE_090.pdf,,1,0,1,0,0,0.0,,,,,,,,,,,,,,,
2026-08-12,zone,Tshopo,Kabondo,90,https://ebola-tracker.org/reports/SITREP_MVE_090.pdf,,3,1,1,2,1,66.7,,,,,,,,,,,,,,,
2026-08-12,zone,Tshopo,Lubunga,90,https://ebola-tracker.org/reports/SITREP_MVE_090.pdf,,1,0,1,0,0,0.0,,,,,,,,,,,,,,,
2026-08-12,zone,Tshopo,Makiso-Kisangani,90,https://ebola-tracker.org/reports/SITREP_MVE_090.pdf,,3,0,1,3,0,100.0,,,,,,,,,,,,,,,
2026-08-12,zone,Tshopo,Mangobo,90,https://ebola-tracker.org/reports/SITREP_MVE_090.pdf,,1,0,1,1,0,100.0,,,,,,,,,,,,,,,
2026-08-12,zone,Tshopo,Wanie-Rukula,90,https://ebola-tracker.org/reports/SITREP_MVE_090.pdf,,1,0,1,0,0,0.0,,,,,,,,,,,,,,,
2026-08-13,pays,,,91,https://ebola-tracker.org/reports/SITREP_MVE_091.pdf,,4727,62,1,2214,30,46.8,976,14,16,1679,330,,73,,743,1275,57.6,21926,18113,82.6,
2026-08-13,province,Bas-Uélé,,91,https://ebola-tracker.org/reports/SITREP_MVE_091.pdf,,1,0,1,1,0,100.0,,0,0,0,0,,,,,,,,,,
2026-08-13,province,Haut-Uélé,,91,https://ebola-tracker.org/reports/SITREP_MVE_091.pdf,,123,4,1,57,2,46.3,,0,2,5,5,,,,56,84,66.7,,,69.7,
2026-08-13,province,Ituri,,91,https://ebola-tracker.org/reports/SITREP_MVE_091.pdf,,4020,41,1,1745,19,43.4,,5,14,623,173,284,57,20.1,528,985,53.6,,,,
2026-08-13,province,Nord-Kivu,,91,https://ebola-tracker.org/reports/SITREP_MVE_091.pdf,,569,16,1,404,9,71.0,,9,0,1043,151,,16,,151,206,73.3,,,,
2026-08-13,province,Sud-Kivu,,91,https://ebola-tracker.org/reports/SITREP_MVE_091.pdf,,3,0,1,1,0,33.3,,0,0,8,1,,0,,,,,,,,
2026-08-13,province,Tshopo,,91,https://ebola-tracker.org/reports/SITREP_MVE_091.pdf,,11,1,1,6,0,54.5,,0,0,0,0,,,,8,,66.7,,,,
2026-08-13,zone,Bas-Uélé,Buta,91,https://ebola-tracker.org/reports/SITREP_MVE_091.pdf,,1,0,1,1,0,100.0,,,,,,,,,,,,,,,
2026-08-13,zone,Haut-Uélé,Boma-Mangbetu,91,https://ebola-tracker.org/reports/SITREP_MVE_091.pdf,,22,0,1,6,1,27.3,,,,,,,,,,,,,,,
2026-08-13,zone,Haut-Uélé,Gombari,91,https://ebola-tracker.org/reports/SITREP_MVE_091.pdf,,1,0,1,1,0,100.0,,,,,,,,,,,,,,,
2026-08-13,zone,Haut-Uélé,Isiro,91,https://ebola-tracker.org/reports/SITREP_MVE_091.pdf,,39,2,1,19,0,48.7,,,,,,,,,,,,,,,
2026-08-13,zone,Haut-Uélé,Pawa,91,https://ebola-tracker.org/reports/SITREP_MVE_091.pdf,,19,2,1,14,0,73.7,,,,,,,,,,,,,,,
2026-08-13,zone,Haut-Uélé,Rungu,91,https://ebola-tracker.org/reports/SITREP_MVE_091.pdf,,1,0,1,0,0,0.0,,,,,,,,,,,,,,,
2026-08-13,zone,Haut-Uélé,Wamba,91,https://ebola-tracker.org/reports/SITREP_MVE_091.pdf,,41,0,1,17,1,41.5,,,,,,,,,,,,,,,
2026-08-13,zone,Ituri,Adja,91,https://ebola-tracker.org/reports/SITREP_MVE_091.pdf,,11,0,1,1,0,9.1,,,,,,,,,,,,,,,
2026-08-13,zone,Ituri,Ariwara,91,https://ebola-tracker.org/reports/SITREP_MVE_091.pdf,,7,0,1,2,0,28.6,,,,,,,,,,,,,,,
2026-08-13,zone,Ituri,Aru,91,https://ebola-tracker.org/reports/SITREP_MVE_091.pdf,,7,0,1,6,0,85.7,,,,,,,,,,,,,,,
2026-08-13,zone,Ituri,Aungba,91,https://ebola-tracker.org/reports/SITREP_MVE_091.pdf,,10,0,1,5,0,50.0,,,,,,,,,,,,,,,
2026-08-13,zone,Ituri,Bambu,91,https://ebola-tracker.org/reports/SITREP_MVE_091.pdf,,104,11,1,22,0,21.2,,,,,,,,,,,,,,,
2026-08-13,zone,Ituri,Boga,91,https://ebola-tracker.org/reports/SITREP_MVE_091.pdf,,1,0,1,1,0,100.0,,,,,,,,,,,,,,,
2026-08-13,zone,Ituri,Bunia,91,https://ebola-tracker.org/reports/SITREP_MVE_091.pdf,,1100,5,1,333,0,30.3,,,,,,,,,,,,,,,
2026-08-13,zone,Ituri,Damas,91,https://ebola-tracker.org/reports/SITREP_MVE_091.pdf,,21,0,1,9,0,42.9,,,,,,,,,,,,,,,
2026-08-13,zone,Ituri,Drodro,91,https://ebola-tracker.org/reports/SITREP_MVE_091.pdf,,13,0,1,6,0,46.2,,,,,,,,,,,,,,,
2026-08-13,zone,Ituri,Fataki,91,https://ebola-tracker.org/reports/SITREP_MVE_091.pdf,,62,3,1,30,0,48.4,,,,,,,,,,,,,,,
2026-08-13,zone,Ituri,Gethy,91,https://ebola-tracker.org/reports/SITREP_MVE_091.pdf,,2,0,1,1,0,50.0,,,,,,,,,,,,,,,
2026-08-13,zone,Ituri,Kambala,91,https://ebola-tracker.org/reports/SITREP_MVE_091.pdf,,2,0,1,0,0,0.0,,,,,,,,,,,,,,,
2026-08-13,zone,Ituri,Kilo,91,https://ebola-tracker.org/reports/SITREP_MVE_091.pdf,,31,1,1,12,0,38.7,,,,,,,,,,,,,,,
2026-08-13,zone,Ituri,Komanda,91,https://ebola-tracker.org/reports/SITREP_MVE_091.pdf,,43,1,1,29,0,67.4,,,,,,,,,,,,,,,
2026-08-13,zone,Ituri,Lita,91,https://ebola-tracker.org/reports/SITREP_MVE_091.pdf,,169,0,1,97,0,57.4,,,,,,,,,,,,,,,
2026-08-13,zone,Ituri,Logo,91,https://ebola-tracker.org/reports/SITREP_MVE_091.pdf,,11,0,1,5,0,45.5,,,,,,,,,,,,,,,
2026-08-13,zone,Ituri,Lolwa,91,https://ebola-tracker.org/reports/SITREP_MVE_091.pdf,,14,0,1,4,0,28.6,,,,,,,,,,,,,,,
2026-08-13,zone,Ituri,Mahagi,91,https://ebola-tracker.org/reports/SITREP_MVE_091.pdf,,4,0,1,1,0,25.0,,,,,,,,,,,,,,,
2026-08-13,zone,Ituri,Mambasa,91,https://ebola-tracker.org/reports/SITREP_MVE_091.pdf,,13,0,1,6,0,46.2,,,,,,,,,,,,,,,
2026-08-13,zone,Ituri,Mandima,91,https://ebola-tracker.org/reports/SITREP_MVE_091.pdf,,22,3,1,13,0,59.1,,,,,,,,,,,,,,,
2026-08-13,zone,Ituri,Mangala,91,https://ebola-tracker.org/reports/SITREP_MVE_091.pdf,,122,0,1,76,0,62.3,,,,,,,,,,,,,,,
2026-08-13,zone,Ituri,Mongbwalu,91,https://ebola-tracker.org/reports/SITREP_MVE_091.pdf,,581,0,1,282,0,48.5,,,,,,,,,,,,,,,
2026-08-13,zone,Ituri,Nia-Nia,91,https://ebola-tracker.org/reports/SITREP_MVE_091.pdf,,156,5,1,92,4,59.0,,,,,,,,,,,,,,,
2026-08-13,zone,Ituri,Nizi,91,https://ebola-tracker.org/reports/SITREP_MVE_091.pdf,,513,4,1,231,0,45.0,,,,,,,,,,,,,,,
2026-08-13,zone,Ituri,Nyankunde,91,https://ebola-tracker.org/reports/SITREP_MVE_091.pdf,,120,2,1,35,0,29.2,,,,,,,,,,,,,,,
2026-08-13,zone,Ituri,Rimba,91,https://ebola-tracker.org/reports/SITREP_MVE_091.pdf,,9,0,1,4,0,44.4,,,,,,,,,,,,,,,
2026-08-13,zone,Ituri,Rwampara,91,https://ebola-tracker.org/reports/SITREP_MVE_091.pdf,,823,5,1,319,0,38.8,,,,,,,,,,,,,,,
2026-08-13,zone,Ituri,Tchomia,91,https://ebola-tracker.org/reports/SITREP_MVE_091.pdf,,49,1,1,25,1,51.0,,,,,,,,,,,,,,,
2026-08-13,zone,Nord-Kivu,Beni,91,https://ebola-tracker.org/reports/SITREP_MVE_091.pdf,,86,1,1,65,0,75.6,,,,,,,,,,,,,,,
2026-08-13,zone,Nord-Kivu,Butembo,91,https://ebola-tracker.org/reports/SITREP_MVE_091.pdf,,108,1,1,91,0,84.3,,,,,,,,,,,,,,,
2026-08-13,zone,Nord-Kivu,Goma,91,https://ebola-tracker.org/reports/SITREP_MVE_091.pdf,,1,0,1,0,0,0.0,,,,,,,,,,,,,,,
2026-08-13,zone,Nord-Kivu,Kalunguta,91,https://ebola-tracker.org/reports/SITREP_MVE_091.pdf,,11,1,1,5,1,45.5,,,,,,,,,,,,,,,
2026-08-13,zone,Nord-Kivu,Katwa,91,https://ebola-tracker.org/reports/SITREP_MVE_091.pdf,,274,12,1,188,8,68.6,,,,,,,,,,,,,,,
2026-08-13,zone,Nord-Kivu,Kyondo,91,https://ebola-tracker.org/reports/SITREP_MVE_091.pdf,,14,0,1,12,0,85.7,,,,,,,,,,,,,,,
2026-08-13,zone,Nord-Kivu,Lubero,91,https://ebola-tracker.org/reports/SITREP_MVE_091.pdf,,1,0,1,1,0,100.0,,,,,,,,,,,,,,,
2026-08-13,zone,Nord-Kivu,Mabalako,91,https://ebola-tracker.org/reports/SITREP_MVE_091.pdf,,2,0,1,1,0,50.0,,,,,,,,,,,,,,,
2026-08-13,zone,Nord-Kivu,Masereka,91,https://ebola-tracker.org/reports/SITREP_MVE_091.pdf,,7,0,1,4,0,57.1,,,,,,,,,,,,,,,
2026-08-13,zone,Nord-Kivu,Musienene,91,https://ebola-tracker.org/reports/SITREP_MVE_091.pdf,,56,1,1,32,0,57.1,,,,,,,,,,,,,,,
2026-08-13,zone,Nord-Kivu,Oicha,91,https://ebola-tracker.org/reports/SITREP_MVE_091.pdf,,5,0,1,4,0,80.0,,,,,,,,,,,,,,,
2026-08-13,zone,Nord-Kivu,Vuhovi,91,https://ebola-tracker.org/reports/SITREP_MVE_091.pdf,,4,0,1,1,0,25.0,,,,,,,,,,,,,,,
2026-08-13,zone,Sud-Kivu,Miti-Murhesa,91,https://ebola-tracker.org/reports/SITREP_MVE_091.pdf,,3,0,1,1,0,33.3,,,,,,,,,,,,,,,
2026-08-13,zone,Tshopo,Bafwasende,91,https://ebola-tracker.org/reports/SITREP_MVE_091.pdf,,1,0,1,0,0,0.0,,,,,,,,,,,,,,,
2026-08-13,zone,Tshopo,Kabondo,91,https://ebola-tracker.org/reports/SITREP_MVE_091.pdf,,3,0,1,2,0,66.7,,,,,,,,,,,,,,,
2026-08-13,zone,Tshopo,Lubunga,91,https://ebola-tracker.org/reports/SITREP_MVE_091.pdf,,1,0,1,0,0,0.0,,,,,,,,,,,,,,,
2026-08-13,zone,Tshopo,Makiso-Kisangani,91,https://ebola-tracker.org/reports/SITREP_MVE_091.pdf,,3,0,1,3,0,100.0,,,,,,,,,,,,,,,
2026-08-13,zone,Tshopo,Mangobo,91,https://ebola-tracker.org/reports/SITREP_MVE_091.pdf,,1,0,1,1,0,100.0,,,,,,,,,,,,,,,
2026-08-13,zone,Tshopo,Tshopo,91,https://ebola-tracker.org/reports/SITREP_MVE_091.pdf,,1,,,0,,0.0,,,,,,,,,,,,,,,
2026-08-13,zone,Tshopo,Wanie-Rukula,91,https://ebola-tracker.org/reports/SITREP_MVE_091.pdf,,1,0,1,0,0,0.0,,,,,,,,,,,,,,,
2026-08-14,pays,,,92,https://ebola-tracker.org/reports/SITREP_MVE_092.pdf,,4843,116,1,2272,58,46.9,1006,38,20,1699,403,,,,771,1281,60.2,16802,13987,83.2,
2026-08-14,province,Bas-Uélé,,92,https://ebola-tracker.org/reports/SITREP_MVE_092.pdf,,1,0,1,1,0,100.0,,0,0,0,0,,,,,,,,,,
2026-08-14,province,Haut-Uélé,,92,https://ebola-tracker.org/reports/SITREP_MVE_092.pdf,,135,12,1,62,5,45.9,,2,3,31,9,,,,61,84,72.6,,,61.6,
2026-08-14,province,Ituri,,92,https://ebola-tracker.org/reports/SITREP_MVE_092.pdf,,4105,85,1,1791,46,43.6,,31,15,642,226,336,93,27.7,545,991,55.0,,,,
2026-08-14,province,Nord-Kivu,,92,https://ebola-tracker.org/reports/SITREP_MVE_092.pdf,,588,19,1,411,7,69.9,,5,2,990,167,,19,,165,206,80.1,,,,
2026-08-14,province,Sud-Kivu,,92,https://ebola-tracker.org/reports/SITREP_MVE_092.pdf,,3,0,1,1,0,33.3,,0,0,36,1,1,,,,,,,,,
2026-08-14,province,Tshopo,,92,https://ebola-tracker.org/reports/SITREP_MVE_092.pdf,,11,0,1,6,0,54.5,,0,0,0,0,,,,,,,,,,
2026-08-14,zone,Bas-Uélé,Buta,92,https://ebola-tracker.org/reports/SITREP_MVE_092.pdf,,1,0,1,1,0,100.0,,,,,,,,,,,,,,,
2026-08-14,zone,Haut-Uélé,Boma-Mangbetu,92,https://ebola-tracker.org/reports/SITREP_MVE_092.pdf,,22,0,1,8,2,36.4,,,,,,,,,,,,,,,
2026-08-14,zone,Haut-Uélé,Gombari,92,https://ebola-tracker.org/reports/SITREP_MVE_092.pdf,,1,0,1,1,0,100.0,,,,,,,,,,,,,,,
2026-08-14,zone,Haut-Uélé,Isiro,92,https://ebola-tracker.org/reports/SITREP_MVE_092.pdf,,39,0,1,19,0,48.7,,,,,,,,,,,,,,,
2026-08-14,zone,Haut-Uélé,Pawa,92,https://ebola-tracker.org/reports/SITREP_MVE_092.pdf,,19,0,1,14,0,73.7,,,,,,,,,,,,,,,
2026-08-14,zone,Haut-Uélé,Rungu,92,https://ebola-tracker.org/reports/SITREP_MVE_092.pdf,,1,0,1,0,0,0.0,,,,,,,,,,,,,,,
2026-08-14,zone,Haut-Uélé,Wamba,92,https://ebola-tracker.org/reports/SITREP_MVE_092.pdf,,53,12,1,20,3,37.7,,,,,,,,,,,,,,,
2026-08-14,zone,Ituri,Adja,92,https://ebola-tracker.org/reports/SITREP_MVE_092.pdf,,11,0,1,1,0,9.1,,,,,,,,,,,,,,,
2026-08-14,zone,Ituri,Ariwara,92,https://ebola-tracker.org/reports/SITREP_MVE_092.pdf,,7,0,1,2,0,28.6,,,,,,,,,,,,,,,
2026-08-14,zone,Ituri,Aru,92,https://ebola-tracker.org/reports/SITREP_MVE_092.pdf,,7,0,1,6,0,85.7,,,,,,,,,,,,,,,
2026-08-14,zone,Ituri,Aungba,92,https://ebola-tracker.org/reports/SITREP_MVE_092.pdf,,11,1,1,5,0,45.5,,,,,,,,,,,,,,,
2026-08-14,zone,Ituri,Bambu,92,https://ebola-tracker.org/reports/SITREP_MVE_092.pdf,,109,5,1,25,3,22.9,,,,,,,,,,,,,,,
2026-08-14,zone,Ituri,Boga,92,https://ebola-tracker.org/reports/SITREP_MVE_092.pdf,,1,0,1,1,0,100.0,,,,,,,,,,,,,,,
2026-08-14,zone,Ituri,Bunia,92,https://ebola-tracker.org/reports/SITREP_MVE_092.pdf,,1116,16,1,338,5,30.3,,,,,,,,,,,,,,,
2026-08-14,zone,Ituri,Damas,92,https://ebola-tracker.org/reports/SITREP_MVE_092.pdf,,23,2,1,9,0,39.1,,,,,,,,,,,,,,,
2026-08-14,zone,Ituri,Drodro,92,https://ebola-tracker.org/reports/SITREP_MVE_092.pdf,,13,0,1,6,0,46.2,,,,,,,,,,,,,,,
2026-08-14,zone,Ituri,Fataki,92,https://ebola-tracker.org/reports/SITREP_MVE_092.pdf,,63,1,1,30,0,47.6,,,,,,,,,,,,,,,
2026-08-14,zone,Ituri,Gethy,92,https://ebola-tracker.org/reports/SITREP_MVE_092.pdf,,4,2,1,1,0,25.0,,,,,,,,,,,,,,,
2026-08-14,zone,Ituri,Kambala,92,https://ebola-tracker.org/reports/SITREP_MVE_092.pdf,,2,0,1,0,0,0.0,,,,,,,,,,,,,,,
2026-08-14,zone,Ituri,Kilo,92,https://ebola-tracker.org/reports/SITREP_MVE_092.pdf,,31,0,1,12,0,38.7,,,,,,,,,,,,,,,
2026-08-14,zone,Ituri,Komanda,92,https://ebola-tracker.org/reports/SITREP_MVE_092.pdf,,45,2,1,31,2,68.9,,,,,,,,,,,,,,,
2026-08-14,zone,Ituri,Lita,92,https://ebola-tracker.org/reports/SITREP_MVE_092.pdf,,172,3,1,97,0,56.4,,,,,,,,,,,,,,,
2026-08-14,zone,Ituri,Logo,92,https://ebola-tracker.org/reports/SITREP_MVE_092.pdf,,11,0,1,5,0,45.5,,,,,,,,,,,,,,,
2026-08-14,zone,Ituri,Lolwa,92,https://ebola-tracker.org/reports/SITREP_MVE_092.pdf,,14,0,1,4,0,28.6,,,,,,,,,,,,,,,
2026-08-14,zone,Ituri,Mahagi,92,https://ebola-tracker.org/reports/SITREP_MVE_092.pdf,,4,0,1,1,0,25.0,,,,,,,,,,,,,,,
2026-08-14,zone,Ituri,Mambasa,92,https://ebola-tracker.org/reports/SITREP_MVE_092.pdf,,13,0,1,6,0,46.2,,,,,,,,,,,,,,,
2026-08-14,zone,Ituri,Mandima,92,https://ebola-tracker.org/reports/SITREP_MVE_092.pdf,,22,0,1,13,0,59.1,,,,,,,,,,,,,,,
2026-08-14,zone,Ituri,Mangala,92,https://ebola-tracker.org/reports/SITREP_MVE_092.pdf,,141,19,1,83,7,58.9,,,,,,,,,,,,,,,
2026-08-14,zone,Ituri,Mongbwalu,92,https://ebola-tracker.org/reports/SITREP_MVE_092.pdf,,584,3,1,282,0,48.3,,,,,,,,,,,,,,,
2026-08-14,zone,Ituri,Nia-Nia,92,https://ebola-tracker.org/reports/SITREP_MVE_092.pdf,,161,5,1,96,4,59.6,,,,,,,,,,,,,,,
2026-08-14,zone,Ituri,Nizi,92,https://ebola-tracker.org/reports/SITREP_MVE_092.pdf,,524,11,1,236,5,45.0,,,,,,,,,,,,,,,
2026-08-14,zone,Ituri,Nyankunde,92,https://ebola-tracker.org/reports/SITREP_MVE_092.pdf,,120,0,1,35,0,29.2,,,,,,,,,,,,,,,
2026-08-14,zone,Ituri,Rimba,92,https://ebola-tracker.org/reports/SITREP_MVE_092.pdf,,9,0,1,4,0,44.4,,,,,,,,,,,,,,,
2026-08-14,zone,Ituri,Rwampara,92,https://ebola-tracker.org/reports/SITREP_MVE_092.pdf,,838,15,1,324,5,38.7,,,,,,,,,,,,,,,
2026-08-14,zone,Ituri,Tchomia,92,https://ebola-tracker.org/reports/SITREP_MVE_092.pdf,,49,0,1,25,0,51.0,,,,,,,,,,,,,,,
2026-08-14,zone,Nord-Kivu,Beni,92,https://ebola-tracker.org/reports/SITREP_MVE_092.pdf,,90,4,1,66,1,73.3,,,,,,,,,,,,,,,
2026-08-14,zone,Nord-Kivu,Butembo,92,https://ebola-tracker.org/reports/SITREP_MVE_092.pdf,,110,2,1,91,0,82.7,,,,,,,,,,,,,,,
2026-08-14,zone,Nord-Kivu,Goma,92,https://ebola-tracker.org/reports/SITREP_MVE_092.pdf,,1,0,1,0,0,0.0,,,,,,,,,,,,,,,
2026-08-14,zone,Nord-Kivu,Kalunguta,92,https://ebola-tracker.org/reports/SITREP_MVE_092.pdf,,12,1,1,5,0,41.7,,,,,,,,,,,,,,,
2026-08-14,zone,Nord-Kivu,Katwa,92,https://ebola-tracker.org/reports/SITREP_MVE_092.pdf,,280,6,1,190,2,67.9,,,,,,,,,,,,,,,
2026-08-14,zone,Nord-Kivu,Kyondo,92,https://ebola-tracker.org/reports/SITREP_MVE_092.pdf,,15,1,1,12,0,80.0,,,,,,,,,,,,,,,
2026-08-14,zone,Nord-Kivu,Lubero,92,https://ebola-tracker.org/reports/SITREP_MVE_092.pdf,,1,0,1,1,0,100.0,,,,,,,,,,,,,,,
2026-08-14,zone,Nord-Kivu,Mabalako,92,https://ebola-tracker.org/reports/SITREP_MVE_092.pdf,,2,0,1,1,0,50.0,,,,,,,,,,,,,,,
2026-08-14,zone,Nord-Kivu,Masereka,92,https://ebola-tracker.org/reports/SITREP_MVE_092.pdf,,7,0,1,4,0,57.1,,,,,,,,,,,,,,,
2026-08-14,zone,Nord-Kivu,Musienene,92,https://ebola-tracker.org/reports/SITREP_MVE_092.pdf,,61,5,1,35,3,57.4,,,,,,,,,,,,,,,
2026-08-14,zone,Nord-Kivu,Oicha,92,https://ebola-tracker.org/reports/SITREP_MVE_092.pdf,,5,0,1,4,0,80.0,,,,,,,,,,,,,,,
2026-08-14,zone,Nord-Kivu,Vuhovi,92,https://ebola-tracker.org/reports/SITREP_MVE_092.pdf,,4,0,1,2,1,50.0,,,,,,,,,,,,,,,
2026-08-14,zone,Sud-Kivu,Miti-Murhesa,92,https://ebola-tracker.org/reports/SITREP_MVE_092.pdf,,3,0,1,1,0,33.3,,,,,,,,,,,,,,,
2026-08-14,zone,Tshopo,Bafwasende,92,https://ebola-tracker.org/reports/SITREP_MVE_092.pdf,,1,0,1,0,0,0.0,,,,,,,,,,,,,,,
2026-08-14,zone,Tshopo,Kabondo,92,https://ebola-tracker.org/reports/SITREP_MVE_092.pdf,,3,0,1,2,0,66.7,,,,,,,,,,,,,,,
2026-08-14,zone,Tshopo,Lubunga,92,https://ebola-tracker.org/reports/SITREP_MVE_092.pdf,,1,0,1,0,0,0.0,,,,,,,,,,,,,,,
2026-08-14,zone,Tshopo,Makiso-Kisangani,92,https://ebola-tracker.org/reports/SITREP_MVE_092.pdf,,3,0,1,3,0,100.0,,,,,,,,,,,,,,,
2026-08-14,zone,Tshopo,Mangobo,92,https://ebola-tracker.org/reports/SITREP_MVE_092.pdf,,1,0,1,1,0,100.0,,,,,,,,,,,,,,,
2026-08-14,zone,Tshopo,Tshopo,92,https://ebola-tracker.org/reports/SITREP_MVE_092.pdf,,1,0,1,0,0,0.0,,,,,,,,,,,,,,,
2026-08-14,zone,Tshopo,Wanie-Rukula,92,https://ebola-tracker.org/reports/SITREP_MVE_092.pdf,,1,0,1,0,0,0.0,,,,,,,,,,,,,,,
2026-08-15,pays,,,93,https://ebola-tracker.org/reports/SITREP_MVE_093.pdf,,4945,102,1,2325,53,47.0,1040,33,20,1730,380,427,,,726,1209,60.0,24383,20791,85.3,
2026-08-15,province,Bas-Uélé,,93,https://ebola-tracker.org/reports/SITREP_MVE_093.pdf,,1,0,1,1,0,100.0,,0,0,,,,,,,,,,,,
2026-08-15,province,Haut-Uélé,,93,https://ebola-tracker.org/reports/SITREP_MVE_093.pdf,,138,3,1,62,0,44.9,,0,0,7,6,,,,,,,1156,714,61.8,
2026-08-15,province,Ituri,,93,https://ebola-tracker.org/reports/SITREP_MVE_093.pdf,,4194,89,1,1838,47,43.8,,30,17,765,241,288,89,30.9,548,991,55.3,15126,13582,89.8,
2026-08-15,province,Nord-Kivu,,93,https://ebola-tracker.org/reports/SITREP_MVE_093.pdf,,596,8,1,417,6,70.0,,3,3,944,133,133,8,6.0,170,206,82.5,7662,6056,79.0,
2026-08-15,province,Sud-Kivu,,93,https://ebola-tracker.org/reports/SITREP_MVE_093.pdf,,3,0,1,1,0,33.3,,0,0,14,0,,,,,,,,,,
2026-08-15,province,Tshopo,,93,https://ebola-tracker.org/reports/SITREP_MVE_093.pdf,,13,2,1,6,0,46.2,,0,0,0,0,6,,,8,12,66.7,439,439,100.0,
2026-08-15,zone,Bas-Uélé,Buta,93,https://ebola-tracker.org/reports/SITREP_MVE_093.pdf,,1,0,1,1,0,100.0,,,,,,,,,,,,,,,
2026-08-15,zone,Haut-Uélé,Boma-Mangbetu,93,https://ebola-tracker.org/reports/SITREP_MVE_093.pdf,,22,0,1,8,0,36.4,,,,,,,,,,,,,,,
2026-08-15,zone,Haut-Uélé,Gombari,93,https://ebola-tracker.org/reports/SITREP_MVE_093.pdf,,1,0,1,1,0,100.0,,,,,,,,,,,,,,,
2026-08-15,zone,Haut-Uélé,Isiro,93,https://ebola-tracker.org/reports/SITREP_MVE_093.pdf,,42,3,1,19,0,45.2,,,,,,,,,,,,,,,
2026-08-15,zone,Haut-Uélé,Pawa,93,https://ebola-tracker.org/reports/SITREP_MVE_093.pdf,,19,0,1,14,0,73.7,,,,,,,,,,,,,,,
2026-08-15,zone,Haut-Uélé,Rungu,93,https://ebola-tracker.org/reports/SITREP_MVE_093.pdf,,1,0,1,0,0,0.0,,,,,,,,,,,,,,,
2026-08-15,zone,Haut-Uélé,Wamba,93,https://ebola-tracker.org/reports/SITREP_MVE_093.pdf,,53,0,1,20,0,37.7,,,,,,,,,,,,,,,
2026-08-15,zone,Ituri,Adja,93,https://ebola-tracker.org/reports/SITREP_MVE_093.pdf,,11,0,1,1,0,9.1,,,,,,,,,,,,,,,
2026-08-15,zone,Ituri,Ariwara,93,https://ebola-tracker.org/reports/SITREP_MVE_093.pdf,,7,0,1,2,0,28.6,,,,,,,,,,,,,,,
2026-08-15,zone,Ituri,Aru,93,https://ebola-tracker.org/reports/SITREP_MVE_093.pdf,,7,0,1,6,0,85.7,,,,,,,,,,,,,,,
2026-08-15,zone,Ituri,Aungba,93,https://ebola-tracker.org/reports/SITREP_MVE_093.pdf,,11,0,1,5,0,45.5,,,,,,,,,,,,,,,
2026-08-15,zone,Ituri,Bambu,93,https://ebola-tracker.org/reports/SITREP_MVE_093.pdf,,109,0,1,25,0,22.9,,,,,,,,,,,,,,,
2026-08-15,zone,Ituri,Boga,93,https://ebola-tracker.org/reports/SITREP_MVE_093.pdf,,1,0,1,1,0,100.0,,,,,,,,,,,,,,,
2026-08-15,zone,Ituri,Bunia,93,https://ebola-tracker.org/reports/SITREP_MVE_093.pdf,,1157,41,1,352,14,30.4,,,,,,,,,,,,,,,
2026-08-15,zone,Ituri,Damas,93,https://ebola-tracker.org/reports/SITREP_MVE_093.pdf,,23,0,1,9,0,39.1,,,,,,,,,,,,,,,
2026-08-15,zone,Ituri,Drodro,93,https://ebola-tracker.org/reports/SITREP_MVE_093.pdf,,13,0,1,6,0,46.2,,,,,,,,,,,,,,,
2026-08-15,zone,Ituri,Fataki,93,https://ebola-tracker.org/reports/SITREP_MVE_093.pdf,,64,1,1,30,0,46.9,,,,,,,,,,,,,,,
2026-08-15,zone,Ituri,Gethy,93,https://ebola-tracker.org/reports/SITREP_MVE_093.pdf,,4,0,1,1,0,25.0,,,,,,,,,,,,,,,
2026-08-15,zone,Ituri,Kambala,93,https://ebola-tracker.org/reports/SITREP_MVE_093.pdf,,2,0,1,0,0,0.0,,,,,,,,,,,,,,,
2026-08-15,zone,Ituri,Kilo,93,https://ebola-tracker.org/reports/SITREP_MVE_093.pdf,,31,0,1,12,0,38.7,,,,,,,,,,,,,,,
2026-08-15,zone,Ituri,Komanda,93,https://ebola-tracker.org/reports/SITREP_MVE_093.pdf,,48,3,1,32,1,66.7,,,,,,,,,,,,,,,
2026-08-15,zone,Ituri,Lita,93,https://ebola-tracker.org/reports/SITREP_MVE_093.pdf,,173,1,1,98,1,56.6,,,,,,,,,,,,,,,
2026-08-15,zone,Ituri,Logo,93,https://ebola-tracker.org/reports/SITREP_MVE_093.pdf,,11,0,1,5,0,45.5,,,,,,,,,,,,,,,
2026-08-15,zone,Ituri,Lolwa,93,https://ebola-tracker.org/reports/SITREP_MVE_093.pdf,,15,1,1,4,0,26.7,,,,,,,,,,,,,,,
2026-08-15,zone,Ituri,Mahagi,93,https://ebola-tracker.org/reports/SITREP_MVE_093.pdf,,4,0,1,1,0,25.0,,,,,,,,,,,,,,,
2026-08-15,zone,Ituri,Mambasa,93,https://ebola-tracker.org/reports/SITREP_MVE_093.pdf,,14,1,1,7,1,50.0,,,,,,,,,,,,,,,
2026-08-15,zone,Ituri,Mandima,93,https://ebola-tracker.org/reports/SITREP_MVE_093.pdf,,23,1,1,14,1,60.9,,,,,,,,,,,,,,,
2026-08-15,zone,Ituri,Mangala,93,https://ebola-tracker.org/reports/SITREP_MVE_093.pdf,,156,15,1,88,5,56.4,,,,,,,,,,,,,,,
2026-08-15,zone,Ituri,Mongbwalu,93,https://ebola-tracker.org/reports/SITREP_MVE_093.pdf,,585,1,1,282,0,48.2,,,,,,,,,,,,,,,
2026-08-15,zone,Ituri,Nia-Nia,93,https://ebola-tracker.org/reports/SITREP_MVE_093.pdf,,164,3,1,96,0,58.5,,,,,,,,,,,,,,,
2026-08-15,zone,Ituri,Nizi,93,https://ebola-tracker.org/reports/SITREP_MVE_093.pdf,,534,10,1,239,3,44.8,,,,,,,,,,,,,,,
2026-08-15,zone,Ituri,Nyankunde,93,https://ebola-tracker.org/reports/SITREP_MVE_093.pdf,,120,0,1,35,0,29.2,,,,,,,,,,,,,,,
2026-08-15,zone,Ituri,Rimba,93,https://ebola-tracker.org/reports/SITREP_MVE_093.pdf,,9,0,1,4,0,44.4,,,,,,,,,,,,,,,
2026-08-15,zone,Ituri,Rwampara,93,https://ebola-tracker.org/reports/SITREP_MVE_093.pdf,,849,11,1,328,4,38.6,,,,,,,,,,,,,,,
2026-08-15,zone,Ituri,Tchomia,93,https://ebola-tracker.org/reports/SITREP_MVE_093.pdf,,49,0,1,25,0,51.0,,,,,,,,,,,,,,,
2026-08-15,zone,Nord-Kivu,Beni,93,https://ebola-tracker.org/reports/SITREP_MVE_093.pdf,,91,1,1,68,2,74.7,,,,,,,,,,,,,,,
2026-08-15,zone,Nord-Kivu,Butembo,93,https://ebola-tracker.org/reports/SITREP_MVE_093.pdf,,111,1,1,92,1,82.9,,,,,,,,,,,,,,,
2026-08-15,zone,Nord-Kivu,Goma,93,https://ebola-tracker.org/reports/SITREP_MVE_093.pdf,,1,0,1,0,0,0.0,,,,,,,,,,,,,,,
2026-08-15,zone,Nord-Kivu,Kalunguta,93,https://ebola-tracker.org/reports/SITREP_MVE_093.pdf,,12,0,1,5,0,41.7,,,,,,,,,,,,,,,
2026-08-15,zone,Nord-Kivu,Katwa,93,https://ebola-tracker.org/reports/SITREP_MVE_093.pdf,,285,5,1,193,3,67.7,,,,,,,,,,,,,,,
2026-08-15,zone,Nord-Kivu,Kyondo,93,https://ebola-tracker.org/reports/SITREP_MVE_093.pdf,,15,0,1,12,0,80.0,,,,,,,,,,,,,,,
2026-08-15,zone,Nord-Kivu,Lubero,93,https://ebola-tracker.org/reports/SITREP_MVE_093.pdf,,1,0,1,1,0,100.0,,,,,,,,,,,,,,,
2026-08-15,zone,Nord-Kivu,Mabalako,93,https://ebola-tracker.org/reports/SITREP_MVE_093.pdf,,2,0,1,1,0,50.0,,,,,,,,,,,,,,,
2026-08-15,zone,Nord-Kivu,Masereka,93,https://ebola-tracker.org/reports/SITREP_MVE_093.pdf,,7,0,1,4,0,57.1,,,,,,,,,,,,,,,
2026-08-15,zone,Nord-Kivu,Musienene,93,https://ebola-tracker.org/reports/SITREP_MVE_093.pdf,,62,1,1,35,0,56.5,,,,,,,,,,,,,,,
2026-08-15,zone,Nord-Kivu,Oicha,93,https://ebola-tracker.org/reports/SITREP_MVE_093.pdf,,5,0,1,4,0,80.0,,,,,,,,,,,,,,,
2026-08-15,zone,Nord-Kivu,Vuhovi,93,https://ebola-tracker.org/reports/SITREP_MVE_093.pdf,,4,0,1,2,0,50.0,,,,,,,,,,,,,,,
2026-08-15,zone,Sud-Kivu,Miti-Murhesa,93,https://ebola-tracker.org/reports/SITREP_MVE_093.pdf,,3,0,1,1,0,33.3,,,,,,,,,,,,,,,
2026-08-15,zone,Tshopo,Bafwasende,93,https://ebola-tracker.org/reports/SITREP_MVE_093.pdf,,1,0,1,0,0,0.0,,,,,,,,,,,,,,,
2026-08-15,zone,Tshopo,Kabondo,93,https://ebola-tracker.org/reports/SITREP_MVE_093.pdf,,3,0,1,2,0,66.7,,,,,,,,,,,,,,,
2026-08-15,zone,Tshopo,Lubunga,93,https://ebola-tracker.org/reports/SITREP_MVE_093.pdf,,1,0,1,0,0,0.0,,,,,,,,,,,,,,,
2026-08-15,zone,Tshopo,Makiso-Kisangani,93,https://ebola-tracker.org/reports/SITREP_MVE_093.pdf,,4,1,1,3,0,75.0,,,,,,,,,,,,,,,
2026-08-15,zone,Tshopo,Mangobo,93,https://ebola-tracker.org/reports/SITREP_MVE_093.pdf,,2,1,1,1,0,50.0,,,,,,,,,,,,,,,
2026-08-15,zone,Tshopo,Tshopo,93,https://ebola-tracker.org/reports/SITREP_MVE_093.pdf,,1,0,1,0,0,0.0,,,,,,,,,,,,,,,
2026-08-15,zone,Tshopo,Wanie-Rukula,93,https://ebola-tracker.org/reports/SITREP_MVE_093.pdf,,1,0,1,0,0,0.0,,,,,,,,,,,,,,,
2026-08-16,pays,,,94,https://ebola-tracker.org/reports/SITREP_MVE_094.pdf,,5021,76,1,2378,53,47.4,1061,30,23,1067,272,252,,,747,1197,62.4,19630,16130,82.2,
2026-08-16,province,Bas-Uélé,,94,https://ebola-tracker.org/reports/SITREP_MVE_094.pdf,,1,0,1,1,0,100.0,,0,0,8,5,,,,,,,185,35,18.9,
2026-08-16,province,Haut-Uélé,,94,https://ebola-tracker.org/reports/SITREP_MVE_094.pdf,,139,1,1,63,1,45.3,,0,1,12,10,,,,,,,1231,1031,83.8,
2026-08-16,province,Ituri,,94,https://ebola-tracker.org/reports/SITREP_MVE_094.pdf,,4257,63,1,1878,40,44.1,,22,18,340,124,248,63,25.4,577,991,58.2,10746,8855,82.4,
2026-08-16,province,Nord-Kivu,,94,https://ebola-tracker.org/reports/SITREP_MVE_094.pdf,,607,11,1,428,11,70.5,,7,4,659,131,,,,170,206,82.5,7214,5805,80.5,
2026-08-16,province,Sud-Kivu,,94,https://ebola-tracker.org/reports/SITREP_MVE_094.pdf,,3,0,1,1,0,33.3,,0,0,0,0,,,,,,,,,,
2026-08-16,province,Tshopo,,94,https://ebola-tracker.org/reports/SITREP_MVE_094.pdf,,14,1,1,7,1,50.0,,1,0,48,2,4,,,,,,439,439,100.0,
2026-08-16,zone,Bas-Uélé,Buta,94,https://ebola-tracker.org/reports/SITREP_MVE_094.pdf,,1,0,1,1,0,100.0,,,,,,,,,,,,,,,
2026-08-16,zone,Haut-Uélé,Boma-Mangbetu,94,https://ebola-tracker.org/reports/SITREP_MVE_094.pdf,,22,0,1,8,0,36.4,,,,,,,,,,,,,,,
2026-08-16,zone,Haut-Uélé,Gombari,94,https://ebola-tracker.org/reports/SITREP_MVE_094.pdf,,1,0,1,1,0,100.0,,,,,,,,,,,,,,,
2026-08-16,zone,Haut-Uélé,Isiro,94,https://ebola-tracker.org/reports/SITREP_MVE_094.pdf,,42,0,1,20,1,47.6,,,,,,,,,,,,,,,
2026-08-16,zone,Haut-Uélé,Pawa,94,https://ebola-tracker.org/reports/SITREP_MVE_094.pdf,,20,1,1,14,0,70.0,,,,,,,,,,,,,,,
2026-08-16,zone,Haut-Uélé,Rungu,94,https://ebola-tracker.org/reports/SITREP_MVE_094.pdf,,1,0,1,0,0,0.0,,,,,,,,,,,,,,,
2026-08-16,zone,Haut-Uélé,Wamba,94,https://ebola-tracker.org/reports/SITREP_MVE_094.pdf,,53,0,1,20,0,37.7,,,,,,,,,,,,,,,
2026-08-16,zone,Ituri,Adja,94,https://ebola-tracker.org/reports/SITREP_MVE_094.pdf,,11,0,1,1,0,9.1,,,,,,,,,,,,,,,
2026-08-16,zone,Ituri,Ariwara,94,https://ebola-tracker.org/reports/SITREP_MVE_094.pdf,,7,0,1,2,0,28.6,,,,,,,,,,,,,,,
2026-08-16,zone,Ituri,Aru,94,https://ebola-tracker.org/reports/SITREP_MVE_094.pdf,,7,0,1,6,0,85.7,,,,,,,,,,,,,,,
2026-08-16,zone,Ituri,Aungba,94,https://ebola-tracker.org/reports/SITREP_MVE_094.pdf,,11,0,1,5,0,45.5,,,,,,,,,,,,,,,
2026-08-16,zone,Ituri,Bambu,94,https://ebola-tracker.org/reports/SITREP_MVE_094.pdf,,109,0,1,25,0,22.9,,,,,,,,,,,,,,,
2026-08-16,zone,Ituri,Boga,94,https://ebola-tracker.org/reports/SITREP_MVE_094.pdf,,1,0,1,1,0,100.0,,,,,,,,,,,,,,,
2026-08-16,zone,Ituri,Bunia,94,https://ebola-tracker.org/reports/SITREP_MVE_094.pdf,,1174,17,1,358,6,30.5,,,,,,,,,,,,,,,
2026-08-16,zone,Ituri,Damas,94,https://ebola-tracker.org/reports/SITREP_MVE_094.pdf,,25,2,1,9,0,36.0,,,,,,,,,,,,,,,
2026-08-16,zone,Ituri,Drodro,94,https://ebola-tracker.org/reports/SITREP_MVE_094.pdf,,13,0,1,6,0,46.2,,,,,,,,,,,,,,,
2026-08-16,zone,Ituri,Fataki,94,https://ebola-tracker.org/reports/SITREP_MVE_094.pdf,,69,5,1,30,0,43.5,,,,,,,,,,,,,,,
2026-08-16,zone,Ituri,Gethy,94,https://ebola-tracker.org/reports/SITREP_MVE_094.pdf,,4,0,1,1,0,25.0,,,,,,,,,,,,,,,
2026-08-16,zone,Ituri,Kambala,94,https://ebola-tracker.org/reports/SITREP_MVE_094.pdf,,2,0,1,0,0,0.0,,,,,,,,,,,,,,,
2026-08-16,zone,Ituri,Kilo,94,https://ebola-tracker.org/reports/SITREP_MVE_094.pdf,,31,0,1,12,0,38.7,,,,,,,,,,,,,,,
2026-08-16,zone,Ituri,Komanda,94,https://ebola-tracker.org/reports/SITREP_MVE_094.pdf,,48,0,1,32,0,66.7,,,,,,,,,,,,,,,
2026-08-16,zone,Ituri,Lita,94,https://ebola-tracker.org/reports/SITREP_MVE_094.pdf,,181,8,1,102,4,56.4,,,,,,,,,,,,,,,
2026-08-16,zone,Ituri,Logo,94,https://ebola-tracker.org/reports/SITREP_MVE_094.pdf,,11,0,1,5,0,45.5,,,,,,,,,,,,,,,
2026-08-16,zone,Ituri,Lolwa,94,https://ebola-tracker.org/reports/SITREP_MVE_094.pdf,,15,0,1,4,0,26.7,,,,,,,,,,,,,,,
2026-08-16,zone,Ituri,Mahagi,94,https://ebola-tracker.org/reports/SITREP_MVE_094.pdf,,4,0,1,1,0,25.0,,,,,,,,,,,,,,,
2026-08-16,zone,Ituri,Mambasa,94,https://ebola-tracker.org/reports/SITREP_MVE_094.pdf,,14,0,1,7,0,50.0,,,,,,,,,,,,,,,
2026-08-16,zone,Ituri,Mandima,94,https://ebola-tracker.org/reports/SITREP_MVE_094.pdf,,23,0,1,14,0,60.9,,,,,,,,,,,,,,,
2026-08-16,zone,Ituri,Mangala,94,https://ebola-tracker.org/reports/SITREP_MVE_094.pdf,,162,6,1,92,4,56.8,,,,,,,,,,,,,,,
2026-08-16,zone,Ituri,Mongbwalu,94,https://ebola-tracker.org/reports/SITREP_MVE_094.pdf,,590,5,1,282,0,47.8,,,,,,,,,,,,,,,
2026-08-16,zone,Ituri,Nia-Nia,94,https://ebola-tracker.org/reports/SITREP_MVE_094.pdf,,170,6,1,100,4,58.8,,,,,,,,,,,,,,,
2026-08-16,zone,Ituri,Nizi,94,https://ebola-tracker.org/reports/SITREP_MVE_094.pdf,,539,5,1,240,1,44.5,,,,,,,,,,,,,,,
2026-08-16,zone,Ituri,Nyankunde,94,https://ebola-tracker.org/reports/SITREP_MVE_094.pdf,,121,1,1,35,0,28.9,,,,,,,,,,,,,,,
2026-08-16,zone,Ituri,Rimba,94,https://ebola-tracker.org/reports/SITREP_MVE_094.pdf,,9,0,1,4,0,44.4,,,,,,,,,,,,,,,
2026-08-16,zone,Ituri,Rwampara,94,https://ebola-tracker.org/reports/SITREP_MVE_094.pdf,,856,7,1,331,3,38.7,,,,,,,,,,,,,,,
2026-08-16,zone,Ituri,Tchomia,94,https://ebola-tracker.org/reports/SITREP_MVE_094.pdf,,50,1,1,25,0,50.0,,,,,,,,,,,,,,,
2026-08-16,zone,Nord-Kivu,Beni,94,https://ebola-tracker.org/reports/SITREP_MVE_094.pdf,,93,2,1,70,2,75.3,,,,,,,,,,,,,,,
2026-08-16,zone,Nord-Kivu,Butembo,94,https://ebola-tracker.org/reports/SITREP_MVE_094.pdf,,112,1,1,95,3,84.8,,,,,,,,,,,,,,,
2026-08-16,zone,Nord-Kivu,Goma,94,https://ebola-tracker.org/reports/SITREP_MVE_094.pdf,,1,0,1,0,0,0.0,,,,,,,,,,,,,,,
2026-08-16,zone,Nord-Kivu,Kalunguta,94,https://ebola-tracker.org/reports/SITREP_MVE_094.pdf,,13,1,1,6,1,46.2,,,,,,,,,,,,,,,
2026-08-16,zone,Nord-Kivu,Katwa,94,https://ebola-tracker.org/reports/SITREP_MVE_094.pdf,,291,6,1,198,5,68.0,,,,,,,,,,,,,,,
2026-08-16,zone,Nord-Kivu,Kyondo,94,https://ebola-tracker.org/reports/SITREP_MVE_094.pdf,,15,0,1,12,0,80.0,,,,,,,,,,,,,,,
2026-08-16,zone,Nord-Kivu,Lubero,94,https://ebola-tracker.org/reports/SITREP_MVE_094.pdf,,1,0,1,1,0,100.0,,,,,,,,,,,,,,,
2026-08-16,zone,Nord-Kivu,Mabalako,94,https://ebola-tracker.org/reports/SITREP_MVE_094.pdf,,2,0,1,1,0,50.0,,,,,,,,,,,,,,,
2026-08-16,zone,Nord-Kivu,Masereka,94,https://ebola-tracker.org/reports/SITREP_MVE_094.pdf,,7,0,1,4,0,57.1,,,,,,,,,,,,,,,
2026-08-16,zone,Nord-Kivu,Musienene,94,https://ebola-tracker.org/reports/SITREP_MVE_094.pdf,,62,0,1,35,0,56.5,,,,,,,,,,,,,,,
2026-08-16,zone,Nord-Kivu,Oicha,94,https://ebola-tracker.org/reports/SITREP_MVE_094.pdf,,5,0,1,4,0,80.0,,,,,,,,,,,,,,,
2026-08-16,zone,Nord-Kivu,Vuhovi,94,https://ebola-tracker.org/reports/SITREP_MVE_094.pdf,,5,1,1,2,0,40.0,,,,,,,,,,,,,,,
2026-08-16,zone,Sud-Kivu,Miti-Murhesa,94,https://ebola-tracker.org/reports/SITREP_MVE_094.pdf,,3,0,1,1,0,33.3,,,,,,,,,,,,,,,
2026-08-16,zone,Tshopo,Bafwasende,94,https://ebola-tracker.org/reports/SITREP_MVE_094.pdf,,1,0,1,0,0,0.0,,,,,,,,,,,,,,,
2026-08-16,zone,Tshopo,Kabondo,94,https://ebola-tracker.org/reports/SITREP_MVE_094.pdf,,3,0,1,2,0,66.7,,,,,,,,,,,,,,,
2026-08-16,zone,Tshopo,Lubunga,94,https://ebola-tracker.org/reports/SITREP_MVE_094.pdf,,1,0,1,0,0,0.0,,,,,,,,,,,,,,,
2026-08-16,zone,Tshopo,Makiso-Kisangani,94,https://ebola-tracker.org/reports/SITREP_MVE_094.pdf,,5,1,1,4,1,80.0,,,,,,,,,,,,,,,
2026-08-16,zone,Tshopo,Mangobo,94,https://ebola-tracker.org/reports/SITREP_MVE_094.pdf,,2,0,1,1,0,50.0,,,,,,,,,,,,,,,
2026-08-16,zone,Tshopo,Tshopo,94,https://ebola-tracker.org/reports/SITREP_MVE_094.pdf,,1,0,1,0,0,0.0,,,,,,,,,,,,,,,
2026-08-16,zone,Tshopo,Wanie-Rukula,94,https://ebola-tracker.org/reports/SITREP_MVE_094.pdf,,1,0,1,0,0,0.0,,,,,,,,,,,,,,,
2026-08-17,pays,,,95,https://ebola-tracker.org/reports/SITREP_MVE_095.pdf,,5105,84,1,2420,42,47.4,1091,29,13,1654,394,,58,,714,1280,54.7,24332,20337,84.1,
2026-08-17,province,Bas-Uélé,,95,https://ebola-tracker.org/reports/SITREP_MVE_095.pdf,,1,0,1,1,0,100.0,,0,0,3,3,,,,,,,188,35,18.6,
2026-08-17,province,Haut-Uélé,,95,https://ebola-tracker.org/reports/SITREP_MVE_095.pdf,,145,6,1,65,2,44.8,,1,1,19,17,,6,,49,78,62.8,1028,661,64.3,
2026-08-17,province,Ituri,,95,https://ebola-tracker.org/reports/SITREP_MVE_095.pdf,,4309,52,1,1915,37,44.4,,25,12,726,237,287,52,18.1,470,996,47.2,,,93.0,
2026-08-17,province,Nord-Kivu,,95,https://ebola-tracker.org/reports/SITREP_MVE_095.pdf,,633,26,1,431,3,68.1,,3,0,847,128,,,,181,206,87.9,7473,5987,80.1,
2026-08-17,province,Sud-Kivu,,95,https://ebola-tracker.org/reports/SITREP_MVE_095.pdf,,3,0,1,1,0,33.3,,0,0,10,5,,,,14,,,,,,
2026-08-17,province,Tshopo,,95,https://ebola-tracker.org/reports/SITREP_MVE_095.pdf,,14,0,1,7,0,50.0,,0,0,49,4,,,,,,,483,483,100.0,
2026-08-17,zone,Bas-Uélé,Buta,95,https://ebola-tracker.org/reports/SITREP_MVE_095.pdf,,1,0,1,1,0,100.0,,,,,,,,,,,,,,,
2026-08-17,zone,Haut-Uélé,Boma-Mangbetu,95,https://ebola-tracker.org/reports/SITREP_MVE_095.pdf,,23,1,1,8,0,34.8,,,,,,,,,,,,,,,
2026-08-17,zone,Haut-Uélé,Gombari,95,https://ebola-tracker.org/reports/SITREP_MVE_095.pdf,,1,0,1,1,0,100.0,,,,,,,,,,,,,,,
2026-08-17,zone,Haut-Uélé,Isiro,95,https://ebola-tracker.org/reports/SITREP_MVE_095.pdf,,47,5,1,22,2,46.8,,,,,,,,,,,,,,,
2026-08-17,zone,Haut-Uélé,Pawa,95,https://ebola-tracker.org/reports/SITREP_MVE_095.pdf,,20,0,1,14,0,70.0,,,,,,,,,,,,,,,
2026-08-17,zone,Haut-Uélé,Rungu,95,https://ebola-tracker.org/reports/SITREP_MVE_095.pdf,,1,0,1,0,0,0.0,,,,,,,,,,,,,,,
2026-08-17,zone,Haut-Uélé,Wamba,95,https://ebola-tracker.org/reports/SITREP_MVE_095.pdf,,53,0,1,20,0,37.7,,,,,,,,,,,,,,,
2026-08-17,zone,Ituri,Adja,95,https://ebola-tracker.org/reports/SITREP_MVE_095.pdf,,11,0,1,1,0,9.1,,,,,,,,,,,,,,,
2026-08-17,zone,Ituri,Ariwara,95,https://ebola-tracker.org/reports/SITREP_MVE_095.pdf,,8,1,1,2,0,25.0,,,,,,,,,,,,,,,
2026-08-17,zone,Ituri,Aru,95,https://ebola-tracker.org/reports/SITREP_MVE_095.pdf,,7,0,1,6,0,85.7,,,,,,,,,,,,,,,
2026-08-17,zone,Ituri,Aungba,95,https://ebola-tracker.org/reports/SITREP_MVE_095.pdf,,11,0,1,5,0,45.5,,,,,,,,,,,,,,,
2026-08-17,zone,Ituri,Bambu,95,https://ebola-tracker.org/reports/SITREP_MVE_095.pdf,,112,3,1,26,1,23.2,,,,,,,,,,,,,,,
2026-08-17,zone,Ituri,Boga,95,https://ebola-tracker.org/reports/SITREP_MVE_095.pdf,,1,0,1,1,0,100.0,,,,,,,,,,,,,,,
2026-08-17,zone,Ituri,Bunia,95,https://ebola-tracker.org/reports/SITREP_MVE_095.pdf,,1194,20,1,372,14,31.2,,,,,,,,,,,,,,,
2026-08-17,zone,Ituri,Damas,95,https://ebola-tracker.org/reports/SITREP_MVE_095.pdf,,25,0,1,9,0,36.0,,,,,,,,,,,,,,,
2026-08-17,zone,Ituri,Drodro,95,https://ebola-tracker.org/reports/SITREP_MVE_095.pdf,,13,0,1,6,0,46.2,,,,,,,,,,,,,,,
2026-08-17,zone,Ituri,Fataki,95,https://ebola-tracker.org/reports/SITREP_MVE_095.pdf,,71,2,1,30,0,42.3,,,,,,,,,,,,,,,
2026-08-17,zone,Ituri,Gethy,95,https://ebola-tracker.org/reports/SITREP_MVE_095.pdf,,5,1,1,2,1,40.0,,,,,,,,,,,,,,,
2026-08-17,zone,Ituri,Kambala,95,https://ebola-tracker.org/reports/SITREP_MVE_095.pdf,,2,0,1,0,0,0.0,,,,,,,,,,,,,,,
2026-08-17,zone,Ituri,Kilo,95,https://ebola-tracker.org/reports/SITREP_MVE_095.pdf,,31,0,1,12,0,38.7,,,,,,,,,,,,,,,
2026-08-17,zone,Ituri,Komanda,95,https://ebola-tracker.org/reports/SITREP_MVE_095.pdf,,51,3,1,35,3,68.6,,,,,,,,,,,,,,,
2026-08-17,zone,Ituri,Lita,95,https://ebola-tracker.org/reports/SITREP_MVE_095.pdf,,183,2,1,104,2,56.8,,,,,,,,,,,,,,,
2026-08-17,zone,Ituri,Logo,95,https://ebola-tracker.org/reports/SITREP_MVE_095.pdf,,11,0,1,5,0,45.5,,,,,,,,,,,,,,,
2026-08-17,zone,Ituri,Lolwa,95,https://ebola-tracker.org/reports/SITREP_MVE_095.pdf,,15,0,1,4,0,26.7,,,,,,,,,,,,,,,
2026-08-17,zone,Ituri,Mahagi,95,https://ebola-tracker.org/reports/SITREP_MVE_095.pdf,,4,0,1,1,0,25.0,,,,,,,,,,,,,,,
2026-08-17,zone,Ituri,Mambasa,95,https://ebola-tracker.org/reports/SITREP_MVE_095.pdf,,14,0,1,7,0,50.0,,,,,,,,,,,,,,,
2026-08-17,zone,Ituri,Mandima,95,https://ebola-tracker.org/reports/SITREP_MVE_095.pdf,,23,0,1,14,0,60.9,,,,,,,,,,,,,,,
2026-08-17,zone,Ituri,Mangala,95,https://ebola-tracker.org/reports/SITREP_MVE_095.pdf,,165,3,1,92,0,55.8,,,,,,,,,,,,,,,
2026-08-17,zone,Ituri,Mongbwalu,95,https://ebola-tracker.org/reports/SITREP_MVE_095.pdf,,591,1,1,282,0,47.7,,,,,,,,,,,,,,,
2026-08-17,zone,Ituri,Nia-Nia,95,https://ebola-tracker.org/reports/SITREP_MVE_095.pdf,,175,5,1,103,3,58.9,,,,,,,,,,,,,,,
2026-08-17,zone,Ituri,Nizi,95,https://ebola-tracker.org/reports/SITREP_MVE_095.pdf,,543,4,1,240,0,44.2,,,,,,,,,,,,,,,
2026-08-17,zone,Ituri,Nyankunde,95,https://ebola-tracker.org/reports/SITREP_MVE_095.pdf,,121,0,1,35,0,28.9,,,,,,,,,,,,,,,
2026-08-17,zone,Ituri,Rimba,95,https://ebola-tracker.org/reports/SITREP_MVE_095.pdf,,9,0,1,4,0,44.4,,,,,,,,,,,,,,,
2026-08-17,zone,Ituri,Rwampara,95,https://ebola-tracker.org/reports/SITREP_MVE_095.pdf,,863,7,1,332,1,38.5,,,,,,,,,,,,,,,
2026-08-17,zone,Ituri,Tchomia,95,https://ebola-tracker.org/reports/SITREP_MVE_095.pdf,,50,0,1,25,0,50.0,,,,,,,,,,,,,,,
2026-08-17,zone,Nord-Kivu,Beni,95,https://ebola-tracker.org/reports/SITREP_MVE_095.pdf,,96,3,1,71,1,74.0,,,,,,,,,,,,,,,
2026-08-17,zone,Nord-Kivu,Butembo,95,https://ebola-tracker.org/reports/SITREP_MVE_095.pdf,,118,6,1,96,1,81.4,,,,,,,,,,,,,,,
2026-08-17,zone,Nord-Kivu,Goma,95,https://ebola-tracker.org/reports/SITREP_MVE_095.pdf,,1,0,1,0,0,0.0,,,,,,,,,,,,,,,
2026-08-17,zone,Nord-Kivu,Kalunguta,95,https://ebola-tracker.org/reports/SITREP_MVE_095.pdf,,13,0,1,6,0,46.2,,,,,,,,,,,,,,,
2026-08-17,zone,Nord-Kivu,Katwa,95,https://ebola-tracker.org/reports/SITREP_MVE_095.pdf,,306,15,1,199,1,65.0,,,,,,,,,,,,,,,
2026-08-17,zone,Nord-Kivu,Kyondo,95,https://ebola-tracker.org/reports/SITREP_MVE_095.pdf,,15,0,1,12,0,80.0,,,,,,,,,,,,,,,
2026-08-17,zone,Nord-Kivu,Lubero,95,https://ebola-tracker.org/reports/SITREP_MVE_095.pdf,,1,0,1,1,0,100.0,,,,,,,,,,,,,,,
2026-08-17,zone,Nord-Kivu,Mabalako,95,https://ebola-tracker.org/reports/SITREP_MVE_095.pdf,,2,0,1,1,0,50.0,,,,,,,,,,,,,,,
2026-08-17,zone,Nord-Kivu,Masereka,95,https://ebola-tracker.org/reports/SITREP_MVE_095.pdf,,7,0,1,4,0,57.1,,,,,,,,,,,,,,,
2026-08-17,zone,Nord-Kivu,Musienene,95,https://ebola-tracker.org/reports/SITREP_MVE_095.pdf,,63,1,1,35,0,55.6,,,,,,,,,,,,,,,
2026-08-17,zone,Nord-Kivu,Oicha,95,https://ebola-tracker.org/reports/SITREP_MVE_095.pdf,,6,1,1,4,0,66.7,,,,,,,,,,,,,,,
2026-08-17,zone,Nord-Kivu,Vuhovi,95,https://ebola-tracker.org/reports/SITREP_MVE_095.pdf,,5,0,1,2,0,40.0,,,,,,,,,,,,,,,
2026-08-17,zone,Sud-Kivu,Miti-Murhesa,95,https://ebola-tracker.org/reports/SITREP_MVE_095.pdf,,3,0,1,1,0,33.3,,,,,,,,,,,,,,,
2026-08-17,zone,Tshopo,Bafwasende,95,https://ebola-tracker.org/reports/SITREP_MVE_095.pdf,,1,0,1,0,0,0.0,,,,,,,,,,,,,,,
2026-08-17,zone,Tshopo,Kabondo,95,https://ebola-tracker.org/reports/SITREP_MVE_095.pdf,,3,0,1,2,0,66.7,,,,,,,,,,,,,,,
2026-08-17,zone,Tshopo,Lubunga,95,https://ebola-tracker.org/reports/SITREP_MVE_095.pdf,,1,0,1,0,0,0.0,,,,,,,,,,,,,,,
2026-08-17,zone,Tshopo,Makiso-Kisangani,95,https://ebola-tracker.org/reports/SITREP_MVE_095.pdf,,5,0,1,4,0,80.0,,,,,,,,,,,,,,,
2026-08-17,zone,Tshopo,Mangobo,95,https://ebola-tracker.org/reports/SITREP_MVE_095.pdf,,2,0,1,1,0,50.0,,,,,,,,,,,,,,,
2026-08-17,zone,Tshopo,Tshopo,95,https://ebola-tracker.org/reports/SITREP_MVE_095.pdf,,1,0,1,0,0,0.0,,,,,,,,,,,,,,,
2026-08-17,zone,Tshopo,Wanie-Rukula,95,https://ebola-tracker.org/reports/SITREP_MVE_095.pdf,,1,0,1,0,0,0.0,,,,,,,,,,,,,,,
2026-08-18,pays,,,96,https://ebola-tracker.org/reports/SITREP_MVE_096.pdf,,5208,103,1,2476,56,47.5,1115,35,21,1840,389,425,103,24.2,730,1313,54.1,22043,18517,84.0,
2026-08-18,province,Bas-Uélé,,96,https://ebola-tracker.org/reports/SITREP_MVE_096.pdf,,2,1,1,1,0,50.0,,0,0,5,5,2,1,50.0,,,,191,36,18.7,
2026-08-18,province,Haut-Uélé,,96,https://ebola-tracker.org/reports/SITREP_MVE_096.pdf,,153,8,1,69,4,45.1,,1,3,21,21,15,8,53.3,53,130,40.8,1262,746,59.1,
2026-08-18,province,Ituri,,96,https://ebola-tracker.org/reports/SITREP_MVE_096.pdf,,4391,82,1,1958,43,44.6,,29,14,741,193,307,82,26.7,447,965,46.3,12809,11229,87.7,
2026-08-18,province,Nord-Kivu,,96,https://ebola-tracker.org/reports/SITREP_MVE_096.pdf,,645,12,1,440,9,68.2,,5,4,944,150,101,12,11.9,205,206,99.5,7525,6206,82.4,
2026-08-18,province,Sud-Kivu,,96,https://ebola-tracker.org/reports/SITREP_MVE_096.pdf,,3,0,1,1,0,33.3,,0,0,18,9,,,,20,,,,,,
2026-08-18,province,Tshopo,,96,https://ebola-tracker.org/reports/SITREP_MVE_096.pdf,,14,0,1,7,0,50.0,,0,0,111,11,,,,5,12,41.7,445,336,75.5,
2026-08-18,zone,Bas-Uélé,Buta,96,https://ebola-tracker.org/reports/SITREP_MVE_096.pdf,,1,0,1,1,0,100.0,,,,,,,,,,,,,,,
2026-08-18,zone,Bas-Uélé,Viadana,96,https://ebola-tracker.org/reports/SITREP_MVE_096.pdf,,1,,,0,,0.0,,,,,,,,,,,,,,,
2026-08-18,zone,Haut-Uélé,Boma-Mangbetu,96,https://ebola-tracker.org/reports/SITREP_MVE_096.pdf,,23,0,1,9,1,39.1,,,,,,,,,,,,,,,
2026-08-18,zone,Haut-Uélé,Gombari,96,https://ebola-tracker.org/reports/SITREP_MVE_096.pdf,,1,0,1,1,0,100.0,,,,,,,,,,,,,,,
2026-08-18,zone,Haut-Uélé,Isiro,96,https://ebola-tracker.org/reports/SITREP_MVE_096.pdf,,55,8,1,24,2,43.6,,,,,,,,,,,,,,,
2026-08-18,zone,Haut-Uélé,Pawa,96,https://ebola-tracker.org/reports/SITREP_MVE_096.pdf,,20,0,1,14,0,70.0,,,,,,,,,,,,,,,
2026-08-18,zone,Haut-Uélé,Rungu,96,https://ebola-tracker.org/reports/SITREP_MVE_096.pdf,,1,0,1,0,0,0.0,,,,,,,,,,,,,,,
2026-08-18,zone,Haut-Uélé,Wamba,96,https://ebola-tracker.org/reports/SITREP_MVE_096.pdf,,53,0,1,21,1,39.6,,,,,,,,,,,,,,,
2026-08-18,zone,Ituri,Adja,96,https://ebola-tracker.org/reports/SITREP_MVE_096.pdf,,11,0,1,1,0,9.1,,,,,,,,,,,,,,,
2026-08-18,zone,Ituri,Ariwara,96,https://ebola-tracker.org/reports/SITREP_MVE_096.pdf,,8,0,1,2,0,25.0,,,,,,,,,,,,,,,
2026-08-18,zone,Ituri,Aru,96,https://ebola-tracker.org/reports/SITREP_MVE_096.pdf,,7,0,1,6,0,85.7,,,,,,,,,,,,,,,
2026-08-18,zone,Ituri,Aungba,96,https://ebola-tracker.org/reports/SITREP_MVE_096.pdf,,11,0,1,5,0,45.5,,,,,,,,,,,,,,,
2026-08-18,zone,Ituri,Bambu,96,https://ebola-tracker.org/reports/SITREP_MVE_096.pdf,,114,2,1,26,0,22.8,,,,,,,,,,,,,,,
2026-08-18,zone,Ituri,Boga,96,https://ebola-tracker.org/reports/SITREP_MVE_096.pdf,,1,0,1,1,0,100.0,,,,,,,,,,,,,,,
2026-08-18,zone,Ituri,Bunia,96,https://ebola-tracker.org/reports/SITREP_MVE_096.pdf,,1219,25,1,384,12,31.5,,,,,,,,,,,,,,,
2026-08-18,zone,Ituri,Damas,96,https://ebola-tracker.org/reports/SITREP_MVE_096.pdf,,25,0,1,9,0,36.0,,,,,,,,,,,,,,,
2026-08-18,zone,Ituri,Drodro,96,https://ebola-tracker.org/reports/SITREP_MVE_096.pdf,,13,0,1,6,0,46.2,,,,,,,,,,,,,,,
2026-08-18,zone,Ituri,Fataki,96,https://ebola-tracker.org/reports/SITREP_MVE_096.pdf,,72,1,1,30,0,41.7,,,,,,,,,,,,,,,
2026-08-18,zone,Ituri,Gethy,96,https://ebola-tracker.org/reports/SITREP_MVE_096.pdf,,5,0,1,2,0,40.0,,,,,,,,,,,,,,,
2026-08-18,zone,Ituri,Kambala,96,https://ebola-tracker.org/reports/SITREP_MVE_096.pdf,,2,0,1,0,0,0.0,,,,,,,,,,,,,,,
2026-08-18,zone,Ituri,Kilo,96,https://ebola-tracker.org/reports/SITREP_MVE_096.pdf,,31,0,1,12,0,38.7,,,,,,,,,,,,,,,
2026-08-18,zone,Ituri,Komanda,96,https://ebola-tracker.org/reports/SITREP_MVE_096.pdf,,53,2,1,37,2,69.8,,,,,,,,,,,,,,,
2026-08-18,zone,Ituri,Lita,96,https://ebola-tracker.org/reports/SITREP_MVE_096.pdf,,186,3,1,106,2,57.0,,,,,,,,,,,,,,,
2026-08-18,zone,Ituri,Logo,96,https://ebola-tracker.org/reports/SITREP_MVE_096.pdf,,11,0,1,5,0,45.5,,,,,,,,,,,,,,,
2026-08-18,zone,Ituri,Lolwa,96,https://ebola-tracker.org/reports/SITREP_MVE_096.pdf,,17,2,1,4,0,23.5,,,,,,,,,,,,,,,
2026-08-18,zone,Ituri,Mahagi,96,https://ebola-tracker.org/reports/SITREP_MVE_096.pdf,,4,0,1,1,0,25.0,,,,,,,,,,,,,,,
2026-08-18,zone,Ituri,Mambasa,96,https://ebola-tracker.org/reports/SITREP_MVE_096.pdf,,14,0,1,7,0,50.0,,,,,,,,,,,,,,,
2026-08-18,zone,Ituri,Mandima,96,https://ebola-tracker.org/reports/SITREP_MVE_096.pdf,,25,2,1,16,2,64.0,,,,,,,,,,,,,,,
2026-08-18,zone,Ituri,Mangala,96,https://ebola-tracker.org/reports/SITREP_MVE_096.pdf,,173,8,1,99,7,57.2,,,,,,,,,,,,,,,
2026-08-18,zone,Ituri,Mongbwalu,96,https://ebola-tracker.org/reports/SITREP_MVE_096.pdf,,593,2,1,282,0,47.6,,,,,,,,,,,,,,,
2026-08-18,zone,Ituri,Nia-Nia,96,https://ebola-tracker.org/reports/SITREP_MVE_096.pdf,,178,3,1,104,1,58.4,,,,,,,,,,,,,,,
2026-08-18,zone,Ituri,Nizi,96,https://ebola-tracker.org/reports/SITREP_MVE_096.pdf,,558,15,1,243,3,43.5,,,,,,,,,,,,,,,
2026-08-18,zone,Ituri,Nyankunde,96,https://ebola-tracker.org/reports/SITREP_MVE_096.pdf,,121,0,1,35,0,28.9,,,,,,,,,,,,,,,
2026-08-18,zone,Ituri,Rimba,96,https://ebola-tracker.org/reports/SITREP_MVE_096.pdf,,9,0,1,4,0,44.4,,,,,,,,,,,,,,,
2026-08-18,zone,Ituri,Rwampara,96,https://ebola-tracker.org/reports/SITREP_MVE_096.pdf,,879,16,1,332,0,37.8,,,,,,,,,,,,,,,
2026-08-18,zone,Ituri,Tchomia,96,https://ebola-tracker.org/reports/SITREP_MVE_096.pdf,,51,1,1,25,0,49.0,,,,,,,,,,,,,,,
2026-08-18,zone,Nord-Kivu,Beni,96,https://ebola-tracker.org/reports/SITREP_MVE_096.pdf,,98,2,1,71,0,72.4,,,,,,,,,,,,,,,
2026-08-18,zone,Nord-Kivu,Butembo,96,https://ebola-tracker.org/reports/SITREP_MVE_096.pdf,,124,6,1,98,2,79.0,,,,,,,,,,,,,,,
2026-08-18,zone,Nord-Kivu,Goma,96,https://ebola-tracker.org/reports/SITREP_MVE_096.pdf,,1,0,1,0,0,0.0,,,,,,,,,,,,,,,
2026-08-18,zone,Nord-Kivu,Kalunguta,96,https://ebola-tracker.org/reports/SITREP_MVE_096.pdf,,13,0,1,6,0,46.2,,,,,,,,,,,,,,,
2026-08-18,zone,Nord-Kivu,Katwa,96,https://ebola-tracker.org/reports/SITREP_MVE_096.pdf,,310,4,1,204,5,65.8,,,,,,,,,,,,,,,
2026-08-18,zone,Nord-Kivu,Kyondo,96,https://ebola-tracker.org/reports/SITREP_MVE_096.pdf,,15,0,1,12,0,80.0,,,,,,,,,,,,,,,
2026-08-18,zone,Nord-Kivu,Lubero,96,https://ebola-tracker.org/reports/SITREP_MVE_096.pdf,,1,0,1,1,0,100.0,,,,,,,,,,,,,,,
2026-08-18,zone,Nord-Kivu,Mabalako,96,https://ebola-tracker.org/reports/SITREP_MVE_096.pdf,,2,0,1,1,0,50.0,,,,,,,,,,,,,,,
2026-08-18,zone,Nord-Kivu,Masereka,96,https://ebola-tracker.org/reports/SITREP_MVE_096.pdf,,7,0,1,4,0,57.1,,,,,,,,,,,,,,,
2026-08-18,zone,Nord-Kivu,Musienene,96,https://ebola-tracker.org/reports/SITREP_MVE_096.pdf,,63,0,1,37,2,58.7,,,,,,,,,,,,,,,
2026-08-18,zone,Nord-Kivu,Oicha,96,https://ebola-tracker.org/reports/SITREP_MVE_096.pdf,,6,0,1,4,0,66.7,,,,,,,,,,,,,,,
2026-08-18,zone,Nord-Kivu,Vuhovi,96,https://ebola-tracker.org/reports/SITREP_MVE_096.pdf,,5,0,1,2,0,40.0,,,,,,,,,,,,,,,
2026-08-18,zone,Sud-Kivu,Miti-Murhesa,96,https://ebola-tracker.org/reports/SITREP_MVE_096.pdf,,3,0,1,1,0,33.3,,,,,,,,,,,,,,,
2026-08-18,zone,Tshopo,Bafwasende,96,https://ebola-tracker.org/reports/SITREP_MVE_096.pdf,,1,0,1,0,0,0.0,,,,,,,,,,,,,,,
2026-08-18,zone,Tshopo,Kabondo,96,https://ebola-tracker.org/reports/SITREP_MVE_096.pdf,,3,0,1,2,0,66.7,,,,,,,,,,,,,,,
2026-08-18,zone,Tshopo,Lubunga,96,https://ebola-tracker.org/reports/SITREP_MVE_096.pdf,,1,0,1,0,0,0.0,,,,,,,,,,,,,,,
2026-08-18,zone,Tshopo,Makiso-Kisangani,96,https://ebola-tracker.org/reports/SITREP_MVE_096.pdf,,5,0,1,4,0,80.0,,,,,,,,,,,,,,,
2026-08-18,zone,Tshopo,Mangobo,96,https://ebola-tracker.org/reports/SITREP_MVE_096.pdf,,2,0,1,1,0,50.0,,,,,,,,,,,,,,,
2026-08-18,zone,Tshopo,Tshopo,96,https://ebola-tracker.org/reports/SITREP_MVE_096.pdf,,1,0,1,0,0,0.0,,,,,,,,,,,,,,,
2026-08-18,zone,Tshopo,Wanie-Rukula,96,https://ebola-tracker.org/reports/SITREP_MVE_096.pdf,,1,0,1,0,0,0.0,,,,,,,,,,,,,,,
2026-08-19,pays,,,97,https://ebola-tracker.org/reports/SITREP_MVE_097.pdf,,5290,82,1,2516,40,47.6,1152,23,17,1904,366,422,81,19.2,825,1301,61.5,19720,16355,82.9,
2026-08-19,province,Bas-Uélé,,97,https://ebola-tracker.org/reports/SITREP_MVE_097.pdf,,2,0,1,1,0,50.0,,0,0,6,3,,,,,,,220,131,59.5,
2026-08-19,province,Haut-Uélé,,97,https://ebola-tracker.org/reports/SITREP_MVE_097.pdf,,160,7,1,71,2,44.4,,2,0,0,0,30,7,23.3,53,130,44.6,1498,848,56.6,
2026-08-19,province,Ituri,,97,https://ebola-tracker.org/reports/SITREP_MVE_097.pdf,,4447,56,1,1984,26,44.6,,13,13,685,185,265,56,21.1,551,965,57.1,10509,9204,87.6,
2026-08-19,province,Nord-Kivu,,97,https://ebola-tracker.org/reports/SITREP_MVE_097.pdf,,663,18,1,452,12,68.2,,8,4,1110,162,127,18,14.2,196,206,95.1,,,80.5,
2026-08-19,province,Sud-Kivu,,97,https://ebola-tracker.org/reports/SITREP_MVE_097.pdf,,3,0,1,1,0,33.3,,0,0,6,3,,,,25,,,,,,
2026-08-19,province,Tshopo,,97,https://ebola-tracker.org/reports/SITREP_MVE_097.pdf,,15,1,1,7,0,46.7,,0,0,97,13,,,,,,,473,473,100.0,
2026-08-19,zone,Bas-Uélé,Buta,97,https://ebola-tracker.org/reports/SITREP_MVE_097.pdf,,1,0,1,1,0,100.0,,,,,,,,,,,,,,,
2026-08-19,zone,Bas-Uélé,Viadana,97,https://ebola-tracker.org/reports/SITREP_MVE_097.pdf,,1,0,1,0,0,0.0,,,,,,,,,,,,,,,
2026-08-19,zone,Haut-Uélé,Boma-Mangbetu,97,https://ebola-tracker.org/reports/SITREP_MVE_097.pdf,,23,0,1,9,0,39.1,,,,,,,,,,,,,,,
2026-08-19,zone,Haut-Uélé,Gombari,97,https://ebola-tracker.org/reports/SITREP_MVE_097.pdf,,1,0,1,1,0,100.0,,,,,,,,,,,,,,,
2026-08-19,zone,Haut-Uélé,Isiro,97,https://ebola-tracker.org/reports/SITREP_MVE_097.pdf,,58,3,1,24,0,41.4,,,,,,,,,,,,,,,
2026-08-19,zone,Haut-Uélé,Pawa,97,https://ebola-tracker.org/reports/SITREP_MVE_097.pdf,,20,0,1,14,0,70.0,,,,,,,,,,,,,,,
2026-08-19,zone,Haut-Uélé,Rungu,97,https://ebola-tracker.org/reports/SITREP_MVE_097.pdf,,1,0,1,0,0,0.0,,,,,,,,,,,,,,,
2026-08-19,zone,Haut-Uélé,Wamba,97,https://ebola-tracker.org/reports/SITREP_MVE_097.pdf,,57,4,1,23,2,40.4,,,,,,,,,,,,,,,
2026-08-19,zone,Ituri,Adja,97,https://ebola-tracker.org/reports/SITREP_MVE_097.pdf,,11,0,1,1,0,9.1,,,,,,,,,,,,,,,
2026-08-19,zone,Ituri,Ariwara,97,https://ebola-tracker.org/reports/SITREP_MVE_097.pdf,,8,0,1,2,0,25.0,,,,,,,,,,,,,,,
2026-08-19,zone,Ituri,Aru,97,https://ebola-tracker.org/reports/SITREP_MVE_097.pdf,,7,0,1,6,0,85.7,,,,,,,,,,,,,,,
2026-08-19,zone,Ituri,Aungba,97,https://ebola-tracker.org/reports/SITREP_MVE_097.pdf,,11,0,1,5,0,45.5,,,,,,,,,,,,,,,
2026-08-19,zone,Ituri,Bambu,97,https://ebola-tracker.org/reports/SITREP_MVE_097.pdf,,114,0,1,26,0,22.8,,,,,,,,,,,,,,,
2026-08-19,zone,Ituri,Boga,97,https://ebola-tracker.org/reports/SITREP_MVE_097.pdf,,1,0,1,1,0,100.0,,,,,,,,,,,,,,,
2026-08-19,zone,Ituri,Bunia,97,https://ebola-tracker.org/reports/SITREP_MVE_097.pdf,,1244,25,1,389,5,31.3,,,,,,,,,,,,,,,
2026-08-19,zone,Ituri,Damas,97,https://ebola-tracker.org/reports/SITREP_MVE_097.pdf,,25,0,1,9,0,36.0,,,,,,,,,,,,,,,
2026-08-19,zone,Ituri,Drodro,97,https://ebola-tracker.org/reports/SITREP_MVE_097.pdf,,13,0,1,6,0,46.2,,,,,,,,,,,,,,,
2026-08-19,zone,Ituri,Fataki,97,https://ebola-tracker.org/reports/SITREP_MVE_097.pdf,,72,0,1,30,0,41.7,,,,,,,,,,,,,,,
2026-08-19,zone,Ituri,Gethy,97,https://ebola-tracker.org/reports/SITREP_MVE_097.pdf,,5,0,1,2,0,40.0,,,,,,,,,,,,,,,
2026-08-19,zone,Ituri,Kambala,97,https://ebola-tracker.org/reports/SITREP_MVE_097.pdf,,2,0,1,0,0,0.0,,,,,,,,,,,,,,,
2026-08-19,zone,Ituri,Kilo,97,https://ebola-tracker.org/reports/SITREP_MVE_097.pdf,,31,0,1,12,0,38.7,,,,,,,,,,,,,,,
2026-08-19,zone,Ituri,Komanda,97,https://ebola-tracker.org/reports/SITREP_MVE_097.pdf,,53,0,1,37,0,69.8,,,,,,,,,,,,,,,
2026-08-19,zone,Ituri,Lita,97,https://ebola-tracker.org/reports/SITREP_MVE_097.pdf,,186,0,1,106,0,57.0,,,,,,,,,,,,,,,
2026-08-19,zone,Ituri,Logo,97,https://ebola-tracker.org/reports/SITREP_MVE_097.pdf,,11,0,1,5,0,45.5,,,,,,,,,,,,,,,
2026-08-19,zone,Ituri,Lolwa,97,https://ebola-tracker.org/reports/SITREP_MVE_097.pdf,,17,0,1,4,0,23.5,,,,,,,,,,,,,,,
2026-08-19,zone,Ituri,Mahagi,97,https://ebola-tracker.org/reports/SITREP_MVE_097.pdf,,4,0,1,1,0,25.0,,,,,,,,,,,,,,,
2026-08-19,zone,Ituri,Mambasa,97,https://ebola-tracker.org/reports/SITREP_MVE_097.pdf,,14,0,1,7,0,50.0,,,,,,,,,,,,,,,
2026-08-19,zone,Ituri,Mandima,97,https://ebola-tracker.org/reports/SITREP_MVE_097.pdf,,25,0,1,16,0,64.0,,,,,,,,,,,,,,,
2026-08-19,zone,Ituri,Mangala,97,https://ebola-tracker.org/reports/SITREP_MVE_097.pdf,,183,10,1,105,6,57.4,,,,,,,,,,,,,,,
2026-08-19,zone,Ituri,Mongbwalu,97,https://ebola-tracker.org/reports/SITREP_MVE_097.pdf,,593,0,1,282,0,47.6,,,,,,,,,,,,,,,
2026-08-19,zone,Ituri,Nia-Nia,97,https://ebola-tracker.org/reports/SITREP_MVE_097.pdf,,182,4,1,105,1,57.7,,,,,,,,,,,,,,,
2026-08-19,zone,Ituri,Nizi,97,https://ebola-tracker.org/reports/SITREP_MVE_097.pdf,,567,9,1,244,1,43.0,,,,,,,,,,,,,,,
2026-08-19,zone,Ituri,Nyankunde,97,https://ebola-tracker.org/reports/SITREP_MVE_097.pdf,,121,0,1,35,0,28.9,,,,,,,,,,,,,,,
2026-08-19,zone,Ituri,Rimba,97,https://ebola-tracker.org/reports/SITREP_MVE_097.pdf,,10,1,1,4,0,40.0,,,,,,,,,,,,,,,
2026-08-19,zone,Ituri,Rwampara,97,https://ebola-tracker.org/reports/SITREP_MVE_097.pdf,,886,7,1,332,0,37.5,,,,,,,,,,,,,,,
2026-08-19,zone,Ituri,Tchomia,97,https://ebola-tracker.org/reports/SITREP_MVE_097.pdf,,51,0,1,25,0,49.0,,,,,,,,,,,,,,,
2026-08-19,zone,Nord-Kivu,Beni,97,https://ebola-tracker.org/reports/SITREP_MVE_097.pdf,,104,6,1,76,5,73.1,,,,,,,,,,,,,,,
2026-08-19,zone,Nord-Kivu,Butembo,97,https://ebola-tracker.org/reports/SITREP_MVE_097.pdf,,127,3,1,98,0,77.2,,,,,,,,,,,,,,,
2026-08-19,zone,Nord-Kivu,Goma,97,https://ebola-tracker.org/reports/SITREP_MVE_097.pdf,,1,0,1,0,0,0.0,,,,,,,,,,,,,,,
2026-08-19,zone,Nord-Kivu,Kalunguta,97,https://ebola-tracker.org/reports/SITREP_MVE_097.pdf,,13,0,1,6,0,46.2,,,,,,,,,,,,,,,
2026-08-19,zone,Nord-Kivu,Katwa,97,https://ebola-tracker.org/reports/SITREP_MVE_097.pdf,,316,6,1,210,6,66.5,,,,,,,,,,,,,,,
2026-08-19,zone,Nord-Kivu,Kyondo,97,https://ebola-tracker.org/reports/SITREP_MVE_097.pdf,,15,0,1,12,0,80.0,,,,,,,,,,,,,,,
2026-08-19,zone,Nord-Kivu,Lubero,97,https://ebola-tracker.org/reports/SITREP_MVE_097.pdf,,1,0,1,1,0,100.0,,,,,,,,,,,,,,,
2026-08-19,zone,Nord-Kivu,Mabalako,97,https://ebola-tracker.org/reports/SITREP_MVE_097.pdf,,2,0,1,1,0,50.0,,,,,,,,,,,,,,,
2026-08-19,zone,Nord-Kivu,Masereka,97,https://ebola-tracker.org/reports/SITREP_MVE_097.pdf,,7,0,1,4,0,57.1,,,,,,,,,,,,,,,
2026-08-19,zone,Nord-Kivu,Musienene,97,https://ebola-tracker.org/reports/SITREP_MVE_097.pdf,,66,3,1,38,1,57.6,,,,,,,,,,,,,,,
2026-08-19,zone,Nord-Kivu,Oicha,97,https://ebola-tracker.org/reports/SITREP_MVE_097.pdf,,6,0,1,4,0,66.7,,,,,,,,,,,,,,,
2026-08-19,zone,Nord-Kivu,Vuhovi,97,https://ebola-tracker.org/reports/SITREP_MVE_097.pdf,,5,0,1,2,0,40.0,,,,,,,,,,,,,,,
2026-08-19,zone,Sud-Kivu,Miti-Murhesa,97,https://ebola-tracker.org/reports/SITREP_MVE_097.pdf,,3,0,1,1,0,33.3,,,,,,,,,,,,,,,
2026-08-19,zone,Tshopo,Bafwasende,97,https://ebola-tracker.org/reports/SITREP_MVE_097.pdf,,1,0,1,0,0,0.0,,,,,,,,,,,,,,,
2026-08-19,zone,Tshopo,Kabondo,97,https://ebola-tracker.org/reports/SITREP_MVE_097.pdf,,3,0,1,1,-1,33.3,,,,,,,,,,,,,,,
2026-08-19,zone,Tshopo,Lubunga,97,https://ebola-tracker.org/reports/SITREP_MVE_097.pdf,,1,0,1,0,0,0.0,,,,,,,,,,,,,,,
2026-08-19,zone,Tshopo,Makiso-Kisangani,97,https://ebola-tracker.org/reports/SITREP_MVE_097.pdf,,6,1,1,3,-1,50.0,,,,,,,,,,,,,,,
2026-08-19,zone,Tshopo,Mangobo,97,https://ebola-tracker.org/reports/SITREP_MVE_097.pdf,,2,0,1,2,1,100.0,,,,,,,,,,,,,,,
2026-08-19,zone,Tshopo,Tshopo,97,https://ebola-tracker.org/reports/SITREP_MVE_097.pdf,,1,0,1,0,0,0.0,,,,,,,,,,,,,,,
2026-08-19,zone,Tshopo,Wanie-Rukula,97,https://ebola-tracker.org/reports/SITREP_MVE_097.pdf,,1,0,1,1,1,100.0,,,,,,,,,,,,,,,
2026-08-20,pays,,,98,https://ebola-tracker.org/reports/SITREP_MVE_098.pdf,,5375,85,1,2557,41,47.6,1167,6,20,1588,301,477,85,17.8,736,1183,60.1,23001,19674,85.5,
2026-08-20,province,Bas-Uélé,,98,https://ebola-tracker.org/reports/SITREP_MVE_098.pdf,,2,0,1,1,0,50.0,,0,0,5,4,,,,,,,,,59.5,
2026-08-20,province,Haut-Uélé,,98,https://ebola-tracker.org/reports/SITREP_MVE_098.pdf,,165,5,1,75,4,45.5,,,,24,17,16,5,31.2,,,,1447,892,61.6,
2026-08-20,province,Ituri,,98,https://ebola-tracker.org/reports/SITREP_MVE_098.pdf,,4510,63,1,2009,25,44.5,,6,19,663,147,344,63,18.3,536,965,55.2,13844,12365,89.3,
2026-08-20,province,Nord-Kivu,,98,https://ebola-tracker.org/reports/SITREP_MVE_098.pdf,,680,17,1,463,11,68.1,,,,810,116,117,17,14.5,169,206,82.0,7222,5929,82.1,
2026-08-20,province,Sud-Kivu,,98,https://ebola-tracker.org/reports/SITREP_MVE_098.pdf,,3,0,1,1,0,33.3,,0,0,11,5,,,,25,,,,,,
2026-08-20,province,Tshopo,,98,https://ebola-tracker.org/reports/SITREP_MVE_098.pdf,,15,0,1,8,1,53.3,,0,1,75,12,,,,6,12,50.0,488,488,100.0,
2026-08-20,zone,Bas-Uélé,Buta,98,https://ebola-tracker.org/reports/SITREP_MVE_098.pdf,,1,0,1,1,0,100.0,,,,,,,,,,,,,,,
2026-08-20,zone,Bas-Uélé,Viadana,98,https://ebola-tracker.org/reports/SITREP_MVE_098.pdf,,1,0,1,0,0,0.0,,,,,,,,,,,,,,,
2026-08-20,zone,Haut-Uélé,Boma-Mangbetu,98,https://ebola-tracker.org/reports/SITREP_MVE_098.pdf,,24,1,1,9,0,37.5,,,,,,,,,,,,,,,
2026-08-20,zone,Haut-Uélé,Gombari,98,https://ebola-tracker.org/reports/SITREP_MVE_098.pdf,,2,1,1,1,0,50.0,,,,,,,,,,,,,,,
2026-08-20,zone,Haut-Uélé,Isiro,98,https://ebola-tracker.org/reports/SITREP_MVE_098.pdf,,60,2,1,27,3,45.0,,,,,,,,,,,,,,,
2026-08-20,zone,Haut-Uélé,Pawa,98,https://ebola-tracker.org/reports/SITREP_MVE_098.pdf,,20,0,1,14,0,70.0,,,,,,,,,,,,,,,
2026-08-20,zone,Haut-Uélé,Rungu,98,https://ebola-tracker.org/reports/SITREP_MVE_098.pdf,,1,0,1,0,0,0.0,,,,,,,,,,,,,,,
2026-08-20,zone,Haut-Uélé,Wamba,98,https://ebola-tracker.org/reports/SITREP_MVE_098.pdf,,58,1,1,24,1,41.4,,,,,,,,,,,,,,,
2026-08-20,zone,Ituri,Adja,98,https://ebola-tracker.org/reports/SITREP_MVE_098.pdf,,11,0,1,1,0,9.1,,,,,,,,,,,,,,,
2026-08-20,zone,Ituri,Ariwara,98,https://ebola-tracker.org/reports/SITREP_MVE_098.pdf,,8,0,1,2,0,25.0,,,,,,,,,,,,,,,
2026-08-20,zone,Ituri,Aru,98,https://ebola-tracker.org/reports/SITREP_MVE_098.pdf,,7,0,1,6,0,85.7,,,,,,,,,,,,,,,
2026-08-20,zone,Ituri,Aungba,98,https://ebola-tracker.org/reports/SITREP_MVE_098.pdf,,12,1,1,5,0,41.7,,,,,,,,,,,,,,,
2026-08-20,zone,Ituri,Bambu,98,https://ebola-tracker.org/reports/SITREP_MVE_098.pdf,,126,12,1,28,2,22.2,,,,,,,,,,,,,,,
2026-08-20,zone,Ituri,Boga,98,https://ebola-tracker.org/reports/SITREP_MVE_098.pdf,,1,0,1,1,0,100.0,,,,,,,,,,,,,,,
2026-08-20,zone,Ituri,Bunia,98,https://ebola-tracker.org/reports/SITREP_MVE_098.pdf,,1254,10,1,391,2,31.2,,,,,,,,,,,,,,,
2026-08-20,zone,Ituri,Damas,98,https://ebola-tracker.org/reports/SITREP_MVE_098.pdf,,27,2,1,9,0,33.3,,,,,,,,,,,,,,,
2026-08-20,zone,Ituri,Drodro,98,https://ebola-tracker.org/reports/SITREP_MVE_098.pdf,,13,0,1,6,0,46.2,,,,,,,,,,,,,,,
2026-08-20,zone,Ituri,Fataki,98,https://ebola-tracker.org/reports/SITREP_MVE_098.pdf,,72,0,1,30,0,41.7,,,,,,,,,,,,,,,
2026-08-20,zone,Ituri,Gethy,98,https://ebola-tracker.org/reports/SITREP_MVE_098.pdf,,5,0,1,2,0,40.0,,,,,,,,,,,,,,,
2026-08-20,zone,Ituri,Kambala,98,https://ebola-tracker.org/reports/SITREP_MVE_098.pdf,,2,0,1,0,0,0.0,,,,,,,,,,,,,,,
2026-08-20,zone,Ituri,Kilo,98,https://ebola-tracker.org/reports/SITREP_MVE_098.pdf,,31,0,1,12,0,38.7,,,,,,,,,,,,,,,
2026-08-20,zone,Ituri,Komanda,98,https://ebola-tracker.org/reports/SITREP_MVE_098.pdf,,54,1,1,37,0,68.5,,,,,,,,,,,,,,,
2026-08-20,zone,Ituri,Lita,98,https://ebola-tracker.org/reports/SITREP_MVE_098.pdf,,190,4,1,106,0,55.8,,,,,,,,,,,,,,,
2026-08-20,zone,Ituri,Logo,98,https://ebola-tracker.org/reports/SITREP_MVE_098.pdf,,11,0,1,5,0,45.5,,,,,,,,,,,,,,,
2026-08-20,zone,Ituri,Lolwa,98,https://ebola-tracker.org/reports/SITREP_MVE_098.pdf,,17,0,1,4,0,23.5,,,,,,,,,,,,,,,
2026-08-20,zone,Ituri,Mahagi,98,https://ebola-tracker.org/reports/SITREP_MVE_098.pdf,,4,0,1,1,0,25.0,,,,,,,,,,,,,,,
2026-08-20,zone,Ituri,Mambasa,98,https://ebola-tracker.org/reports/SITREP_MVE_098.pdf,,14,0,1,7,0,50.0,,,,,,,,,,,,,,,
2026-08-20,zone,Ituri,Mandima,98,https://ebola-tracker.org/reports/SITREP_MVE_098.pdf,,25,0,1,16,0,64.0,,,,,,,,,,,,,,,
2026-08-20,zone,Ituri,Mangala,98,https://ebola-tracker.org/reports/SITREP_MVE_098.pdf,,188,5,1,105,0,55.9,,,,,,,,,,,,,,,
2026-08-20,zone,Ituri,Mongbwalu,98,https://ebola-tracker.org/reports/SITREP_MVE_098.pdf,,595,2,1,282,0,47.4,,,,,,,,,,,,,,,
2026-08-20,zone,Ituri,Nia-Nia,98,https://ebola-tracker.org/reports/SITREP_MVE_098.pdf,,185,3,1,105,0,56.8,,,,,,,,,,,,,,,
2026-08-20,zone,Ituri,Nizi,98,https://ebola-tracker.org/reports/SITREP_MVE_098.pdf,,580,13,1,244,0,42.1,,,,,,,,,,,,,,,
2026-08-20,zone,Ituri,Nyankunde,98,https://ebola-tracker.org/reports/SITREP_MVE_098.pdf,,121,0,1,35,0,28.9,,,,,,,,,,,,,,,
2026-08-20,zone,Ituri,Rimba,98,https://ebola-tracker.org/reports/SITREP_MVE_098.pdf,,10,0,1,4,0,40.0,,,,,,,,,,,,,,,
2026-08-20,zone,Ituri,Rwampara,98,https://ebola-tracker.org/reports/SITREP_MVE_098.pdf,,895,9,1,334,2,37.3,,,,,,,,,,,,,,,
2026-08-20,zone,Ituri,Tchomia,98,https://ebola-tracker.org/reports/SITREP_MVE_098.pdf,,52,1,1,25,0,48.1,,,,,,,,,,,,,,,
2026-08-20,zone,Nord-Kivu,Beni,98,https://ebola-tracker.org/reports/SITREP_MVE_098.pdf,,107,3,1,78,2,72.9,,,,,,,,,,,,,,,
2026-08-20,zone,Nord-Kivu,Butembo,98,https://ebola-tracker.org/reports/SITREP_MVE_098.pdf,,132,5,1,99,1,75.0,,,,,,,,,,,,,,,
2026-08-20,zone,Nord-Kivu,Goma,98,https://ebola-tracker.org/reports/SITREP_MVE_098.pdf,,1,0,1,0,0,0.0,,,,,,,,,,,,,,,
2026-08-20,zone,Nord-Kivu,Kalunguta,98,https://ebola-tracker.org/reports/SITREP_MVE_098.pdf,,13,0,1,6,0,46.2,,,,,,,,,,,,,,,
2026-08-20,zone,Nord-Kivu,Katwa,98,https://ebola-tracker.org/reports/SITREP_MVE_098.pdf,,323,7,1,217,7,67.2,,,,,,,,,,,,,,,
2026-08-20,zone,Nord-Kivu,Kyondo,98,https://ebola-tracker.org/reports/SITREP_MVE_098.pdf,,15,0,1,12,0,80.0,,,,,,,,,,,,,,,
2026-08-20,zone,Nord-Kivu,Lubero,98,https://ebola-tracker.org/reports/SITREP_MVE_098.pdf,,1,0,1,1,0,100.0,,,,,,,,,,,,,,,
2026-08-20,zone,Nord-Kivu,Mabalako,98,https://ebola-tracker.org/reports/SITREP_MVE_098.pdf,,2,0,1,1,0,50.0,,,,,,,,,,,,,,,
2026-08-20,zone,Nord-Kivu,Masereka,98,https://ebola-tracker.org/reports/SITREP_MVE_098.pdf,,7,0,1,4,0,57.1,,,,,,,,,,,,,,,
2026-08-20,zone,Nord-Kivu,Musienene,98,https://ebola-tracker.org/reports/SITREP_MVE_098.pdf,,68,2,1,39,1,57.4,,,,,,,,,,,,,,,
2026-08-20,zone,Nord-Kivu,Oicha,98,https://ebola-tracker.org/reports/SITREP_MVE_098.pdf,,6,0,1,4,0,66.7,,,,,,,,,,,,,,,
2026-08-20,zone,Nord-Kivu,Vuhovi,98,https://ebola-tracker.org/reports/SITREP_MVE_098.pdf,,5,0,1,2,0,40.0,,,,,,,,,,,,,,,
2026-08-20,zone,Sud-Kivu,Miti-Murhesa,98,https://ebola-tracker.org/reports/SITREP_MVE_098.pdf,,3,0,1,1,0,33.3,,,,,,,,,,,,,,,
2026-08-20,zone,Tshopo,Bafwasende,98,https://ebola-tracker.org/reports/SITREP_MVE_098.pdf,,1,0,1,0,0,0.0,,,,,,,,,,,,,,,
2026-08-20,zone,Tshopo,Kabondo,98,https://ebola-tracker.org/reports/SITREP_MVE_098.pdf,,3,0,1,1,0,33.3,,,,,,,,,,,,,,,
2026-08-20,zone,Tshopo,Lubunga,98,https://ebola-tracker.org/reports/SITREP_MVE_098.pdf,,1,0,1,0,0,0.0,,,,,,,,,,,,,,,
2026-08-20,zone,Tshopo,Makiso-Kisangani,98,https://ebola-tracker.org/reports/SITREP_MVE_098.pdf,,6,0,1,4,1,66.7,,,,,,,,,,,,,,,
2026-08-20,zone,Tshopo,Mangobo,98,https://ebola-tracker.org/reports/SITREP_MVE_098.pdf,,2,0,1,2,0,100.0,,,,,,,,,,,,,,,
2026-08-20,zone,Tshopo,Tshopo,98,https://ebola-tracker.org/reports/SITREP_MVE_098.pdf,,1,0,1,0,0,0.0,,,,,,,,,,,,,,,
2026-08-20,zone,Tshopo,Wanie-Rukula,98,https://ebola-tracker.org/reports/SITREP_MVE_098.pdf,,1,0,1,1,0,100.0,,,,,,,,,,,,,,,
2026-08-21,pays,,,99,https://ebola-tracker.org/reports/SITREP_MVE_099.pdf,,5458,83,1,2606,49,47.7,1182,27,22,1656,345,517,83,16.1,798,1315,58.6,23492,19829,84.4,
2026-08-21,province,Bas-Uélé,,99,https://ebola-tracker.org/reports/SITREP_MVE_099.pdf,,2,0,1,1,0,50.0,,0,0,2,0,,,,,,,234,120,51.3,
2026-08-21,province,Haut-Uélé,,99,https://ebola-tracker.org/reports/SITREP_MVE_099.pdf,,168,3,1,77,2,45.8,,1,1,41,18,12,3,25.0,69,130,53.1,1598,1042,65.2,
2026-08-21,province,Ituri,,99,https://ebola-tracker.org/reports/SITREP_MVE_099.pdf,,4572,62,1,2043,34,44.7,,17,17,763,243,389,62,15.9,521,965,54.0,13629,11937,87.6,
2026-08-21,province,Nord-Kivu,,99,https://ebola-tracker.org/reports/SITREP_MVE_099.pdf,,698,18,1,476,13,68.2,,9,4,725,74,114,18,15.8,176,206,85.4,7545,6244,82.8,
2026-08-21,province,Sud-Kivu,,99,https://ebola-tracker.org/reports/SITREP_MVE_099.pdf,,3,0,1,1,0,33.3,,0,0,7,2,2,0,0.0,27,,,,,,
2026-08-21,province,Tshopo,,99,https://ebola-tracker.org/reports/SITREP_MVE_099.pdf,,15,0,1,8,0,53.3,,0,0,118,8,,,,5,14,35.7,490,486,99.2,
2026-08-21,zone,Bas-Uélé,Buta,99,https://ebola-tracker.org/reports/SITREP_MVE_099.pdf,,1,0,1,1,0,100.0,,,,,,,,,,,,,,,
2026-08-21,zone,Bas-Uélé,Viadana,99,https://ebola-tracker.org/reports/SITREP_MVE_099.pdf,,1,0,1,0,0,0.0,,,,,,,,,,,,,,,
2026-08-21,zone,Haut-Uélé,Boma-Mangbetu,99,https://ebola-tracker.org/reports/SITREP_MVE_099.pdf,,24,0,1,9,0,37.5,,,,,,,,,,,,,,,
2026-08-21,zone,Haut-Uélé,Gombari,99,https://ebola-tracker.org/reports/SITREP_MVE_099.pdf,,2,0,1,1,0,50.0,,,,,,,,,,,,,,,
2026-08-21,zone,Haut-Uélé,Isiro,99,https://ebola-tracker.org/reports/SITREP_MVE_099.pdf,,63,3,1,28,1,44.4,,,,,,,,,,,,,,,
2026-08-21,zone,Haut-Uélé,Pawa,99,https://ebola-tracker.org/reports/SITREP_MVE_099.pdf,,20,0,1,15,1,75.0,,,,,,,,,,,,,,,
2026-08-21,zone,Haut-Uélé,Rungu,99,https://ebola-tracker.org/reports/SITREP_MVE_099.pdf,,1,0,1,0,0,0.0,,,,,,,,,,,,,,,
2026-08-21,zone,Haut-Uélé,Wamba,99,https://ebola-tracker.org/reports/SITREP_MVE_099.pdf,,58,0,1,24,0,41.4,,,,,,,,,,,,,,,
2026-08-21,zone,Ituri,Adja,99,https://ebola-tracker.org/reports/SITREP_MVE_099.pdf,,11,0,1,1,0,9.1,,,,,,,,,,,,,,,
2026-08-21,zone,Ituri,Ariwara,99,https://ebola-tracker.org/reports/SITREP_MVE_099.pdf,,8,0,1,2,0,25.0,,,,,,,,,,,,,,,
2026-08-21,zone,Ituri,Aru,99,https://ebola-tracker.org/reports/SITREP_MVE_099.pdf,,7,0,1,6,0,85.7,,,,,,,,,,,,,,,
2026-08-21,zone,Ituri,Aungba,99,https://ebola-tracker.org/reports/SITREP_MVE_099.pdf,,12,0,1,5,0,41.7,,,,,,,,,,,,,,,
2026-08-21,zone,Ituri,Bambu,99,https://ebola-tracker.org/reports/SITREP_MVE_099.pdf,,126,0,1,28,0,22.2,,,,,,,,,,,,,,,
2026-08-21,zone,Ituri,Boga,99,https://ebola-tracker.org/reports/SITREP_MVE_099.pdf,,1,0,1,1,0,100.0,,,,,,,,,,,,,,,
2026-08-21,zone,Ituri,Bunia,99,https://ebola-tracker.org/reports/SITREP_MVE_099.pdf,,1262,8,1,395,4,31.3,,,,,,,,,,,,,,,
2026-08-21,zone,Ituri,Damas,99,https://ebola-tracker.org/reports/SITREP_MVE_099.pdf,,27,0,1,9,0,33.3,,,,,,,,,,,,,,,
2026-08-21,zone,Ituri,Drodro,99,https://ebola-tracker.org/reports/SITREP_MVE_099.pdf,,13,0,1,6,0,46.2,,,,,,,,,,,,,,,
2026-08-21,zone,Ituri,Fataki,99,https://ebola-tracker.org/reports/SITREP_MVE_099.pdf,,73,1,1,30,0,41.1,,,,,,,,,,,,,,,
2026-08-21,zone,Ituri,Gethy,99,https://ebola-tracker.org/reports/SITREP_MVE_099.pdf,,5,0,1,2,0,40.0,,,,,,,,,,,,,,,
2026-08-21,zone,Ituri,Kambala,99,https://ebola-tracker.org/reports/SITREP_MVE_099.pdf,,2,0,1,0,0,0.0,,,,,,,,,,,,,,,
2026-08-21,zone,Ituri,Kilo,99,https://ebola-tracker.org/reports/SITREP_MVE_099.pdf,,31,0,1,12,0,38.7,,,,,,,,,,,,,,,
2026-08-21,zone,Ituri,Komanda,99,https://ebola-tracker.org/reports/SITREP_MVE_099.pdf,,57,3,1,37,0,64.9,,,,,,,,,,,,,,,
2026-08-21,zone,Ituri,Lita,99,https://ebola-tracker.org/reports/SITREP_MVE_099.pdf,,192,2,1,106,0,55.2,,,,,,,,,,,,,,,
2026-08-21,zone,Ituri,Logo,99,https://ebola-tracker.org/reports/SITREP_MVE_099.pdf,,11,0,1,5,0,45.5,,,,,,,,,,,,,,,
2026-08-21,zone,Ituri,Lolwa,99,https://ebola-tracker.org/reports/SITREP_MVE_099.pdf,,17,0,1,4,0,23.5,,,,,,,,,,,,,,,
2026-08-21,zone,Ituri,Mahagi,99,https://ebola-tracker.org/reports/SITREP_MVE_099.pdf,,4,0,1,1,0,25.0,,,,,,,,,,,,,,,
2026-08-21,zone,Ituri,Mambasa,99,https://ebola-tracker.org/reports/SITREP_MVE_099.pdf,,14,0,1,7,0,50.0,,,,,,,,,,,,,,,
2026-08-21,zone,Ituri,Mandima,99,https://ebola-tracker.org/reports/SITREP_MVE_099.pdf,,30,5,1,19,3,63.3,,,,,,,,,,,,,,,
2026-08-21,zone,Ituri,Mangala,99,https://ebola-tracker.org/reports/SITREP_MVE_099.pdf,,191,3,1,106,1,55.5,,,,,,,,,,,,,,,
2026-08-21,zone,Ituri,Mongbwalu,99,https://ebola-tracker.org/reports/SITREP_MVE_099.pdf,,600,5,1,283,1,47.2,,,,,,,,,,,,,,,
2026-08-21,zone,Ituri,Nia-Nia,99,https://ebola-tracker.org/reports/SITREP_MVE_099.pdf,,190,5,1,107,2,56.3,,,,,,,,,,,,,,,
2026-08-21,zone,Ituri,Nizi,99,https://ebola-tracker.org/reports/SITREP_MVE_099.pdf,,603,23,1,250,6,41.5,,,,,,,,,,,,,,,
2026-08-21,zone,Ituri,Nyankunde,99,https://ebola-tracker.org/reports/SITREP_MVE_099.pdf,,122,1,1,35,0,28.7,,,,,,,,,,,,,,,
2026-08-21,zone,Ituri,Rimba,99,https://ebola-tracker.org/reports/SITREP_MVE_099.pdf,,10,0,1,4,0,40.0,,,,,,,,,,,,,,,
2026-08-21,zone,Ituri,Rwampara,99,https://ebola-tracker.org/reports/SITREP_MVE_099.pdf,,900,5,1,334,0,37.1,,,,,,,,,,,,,,,
2026-08-21,zone,Ituri,Tchomia,99,https://ebola-tracker.org/reports/SITREP_MVE_099.pdf,,53,1,1,25,0,47.2,,,,,,,,,,,,,,,
2026-08-21,zone,Nord-Kivu,Beni,99,https://ebola-tracker.org/reports/SITREP_MVE_099.pdf,,108,1,1,81,3,75.0,,,,,,,,,,,,,,,
2026-08-21,zone,Nord-Kivu,Butembo,99,https://ebola-tracker.org/reports/SITREP_MVE_099.pdf,,136,4,1,103,4,75.7,,,,,,,,,,,,,,,
2026-08-21,zone,Nord-Kivu,Goma,99,https://ebola-tracker.org/reports/SITREP_MVE_099.pdf,,1,0,1,0,0,0.0,,,,,,,,,,,,,,,
2026-08-21,zone,Nord-Kivu,Kalunguta,99,https://ebola-tracker.org/reports/SITREP_MVE_099.pdf,,13,0,1,6,0,46.2,,,,,,,,,,,,,,,
2026-08-21,zone,Nord-Kivu,Katwa,99,https://ebola-tracker.org/reports/SITREP_MVE_099.pdf,,334,11,1,222,5,66.5,,,,,,,,,,,,,,,
2026-08-21,zone,Nord-Kivu,Kyondo,99,https://ebola-tracker.org/reports/SITREP_MVE_099.pdf,,16,1,1,12,0,75.0,,,,,,,,,,,,,,,
2026-08-21,zone,Nord-Kivu,Lubero,99,https://ebola-tracker.org/reports/SITREP_MVE_099.pdf,,1,0,1,1,0,100.0,,,,,,,,,,,,,,,
2026-08-21,zone,Nord-Kivu,Mabalako,99,https://ebola-tracker.org/reports/SITREP_MVE_099.pdf,,2,0,1,1,0,50.0,,,,,,,,,,,,,,,
2026-08-21,zone,Nord-Kivu,Masereka,99,https://ebola-tracker.org/reports/SITREP_MVE_099.pdf,,7,0,1,4,0,57.1,,,,,,,,,,,,,,,
2026-08-21,zone,Nord-Kivu,Musienene,99,https://ebola-tracker.org/reports/SITREP_MVE_099.pdf,,68,0,1,39,0,57.4,,,,,,,,,,,,,,,
2026-08-21,zone,Nord-Kivu,Mutwanga,99,https://ebola-tracker.org/reports/SITREP_MVE_099.pdf,,1,,,1,,100.0,,,,,,,,,,,,,,,
2026-08-21,zone,Nord-Kivu,Oicha,99,https://ebola-tracker.org/reports/SITREP_MVE_099.pdf,,6,0,1,4,0,66.7,,,,,,,,,,,,,,,
2026-08-21,zone,Nord-Kivu,Vuhovi,99,https://ebola-tracker.org/reports/SITREP_MVE_099.pdf,,5,0,1,2,0,40.0,,,,,,,,,,,,,,,
2026-08-21,zone,Sud-Kivu,Miti-Murhesa,99,https://ebola-tracker.org/reports/SITREP_MVE_099.pdf,,3,0,1,1,0,33.3,,,,,,,,,,,,,,,
2026-08-21,zone,Tshopo,Bafwasende,99,https://ebola-tracker.org/reports/SITREP_MVE_099.pdf,,1,0,1,0,0,0.0,,,,,,,,,,,,,,,
2026-08-21,zone,Tshopo,Kabondo,99,https://ebola-tracker.org/reports/SITREP_MVE_099.pdf,,3,0,1,1,0,33.3,,,,,,,,,,,,,,,
2026-08-21,zone,Tshopo,Lubunga,99,https://ebola-tracker.org/reports/SITREP_MVE_099.pdf,,1,0,1,0,0,0.0,,,,,,,,,,,,,,,
2026-08-21,zone,Tshopo,Makiso-Kisangani,99,https://ebola-tracker.org/reports/SITREP_MVE_099.pdf,,6,0,1,4,0,66.7,,,,,,,,,,,,,,,
2026-08-21,zone,Tshopo,Mangobo,99,https://ebola-tracker.org/reports/SITREP_MVE_099.pdf,,2,0,1,2,0,100.0,,,,,,,,,,,,,,,
2026-08-21,zone,Tshopo,Tshopo,99,https://ebola-tracker.org/reports/SITREP_MVE_099.pdf,,1,0,1,0,0,0.0,,,,,,,,,,,,,,,
2026-08-21,zone,Tshopo,Wanie-Rukula,99,https://ebola-tracker.org/reports/SITREP_MVE_099.pdf,,1,0,1,1,0,100.0,,,,,,,,,,,,,,,
2026-08-22,pays,,,100,https://ebola-tracker.org/reports/SITREP_MVE_100.pdf,,5514,56,1,2642,36,47.9,1200,23,13,1164,212,327,55,16.8,800,1315,58.6,17127,14277,83.4,
2026-08-22,province,Bas-Uélé,,100,https://ebola-tracker.org/reports/SITREP_MVE_100.pdf,,2,0,1,1,0,50.0,,0,0,6,6,1,0,0.0,,,,234,125,53.4,
2026-08-22,province,Haut-Uélé,,100,https://ebola-tracker.org/reports/SITREP_MVE_100.pdf,,173,5,1,77,0,44.5,,0,0,17,15,11,4,36.4,72,130,55.4,1617,1260,77.9,
2026-08-22,province,Ituri,,100,https://ebola-tracker.org/reports/SITREP_MVE_100.pdf,,4607,35,1,2065,22,44.8,,12,10,274,74,173,35,20.2,528,965,54.7,6940,5954,85.8,
2026-08-22,province,Nord-Kivu,,100,https://ebola-tracker.org/reports/SITREP_MVE_100.pdf,,714,16,1,490,14,68.6,,11,3,742,111,140,16,11.4,167,206,81.1,7846,6448,82.2,
2026-08-22,province,Sud-Kivu,,100,https://ebola-tracker.org/reports/SITREP_MVE_100.pdf,,3,0,1,1,0,33.3,,0,0,5,2,2,0,0.0,29,,,,,,
2026-08-22,province,Tshopo,,100,https://ebola-tracker.org/reports/SITREP_MVE_100.pdf,,15,0,1,8,0,53.3,,0,0,120,4,,,,4,14,28.6,490,490,100.0,
2026-08-22,zone,Bas-Uélé,Buta,100,https://ebola-tracker.org/reports/SITREP_MVE_100.pdf,,1,0,1,1,0,100.0,,,,,,,,,,,,,,,
2026-08-22,zone,Bas-Uélé,Viadana,100,https://ebola-tracker.org/reports/SITREP_MVE_100.pdf,,1,0,1,0,0,0.0,,,,,,,,,,,,,,,
2026-08-22,zone,Haut-Uélé,Boma-Mangbetu,100,https://ebola-tracker.org/reports/SITREP_MVE_100.pdf,,24,0,1,9,0,37.5,,,,,,,,,,,,,,,
2026-08-22,zone,Haut-Uélé,Gombari,100,https://ebola-tracker.org/reports/SITREP_MVE_100.pdf,,3,1,1,1,0,33.3,,,,,,,,,,,,,,,
2026-08-22,zone,Haut-Uélé,Isiro,100,https://ebola-tracker.org/reports/SITREP_MVE_100.pdf,,67,4,1,28,0,41.8,,,,,,,,,,,,,,,
2026-08-22,zone,Haut-Uélé,Pawa,100,https://ebola-tracker.org/reports/SITREP_MVE_100.pdf,,20,0,1,15,0,75.0,,,,,,,,,,,,,,,
2026-08-22,zone,Haut-Uélé,Rungu,100,https://ebola-tracker.org/reports/SITREP_MVE_100.pdf,,1,0,1,0,0,0.0,,,,,,,,,,,,,,,
2026-08-22,zone,Haut-Uélé,Wamba,100,https://ebola-tracker.org/reports/SITREP_MVE_100.pdf,,58,0,1,24,0,41.4,,,,,,,,,,,,,,,
2026-08-22,zone,Ituri,Adja,100,https://ebola-tracker.org/reports/SITREP_MVE_100.pdf,,11,0,1,1,0,9.1,,,,,,,,,,,,,,,
2026-08-22,zone,Ituri,Ariwara,100,https://ebola-tracker.org/reports/SITREP_MVE_100.pdf,,8,0,1,2,0,25.0,,,,,,,,,,,,,,,
2026-08-22,zone,Ituri,Aru,100,https://ebola-tracker.org/reports/SITREP_MVE_100.pdf,,7,0,1,6,0,85.7,,,,,,,,,,,,,,,
2026-08-22,zone,Ituri,Aungba,100,https://ebola-tracker.org/reports/SITREP_MVE_100.pdf,,12,0,1,5,0,41.7,,,,,,,,,,,,,,,
2026-08-22,zone,Ituri,Bambu,100,https://ebola-tracker.org/reports/SITREP_MVE_100.pdf,,127,1,1,28,0,22.0,,,,,,,,,,,,,,,
2026-08-22,zone,Ituri,Boga,100,https://ebola-tracker.org/reports/SITREP_MVE_100.pdf,,1,0,1,1,0,100.0,,,,,,,,,,,,,,,
2026-08-22,zone,Ituri,Bunia,100,https://ebola-tracker.org/reports/SITREP_MVE_100.pdf,,1279,17,1,402,7,31.4,,,,,,,,,,,,,,,
2026-08-22,zone,Ituri,Damas,100,https://ebola-tracker.org/reports/SITREP_MVE_100.pdf,,27,0,1,9,0,33.3,,,,,,,,,,,,,,,
2026-08-22,zone,Ituri,Drodro,100,https://ebola-tracker.org/reports/SITREP_MVE_100.pdf,,13,0,1,6,0,46.2,,,,,,,,,,,,,,,
2026-08-22,zone,Ituri,Fataki,100,https://ebola-tracker.org/reports/SITREP_MVE_100.pdf,,73,0,1,30,0,41.1,,,,,,,,,,,,,,,
2026-08-22,zone,Ituri,Gethy,100,https://ebola-tracker.org/reports/SITREP_MVE_100.pdf,,5,0,1,2,0,40.0,,,,,,,,,,,,,,,
2026-08-22,zone,Ituri,Kambala,100,https://ebola-tracker.org/reports/SITREP_MVE_100.pdf,,2,0,1,0,0,0.0,,,,,,,,,,,,,,,
2026-08-22,zone,Ituri,Kilo,100,https://ebola-tracker.org/reports/SITREP_MVE_100.pdf,,31,0,1,12,0,38.7,,,,,,,,,,,,,,,
2026-08-22,zone,Ituri,Komanda,100,https://ebola-tracker.org/reports/SITREP_MVE_100.pdf,,58,1,1,38,1,65.5,,,,,,,,,,,,,,,
2026-08-22,zone,Ituri,Lita,100,https://ebola-tracker.org/reports/SITREP_MVE_100.pdf,,196,4,1,108,2,55.1,,,,,,,,,,,,,,,
2026-08-22,zone,Ituri,Logo,100,https://ebola-tracker.org/reports/SITREP_MVE_100.pdf,,11,0,1,5,0,45.5,,,,,,,,,,,,,,,
2026-08-22,zone,Ituri,Lolwa,100,https://ebola-tracker.org/reports/SITREP_MVE_100.pdf,,17,0,1,4,0,23.5,,,,,,,,,,,,,,,
2026-08-22,zone,Ituri,Mahagi,100,https://ebola-tracker.org/reports/SITREP_MVE_100.pdf,,4,0,1,1,0,25.0,,,,,,,,,,,,,,,
2026-08-22,zone,Ituri,Mambasa,100,https://ebola-tracker.org/reports/SITREP_MVE_100.pdf,,14,0,1,7,0,50.0,,,,,,,,,,,,,,,
2026-08-22,zone,Ituri,Mandima,100,https://ebola-tracker.org/reports/SITREP_MVE_100.pdf,,32,2,1,19,0,59.4,,,,,,,,,,,,,,,
2026-08-22,zone,Ituri,Mangala,100,https://ebola-tracker.org/reports/SITREP_MVE_100.pdf,,191,0,1,106,0,55.5,,,,,,,,,,,,,,,
2026-08-22,zone,Ituri,Mongbwalu,100,https://ebola-tracker.org/reports/SITREP_MVE_100.pdf,,600,0,1,283,0,47.2,,,,,,,,,,,,,,,
2026-08-22,zone,Ituri,Nia-Nia,100,https://ebola-tracker.org/reports/SITREP_MVE_100.pdf,,191,1,1,107,0,56.0,,,,,,,,,,,,,,,
2026-08-22,zone,Ituri,Nizi,100,https://ebola-tracker.org/reports/SITREP_MVE_100.pdf,,609,6,1,252,2,41.4,,,,,,,,,,,,,,,
2026-08-22,zone,Ituri,Nyankunde,100,https://ebola-tracker.org/reports/SITREP_MVE_100.pdf,,122,0,1,35,0,28.7,,,,,,,,,,,,,,,
2026-08-22,zone,Ituri,Rimba,100,https://ebola-tracker.org/reports/SITREP_MVE_100.pdf,,10,0,1,4,0,40.0,,,,,,,,,,,,,,,
2026-08-22,zone,Ituri,Rwampara,100,https://ebola-tracker.org/reports/SITREP_MVE_100.pdf,,902,2,1,334,0,37.0,,,,,,,,,,,,,,,
2026-08-22,zone,Ituri,Tchomia,100,https://ebola-tracker.org/reports/SITREP_MVE_100.pdf,,54,1,1,25,0,46.3,,,,,,,,,,,,,,,
2026-08-22,zone,Nord-Kivu,Beni,100,https://ebola-tracker.org/reports/SITREP_MVE_100.pdf,,114,6,1,84,3,73.7,,,,,,,,,,,,,,,
2026-08-22,zone,Nord-Kivu,Butembo,100,https://ebola-tracker.org/reports/SITREP_MVE_100.pdf,,137,1,1,106,3,77.4,,,,,,,,,,,,,,,
2026-08-22,zone,Nord-Kivu,Goma,100,https://ebola-tracker.org/reports/SITREP_MVE_100.pdf,,1,0,1,0,0,0.0,,,,,,,,,,,,,,,
2026-08-22,zone,Nord-Kivu,Kalunguta,100,https://ebola-tracker.org/reports/SITREP_MVE_100.pdf,,13,0,1,6,0,46.2,,,,,,,,,,,,,,,
2026-08-22,zone,Nord-Kivu,Katwa,100,https://ebola-tracker.org/reports/SITREP_MVE_100.pdf,,342,8,1,229,7,67.0,,,,,,,,,,,,,,,
2026-08-22,zone,Nord-Kivu,Kyondo,100,https://ebola-tracker.org/reports/SITREP_MVE_100.pdf,,16,0,1,12,0,75.0,,,,,,,,,,,,,,,
2026-08-22,zone,Nord-Kivu,Lubero,100,https://ebola-tracker.org/reports/SITREP_MVE_100.pdf,,1,0,1,1,0,100.0,,,,,,,,,,,,,,,
2026-08-22,zone,Nord-Kivu,Mabalako,100,https://ebola-tracker.org/reports/SITREP_MVE_100.pdf,,3,1,1,2,1,66.7,,,,,,,,,,,,,,,
2026-08-22,zone,Nord-Kivu,Masereka,100,https://ebola-tracker.org/reports/SITREP_MVE_100.pdf,,7,0,1,4,0,57.1,,,,,,,,,,,,,,,
2026-08-22,zone,Nord-Kivu,Musienene,100,https://ebola-tracker.org/reports/SITREP_MVE_100.pdf,,68,0,1,39,0,57.4,,,,,,,,,,,,,,,
2026-08-22,zone,Nord-Kivu,Mutwanga,100,https://ebola-tracker.org/reports/SITREP_MVE_100.pdf,,1,0,1,1,0,100.0,,,,,,,,,,,,,,,
2026-08-22,zone,Nord-Kivu,Oicha,100,https://ebola-tracker.org/reports/SITREP_MVE_100.pdf,,6,0,1,4,0,66.7,,,,,,,,,,,,,,,
2026-08-22,zone,Nord-Kivu,Vuhovi,100,https://ebola-tracker.org/reports/SITREP_MVE_100.pdf,,5,0,1,2,0,40.0,,,,,,,,,,,,,,,
2026-08-22,zone,Sud-Kivu,Miti-Murhesa,100,https://ebola-tracker.org/reports/SITREP_MVE_100.pdf,,3,0,1,1,0,33.3,,,,,,,,,,,,,,,
2026-08-22,zone,Tshopo,Bafwasende,100,https://ebola-tracker.org/reports/SITREP_MVE_100.pdf,,1,0,1,0,0,0.0,,,,,,,,,,,,,,,
2026-08-22,zone,Tshopo,Kabondo,100,https://ebola-tracker.org/reports/SITREP_MVE_100.pdf,,3,0,1,1,0,33.3,,,,,,,,,,,,,,,
2026-08-22,zone,Tshopo,Lubunga,100,https://ebola-tracker.org/reports/SITREP_MVE_100.pdf,,1,0,1,0,0,0.0,,,,,,,,,,,,,,,
2026-08-22,zone,Tshopo,Makiso-Kisangani,100,https://ebola-tracker.org/reports/SITREP_MVE_100.pdf,,6,0,1,4,0,66.7,,,,,,,,,,,,,,,
2026-08-22,zone,Tshopo,Mangobo,100,https://ebola-tracker.org/reports/SITREP_MVE_100.pdf,,2,0,1,2,0,100.0,,,,,,,,,,,,,,,
2026-08-22,zone,Tshopo,Tshopo,100,https://ebola-tracker.org/reports/SITREP_MVE_100.pdf,,1,0,1,0,0,0.0,,,,,,,,,,,,,,,
2026-08-22,zone,Tshopo,Wanie-Rukula,100,https://ebola-tracker.org/reports/SITREP_MVE_100.pdf,,1,0,1,1,0,100.0,,,,,,,,,,,,,,,
2026-08-23,pays,,,101,https://ebola-tracker.org/reports/SITREP_MVE_101.pdf,,5584,70,1,2680,38,48.0,1215,16,22,1539,277,459,70,15.3,815,1315,62.0,22015,18361,83.4,
2026-08-23,province,Bas-Uélé,,101,https://ebola-tracker.org/reports/SITREP_MVE_101.pdf,,2,0,1,1,0,50.0,,0,0,3,3,,,,,,,234,126,53.8,
2026-08-23,province,Haut-Uélé,,101,https://ebola-tracker.org/reports/SITREP_MVE_101.pdf,,181,8,1,84,7,46.4,,2,5,18,14,31,8,25.8,72,130,55.4,1725,1297,75.2,
2026-08-23,province,Ituri,,101,https://ebola-tracker.org/reports/SITREP_MVE_101.pdf,,4655,48,1,2088,23,44.9,,6,17,660,164,321,48,15.0,555,965,57.5,11665,10110,86.7,
2026-08-23,province,Nord-Kivu,,101,https://ebola-tracker.org/reports/SITREP_MVE_101.pdf,,728,14,1,498,8,68.4,,8,0,733,94,107,14,13.1,181,206,87.9,7902,6341,80.2,
2026-08-23,province,Sud-Kivu,,101,https://ebola-tracker.org/reports/SITREP_MVE_101.pdf,,3,0,1,1,0,33.3,,0,0,1,1,,,,,,,,,,
2026-08-23,province,Tshopo,,101,https://ebola-tracker.org/reports/SITREP_MVE_101.pdf,,15,0,1,8,0,53.3,,0,0,124,1,,,,7,14,50.0,489,487,99.6,
2026-08-23,zone,Bas-Uélé,Buta,101,https://ebola-tracker.org/reports/SITREP_MVE_101.pdf,,1,0,1,1,0,100.0,,,,,,,,,,,,,,,
2026-08-23,zone,Bas-Uélé,Viadana,101,https://ebola-tracker.org/reports/SITREP_MVE_101.pdf,,1,0,1,0,0,0.0,,,,,,,,,,,,,,,
2026-08-23,zone,Haut-Uélé,Boma-Mangbetu,101,https://ebola-tracker.org/reports/SITREP_MVE_101.pdf,,26,2,1,13,4,50.0,,,,,,,,,,,,,,,
2026-08-23,zone,Haut-Uélé,Gombari,101,https://ebola-tracker.org/reports/SITREP_MVE_101.pdf,,3,0,1,1,0,33.3,,,,,,,,,,,,,,,
2026-08-23,zone,Haut-Uélé,Isiro,101,https://ebola-tracker.org/reports/SITREP_MVE_101.pdf,,68,1,1,29,1,42.6,,,,,,,,,,,,,,,
2026-08-23,zone,Haut-Uélé,Pawa,101,https://ebola-tracker.org/reports/SITREP_MVE_101.pdf,,20,0,1,15,0,75.0,,,,,,,,,,,,,,,
2026-08-23,zone,Haut-Uélé,Rungu,101,https://ebola-tracker.org/reports/SITREP_MVE_101.pdf,,1,0,1,0,0,0.0,,,,,,,,,,,,,,,
2026-08-23,zone,Haut-Uélé,Wamba,101,https://ebola-tracker.org/reports/SITREP_MVE_101.pdf,,63,5,1,26,2,41.3,,,,,,,,,,,,,,,
2026-08-23,zone,Ituri,Adja,101,https://ebola-tracker.org/reports/SITREP_MVE_101.pdf,,11,0,1,1,0,9.1,,,,,,,,,,,,,,,
2026-08-23,zone,Ituri,Ariwara,101,https://ebola-tracker.org/reports/SITREP_MVE_101.pdf,,8,0,1,2,0,25.0,,,,,,,,,,,,,,,
2026-08-23,zone,Ituri,Aru,101,https://ebola-tracker.org/reports/SITREP_MVE_101.pdf,,7,0,1,6,0,85.7,,,,,,,,,,,,,,,
2026-08-23,zone,Ituri,Aungba,101,https://ebola-tracker.org/reports/SITREP_MVE_101.pdf,,12,0,1,5,0,41.7,,,,,,,,,,,,,,,
2026-08-23,zone,Ituri,Bambu,101,https://ebola-tracker.org/reports/SITREP_MVE_101.pdf,,127,0,1,28,0,22.0,,,,,,,,,,,,,,,
2026-08-23,zone,Ituri,Boga,101,https://ebola-tracker.org/reports/SITREP_MVE_101.pdf,,1,0,1,1,0,100.0,,,,,,,,,,,,,,,
2026-08-23,zone,Ituri,Bunia,101,https://ebola-tracker.org/reports/SITREP_MVE_101.pdf,,1298,19,1,405,3,31.2,,,,,,,,,,,,,,,
2026-08-23,zone,Ituri,Damas,101,https://ebola-tracker.org/reports/SITREP_MVE_101.pdf,,27,0,1,9,0,33.3,,,,,,,,,,,,,,,
2026-08-23,zone,Ituri,Drodro,101,https://ebola-tracker.org/reports/SITREP_MVE_101.pdf,,13,0,1,6,0,46.2,,,,,,,,,,,,,,,
2026-08-23,zone,Ituri,Fataki,101,https://ebola-tracker.org/reports/SITREP_MVE_101.pdf,,73,0,1,30,0,41.1,,,,,,,,,,,,,,,
2026-08-23,zone,Ituri,Gethy,101,https://ebola-tracker.org/reports/SITREP_MVE_101.pdf,,5,0,1,2,0,40.0,,,,,,,,,,,,,,,
2026-08-23,zone,Ituri,Kambala,101,https://ebola-tracker.org/reports/SITREP_MVE_101.pdf,,2,0,1,0,0,0.0,,,,,,,,,,,,,,,
2026-08-23,zone,Ituri,Kilo,101,https://ebola-tracker.org/reports/SITREP_MVE_101.pdf,,32,1,1,12,0,37.5,,,,,,,,,,,,,,,
2026-08-23,zone,Ituri,Komanda,101,https://ebola-tracker.org/reports/SITREP_MVE_101.pdf,,59,1,1,38,0,64.4,,,,,,,,,,,,,,,
2026-08-23,zone,Ituri,Lita,101,https://ebola-tracker.org/reports/SITREP_MVE_101.pdf,,197,1,1,109,1,55.3,,,,,,,,,,,,,,,
2026-08-23,zone,Ituri,Logo,101,https://ebola-tracker.org/reports/SITREP_MVE_101.pdf,,11,0,1,5,0,45.5,,,,,,,,,,,,,,,
2026-08-23,zone,Ituri,Lolwa,101,https://ebola-tracker.org/reports/SITREP_MVE_101.pdf,,18,1,1,4,0,22.2,,,,,,,,,,,,,,,
2026-08-23,zone,Ituri,Mahagi,101,https://ebola-tracker.org/reports/SITREP_MVE_101.pdf,,4,0,1,1,0,25.0,,,,,,,,,,,,,,,
2026-08-23,zone,Ituri,Mambasa,101,https://ebola-tracker.org/reports/SITREP_MVE_101.pdf,,14,0,1,7,0,50.0,,,,,,,,,,,,,,,
2026-08-23,zone,Ituri,Mandima,101,https://ebola-tracker.org/reports/SITREP_MVE_101.pdf,,32,0,1,19,0,59.4,,,,,,,,,,,,,,,
2026-08-23,zone,Ituri,Mangala,101,https://ebola-tracker.org/reports/SITREP_MVE_101.pdf,,197,6,1,106,0,53.8,,,,,,,,,,,,,,,
2026-08-23,zone,Ituri,Mongbwalu,101,https://ebola-tracker.org/reports/SITREP_MVE_101.pdf,,602,2,1,283,0,47.0,,,,,,,,,,,,,,,
2026-08-23,zone,Ituri,Nia-Nia,101,https://ebola-tracker.org/reports/SITREP_MVE_101.pdf,,193,2,1,108,1,56.0,,,,,,,,,,,,,,,
2026-08-23,zone,Ituri,Nizi,101,https://ebola-tracker.org/reports/SITREP_MVE_101.pdf,,612,3,1,252,0,41.2,,,,,,,,,,,,,,,
2026-08-23,zone,Ituri,Nyankunde,101,https://ebola-tracker.org/reports/SITREP_MVE_101.pdf,,122,0,1,35,0,28.7,,,,,,,,,,,,,,,
2026-08-23,zone,Ituri,Rimba,101,https://ebola-tracker.org/reports/SITREP_MVE_101.pdf,,10,0,1,4,0,40.0,,,,,,,,,,,,,,,
2026-08-23,zone,Ituri,Rwampara,101,https://ebola-tracker.org/reports/SITREP_MVE_101.pdf,,913,11,1,335,1,36.7,,,,,,,,,,,,,,,
2026-08-23,zone,Ituri,Tchomia,101,https://ebola-tracker.org/reports/SITREP_MVE_101.pdf,,55,1,1,25,0,45.5,,,,,,,,,,,,,,,
2026-08-23,zone,Nord-Kivu,Beni,101,https://ebola-tracker.org/reports/SITREP_MVE_101.pdf,,117,3,1,84,0,71.8,,,,,,,,,,,,,,,
2026-08-23,zone,Nord-Kivu,Butembo,101,https://ebola-tracker.org/reports/SITREP_MVE_101.pdf,,138,1,1,106,0,76.8,,,,,,,,,,,,,,,
2026-08-23,zone,Nord-Kivu,Goma,101,https://ebola-tracker.org/reports/SITREP_MVE_101.pdf,,1,0,1,0,0,0.0,,,,,,,,,,,,,,,
2026-08-23,zone,Nord-Kivu,Kalunguta,101,https://ebola-tracker.org/reports/SITREP_MVE_101.pdf,,15,2,1,7,1,46.7,,,,,,,,,,,,,,,
2026-08-23,zone,Nord-Kivu,Katwa,101,https://ebola-tracker.org/reports/SITREP_MVE_101.pdf,,348,6,1,234,5,67.2,,,,,,,,,,,,,,,
2026-08-23,zone,Nord-Kivu,Kyondo,101,https://ebola-tracker.org/reports/SITREP_MVE_101.pdf,,16,0,1,12,0,75.0,,,,,,,,,,,,,,,
2026-08-23,zone,Nord-Kivu,Lubero,101,https://ebola-tracker.org/reports/SITREP_MVE_101.pdf,,1,0,1,1,0,100.0,,,,,,,,,,,,,,,
2026-08-23,zone,Nord-Kivu,Mabalako,101,https://ebola-tracker.org/reports/SITREP_MVE_101.pdf,,3,0,1,2,0,66.7,,,,,,,,,,,,,,,
2026-08-23,zone,Nord-Kivu,Masereka,101,https://ebola-tracker.org/reports/SITREP_MVE_101.pdf,,7,0,1,4,0,57.1,,,,,,,,,,,,,,,
2026-08-23,zone,Nord-Kivu,Musienene,101,https://ebola-tracker.org/reports/SITREP_MVE_101.pdf,,70,2,1,41,2,58.6,,,,,,,,,,,,,,,
2026-08-23,zone,Nord-Kivu,Mutwanga,101,https://ebola-tracker.org/reports/SITREP_MVE_101.pdf,,1,0,1,1,0,100.0,,,,,,,,,,,,,,,
2026-08-23,zone,Nord-Kivu,Oicha,101,https://ebola-tracker.org/reports/SITREP_MVE_101.pdf,,6,0,1,4,0,66.7,,,,,,,,,,,,,,,
2026-08-23,zone,Nord-Kivu,Vuhovi,101,https://ebola-tracker.org/reports/SITREP_MVE_101.pdf,,5,0,1,2,0,40.0,,,,,,,,,,,,,,,
2026-08-23,zone,Sud-Kivu,Miti-Murhesa,101,https://ebola-tracker.org/reports/SITREP_MVE_101.pdf,,3,0,1,1,0,33.3,,,,,,,,,,,,,,,
2026-08-23,zone,Tshopo,Bafwasende,101,https://ebola-tracker.org/reports/SITREP_MVE_101.pdf,,1,0,1,0,0,0.0,,,,,,,,,,,,,,,
2026-08-23,zone,Tshopo,Kabondo,101,https://ebola-tracker.org/reports/SITREP_MVE_101.pdf,,3,0,1,1,0,33.3,,,,,,,,,,,,,,,
2026-08-23,zone,Tshopo,Lubunga,101,https://ebola-tracker.org/reports/SITREP_MVE_101.pdf,,1,0,1,0,0,0.0,,,,,,,,,,,,,,,
2026-08-23,zone,Tshopo,Makiso-Kisangani,101,https://ebola-tracker.org/reports/SITREP_MVE_101.pdf,,6,0,1,4,0,66.7,,,,,,,,,,,,,,,
2026-08-23,zone,Tshopo,Mangobo,101,https://ebola-tracker.org/reports/SITREP_MVE_101.pdf,,2,0,1,2,0,100.0,,,,,,,,,,,,,,,
2026-08-23,zone,Tshopo,Tshopo,101,https://ebola-tracker.org/reports/SITREP_MVE_101.pdf,,1,0,1,0,0,0.0,,,,,,,,,,,,,,,
2026-08-23,zone,Tshopo,Wanie-Rukula,101,https://ebola-tracker.org/reports/SITREP_MVE_101.pdf,,1,0,1,1,0,100.0,,,,,,,,,,,,,,,
2026-08-24,pays,,,102,https://ebola-tracker.org/reports/SITREP_MVE_102.pdf,,5656,72,1,2715,35,48.0,1245,18,17,1800,311,468,72,15.4,781,1314,59.4,24106,19495,80.9,
2026-08-24,province,Bas-Uélé,,102,https://ebola-tracker.org/reports/SITREP_MVE_102.pdf,,3,1,1,1,0,33.3,,0,0,18,3,4,1,25.0,,,,234,133,56.8,
2026-08-24,province,Haut-Uélé,,102,https://ebola-tracker.org/reports/SITREP_MVE_102.pdf,,184,3,1,85,1,46.2,,0,1,22,22,18,3,16.7,81,130,62.3,1719,1105,64.3,
2026-08-24,province,Ituri,,102,https://ebola-tracker.org/reports/SITREP_MVE_102.pdf,,4716,61,1,2119,31,44.9,,15,16,664,141,347,61,17.6,522,978,53.4,13611,11865,87.2,
2026-08-24,province,Nord-Kivu,,102,https://ebola-tracker.org/reports/SITREP_MVE_102.pdf,,735,7,1,501,3,68.2,,3,0,1012,137,99,7,7.1,178,206,86.4,8053,5903,73.3,
2026-08-24,province,Sud-Kivu,,102,https://ebola-tracker.org/reports/SITREP_MVE_102.pdf,,3,0,1,1,0,33.3,,0,0,4,1,,,,,,,,,,
2026-08-24,province,Tshopo,,102,https://ebola-tracker.org/reports/SITREP_MVE_102.pdf,,15,0,1,8,0,53.3,,0,0,80,7,,,,,,,489,489,100.0,
2026-08-24,zone,Bas-Uélé,Buta,102,https://ebola-tracker.org/reports/SITREP_MVE_102.pdf,,1,0,1,1,0,100.0,,,,,,,,,,,,,,,
2026-08-24,zone,Bas-Uélé,Ganga,102,https://ebola-tracker.org/reports/SITREP_MVE_102.pdf,,1,,,0,,0.0,,,,,,,,,,,,,,,
2026-08-24,zone,Bas-Uélé,Viadana,102,https://ebola-tracker.org/reports/SITREP_MVE_102.pdf,,1,0,1,0,0,0.0,,,,,,,,,,,,,,,
2026-08-24,zone,Haut-Uélé,Boma-Mangbetu,102,https://ebola-tracker.org/reports/SITREP_MVE_102.pdf,,26,0,1,13,0,50.0,,,,,,,,,,,,,,,
2026-08-24,zone,Haut-Uélé,Gombari,102,https://ebola-tracker.org/reports/SITREP_MVE_102.pdf,,3,0,1,1,0,33.3,,,,,,,,,,,,,,,
2026-08-24,zone,Haut-Uélé,Isiro,102,https://ebola-tracker.org/reports/SITREP_MVE_102.pdf,,70,2,1,30,1,42.9,,,,,,,,,,,,,,,
2026-08-24,zone,Haut-Uélé,Pawa,102,https://ebola-tracker.org/reports/SITREP_MVE_102.pdf,,20,0,1,15,0,75.0,,,,,,,,,,,,,,,
2026-08-24,zone,Haut-Uélé,Rungu,102,https://ebola-tracker.org/reports/SITREP_MVE_102.pdf,,1,0,1,0,0,0.0,,,,,,,,,,,,,,,
2026-08-24,zone,Haut-Uélé,Wamba,102,https://ebola-tracker.org/reports/SITREP_MVE_102.pdf,,64,1,1,26,0,40.6,,,,,,,,,,,,,,,
2026-08-24,zone,Ituri,Adja,102,https://ebola-tracker.org/reports/SITREP_MVE_102.pdf,,11,0,1,1,0,9.1,,,,,,,,,,,,,,,
2026-08-24,zone,Ituri,Ariwara,102,https://ebola-tracker.org/reports/SITREP_MVE_102.pdf,,8,0,1,2,0,25.0,,,,,,,,,,,,,,,
2026-08-24,zone,Ituri,Aru,102,https://ebola-tracker.org/reports/SITREP_MVE_102.pdf,,7,0,1,6,0,85.7,,,,,,,,,,,,,,,
2026-08-24,zone,Ituri,Aungba,102,https://ebola-tracker.org/reports/SITREP_MVE_102.pdf,,12,0,1,5,0,41.7,,,,,,,,,,,,,,,
2026-08-24,zone,Ituri,Bambu,102,https://ebola-tracker.org/reports/SITREP_MVE_102.pdf,,139,12,1,29,1,20.9,,,,,,,,,,,,,,,
2026-08-24,zone,Ituri,Boga,102,https://ebola-tracker.org/reports/SITREP_MVE_102.pdf,,2,1,1,2,1,100.0,,,,,,,,,,,,,,,
2026-08-24,zone,Ituri,Bunia,102,https://ebola-tracker.org/reports/SITREP_MVE_102.pdf,,1312,14,1,411,6,31.3,,,,,,,,,,,,,,,
2026-08-24,zone,Ituri,Damas,102,https://ebola-tracker.org/reports/SITREP_MVE_102.pdf,,27,0,1,9,0,33.3,,,,,,,,,,,,,,,
2026-08-24,zone,Ituri,Drodro,102,https://ebola-tracker.org/reports/SITREP_MVE_102.pdf,,13,0,1,6,0,46.2,,,,,,,,,,,,,,,
2026-08-24,zone,Ituri,Fataki,102,https://ebola-tracker.org/reports/SITREP_MVE_102.pdf,,73,0,1,30,0,41.1,,,,,,,,,,,,,,,
2026-08-24,zone,Ituri,Gethy,102,https://ebola-tracker.org/reports/SITREP_MVE_102.pdf,,5,0,1,2,0,40.0,,,,,,,,,,,,,,,
2026-08-24,zone,Ituri,Kambala,102,https://ebola-tracker.org/reports/SITREP_MVE_102.pdf,,2,0,1,0,0,0.0,,,,,,,,,,,,,,,
2026-08-24,zone,Ituri,Kilo,102,https://ebola-tracker.org/reports/SITREP_MVE_102.pdf,,32,0,1,12,0,37.5,,,,,,,,,,,,,,,
2026-08-24,zone,Ituri,Komanda,102,https://ebola-tracker.org/reports/SITREP_MVE_102.pdf,,61,2,1,39,1,63.9,,,,,,,,,,,,,,,
2026-08-24,zone,Ituri,Lita,102,https://ebola-tracker.org/reports/SITREP_MVE_102.pdf,,204,7,1,111,2,54.4,,,,,,,,,,,,,,,
2026-08-24,zone,Ituri,Logo,102,https://ebola-tracker.org/reports/SITREP_MVE_102.pdf,,11,0,1,5,0,45.5,,,,,,,,,,,,,,,
2026-08-24,zone,Ituri,Lolwa,102,https://ebola-tracker.org/reports/SITREP_MVE_102.pdf,,18,0,1,4,0,22.2,,,,,,,,,,,,,,,
2026-08-24,zone,Ituri,Mahagi,102,https://ebola-tracker.org/reports/SITREP_MVE_102.pdf,,4,0,1,1,0,25.0,,,,,,,,,,,,,,,
2026-08-24,zone,Ituri,Mambasa,102,https://ebola-tracker.org/reports/SITREP_MVE_102.pdf,,14,0,1,7,0,50.0,,,,,,,,,,,,,,,
2026-08-24,zone,Ituri,Mandima,102,https://ebola-tracker.org/reports/SITREP_MVE_102.pdf,,32,0,1,19,0,59.4,,,,,,,,,,,,,,,
2026-08-24,zone,Ituri,Mangala,102,https://ebola-tracker.org/reports/SITREP_MVE_102.pdf,,203,6,1,109,3,53.7,,,,,,,,,,,,,,,
2026-08-24,zone,Ituri,Mongbwalu,102,https://ebola-tracker.org/reports/SITREP_MVE_102.pdf,,603,1,1,284,1,47.1,,,,,,,,,,,,,,,
2026-08-24,zone,Ituri,Nia-Nia,102,https://ebola-tracker.org/reports/SITREP_MVE_102.pdf,,193,0,1,108,0,56.0,,,,,,,,,,,,,,,
2026-08-24,zone,Ituri,Nizi,102,https://ebola-tracker.org/reports/SITREP_MVE_102.pdf,,622,10,1,252,0,40.5,,,,,,,,,,,,,,,
2026-08-24,zone,Ituri,Nyankunde,102,https://ebola-tracker.org/reports/SITREP_MVE_102.pdf,,123,1,1,35,0,28.5,,,,,,,,,,,,,,,
2026-08-24,zone,Ituri,Rimba,102,https://ebola-tracker.org/reports/SITREP_MVE_102.pdf,,10,0,1,4,0,40.0,,,,,,,,,,,,,,,
2026-08-24,zone,Ituri,Rwampara,102,https://ebola-tracker.org/reports/SITREP_MVE_102.pdf,,920,7,1,335,0,36.4,,,,,,,,,,,,,,,
2026-08-24,zone,Ituri,Tchomia,102,https://ebola-tracker.org/reports/SITREP_MVE_102.pdf,,55,0,1,25,0,45.5,,,,,,,,,,,,,,,
2026-08-24,zone,Nord-Kivu,Beni,102,https://ebola-tracker.org/reports/SITREP_MVE_102.pdf,,118,1,1,84,0,71.2,,,,,,,,,,,,,,,
2026-08-24,zone,Nord-Kivu,Butembo,102,https://ebola-tracker.org/reports/SITREP_MVE_102.pdf,,140,2,1,107,1,76.4,,,,,,,,,,,,,,,
2026-08-24,zone,Nord-Kivu,Goma,102,https://ebola-tracker.org/reports/SITREP_MVE_102.pdf,,1,0,1,0,0,0.0,,,,,,,,,,,,,,,
2026-08-24,zone,Nord-Kivu,Kalunguta,102,https://ebola-tracker.org/reports/SITREP_MVE_102.pdf,,15,0,1,7,0,46.7,,,,,,,,,,,,,,,
2026-08-24,zone,Nord-Kivu,Katwa,102,https://ebola-tracker.org/reports/SITREP_MVE_102.pdf,,351,3,1,236,2,67.2,,,,,,,,,,,,,,,
2026-08-24,zone,Nord-Kivu,Kyondo,102,https://ebola-tracker.org/reports/SITREP_MVE_102.pdf,,16,0,1,12,0,75.0,,,,,,,,,,,,,,,
2026-08-24,zone,Nord-Kivu,Lubero,102,https://ebola-tracker.org/reports/SITREP_MVE_102.pdf,,1,0,1,1,0,100.0,,,,,,,,,,,,,,,
2026-08-24,zone,Nord-Kivu,Mabalako,102,https://ebola-tracker.org/reports/SITREP_MVE_102.pdf,,3,0,1,2,0,66.7,,,,,,,,,,,,,,,
2026-08-24,zone,Nord-Kivu,Masereka,102,https://ebola-tracker.org/reports/SITREP_MVE_102.pdf,,7,0,1,4,0,57.1,,,,,,,,,,,,,,,
2026-08-24,zone,Nord-Kivu,Musienene,102,https://ebola-tracker.org/reports/SITREP_MVE_102.pdf,,70,0,1,41,0,58.6,,,,,,,,,,,,,,,
2026-08-24,zone,Nord-Kivu,Mutwanga,102,https://ebola-tracker.org/reports/SITREP_MVE_102.pdf,,1,0,1,1,0,100.0,,,,,,,,,,,,,,,
2026-08-24,zone,Nord-Kivu,Oicha,102,https://ebola-tracker.org/reports/SITREP_MVE_102.pdf,,7,1,1,4,0,57.1,,,,,,,,,,,,,,,
2026-08-24,zone,Nord-Kivu,Vuhovi,102,https://ebola-tracker.org/reports/SITREP_MVE_102.pdf,,5,0,1,2,0,40.0,,,,,,,,,,,,,,,
2026-08-24,zone,Sud-Kivu,Miti-Murhesa,102,https://ebola-tracker.org/reports/SITREP_MVE_102.pdf,,3,0,1,1,0,33.3,,,,,,,,,,,,,,,
2026-08-24,zone,Tshopo,Bafwasende,102,https://ebola-tracker.org/reports/SITREP_MVE_102.pdf,,1,0,1,0,0,0.0,,,,,,,,,,,,,,,
2026-08-24,zone,Tshopo,Kabondo,102,https://ebola-tracker.org/reports/SITREP_MVE_102.pdf,,3,0,1,1,0,33.3,,,,,,,,,,,,,,,
2026-08-24,zone,Tshopo,Lubunga,102,https://ebola-tracker.org/reports/SITREP_MVE_102.pdf,,1,0,1,0,0,0.0,,,,,,,,,,,,,,,
2026-08-24,zone,Tshopo,Makiso-Kisangani,102,https://ebola-tracker.org/reports/SITREP_MVE_102.pdf,,6,0,1,4,0,66.7,,,,,,,,,,,,,,,
2026-08-24,zone,Tshopo,Mangobo,102,https://ebola-tracker.org/reports/SITREP_MVE_102.pdf,,2,0,1,2,0,100.0,,,,,,,,,,,,,,,
2026-08-24,zone,Tshopo,Tshopo,102,https://ebola-tracker.org/reports/SITREP_MVE_102.pdf,,1,0,1,0,0,0.0,,,,,,,,,,,,,,,
2026-08-24,zone,Tshopo,Wanie-Rukula,102,https://ebola-tracker.org/reports/SITREP_MVE_102.pdf,,1,0,1,1,0,100.0,,,,,,,,,,,,,,,
2026-08-25,pays,,,103,https://ebola-tracker.org/reports/SITREP_MVE_103.pdf,,5713,57,1,2744,29,48.0,1269,11,18,2371,390,430,57,13.3,761,1304,58.4,21959,18574,84.6,
2026-08-25,province,Bas-Uélé,,103,https://ebola-tracker.org/reports/SITREP_MVE_103.pdf,,3,0,1,1,0,33.3,,0,0,19,3,3,0,0.0,,,,284,137,48.2,
2026-08-25,province,Haut-Uélé,,103,https://ebola-tracker.org/reports/SITREP_MVE_103.pdf,,189,5,1,89,4,47.1,,2,2,0,0,18,5,27.8,79,120,65.8,,,,
2026-08-25,province,Ituri,,103,https://ebola-tracker.org/reports/SITREP_MVE_103.pdf,,4750,34,1,2133,14,44.9,,0,14,910,229,231,34,14.7,488,978,49.9,12912,11276,87.3,
2026-08-25,province,Nord-Kivu,,103,https://ebola-tracker.org/reports/SITREP_MVE_103.pdf,,753,18,1,512,11,68.0,,9,2,1291,145,178,18,10.1,194,206,94.2,8274,6672,80.6,
2026-08-25,province,Sud-Kivu,,103,https://ebola-tracker.org/reports/SITREP_MVE_103.pdf,,3,0,1,1,0,33.3,,0,0,13,6,,,,,,,,,,
2026-08-25,province,Tshopo,,103,https://ebola-tracker.org/reports/SITREP_MVE_103.pdf,,15,0,1,8,0,53.3,,0,0,138,7,,,,,,,489,489,100.0,
2026-08-25,zone,Bas-Uélé,Buta,103,https://ebola-tracker.org/reports/SITREP_MVE_103.pdf,,1,0,1,1,0,100.0,,,,,,,,,,,,,,,
2026-08-25,zone,Bas-Uélé,Ganga,103,https://ebola-tracker.org/reports/SITREP_MVE_103.pdf,,1,0,1,0,0,0.0,,,,,,,,,,,,,,,
2026-08-25,zone,Bas-Uélé,Viadana,103,https://ebola-tracker.org/reports/SITREP_MVE_103.pdf,,1,0,1,0,0,0.0,,,,,,,,,,,,,,,
2026-08-25,zone,Haut-Uélé,Boma-Mangbetu,103,https://ebola-tracker.org/reports/SITREP_MVE_103.pdf,,26,0,1,14,1,53.8,,,,,,,,,,,,,,,
2026-08-25,zone,Haut-Uélé,Gombari,103,https://ebola-tracker.org/reports/SITREP_MVE_103.pdf,,3,0,1,1,0,33.3,,,,,,,,,,,,,,,
2026-08-25,zone,Haut-Uélé,Isiro,103,https://ebola-tracker.org/reports/SITREP_MVE_103.pdf,,74,4,1,32,2,43.2,,,,,,,,,,,,,,,
2026-08-25,zone,Haut-Uélé,Pawa,103,https://ebola-tracker.org/reports/SITREP_MVE_103.pdf,,20,0,1,15,0,75.0,,,,,,,,,,,,,,,
2026-08-25,zone,Haut-Uélé,Rungu,103,https://ebola-tracker.org/reports/SITREP_MVE_103.pdf,,1,0,1,0,0,0.0,,,,,,,,,,,,,,,
2026-08-25,zone,Haut-Uélé,Wamba,103,https://ebola-tracker.org/reports/SITREP_MVE_103.pdf,,65,1,1,27,1,41.5,,,,,,,,,,,,,,,
2026-08-25,zone,Ituri,Adja,103,https://ebola-tracker.org/reports/SITREP_MVE_103.pdf,,11,0,1,1,0,9.1,,,,,,,,,,,,,,,
2026-08-25,zone,Ituri,Ariwara,103,https://ebola-tracker.org/reports/SITREP_MVE_103.pdf,,8,0,1,2,0,25.0,,,,,,,,,,,,,,,
2026-08-25,zone,Ituri,Aru,103,https://ebola-tracker.org/reports/SITREP_MVE_103.pdf,,7,0,1,6,0,85.7,,,,,,,,,,,,,,,
2026-08-25,zone,Ituri,Aungba,103,https://ebola-tracker.org/reports/SITREP_MVE_103.pdf,,12,0,1,5,0,41.7,,,,,,,,,,,,,,,
2026-08-25,zone,Ituri,Bambu,103,https://ebola-tracker.org/reports/SITREP_MVE_103.pdf,,148,9,1,29,0,19.6,,,,,,,,,,,,,,,
2026-08-25,zone,Ituri,Boga,103,https://ebola-tracker.org/reports/SITREP_MVE_103.pdf,,2,0,1,2,0,100.0,,,,,,,,,,,,,,,
2026-08-25,zone,Ituri,Bunia,103,https://ebola-tracker.org/reports/SITREP_MVE_103.pdf,,1317,5,1,411,0,31.2,,,,,,,,,,,,,,,
2026-08-25,zone,Ituri,Damas,103,https://ebola-tracker.org/reports/SITREP_MVE_103.pdf,,27,0,1,9,0,33.3,,,,,,,,,,,,,,,
2026-08-25,zone,Ituri,Drodro,103,https://ebola-tracker.org/reports/SITREP_MVE_103.pdf,,13,0,1,6,0,46.2,,,,,,,,,,,,,,,
2026-08-25,zone,Ituri,Fataki,103,https://ebola-tracker.org/reports/SITREP_MVE_103.pdf,,73,0,1,30,0,41.1,,,,,,,,,,,,,,,
2026-08-25,zone,Ituri,Gethy,103,https://ebola-tracker.org/reports/SITREP_MVE_103.pdf,,5,0,1,2,0,40.0,,,,,,,,,,,,,,,
2026-08-25,zone,Ituri,Kambala,103,https://ebola-tracker.org/reports/SITREP_MVE_103.pdf,,2,0,1,0,0,0.0,,,,,,,,,,,,,,,
2026-08-25,zone,Ituri,Kilo,103,https://ebola-tracker.org/reports/SITREP_MVE_103.pdf,,32,0,1,12,0,37.5,,,,,,,,,,,,,,,
2026-08-25,zone,Ituri,Komanda,103,https://ebola-tracker.org/reports/SITREP_MVE_103.pdf,,61,0,1,39,0,63.9,,,,,,,,,,,,,,,
2026-08-25,zone,Ituri,Lita,103,https://ebola-tracker.org/reports/SITREP_MVE_103.pdf,,204,0,1,111,0,54.4,,,,,,,,,,,,,,,
2026-08-25,zone,Ituri,Logo,103,https://ebola-tracker.org/reports/SITREP_MVE_103.pdf,,11,0,1,5,0,45.5,,,,,,,,,,,,,,,
2026-08-25,zone,Ituri,Lolwa,103,https://ebola-tracker.org/reports/SITREP_MVE_103.pdf,,19,1,1,4,0,21.1,,,,,,,,,,,,,,,
2026-08-25,zone,Ituri,Mahagi,103,https://ebola-tracker.org/reports/SITREP_MVE_103.pdf,,4,0,1,1,0,25.0,,,,,,,,,,,,,,,
2026-08-25,zone,Ituri,Mambasa,103,https://ebola-tracker.org/reports/SITREP_MVE_103.pdf,,17,3,1,7,0,41.2,,,,,,,,,,,,,,,
2026-08-25,zone,Ituri,Mandima,103,https://ebola-tracker.org/reports/SITREP_MVE_103.pdf,,32,0,1,19,0,59.4,,,,,,,,,,,,,,,
2026-08-25,zone,Ituri,Mangala,103,https://ebola-tracker.org/reports/SITREP_MVE_103.pdf,,203,0,1,109,0,53.7,,,,,,,,,,,,,,,
2026-08-25,zone,Ituri,Mongbwalu,103,https://ebola-tracker.org/reports/SITREP_MVE_103.pdf,,605,2,1,284,0,46.9,,,,,,,,,,,,,,,
2026-08-25,zone,Ituri,Nia-Nia,103,https://ebola-tracker.org/reports/SITREP_MVE_103.pdf,,199,6,1,108,0,54.3,,,,,,,,,,,,,,,
2026-08-25,zone,Ituri,Nizi,103,https://ebola-tracker.org/reports/SITREP_MVE_103.pdf,,628,6,1,252,0,40.1,,,,,,,,,,,,,,,
2026-08-25,zone,Ituri,Nyankunde,103,https://ebola-tracker.org/reports/SITREP_MVE_103.pdf,,124,1,1,35,0,28.2,,,,,,,,,,,,,,,
2026-08-25,zone,Ituri,Rimba,103,https://ebola-tracker.org/reports/SITREP_MVE_103.pdf,,10,0,1,4,0,40.0,,,,,,,,,,,,,,,
2026-08-25,zone,Ituri,Rwampara,103,https://ebola-tracker.org/reports/SITREP_MVE_103.pdf,,921,1,1,335,0,36.4,,,,,,,,,,,,,,,
2026-08-25,zone,Ituri,Tchomia,103,https://ebola-tracker.org/reports/SITREP_MVE_103.pdf,,55,0,1,25,0,45.5,,,,,,,,,,,,,,,
2026-08-25,zone,Nord-Kivu,Beni,103,https://ebola-tracker.org/reports/SITREP_MVE_103.pdf,,118,0,1,85,1,72.0,,,,,,,,,,,,,,,
2026-08-25,zone,Nord-Kivu,Butembo,103,https://ebola-tracker.org/reports/SITREP_MVE_103.pdf,,146,6,1,110,3,75.3,,,,,,,,,,,,,,,
2026-08-25,zone,Nord-Kivu,Goma,103,https://ebola-tracker.org/reports/SITREP_MVE_103.pdf,,1,0,1,0,0,0.0,,,,,,,,,,,,,,,
2026-08-25,zone,Nord-Kivu,Kalunguta,103,https://ebola-tracker.org/reports/SITREP_MVE_103.pdf,,16,1,1,7,0,43.8,,,,,,,,,,,,,,,
2026-08-25,zone,Nord-Kivu,Katwa,103,https://ebola-tracker.org/reports/SITREP_MVE_103.pdf,,360,9,1,241,5,66.9,,,,,,,,,,,,,,,
2026-08-25,zone,Nord-Kivu,Kyondo,103,https://ebola-tracker.org/reports/SITREP_MVE_103.pdf,,16,0,1,12,0,75.0,,,,,,,,,,,,,,,
2026-08-25,zone,Nord-Kivu,Lubero,103,https://ebola-tracker.org/reports/SITREP_MVE_103.pdf,,1,0,1,1,0,100.0,,,,,,,,,,,,,,,
2026-08-25,zone,Nord-Kivu,Mabalako,103,https://ebola-tracker.org/reports/SITREP_MVE_103.pdf,,3,0,1,2,0,66.7,,,,,,,,,,,,,,,
2026-08-25,zone,Nord-Kivu,Masereka,103,https://ebola-tracker.org/reports/SITREP_MVE_103.pdf,,7,0,1,4,0,57.1,,,,,,,,,,,,,,,
2026-08-25,zone,Nord-Kivu,Musienene,103,https://ebola-tracker.org/reports/SITREP_MVE_103.pdf,,72,2,1,43,2,59.7,,,,,,,,,,,,,,,
2026-08-25,zone,Nord-Kivu,Mutwanga,103,https://ebola-tracker.org/reports/SITREP_MVE_103.pdf,,1,0,1,1,0,100.0,,,,,,,,,,,,,,,
2026-08-25,zone,Nord-Kivu,Oicha,103,https://ebola-tracker.org/reports/SITREP_MVE_103.pdf,,7,0,1,4,0,57.1,,,,,,,,,,,,,,,
2026-08-25,zone,Nord-Kivu,Vuhovi,103,https://ebola-tracker.org/reports/SITREP_MVE_103.pdf,,5,0,1,2,0,40.0,,,,,,,,,,,,,,,
2026-08-25,zone,Sud-Kivu,Miti-Murhesa,103,https://ebola-tracker.org/reports/SITREP_MVE_103.pdf,,3,0,1,1,0,33.3,,,,,,,,,,,,,,,
2026-08-25,zone,Tshopo,Bafwasende,103,https://ebola-tracker.org/reports/SITREP_MVE_103.pdf,,1,0,1,0,0,0.0,,,,,,,,,,,,,,,
2026-08-25,zone,Tshopo,Kabondo,103,https://ebola-tracker.org/reports/SITREP_MVE_103.pdf,,3,0,1,1,0,33.3,,,,,,,,,,,,,,,
2026-08-25,zone,Tshopo,Lubunga,103,https://ebola-tracker.org/reports/SITREP_MVE_103.pdf,,1,0,1,0,0,0.0,,,,,,,,,,,,,,,
2026-08-25,zone,Tshopo,Makiso-Kisangani,103,https://ebola-tracker.org/reports/SITREP_MVE_103.pdf,,6,0,1,4,0,66.7,,,,,,,,,,,,,,,
2026-08-25,zone,Tshopo,Mangobo,103,https://ebola-tracker.org/reports/SITREP_MVE_103.pdf,,2,0,1,2,0,100.0,,,,,,,,,,,,,,,
2026-08-25,zone,Tshopo,Tshopo,103,https://ebola-tracker.org/reports/SITREP_MVE_103.pdf,,1,0,1,0,0,0.0,,,,,,,,,,,,,,,
2026-08-25,zone,Tshopo,Wanie-Rukula,103,https://ebola-tracker.org/reports/SITREP_MVE_103.pdf,,1,0,1,1,0,100.0,,,,,,,,,,,,,,,
2026-08-26,pays,,,104,https://ebola-tracker.org/reports/SITREP_MVE_104.pdf,,5794,81,1,2786,42,48.1,1293,35,7,2026,431,372,81,21.8,831,1304,63.7,26850,22091,82.3,
2026-08-26,province,Bas-Uélé,,104,https://ebola-tracker.org/reports/SITREP_MVE_104.pdf,,3,0,1,1,0,33.3,,0,0,15,5,2,0,0.0,,,,297,167,56.2,
2026-08-26,province,Haut-Uélé,,104,https://ebola-tracker.org/reports/SITREP_MVE_104.pdf,,194,5,1,90,1,46.4,,0,1,14,14,21,5,23.8,68,120,56.7,1694,1033,61.0,
2026-08-26,province,Ituri,,104,https://ebola-tracker.org/reports/SITREP_MVE_104.pdf,,4802,52,1,2159,26,45.0,,21,5,726,256,152,52,34.2,549,978,56.1,16010,13706,85.6,
2026-08-26,province,Nord-Kivu,,104,https://ebola-tracker.org/reports/SITREP_MVE_104.pdf,,775,22,1,527,15,68.0,,14,1,1069,146,185,22,11.9,214,206,103.9,8541,6877,80.5,
2026-08-26,province,Sud-Kivu,,104,https://ebola-tracker.org/reports/SITREP_MVE_104.pdf,,3,0,1,1,0,33.3,,0,0,0,0,,,,,,,,,,
2026-08-26,province,Tshopo,,104,https://ebola-tracker.org/reports/SITREP_MVE_104.pdf,,17,2,1,8,0,47.1,,0,0,202,10,12,2,16.7,,,,308,308,100.0,
2026-08-26,zone,Bas-Uélé,Buta,104,https://ebola-tracker.org/reports/SITREP_MVE_104.pdf,,1,0,1,1,0,100.0,,,,,,,,,,,,,,,
2026-08-26,zone,Bas-Uélé,Ganga,104,https://ebola-tracker.org/reports/SITREP_MVE_104.pdf,,1,0,1,0,0,0.0,,,,,,,,,,,,,,,
2026-08-26,zone,Bas-Uélé,Viadana,104,https://ebola-tracker.org/reports/SITREP_MVE_104.pdf,,1,0,1,0,0,0.0,,,,,,,,,,,,,,,
2026-08-26,zone,Haut-Uélé,Boma-Mangbetu,104,https://ebola-tracker.org/reports/SITREP_MVE_104.pdf,,26,0,1,14,0,53.8,,,,,,,,,,,,,,,
2026-08-26,zone,Haut-Uélé,Gombari,104,https://ebola-tracker.org/reports/SITREP_MVE_104.pdf,,3,0,1,1,0,33.3,,,,,,,,,,,,,,,
2026-08-26,zone,Haut-Uélé,Isiro,104,https://ebola-tracker.org/reports/SITREP_MVE_104.pdf,,78,4,1,32,0,41.0,,,,,,,,,,,,,,,
2026-08-26,zone,Haut-Uélé,Pawa,104,https://ebola-tracker.org/reports/SITREP_MVE_104.pdf,,20,0,1,16,1,80.0,,,,,,,,,,,,,,,
2026-08-26,zone,Haut-Uélé,Rungu,104,https://ebola-tracker.org/reports/SITREP_MVE_104.pdf,,1,0,1,0,0,0.0,,,,,,,,,,,,,,,
2026-08-26,zone,Haut-Uélé,Wamba,104,https://ebola-tracker.org/reports/SITREP_MVE_104.pdf,,66,1,1,27,0,40.9,,,,,,,,,,,,,,,
2026-08-26,zone,Ituri,Adja,104,https://ebola-tracker.org/reports/SITREP_MVE_104.pdf,,11,0,1,1,0,9.1,,,,,,,,,,,,,,,
2026-08-26,zone,Ituri,Ariwara,104,https://ebola-tracker.org/reports/SITREP_MVE_104.pdf,,8,0,1,2,0,25.0,,,,,,,,,,,,,,,
2026-08-26,zone,Ituri,Aru,104,https://ebola-tracker.org/reports/SITREP_MVE_104.pdf,,7,0,1,6,0,85.7,,,,,,,,,,,,,,,
2026-08-26,zone,Ituri,Aungba,104,https://ebola-tracker.org/reports/SITREP_MVE_104.pdf,,12,0,1,5,0,41.7,,,,,,,,,,,,,,,
2026-08-26,zone,Ituri,Bambu,104,https://ebola-tracker.org/reports/SITREP_MVE_104.pdf,,149,1,1,29,0,19.5,,,,,,,,,,,,,,,
2026-08-26,zone,Ituri,Boga,104,https://ebola-tracker.org/reports/SITREP_MVE_104.pdf,,2,0,1,2,0,100.0,,,,,,,,,,,,,,,
2026-08-26,zone,Ituri,Bunia,104,https://ebola-tracker.org/reports/SITREP_MVE_104.pdf,,1336,19,1,421,10,31.5,,,,,,,,,,,,,,,
2026-08-26,zone,Ituri,Damas,104,https://ebola-tracker.org/reports/SITREP_MVE_104.pdf,,27,0,1,9,0,33.3,,,,,,,,,,,,,,,
2026-08-26,zone,Ituri,Drodro,104,https://ebola-tracker.org/reports/SITREP_MVE_104.pdf,,13,0,1,6,0,46.2,,,,,,,,,,,,,,,
2026-08-26,zone,Ituri,Fataki,104,https://ebola-tracker.org/reports/SITREP_MVE_104.pdf,,73,0,1,30,0,41.1,,,,,,,,,,,,,,,
2026-08-26,zone,Ituri,Gethy,104,https://ebola-tracker.org/reports/SITREP_MVE_104.pdf,,5,0,1,2,0,40.0,,,,,,,,,,,,,,,
2026-08-26,zone,Ituri,Kambala,104,https://ebola-tracker.org/reports/SITREP_MVE_104.pdf,,2,0,1,0,0,0.0,,,,,,,,,,,,,,,
2026-08-26,zone,Ituri,Kilo,104,https://ebola-tracker.org/reports/SITREP_MVE_104.pdf,,32,0,1,12,0,37.5,,,,,,,,,,,,,,,
2026-08-26,zone,Ituri,Komanda,104,https://ebola-tracker.org/reports/SITREP_MVE_104.pdf,,65,4,1,42,3,64.6,,,,,,,,,,,,,,,
2026-08-26,zone,Ituri,Lita,104,https://ebola-tracker.org/reports/SITREP_MVE_104.pdf,,204,0,1,111,0,54.4,,,,,,,,,,,,,,,
2026-08-26,zone,Ituri,Logo,104,https://ebola-tracker.org/reports/SITREP_MVE_104.pdf,,11,0,1,5,0,45.5,,,,,,,,,,,,,,,
2026-08-26,zone,Ituri,Lolwa,104,https://ebola-tracker.org/reports/SITREP_MVE_104.pdf,,19,0,1,4,0,21.1,,,,,,,,,,,,,,,
2026-08-26,zone,Ituri,Mahagi,104,https://ebola-tracker.org/reports/SITREP_MVE_104.pdf,,4,0,1,1,0,25.0,,,,,,,,,,,,,,,
2026-08-26,zone,Ituri,Mambasa,104,https://ebola-tracker.org/reports/SITREP_MVE_104.pdf,,17,0,1,7,0,41.2,,,,,,,,,,,,,,,
2026-08-26,zone,Ituri,Mandima,104,https://ebola-tracker.org/reports/SITREP_MVE_104.pdf,,33,1,1,19,0,57.6,,,,,,,,,,,,,,,
2026-08-26,zone,Ituri,Mangala,104,https://ebola-tracker.org/reports/SITREP_MVE_104.pdf,,212,9,1,114,5,53.8,,,,,,,,,,,,,,,
2026-08-26,zone,Ituri,Mongbwalu,104,https://ebola-tracker.org/reports/SITREP_MVE_104.pdf,,606,1,1,284,0,46.9,,,,,,,,,,,,,,,
2026-08-26,zone,Ituri,Nia-Nia,104,https://ebola-tracker.org/reports/SITREP_MVE_104.pdf,,199,0,1,108,0,54.3,,,,,,,,,,,,,,,
2026-08-26,zone,Ituri,Nizi,104,https://ebola-tracker.org/reports/SITREP_MVE_104.pdf,,636,8,1,254,2,39.9,,,,,,,,,,,,,,,
2026-08-26,zone,Ituri,Nyankunde,104,https://ebola-tracker.org/reports/SITREP_MVE_104.pdf,,124,0,1,35,0,28.2,,,,,,,,,,,,,,,
2026-08-26,zone,Ituri,Rimba,104,https://ebola-tracker.org/reports/SITREP_MVE_104.pdf,,10,0,1,4,0,40.0,,,,,,,,,,,,,,,
2026-08-26,zone,Ituri,Rwampara,104,https://ebola-tracker.org/reports/SITREP_MVE_104.pdf,,930,9,1,336,1,36.1,,,,,,,,,,,,,,,
2026-08-26,zone,Ituri,Tchomia,104,https://ebola-tracker.org/reports/SITREP_MVE_104.pdf,,55,0,1,25,0,45.5,,,,,,,,,,,,,,,
2026-08-26,zone,Nord-Kivu,Beni,104,https://ebola-tracker.org/reports/SITREP_MVE_104.pdf,,122,4,1,87,2,71.3,,,,,,,,,,,,,,,
2026-08-26,zone,Nord-Kivu,Biena,104,https://ebola-tracker.org/reports/SITREP_MVE_104.pdf,,1,,,1,,100.0,,,,,,,,,,,,,,,
2026-08-26,zone,Nord-Kivu,Butembo,104,https://ebola-tracker.org/reports/SITREP_MVE_104.pdf,,152,6,1,116,6,76.3,,,,,,,,,,,,,,,
2026-08-26,zone,Nord-Kivu,Goma,104,https://ebola-tracker.org/reports/SITREP_MVE_104.pdf,,1,0,1,0,0,0.0,,,,,,,,,,,,,,,
2026-08-26,zone,Nord-Kivu,Kalunguta,104,https://ebola-tracker.org/reports/SITREP_MVE_104.pdf,,16,0,1,7,0,43.8,,,,,,,,,,,,,,,
2026-08-26,zone,Nord-Kivu,Katwa,104,https://ebola-tracker.org/reports/SITREP_MVE_104.pdf,,368,8,1,246,5,66.8,,,,,,,,,,,,,,,
2026-08-26,zone,Nord-Kivu,Kyondo,104,https://ebola-tracker.org/reports/SITREP_MVE_104.pdf,,16,0,1,12,0,75.0,,,,,,,,,,,,,,,
2026-08-26,zone,Nord-Kivu,Lubero,104,https://ebola-tracker.org/reports/SITREP_MVE_104.pdf,,1,0,1,1,0,100.0,,,,,,,,,,,,,,,
2026-08-26,zone,Nord-Kivu,Mabalako,104,https://ebola-tracker.org/reports/SITREP_MVE_104.pdf,,3,0,1,2,0,66.7,,,,,,,,,,,,,,,
2026-08-26,zone,Nord-Kivu,Manguredjipa,104,https://ebola-tracker.org/reports/SITREP_MVE_104.pdf,,1,,,0,,0.0,,,,,,,,,,,,,,,
2026-08-26,zone,Nord-Kivu,Masereka,104,https://ebola-tracker.org/reports/SITREP_MVE_104.pdf,,7,0,1,4,0,57.1,,,,,,,,,,,,,,,
2026-08-26,zone,Nord-Kivu,Musienene,104,https://ebola-tracker.org/reports/SITREP_MVE_104.pdf,,74,2,1,43,0,58.1,,,,,,,,,,,,,,,
2026-08-26,zone,Nord-Kivu,Mutwanga,104,https://ebola-tracker.org/reports/SITREP_MVE_104.pdf,,1,0,1,1,0,100.0,,,,,,,,,,,,,,,
2026-08-26,zone,Nord-Kivu,Oicha,104,https://ebola-tracker.org/reports/SITREP_MVE_104.pdf,,7,0,1,5,1,71.4,,,,,,,,,,,,,,,
2026-08-26,zone,Nord-Kivu,Vuhovi,104,https://ebola-tracker.org/reports/SITREP_MVE_104.pdf,,5,0,1,2,0,40.0,,,,,,,,,,,,,,,
2026-08-26,zone,Sud-Kivu,Miti-Murhesa,104,https://ebola-tracker.org/reports/SITREP_MVE_104.pdf,,3,0,1,1,0,33.3,,,,,,,,,,,,,,,
2026-08-26,zone,Tshopo,Bafwasende,104,https://ebola-tracker.org/reports/SITREP_MVE_104.pdf,,1,0,1,0,0,0.0,,,,,,,,,,,,,,,
2026-08-26,zone,Tshopo,Kabondo,104,https://ebola-tracker.org/reports/SITREP_MVE_104.pdf,,3,0,1,1,0,33.3,,,,,,,,,,,,,,,
2026-08-26,zone,Tshopo,Lubunga,104,https://ebola-tracker.org/reports/SITREP_MVE_104.pdf,,1,0,1,0,0,0.0,,,,,,,,,,,,,,,
2026-08-26,zone,Tshopo,Makiso-Kisangani,104,https://ebola-tracker.org/reports/SITREP_MVE_104.pdf,,8,2,1,4,0,50.0,,,,,,,,,,,,,,,
2026-08-26,zone,Tshopo,Mangobo,104,https://ebola-tracker.org/reports/SITREP_MVE_104.pdf,,2,0,1,2,0,100.0,,,,,,,,,,,,,,,
2026-08-26,zone,Tshopo,Tshopo,104,https://ebola-tracker.org/reports/SITREP_MVE_104.pdf,,1,0,1,0,0,0.0,,,,,,,,,,,,,,,
2026-08-26,zone,Tshopo,Wanie-Rukula,104,https://ebola-tracker.org/reports/SITREP_MVE_104.pdf,,1,0,1,1,0,100.0,,,,,,,,,,,,,,,
2026-08-27,pays,,,105,https://ebola-tracker.org/reports/SITREP_MVE_105.pdf,,5863,69,1,2824,38,48.2,1318,23,15,2033,400,498,69,13.9,754,1198,62.9,28372,24769,87.3,
2026-08-27,province,Bas-Uélé,,105,https://ebola-tracker.org/reports/SITREP_MVE_105.pdf,,3,0,1,1,0,33.3,,0,0,20,9,2,0,0.0,,,,298,180,60.4,
2026-08-27,province,Haut-Uélé,,105,https://ebola-tracker.org/reports/SITREP_MVE_105.pdf,,205,11,1,91,1,44.4,,0,1,19,19,11,11,100.0,,,,1429,1200,84.0,
2026-08-27,province,Ituri,,105,https://ebola-tracker.org/reports/SITREP_MVE_105.pdf,,4845,43,1,2185,26,45.1,,14,12,864,204,292,43,14.7,522,978,53.4,17477,15712,89.9,
2026-08-27,province,Nord-Kivu,,105,https://ebola-tracker.org/reports/SITREP_MVE_105.pdf,,788,13,1,538,11,68.3,,9,2,996,160,185,13,7.0,232,220,105.5,8770,7371,84.0,
2026-08-27,province,Sud-Kivu,,105,https://ebola-tracker.org/reports/SITREP_MVE_105.pdf,,3,0,1,1,0,33.3,,0,0,4,0,,,,,,,,,,
2026-08-27,province,Tshopo,,105,https://ebola-tracker.org/reports/SITREP_MVE_105.pdf,,19,2,1,8,0,42.1,,0,0,130,8,8,2,25.0,,,,398,306,76.9,
2026-08-27,zone,Bas-Uélé,Buta,105,https://ebola-tracker.org/reports/SITREP_MVE_105.pdf,,1,0,1,1,0,100.0,,,,,,,,,,,,,,,
2026-08-27,zone,Bas-Uélé,Ganga,105,https://ebola-tracker.org/reports/SITREP_MVE_105.pdf,,1,0,1,0,0,0.0,,,,,,,,,,,,,,,
2026-08-27,zone,Bas-Uélé,Viadana,105,https://ebola-tracker.org/reports/SITREP_MVE_105.pdf,,1,0,1,0,0,0.0,,,,,,,,,,,,,,,
2026-08-27,zone,Haut-Uélé,Boma-Mangbetu,105,https://ebola-tracker.org/reports/SITREP_MVE_105.pdf,,26,0,1,14,0,53.8,,,,,,,,,,,,,,,
2026-08-27,zone,Haut-Uélé,Gombari,105,https://ebola-tracker.org/reports/SITREP_MVE_105.pdf,,3,0,1,1,0,33.3,,,,,,,,,,,,,,,
2026-08-27,zone,Haut-Uélé,Isiro,105,https://ebola-tracker.org/reports/SITREP_MVE_105.pdf,,79,1,1,33,1,41.8,,,,,,,,,,,,,,,
2026-08-27,zone,Haut-Uélé,Pawa,105,https://ebola-tracker.org/reports/SITREP_MVE_105.pdf,,24,4,1,16,0,66.7,,,,,,,,,,,,,,,
2026-08-27,zone,Haut-Uélé,Rungu,105,https://ebola-tracker.org/reports/SITREP_MVE_105.pdf,,1,0,1,0,0,0.0,,,,,,,,,,,,,,,
2026-08-27,zone,Haut-Uélé,Wamba,105,https://ebola-tracker.org/reports/SITREP_MVE_105.pdf,,72,6,1,27,0,37.5,,,,,,,,,,,,,,,
2026-08-27,zone,Ituri,Adja,105,https://ebola-tracker.org/reports/SITREP_MVE_105.pdf,,11,0,1,1,0,9.1,,,,,,,,,,,,,,,
2026-08-27,zone,Ituri,Ariwara,105,https://ebola-tracker.org/reports/SITREP_MVE_105.pdf,,8,0,1,2,0,25.0,,,,,,,,,,,,,,,
2026-08-27,zone,Ituri,Aru,105,https://ebola-tracker.org/reports/SITREP_MVE_105.pdf,,7,0,1,6,0,85.7,,,,,,,,,,,,,,,
2026-08-27,zone,Ituri,Aungba,105,https://ebola-tracker.org/reports/SITREP_MVE_105.pdf,,12,0,1,5,0,41.7,,,,,,,,,,,,,,,
2026-08-27,zone,Ituri,Bambu,105,https://ebola-tracker.org/reports/SITREP_MVE_105.pdf,,156,7,1,34,5,21.8,,,,,,,,,,,,,,,
2026-08-27,zone,Ituri,Boga,105,https://ebola-tracker.org/reports/SITREP_MVE_105.pdf,,2,0,1,2,0,100.0,,,,,,,,,,,,,,,
2026-08-27,zone,Ituri,Bunia,105,https://ebola-tracker.org/reports/SITREP_MVE_105.pdf,,1347,11,1,424,3,31.5,,,,,,,,,,,,,,,
2026-08-27,zone,Ituri,Damas,105,https://ebola-tracker.org/reports/SITREP_MVE_105.pdf,,27,0,1,9,0,33.3,,,,,,,,,,,,,,,
2026-08-27,zone,Ituri,Drodro,105,https://ebola-tracker.org/reports/SITREP_MVE_105.pdf,,13,0,1,6,0,46.2,,,,,,,,,,,,,,,
2026-08-27,zone,Ituri,Fataki,105,https://ebola-tracker.org/reports/SITREP_MVE_105.pdf,,74,1,1,30,0,40.5,,,,,,,,,,,,,,,
2026-08-27,zone,Ituri,Gethy,105,https://ebola-tracker.org/reports/SITREP_MVE_105.pdf,,6,1,1,2,0,33.3,,,,,,,,,,,,,,,
2026-08-27,zone,Ituri,Kambala,105,https://ebola-tracker.org/reports/SITREP_MVE_105.pdf,,2,0,1,0,0,0.0,,,,,,,,,,,,,,,
2026-08-27,zone,Ituri,Kilo,105,https://ebola-tracker.org/reports/SITREP_MVE_105.pdf,,32,0,1,12,0,37.5,,,,,,,,,,,,,,,
2026-08-27,zone,Ituri,Komanda,105,https://ebola-tracker.org/reports/SITREP_MVE_105.pdf,,69,4,1,46,4,66.7,,,,,,,,,,,,,,,
2026-08-27,zone,Ituri,Lita,105,https://ebola-tracker.org/reports/SITREP_MVE_105.pdf,,208,4,1,111,0,53.4,,,,,,,,,,,,,,,
2026-08-27,zone,Ituri,Logo,105,https://ebola-tracker.org/reports/SITREP_MVE_105.pdf,,11,0,1,5,0,45.5,,,,,,,,,,,,,,,
2026-08-27,zone,Ituri,Lolwa,105,https://ebola-tracker.org/reports/SITREP_MVE_105.pdf,,19,0,1,4,0,21.1,,,,,,,,,,,,,,,
2026-08-27,zone,Ituri,Mahagi,105,https://ebola-tracker.org/reports/SITREP_MVE_105.pdf,,4,0,1,1,0,25.0,,,,,,,,,,,,,,,
2026-08-27,zone,Ituri,Mambasa,105,https://ebola-tracker.org/reports/SITREP_MVE_105.pdf,,17,0,1,7,0,41.2,,,,,,,,,,,,,,,
2026-08-27,zone,Ituri,Mandima,105,https://ebola-tracker.org/reports/SITREP_MVE_105.pdf,,33,0,1,19,0,57.6,,,,,,,,,,,,,,,
2026-08-27,zone,Ituri,Mangala,105,https://ebola-tracker.org/reports/SITREP_MVE_105.pdf,,213,1,1,114,0,53.5,,,,,,,,,,,,,,,
2026-08-27,zone,Ituri,Mongbwalu,105,https://ebola-tracker.org/reports/SITREP_MVE_105.pdf,,606,0,1,284,0,46.9,,,,,,,,,,,,,,,
2026-08-27,zone,Ituri,Nia-Nia,105,https://ebola-tracker.org/reports/SITREP_MVE_105.pdf,,203,4,1,108,0,53.2,,,,,,,,,,,,,,,
2026-08-27,zone,Ituri,Nizi,105,https://ebola-tracker.org/reports/SITREP_MVE_105.pdf,,640,4,1,256,2,40.0,,,,,,,,,,,,,,,
2026-08-27,zone,Ituri,Nyankunde,105,https://ebola-tracker.org/reports/SITREP_MVE_105.pdf,,124,0,1,35,0,28.2,,,,,,,,,,,,,,,
2026-08-27,zone,Ituri,Rimba,105,https://ebola-tracker.org/reports/SITREP_MVE_105.pdf,,10,0,1,4,0,40.0,,,,,,,,,,,,,,,
2026-08-27,zone,Ituri,Rwampara,105,https://ebola-tracker.org/reports/SITREP_MVE_105.pdf,,935,5,1,336,0,35.9,,,,,,,,,,,,,,,
2026-08-27,zone,Ituri,Tchomia,105,https://ebola-tracker.org/reports/SITREP_MVE_105.pdf,,56,1,1,25,0,44.6,,,,,,,,,,,,,,,
2026-08-27,zone,Nord-Kivu,Beni,105,https://ebola-tracker.org/reports/SITREP_MVE_105.pdf,,126,4,1,91,4,72.2,,,,,,,,,,,,,,,
2026-08-27,zone,Nord-Kivu,Biena,105,https://ebola-tracker.org/reports/SITREP_MVE_105.pdf,,1,0,1,1,0,100.0,,,,,,,,,,,,,,,
2026-08-27,zone,Nord-Kivu,Butembo,105,https://ebola-tracker.org/reports/SITREP_MVE_105.pdf,,155,3,1,118,2,76.1,,,,,,,,,,,,,,,
2026-08-27,zone,Nord-Kivu,Goma,105,https://ebola-tracker.org/reports/SITREP_MVE_105.pdf,,1,0,1,0,0,0.0,,,,,,,,,,,,,,,
2026-08-27,zone,Nord-Kivu,Kalunguta,105,https://ebola-tracker.org/reports/SITREP_MVE_105.pdf,,16,0,1,7,0,43.8,,,,,,,,,,,,,,,
2026-08-27,zone,Nord-Kivu,Katwa,105,https://ebola-tracker.org/reports/SITREP_MVE_105.pdf,,373,5,1,250,4,67.0,,,,,,,,,,,,,,,
2026-08-27,zone,Nord-Kivu,Kyondo,105,https://ebola-tracker.org/reports/SITREP_MVE_105.pdf,,16,0,1,12,0,75.0,,,,,,,,,,,,,,,
2026-08-27,zone,Nord-Kivu,Lubero,105,https://ebola-tracker.org/reports/SITREP_MVE_105.pdf,,1,0,1,1,0,100.0,,,,,,,,,,,,,,,
2026-08-27,zone,Nord-Kivu,Mabalako,105,https://ebola-tracker.org/reports/SITREP_MVE_105.pdf,,3,0,1,2,0,66.7,,,,,,,,,,,,,,,
2026-08-27,zone,Nord-Kivu,Manguredjipa,105,https://ebola-tracker.org/reports/SITREP_MVE_105.pdf,,1,0,1,0,0,0.0,,,,,,,,,,,,,,,
2026-08-27,zone,Nord-Kivu,Masereka,105,https://ebola-tracker.org/reports/SITREP_MVE_105.pdf,,8,1,1,4,0,50.0,,,,,,,,,,,,,,,
2026-08-27,zone,Nord-Kivu,Musienene,105,https://ebola-tracker.org/reports/SITREP_MVE_105.pdf,,74,0,1,43,0,58.1,,,,,,,,,,,,,,,
2026-08-27,zone,Nord-Kivu,Mutwanga,105,https://ebola-tracker.org/reports/SITREP_MVE_105.pdf,,1,0,1,1,0,100.0,,,,,,,,,,,,,,,
2026-08-27,zone,Nord-Kivu,Oicha,105,https://ebola-tracker.org/reports/SITREP_MVE_105.pdf,,7,0,1,6,1,85.7,,,,,,,,,,,,,,,
2026-08-27,zone,Nord-Kivu,Vuhovi,105,https://ebola-tracker.org/reports/SITREP_MVE_105.pdf,,5,0,1,2,0,40.0,,,,,,,,,,,,,,,
2026-08-27,zone,Sud-Kivu,Miti-Murhesa,105,https://ebola-tracker.org/reports/SITREP_MVE_105.pdf,,3,0,1,1,0,33.3,,,,,,,,,,,,,,,
2026-08-27,zone,Tshopo,Bafwasende,105,https://ebola-tracker.org/reports/SITREP_MVE_105.pdf,,2,1,1,0,0,0.0,,,,,,,,,,,,,,,
2026-08-27,zone,Tshopo,Kabondo,105,https://ebola-tracker.org/reports/SITREP_MVE_105.pdf,,3,0,1,1,0,33.3,,,,,,,,,,,,,,,
2026-08-27,zone,Tshopo,Lubunga,105,https://ebola-tracker.org/reports/SITREP_MVE_105.pdf,,1,0,1,0,0,0.0,,,,,,,,,,,,,,,
2026-08-27,zone,Tshopo,Makiso-Kisangani,105,https://ebola-tracker.org/reports/SITREP_MVE_105.pdf,,9,1,1,4,0,44.4,,,,,,,,,,,,,,,
2026-08-27,zone,Tshopo,Mangobo,105,https://ebola-tracker.org/reports/SITREP_MVE_105.pdf,,2,0,1,2,0,100.0,,,,,,,,,,,,,,,
2026-08-27,zone,Tshopo,Tshopo,105,https://ebola-tracker.org/reports/SITREP_MVE_105.pdf,,1,0,1,0,0,0.0,,,,,,,,,,,,,,,
2026-08-27,zone,Tshopo,Wanie-Rukula,105,https://ebola-tracker.org/reports/SITREP_MVE_105.pdf,,1,0,1,1,0,100.0,,,,,,,,,,,,,,,
2026-08-28,pays,,,106,https://ebola-tracker.org/reports/SITREP_MVE_106.pdf,,5945,82,1,2862,38,48.1,1327,24,14,2025,395,,82,,895,1343,64.7,25015,21109,84.4,
2026-08-28,province,Bas-Uélé,,106,https://ebola-tracker.org/reports/SITREP_MVE_106.pdf,,3,0,1,2,1,66.7,,0,1,18,5,,0,,,,,297,181,60.9,
2026-08-28,province,Haut-Uélé,,106,https://ebola-tracker.org/reports/SITREP_MVE_106.pdf,,209,4,1,93,2,44.5,,0,2,16,14,23,4,17.4,70,120,58.3,1552,1220,78.6,
2026-08-28,province,Ituri,,106,https://ebola-tracker.org/reports/SITREP_MVE_106.pdf,,4911,66,1,2212,27,45.0,,17,10,933,246,358,66,18.4,552,978,56.4,13734,11956,87.1,
2026-08-28,province,Nord-Kivu,,106,https://ebola-tracker.org/reports/SITREP_MVE_106.pdf,,800,12,1,546,8,68.2,,7,1,919,129,185,12,6.5,236,220,107.3,9019,7339,81.4,
2026-08-28,province,Sud-Kivu,,106,https://ebola-tracker.org/reports/SITREP_MVE_106.pdf,,3,0,1,1,0,33.3,,0,0,0,0,,,,26,,,,,,
2026-08-28,province,Tshopo,,106,https://ebola-tracker.org/reports/SITREP_MVE_106.pdf,,19,0,1,8,0,42.1,,0,0,139,1,1,0,0.0,11,25,44.0,413,413,100.0,
2026-08-28,zone,Bas-Uélé,Buta,106,https://ebola-tracker.org/reports/SITREP_MVE_106.pdf,,1,0,1,1,0,100.0,,,,,,,,,,,,,,,
2026-08-28,zone,Bas-Uélé,Ganga,106,https://ebola-tracker.org/reports/SITREP_MVE_106.pdf,,1,0,1,1,1,100.0,,,,,,,,,,,,,,,
2026-08-28,zone,Bas-Uélé,Viadana,106,https://ebola-tracker.org/reports/SITREP_MVE_106.pdf,,1,0,1,0,0,0.0,,,,,,,,,,,,,,,
2026-08-28,zone,Haut-Uélé,Boma-Mangbetu,106,https://ebola-tracker.org/reports/SITREP_MVE_106.pdf,,26,0,1,14,0,53.8,,,,,,,,,,,,,,,
2026-08-28,zone,Haut-Uélé,Gombari,106,https://ebola-tracker.org/reports/SITREP_MVE_106.pdf,,3,0,1,1,0,33.3,,,,,,,,,,,,,,,
2026-08-28,zone,Haut-Uélé,Isiro,106,https://ebola-tracker.org/reports/SITREP_MVE_106.pdf,,79,0,1,33,0,41.8,,,,,,,,,,,,,,,
2026-08-28,zone,Haut-Uélé,Pawa,106,https://ebola-tracker.org/reports/SITREP_MVE_106.pdf,,24,0,1,16,0,66.7,,,,,,,,,,,,,,,
2026-08-28,zone,Haut-Uélé,Rungu,106,https://ebola-tracker.org/reports/SITREP_MVE_106.pdf,,1,0,1,0,0,0.0,,,,,,,,,,,,,,,
2026-08-28,zone,Haut-Uélé,Wamba,106,https://ebola-tracker.org/reports/SITREP_MVE_106.pdf,,76,4,1,29,2,38.2,,,,,,,,,,,,,,,
2026-08-28,zone,Ituri,Adja,106,https://ebola-tracker.org/reports/SITREP_MVE_106.pdf,,11,0,1,1,0,9.1,,,,,,,,,,,,,,,
2026-08-28,zone,Ituri,Ariwara,106,https://ebola-tracker.org/reports/SITREP_MVE_106.pdf,,8,0,1,2,0,25.0,,,,,,,,,,,,,,,
2026-08-28,zone,Ituri,Aru,106,https://ebola-tracker.org/reports/SITREP_MVE_106.pdf,,8,1,1,6,0,75.0,,,,,,,,,,,,,,,
2026-08-28,zone,Ituri,Aungba,106,https://ebola-tracker.org/reports/SITREP_MVE_106.pdf,,12,0,1,5,0,41.7,,,,,,,,,,,,,,,
2026-08-28,zone,Ituri,Bambu,106,https://ebola-tracker.org/reports/SITREP_MVE_106.pdf,,157,1,1,35,1,22.3,,,,,,,,,,,,,,,
2026-08-28,zone,Ituri,Boga,106,https://ebola-tracker.org/reports/SITREP_MVE_106.pdf,,2,0,1,2,0,100.0,,,,,,,,,,,,,,,
2026-08-28,zone,Ituri,Bunia,106,https://ebola-tracker.org/reports/SITREP_MVE_106.pdf,,1375,28,1,430,6,31.3,,,,,,,,,,,,,,,
2026-08-28,zone,Ituri,Damas,106,https://ebola-tracker.org/reports/SITREP_MVE_106.pdf,,27,0,1,9,0,33.3,,,,,,,,,,,,,,,
2026-08-28,zone,Ituri,Drodro,106,https://ebola-tracker.org/reports/SITREP_MVE_106.pdf,,13,0,1,6,0,46.2,,,,,,,,,,,,,,,
2026-08-28,zone,Ituri,Fataki,106,https://ebola-tracker.org/reports/SITREP_MVE_106.pdf,,74,0,1,30,0,40.5,,,,,,,,,,,,,,,
2026-08-28,zone,Ituri,Gethy,106,https://ebola-tracker.org/reports/SITREP_MVE_106.pdf,,6,0,1,2,0,33.3,,,,,,,,,,,,,,,
2026-08-28,zone,Ituri,Kambala,106,https://ebola-tracker.org/reports/SITREP_MVE_106.pdf,,2,0,1,0,0,0.0,,,,,,,,,,,,,,,
2026-08-28,zone,Ituri,Kilo,106,https://ebola-tracker.org/reports/SITREP_MVE_106.pdf,,32,0,1,12,0,37.5,,,,,,,,,,,,,,,
2026-08-28,zone,Ituri,Komanda,106,https://ebola-tracker.org/reports/SITREP_MVE_106.pdf,,72,3,1,48,2,66.7,,,,,,,,,,,,,,,
2026-08-28,zone,Ituri,Lita,106,https://ebola-tracker.org/reports/SITREP_MVE_106.pdf,,210,2,1,111,0,52.9,,,,,,,,,,,,,,,
2026-08-28,zone,Ituri,Logo,106,https://ebola-tracker.org/reports/SITREP_MVE_106.pdf,,11,0,1,5,0,45.5,,,,,,,,,,,,,,,
2026-08-28,zone,Ituri,Lolwa,106,https://ebola-tracker.org/reports/SITREP_MVE_106.pdf,,19,0,1,4,0,21.1,,,,,,,,,,,,,,,
2026-08-28,zone,Ituri,Mahagi,106,https://ebola-tracker.org/reports/SITREP_MVE_106.pdf,,4,0,1,1,0,25.0,,,,,,,,,,,,,,,
2026-08-28,zone,Ituri,Mambasa,106,https://ebola-tracker.org/reports/SITREP_MVE_106.pdf,,17,0,1,7,0,41.2,,,,,,,,,,,,,,,
2026-08-28,zone,Ituri,Mandima,106,https://ebola-tracker.org/reports/SITREP_MVE_106.pdf,,36,3,1,21,2,58.3,,,,,,,,,,,,,,,
2026-08-28,zone,Ituri,Mangala,106,https://ebola-tracker.org/reports/SITREP_MVE_106.pdf,,227,14,1,117,3,51.5,,,,,,,,,,,,,,,
2026-08-28,zone,Ituri,Mongbwalu,106,https://ebola-tracker.org/reports/SITREP_MVE_106.pdf,,608,2,1,285,1,46.9,,,,,,,,,,,,,,,
2026-08-28,zone,Ituri,Nia-Nia,106,https://ebola-tracker.org/reports/SITREP_MVE_106.pdf,,205,2,1,108,0,52.7,,,,,,,,,,,,,,,
2026-08-28,zone,Ituri,Nizi,106,https://ebola-tracker.org/reports/SITREP_MVE_106.pdf,,646,6,1,258,2,39.9,,,,,,,,,,,,,,,
2026-08-28,zone,Ituri,Nyankunde,106,https://ebola-tracker.org/reports/SITREP_MVE_106.pdf,,124,0,1,35,0,28.2,,,,,,,,,,,,,,,
2026-08-28,zone,Ituri,Rimba,106,https://ebola-tracker.org/reports/SITREP_MVE_106.pdf,,10,0,1,4,0,40.0,,,,,,,,,,,,,,,
2026-08-28,zone,Ituri,Rwampara,106,https://ebola-tracker.org/reports/SITREP_MVE_106.pdf,,939,4,1,336,0,35.8,,,,,,,,,,,,,,,
2026-08-28,zone,Ituri,Tchomia,106,https://ebola-tracker.org/reports/SITREP_MVE_106.pdf,,56,0,1,25,0,44.6,,,,,,,,,,,,,,,
2026-08-28,zone,Nord-Kivu,Beni,106,https://ebola-tracker.org/reports/SITREP_MVE_106.pdf,,128,2,1,93,2,72.7,,,,,,,,,,,,,,,
2026-08-28,zone,Nord-Kivu,Biena,106,https://ebola-tracker.org/reports/SITREP_MVE_106.pdf,,1,0,1,1,0,100.0,,,,,,,,,,,,,,,
2026-08-28,zone,Nord-Kivu,Butembo,106,https://ebola-tracker.org/reports/SITREP_MVE_106.pdf,,160,5,1,121,3,75.6,,,,,,,,,,,,,,,
2026-08-28,zone,Nord-Kivu,Goma,106,https://ebola-tracker.org/reports/SITREP_MVE_106.pdf,,1,0,1,0,0,0.0,,,,,,,,,,,,,,,
2026-08-28,zone,Nord-Kivu,Kalunguta,106,https://ebola-tracker.org/reports/SITREP_MVE_106.pdf,,16,0,1,7,0,43.8,,,,,,,,,,,,,,,
2026-08-28,zone,Nord-Kivu,Katwa,106,https://ebola-tracker.org/reports/SITREP_MVE_106.pdf,,377,4,1,253,3,67.1,,,,,,,,,,,,,,,
2026-08-28,zone,Nord-Kivu,Kyondo,106,https://ebola-tracker.org/reports/SITREP_MVE_106.pdf,,16,0,1,12,0,75.0,,,,,,,,,,,,,,,
2026-08-28,zone,Nord-Kivu,Lubero,106,https://ebola-tracker.org/reports/SITREP_MVE_106.pdf,,1,0,1,1,0,100.0,,,,,,,,,,,,,,,
2026-08-28,zone,Nord-Kivu,Mabalako,106,https://ebola-tracker.org/reports/SITREP_MVE_106.pdf,,3,0,1,2,0,66.7,,,,,,,,,,,,,,,
2026-08-28,zone,Nord-Kivu,Manguredjipa,106,https://ebola-tracker.org/reports/SITREP_MVE_106.pdf,,1,0,1,0,0,0.0,,,,,,,,,,,,,,,
2026-08-28,zone,Nord-Kivu,Masereka,106,https://ebola-tracker.org/reports/SITREP_MVE_106.pdf,,8,0,1,4,0,50.0,,,,,,,,,,,,,,,
2026-08-28,zone,Nord-Kivu,Musienene,106,https://ebola-tracker.org/reports/SITREP_MVE_106.pdf,,75,1,1,43,0,57.3,,,,,,,,,,,,,,,
2026-08-28,zone,Nord-Kivu,Mutwanga,106,https://ebola-tracker.org/reports/SITREP_MVE_106.pdf,,1,0,1,1,0,100.0,,,,,,,,,,,,,,,
2026-08-28,zone,Nord-Kivu,Oicha,106,https://ebola-tracker.org/reports/SITREP_MVE_106.pdf,,7,0,1,6,0,85.7,,,,,,,,,,,,,,,
2026-08-28,zone,Nord-Kivu,Vuhovi,106,https://ebola-tracker.org/reports/SITREP_MVE_106.pdf,,5,0,1,2,0,40.0,,,,,,,,,,,,,,,
2026-08-28,zone,Sud-Kivu,Miti-Murhesa,106,https://ebola-tracker.org/reports/SITREP_MVE_106.pdf,,3,0,1,1,0,33.3,,,,,,,,,,,,,,,
2026-08-28,zone,Tshopo,Bafwasende,106,https://ebola-tracker.org/reports/SITREP_MVE_106.pdf,,2,0,1,0,0,0.0,,,,,,,,,,,,,,,
2026-08-28,zone,Tshopo,Kabondo,106,https://ebola-tracker.org/reports/SITREP_MVE_106.pdf,,3,0,1,1,0,33.3,,,,,,,,,,,,,,,
2026-08-28,zone,Tshopo,Lubunga,106,https://ebola-tracker.org/reports/SITREP_MVE_106.pdf,,1,0,1,0,0,0.0,,,,,,,,,,,,,,,
2026-08-28,zone,Tshopo,Makiso-Kisangani,106,https://ebola-tracker.org/reports/SITREP_MVE_106.pdf,,9,0,1,4,0,44.4,,,,,,,,,,,,,,,
2026-08-28,zone,Tshopo,Mangobo,106,https://ebola-tracker.org/reports/SITREP_MVE_106.pdf,,2,0,1,2,0,100.0,,,,,,,,,,,,,,,
2026-08-28,zone,Tshopo,Tshopo,106,https://ebola-tracker.org/reports/SITREP_MVE_106.pdf,,1,0,1,0,0,0.0,,,,,,,,,,,,,,,
2026-08-28,zone,Tshopo,Wanie-Rukula,106,https://ebola-tracker.org/reports/SITREP_MVE_106.pdf,,1,0,1,1,0,100.0,,,,,,,,,,,,,,,
2026-08-29,pays,,,107,https://ebola-tracker.org/reports/SITREP_MVE_107.pdf,,6041,96,1,2911,49,48.2,1366,41,8,1830,320,537,96,17.9,604,1123,53.8,22463,18520,82.4,
2026-08-29,province,Bas-Uélé,,107,https://ebola-tracker.org/reports/SITREP_MVE_107.pdf,,3,0,1,2,0,66.7,,0,0,14,2,1,0,0.0,,,,297,186,62.6,
2026-08-29,province,Haut-Uélé,,107,https://ebola-tracker.org/reports/SITREP_MVE_107.pdf,,216,7,1,94,1,43.5,,0,1,19,14,31,7,22.6,44,120,36.7,1445,830,57.4,
2026-08-29,province,Ituri,,107,https://ebola-tracker.org/reports/SITREP_MVE_107.pdf,,4972,61,1,2247,35,45.2,,28,7,720,139,342,61,17.8,550,978,56.2,11270,9770,86.8,
2026-08-29,province,Nord-Kivu,,107,https://ebola-tracker.org/reports/SITREP_MVE_107.pdf,,828,28,1,559,13,67.5,,13,0,951,157,157,28,17.8,,,,8996,7525,83.6,
2026-08-29,province,Sud-Kivu,,107,https://ebola-tracker.org/reports/SITREP_MVE_107.pdf,,3,0,1,1,0,33.3,,0,0,0,0,,,,,,,,,,
2026-08-29,province,Tshopo,,107,https://ebola-tracker.org/reports/SITREP_MVE_107.pdf,,19,0,1,8,0,42.1,,0,0,126,8,6,0,0.0,10,25,40.0,455,200,44.0,
2026-08-29,zone,Bas-Uélé,Buta,107,https://ebola-tracker.org/reports/SITREP_MVE_107.pdf,,1,0,1,1,0,100.0,,,,,,,,,,,,,,,
2026-08-29,zone,Bas-Uélé,Ganga,107,https://ebola-tracker.org/reports/SITREP_MVE_107.pdf,,1,0,1,1,0,100.0,,,,,,,,,,,,,,,
2026-08-29,zone,Bas-Uélé,Viadana,107,https://ebola-tracker.org/reports/SITREP_MVE_107.pdf,,1,0,1,0,0,0.0,,,,,,,,,,,,,,,
2026-08-29,zone,Haut-Uélé,Boma-Mangbetu,107,https://ebola-tracker.org/reports/SITREP_MVE_107.pdf,,27,1,1,14,0,51.9,,,,,,,,,,,,,,,
2026-08-29,zone,Haut-Uélé,Gombari,107,https://ebola-tracker.org/reports/SITREP_MVE_107.pdf,,3,0,1,1,0,33.3,,,,,,,,,,,,,,,
2026-08-29,zone,Haut-Uélé,Isiro,107,https://ebola-tracker.org/reports/SITREP_MVE_107.pdf,,81,2,1,33,0,40.7,,,,,,,,,,,,,,,
2026-08-29,zone,Haut-Uélé,Pawa,107,https://ebola-tracker.org/reports/SITREP_MVE_107.pdf,,28,4,1,16,0,57.1,,,,,,,,,,,,,,,
2026-08-29,zone,Haut-Uélé,Rungu,107,https://ebola-tracker.org/reports/SITREP_MVE_107.pdf,,1,0,1,0,0,0.0,,,,,,,,,,,,,,,
2026-08-29,zone,Haut-Uélé,Wamba,107,https://ebola-tracker.org/reports/SITREP_MVE_107.pdf,,76,0,1,30,1,39.5,,,,,,,,,,,,,,,
2026-08-29,zone,Ituri,Adja,107,https://ebola-tracker.org/reports/SITREP_MVE_107.pdf,,11,0,1,1,0,9.1,,,,,,,,,,,,,,,
2026-08-29,zone,Ituri,Ariwara,107,https://ebola-tracker.org/reports/SITREP_MVE_107.pdf,,8,0,1,2,0,25.0,,,,,,,,,,,,,,,
2026-08-29,zone,Ituri,Aru,107,https://ebola-tracker.org/reports/SITREP_MVE_107.pdf,,8,0,1,6,0,75.0,,,,,,,,,,,,,,,
2026-08-29,zone,Ituri,Aungba,107,https://ebola-tracker.org/reports/SITREP_MVE_107.pdf,,12,0,1,5,0,41.7,,,,,,,,,,,,,,,
2026-08-29,zone,Ituri,Bambu,107,https://ebola-tracker.org/reports/SITREP_MVE_107.pdf,,158,1,1,35,0,22.2,,,,,,,,,,,,,,,
2026-08-29,zone,Ituri,Boga,107,https://ebola-tracker.org/reports/SITREP_MVE_107.pdf,,2,0,1,2,0,100.0,,,,,,,,,,,,,,,
2026-08-29,zone,Ituri,Bunia,107,https://ebola-tracker.org/reports/SITREP_MVE_107.pdf,,1392,17,1,437,7,31.4,,,,,,,,,,,,,,,
2026-08-29,zone,Ituri,Damas,107,https://ebola-tracker.org/reports/SITREP_MVE_107.pdf,,28,1,1,9,0,32.1,,,,,,,,,,,,,,,
2026-08-29,zone,Ituri,Drodro,107,https://ebola-tracker.org/reports/SITREP_MVE_107.pdf,,13,0,1,6,0,46.2,,,,,,,,,,,,,,,
2026-08-29,zone,Ituri,Fataki,107,https://ebola-tracker.org/reports/SITREP_MVE_107.pdf,,74,0,1,30,0,40.5,,,,,,,,,,,,,,,
2026-08-29,zone,Ituri,Gethy,107,https://ebola-tracker.org/reports/SITREP_MVE_107.pdf,,6,0,1,2,0,33.3,,,,,,,,,,,,,,,
2026-08-29,zone,Ituri,Kambala,107,https://ebola-tracker.org/reports/SITREP_MVE_107.pdf,,2,0,1,0,0,0.0,,,,,,,,,,,,,,,
2026-08-29,zone,Ituri,Kilo,107,https://ebola-tracker.org/reports/SITREP_MVE_107.pdf,,32,0,1,12,0,37.5,,,,,,,,,,,,,,,
2026-08-29,zone,Ituri,Komanda,107,https://ebola-tracker.org/reports/SITREP_MVE_107.pdf,,74,2,1,48,0,64.9,,,,,,,,,,,,,,,
2026-08-29,zone,Ituri,Lita,107,https://ebola-tracker.org/reports/SITREP_MVE_107.pdf,,218,8,1,119,8,54.6,,,,,,,,,,,,,,,
2026-08-29,zone,Ituri,Logo,107,https://ebola-tracker.org/reports/SITREP_MVE_107.pdf,,11,0,1,5,0,45.5,,,,,,,,,,,,,,,
2026-08-29,zone,Ituri,Lolwa,107,https://ebola-tracker.org/reports/SITREP_MVE_107.pdf,,19,0,1,4,0,21.1,,,,,,,,,,,,,,,
2026-08-29,zone,Ituri,Mahagi,107,https://ebola-tracker.org/reports/SITREP_MVE_107.pdf,,4,0,1,1,0,25.0,,,,,,,,,,,,,,,
2026-08-29,zone,Ituri,Mambasa,107,https://ebola-tracker.org/reports/SITREP_MVE_107.pdf,,17,0,1,7,0,41.2,,,,,,,,,,,,,,,
2026-08-29,zone,Ituri,Mandima,107,https://ebola-tracker.org/reports/SITREP_MVE_107.pdf,,36,0,1,21,0,58.3,,,,,,,,,,,,,,,
2026-08-29,zone,Ituri,Mangala,107,https://ebola-tracker.org/reports/SITREP_MVE_107.pdf,,236,9,1,122,5,51.7,,,,,,,,,,,,,,,
2026-08-29,zone,Ituri,Mongbwalu,107,https://ebola-tracker.org/reports/SITREP_MVE_107.pdf,,609,1,1,285,0,46.8,,,,,,,,,,,,,,,
2026-08-29,zone,Ituri,Nia-Nia,107,https://ebola-tracker.org/reports/SITREP_MVE_107.pdf,,214,9,1,113,5,52.8,,,,,,,,,,,,,,,
2026-08-29,zone,Ituri,Nizi,107,https://ebola-tracker.org/reports/SITREP_MVE_107.pdf,,652,6,1,260,2,39.9,,,,,,,,,,,,,,,
2026-08-29,zone,Ituri,Nyankunde,107,https://ebola-tracker.org/reports/SITREP_MVE_107.pdf,,124,0,1,35,0,28.2,,,,,,,,,,,,,,,
2026-08-29,zone,Ituri,Rimba,107,https://ebola-tracker.org/reports/SITREP_MVE_107.pdf,,10,0,1,4,0,40.0,,,,,,,,,,,,,,,
2026-08-29,zone,Ituri,Rwampara,107,https://ebola-tracker.org/reports/SITREP_MVE_107.pdf,,945,6,1,337,1,35.7,,,,,,,,,,,,,,,
2026-08-29,zone,Ituri,Tchomia,107,https://ebola-tracker.org/reports/SITREP_MVE_107.pdf,,57,1,1,25,0,43.9,,,,,,,,,,,,,,,
2026-08-29,zone,Nord-Kivu,Beni,107,https://ebola-tracker.org/reports/SITREP_MVE_107.pdf,,136,8,1,98,5,72.1,,,,,,,,,,,,,,,
2026-08-29,zone,Nord-Kivu,Biena,107,https://ebola-tracker.org/reports/SITREP_MVE_107.pdf,,1,0,1,1,0,100.0,,,,,,,,,,,,,,,
2026-08-29,zone,Nord-Kivu,Butembo,107,https://ebola-tracker.org/reports/SITREP_MVE_107.pdf,,164,4,1,124,3,75.6,,,,,,,,,,,,,,,
2026-08-29,zone,Nord-Kivu,Goma,107,https://ebola-tracker.org/reports/SITREP_MVE_107.pdf,,1,0,1,0,0,0.0,,,,,,,,,,,,,,,
2026-08-29,zone,Nord-Kivu,Kalunguta,107,https://ebola-tracker.org/reports/SITREP_MVE_107.pdf,,16,0,1,7,0,43.8,,,,,,,,,,,,,,,
2026-08-29,zone,Nord-Kivu,Katwa,107,https://ebola-tracker.org/reports/SITREP_MVE_107.pdf,,389,12,1,256,3,65.8,,,,,,,,,,,,,,,
2026-08-29,zone,Nord-Kivu,Kyondo,107,https://ebola-tracker.org/reports/SITREP_MVE_107.pdf,,16,0,1,12,0,75.0,,,,,,,,,,,,,,,
2026-08-29,zone,Nord-Kivu,Lubero,107,https://ebola-tracker.org/reports/SITREP_MVE_107.pdf,,1,0,1,1,0,100.0,,,,,,,,,,,,,,,
2026-08-29,zone,Nord-Kivu,Mabalako,107,https://ebola-tracker.org/reports/SITREP_MVE_107.pdf,,3,0,1,2,0,66.7,,,,,,,,,,,,,,,
2026-08-29,zone,Nord-Kivu,Manguredjipa,107,https://ebola-tracker.org/reports/SITREP_MVE_107.pdf,,1,0,1,0,0,0.0,,,,,,,,,,,,,,,
2026-08-29,zone,Nord-Kivu,Masereka,107,https://ebola-tracker.org/reports/SITREP_MVE_107.pdf,,8,0,1,4,0,50.0,,,,,,,,,,,,,,,
2026-08-29,zone,Nord-Kivu,Musienene,107,https://ebola-tracker.org/reports/SITREP_MVE_107.pdf,,78,3,1,45,2,57.7,,,,,,,,,,,,,,,
2026-08-29,zone,Nord-Kivu,Mutwanga,107,https://ebola-tracker.org/reports/SITREP_MVE_107.pdf,,1,0,1,1,0,100.0,,,,,,,,,,,,,,,
2026-08-29,zone,Nord-Kivu,Oicha,107,https://ebola-tracker.org/reports/SITREP_MVE_107.pdf,,7,0,1,6,0,85.7,,,,,,,,,,,,,,,
2026-08-29,zone,Nord-Kivu,Vuhovi,107,https://ebola-tracker.org/reports/SITREP_MVE_107.pdf,,6,1,1,2,0,33.3,,,,,,,,,,,,,,,
2026-08-29,zone,Sud-Kivu,Miti-Murhesa,107,https://ebola-tracker.org/reports/SITREP_MVE_107.pdf,,3,0,1,1,0,33.3,,,,,,,,,,,,,,,
2026-08-29,zone,Tshopo,Bafwasende,107,https://ebola-tracker.org/reports/SITREP_MVE_107.pdf,,2,0,1,0,0,0.0,,,,,,,,,,,,,,,
2026-08-29,zone,Tshopo,Kabondo,107,https://ebola-tracker.org/reports/SITREP_MVE_107.pdf,,3,0,1,1,0,33.3,,,,,,,,,,,,,,,
2026-08-29,zone,Tshopo,Lubunga,107,https://ebola-tracker.org/reports/SITREP_MVE_107.pdf,,1,0,1,0,0,0.0,,,,,,,,,,,,,,,
2026-08-29,zone,Tshopo,Makiso-Kisangani,107,https://ebola-tracker.org/reports/SITREP_MVE_107.pdf,,9,0,1,4,0,44.4,,,,,,,,,,,,,,,
2026-08-29,zone,Tshopo,Mangobo,107,https://ebola-tracker.org/reports/SITREP_MVE_107.pdf,,2,0,1,2,0,100.0,,,,,,,,,,,,,,,
2026-08-29,zone,Tshopo,Tshopo,107,https://ebola-tracker.org/reports/SITREP_MVE_107.pdf,,1,0,1,0,0,0.0,,,,,,,,,,,,,,,
2026-08-29,zone,Tshopo,Wanie-Rukula,107,https://ebola-tracker.org/reports/SITREP_MVE_107.pdf,,1,0,1,1,0,100.0,,,,,,,,,,,,,,,
2026-08-30,pays,,,108,https://ebola-tracker.org/reports/SITREP_MVE_108.pdf,,6100,59,1,2950,39,48.4,1383,19,20,1628,258,530,59,11.1,813,1223,66.5,24330,21002,86.3,
2026-08-30,province,Bas-Uélé,,108,https://ebola-tracker.org/reports/SITREP_MVE_108.pdf,,4,1,1,3,1,75.0,,1,0,18,4,1,1,100.0,,,,297,188,63.3,
2026-08-30,province,Haut-Uélé,,108,https://ebola-tracker.org/reports/SITREP_MVE_108.pdf,,222,6,1,97,3,43.7,,1,2,17,9,17,6,35.3,,,,1461,1001,68.5,
2026-08-30,province,Ituri,,108,https://ebola-tracker.org/reports/SITREP_MVE_108.pdf,,5016,44,1,2274,27,45.3,,12,15,701,168,311,44,14.1,524,978,53.6,13235,11829,89.4,
2026-08-30,province,Nord-Kivu,,108,https://ebola-tracker.org/reports/SITREP_MVE_108.pdf,,836,8,1,566,7,67.7,,5,2,784,75,199,8,4.0,282,220,128.2,8882,7529,84.8,
2026-08-30,province,Sud-Kivu,,108,https://ebola-tracker.org/reports/SITREP_MVE_108.pdf,,3,0,1,1,0,33.3,,0,0,0,0,,,,,,,,,,
2026-08-30,province,Tshopo,,108,https://ebola-tracker.org/reports/SITREP_MVE_108.pdf,,19,0,1,9,1,47.4,,0,1,108,2,2,0,0.0,7,25,32.0,455,455,100.0,
2026-08-30,zone,Bas-Uélé,Buta,108,https://ebola-tracker.org/reports/SITREP_MVE_108.pdf,,1,0,1,1,0,100.0,,,,,,,,,,,,,,,
2026-08-30,zone,Bas-Uélé,Ganga,108,https://ebola-tracker.org/reports/SITREP_MVE_108.pdf,,2,1,1,2,1,100.0,,,,,,,,,,,,,,,
2026-08-30,zone,Bas-Uélé,Viadana,108,https://ebola-tracker.org/reports/SITREP_MVE_108.pdf,,1,0,1,0,0,0.0,,,,,,,,,,,,,,,
2026-08-30,zone,Haut-Uélé,Boma-Mangbetu,108,https://ebola-tracker.org/reports/SITREP_MVE_108.pdf,,27,0,1,14,0,51.9,,,,,,,,,,,,,,,
2026-08-30,zone,Haut-Uélé,Gombari,108,https://ebola-tracker.org/reports/SITREP_MVE_108.pdf,,3,0,1,1,0,33.3,,,,,,,,,,,,,,,
2026-08-30,zone,Haut-Uélé,Isiro,108,https://ebola-tracker.org/reports/SITREP_MVE_108.pdf,,81,0,1,33,0,40.7,,,,,,,,,,,,,,,
2026-08-30,zone,Haut-Uélé,Pawa,108,https://ebola-tracker.org/reports/SITREP_MVE_108.pdf,,33,5,1,19,3,57.6,,,,,,,,,,,,,,,
2026-08-30,zone,Haut-Uélé,Rungu,108,https://ebola-tracker.org/reports/SITREP_MVE_108.pdf,,1,0,1,0,0,0.0,,,,,,,,,,,,,,,
2026-08-30,zone,Haut-Uélé,Wamba,108,https://ebola-tracker.org/reports/SITREP_MVE_108.pdf,,77,1,1,30,0,39.0,,,,,,,,,,,,,,,
2026-08-30,zone,Ituri,Adja,108,https://ebola-tracker.org/reports/SITREP_MVE_108.pdf,,11,0,1,1,0,9.1,,,,,,,,,,,,,,,
2026-08-30,zone,Ituri,Ariwara,108,https://ebola-tracker.org/reports/SITREP_MVE_108.pdf,,8,0,1,2,0,25.0,,,,,,,,,,,,,,,
2026-08-30,zone,Ituri,Aru,108,https://ebola-tracker.org/reports/SITREP_MVE_108.pdf,,8,0,1,6,0,75.0,,,,,,,,,,,,,,,
2026-08-30,zone,Ituri,Aungba,108,https://ebola-tracker.org/reports/SITREP_MVE_108.pdf,,12,0,1,5,0,41.7,,,,,,,,,,,,,,,
2026-08-30,zone,Ituri,Bambu,108,https://ebola-tracker.org/reports/SITREP_MVE_108.pdf,,161,3,1,36,1,22.4,,,,,,,,,,,,,,,
2026-08-30,zone,Ituri,Boga,108,https://ebola-tracker.org/reports/SITREP_MVE_108.pdf,,2,0,1,2,0,100.0,,,,,,,,,,,,,,,
2026-08-30,zone,Ituri,Bunia,108,https://ebola-tracker.org/reports/SITREP_MVE_108.pdf,,1397,5,1,437,0,31.3,,,,,,,,,,,,,,,
2026-08-30,zone,Ituri,Damas,108,https://ebola-tracker.org/reports/SITREP_MVE_108.pdf,,28,0,1,9,0,32.1,,,,,,,,,,,,,,,
2026-08-30,zone,Ituri,Drodro,108,https://ebola-tracker.org/reports/SITREP_MVE_108.pdf,,13,0,1,6,0,46.2,,,,,,,,,,,,,,,
2026-08-30,zone,Ituri,Fataki,108,https://ebola-tracker.org/reports/SITREP_MVE_108.pdf,,76,2,1,30,0,39.5,,,,,,,,,,,,,,,
2026-08-30,zone,Ituri,Gethy,108,https://ebola-tracker.org/reports/SITREP_MVE_108.pdf,,6,0,1,2,0,33.3,,,,,,,,,,,,,,,
2026-08-30,zone,Ituri,Kambala,108,https://ebola-tracker.org/reports/SITREP_MVE_108.pdf,,2,0,1,0,0,0.0,,,,,,,,,,,,,,,
2026-08-30,zone,Ituri,Kilo,108,https://ebola-tracker.org/reports/SITREP_MVE_108.pdf,,32,0,1,12,0,37.5,,,,,,,,,,,,,,,
2026-08-30,zone,Ituri,Komanda,108,https://ebola-tracker.org/reports/SITREP_MVE_108.pdf,,78,4,1,51,3,65.4,,,,,,,,,,,,,,,
2026-08-30,zone,Ituri,Lita,108,https://ebola-tracker.org/reports/SITREP_MVE_108.pdf,,218,0,1,119,0,54.6,,,,,,,,,,,,,,,
2026-08-30,zone,Ituri,Logo,108,https://ebola-tracker.org/reports/SITREP_MVE_108.pdf,,11,0,1,5,0,45.5,,,,,,,,,,,,,,,
2026-08-30,zone,Ituri,Lolwa,108,https://ebola-tracker.org/reports/SITREP_MVE_108.pdf,,22,3,1,5,1,22.7,,,,,,,,,,,,,,,
2026-08-30,zone,Ituri,Mahagi,108,https://ebola-tracker.org/reports/SITREP_MVE_108.pdf,,4,0,1,1,0,25.0,,,,,,,,,,,,,,,
2026-08-30,zone,Ituri,Mambasa,108,https://ebola-tracker.org/reports/SITREP_MVE_108.pdf,,17,0,1,7,0,41.2,,,,,,,,,,,,,,,
2026-08-30,zone,Ituri,Mandima,108,https://ebola-tracker.org/reports/SITREP_MVE_108.pdf,,36,0,1,21,0,58.3,,,,,,,,,,,,,,,
2026-08-30,zone,Ituri,Mangala,108,https://ebola-tracker.org/reports/SITREP_MVE_108.pdf,,246,10,1,127,5,51.6,,,,,,,,,,,,,,,
2026-08-30,zone,Ituri,Mongbwalu,108,https://ebola-tracker.org/reports/SITREP_MVE_108.pdf,,610,1,1,285,0,46.7,,,,,,,,,,,,,,,
2026-08-30,zone,Ituri,Nia-Nia,108,https://ebola-tracker.org/reports/SITREP_MVE_108.pdf,,215,1,1,113,0,52.6,,,,,,,,,,,,,,,
2026-08-30,zone,Ituri,Nizi,108,https://ebola-tracker.org/reports/SITREP_MVE_108.pdf,,662,10,1,261,1,39.4,,,,,,,,,,,,,,,
2026-08-30,zone,Ituri,Nyankunde,108,https://ebola-tracker.org/reports/SITREP_MVE_108.pdf,,124,0,1,35,0,28.2,,,,,,,,,,,,,,,
2026-08-30,zone,Ituri,Rimba,108,https://ebola-tracker.org/reports/SITREP_MVE_108.pdf,,10,0,1,4,0,40.0,,,,,,,,,,,,,,,
2026-08-30,zone,Ituri,Rwampara,108,https://ebola-tracker.org/reports/SITREP_MVE_108.pdf,,950,5,1,338,1,35.6,,,,,,,,,,,,,,,
2026-08-30,zone,Ituri,Tchomia,108,https://ebola-tracker.org/reports/SITREP_MVE_108.pdf,,57,0,1,25,0,43.9,,,,,,,,,,,,,,,
2026-08-30,zone,Nord-Kivu,Beni,108,https://ebola-tracker.org/reports/SITREP_MVE_108.pdf,,138,2,1,100,2,72.5,,,,,,,,,,,,,,,
2026-08-30,zone,Nord-Kivu,Biena,108,https://ebola-tracker.org/reports/SITREP_MVE_108.pdf,,1,0,1,1,0,100.0,,,,,,,,,,,,,,,
2026-08-30,zone,Nord-Kivu,Butembo,108,https://ebola-tracker.org/reports/SITREP_MVE_108.pdf,,165,1,1,124,0,75.2,,,,,,,,,,,,,,,
2026-08-30,zone,Nord-Kivu,Goma,108,https://ebola-tracker.org/reports/SITREP_MVE_108.pdf,,1,0,1,0,0,0.0,,,,,,,,,,,,,,,
2026-08-30,zone,Nord-Kivu,Kalunguta,108,https://ebola-tracker.org/reports/SITREP_MVE_108.pdf,,16,0,1,7,0,43.8,,,,,,,,,,,,,,,
2026-08-30,zone,Nord-Kivu,Katwa,108,https://ebola-tracker.org/reports/SITREP_MVE_108.pdf,,390,1,1,257,1,65.9,,,,,,,,,,,,,,,
2026-08-30,zone,Nord-Kivu,Kyondo,108,https://ebola-tracker.org/reports/SITREP_MVE_108.pdf,,16,0,1,12,0,75.0,,,,,,,,,,,,,,,
2026-08-30,zone,Nord-Kivu,Lubero,108,https://ebola-tracker.org/reports/SITREP_MVE_108.pdf,,1,0,1,1,0,100.0,,,,,,,,,,,,,,,
2026-08-30,zone,Nord-Kivu,Mabalako,108,https://ebola-tracker.org/reports/SITREP_MVE_108.pdf,,5,2,1,4,2,80.0,,,,,,,,,,,,,,,
2026-08-30,zone,Nord-Kivu,Manguredjipa,108,https://ebola-tracker.org/reports/SITREP_MVE_108.pdf,,1,0,1,0,0,0.0,,,,,,,,,,,,,,,
2026-08-30,zone,Nord-Kivu,Masereka,108,https://ebola-tracker.org/reports/SITREP_MVE_108.pdf,,9,1,1,4,0,44.4,,,,,,,,,,,,,,,
2026-08-30,zone,Nord-Kivu,Musienene,108,https://ebola-tracker.org/reports/SITREP_MVE_108.pdf,,79,1,1,46,1,58.2,,,,,,,,,,,,,,,
2026-08-30,zone,Nord-Kivu,Mutwanga,108,https://ebola-tracker.org/reports/SITREP_MVE_108.pdf,,1,0,1,1,0,100.0,,,,,,,,,,,,,,,
2026-08-30,zone,Nord-Kivu,Oicha,108,https://ebola-tracker.org/reports/SITREP_MVE_108.pdf,,7,0,1,6,0,85.7,,,,,,,,,,,,,,,
2026-08-30,zone,Nord-Kivu,Vuhovi,108,https://ebola-tracker.org/reports/SITREP_MVE_108.pdf,,6,0,1,3,1,50.0,,,,,,,,,,,,,,,
2026-08-30,zone,Sud-Kivu,Miti-Murhesa,108,https://ebola-tracker.org/reports/SITREP_MVE_108.pdf,,3,0,1,1,0,33.3,,,,,,,,,,,,,,,
2026-08-30,zone,Tshopo,Bafwasende,108,https://ebola-tracker.org/reports/SITREP_MVE_108.pdf,,2,0,1,0,0,0.0,,,,,,,,,,,,,,,
2026-08-30,zone,Tshopo,Kabondo,108,https://ebola-tracker.org/reports/SITREP_MVE_108.pdf,,3,0,1,1,0,33.3,,,,,,,,,,,,,,,
2026-08-30,zone,Tshopo,Lubunga,108,https://ebola-tracker.org/reports/SITREP_MVE_108.pdf,,1,0,1,0,0,0.0,,,,,,,,,,,,,,,
2026-08-30,zone,Tshopo,Makiso-Kisangani,108,https://ebola-tracker.org/reports/SITREP_MVE_108.pdf,,9,0,1,5,1,55.6,,,,,,,,,,,,,,,
2026-08-30,zone,Tshopo,Mangobo,108,https://ebola-tracker.org/reports/SITREP_MVE_108.pdf,,2,0,1,2,0,100.0,,,,,,,,,,,,,,,
2026-08-30,zone,Tshopo,Tshopo,108,https://ebola-tracker.org/reports/SITREP_MVE_108.pdf,,1,0,1,0,0,0.0,,,,,,,,,,,,,,,
2026-08-30,zone,Tshopo,Wanie-Rukula,108,https://ebola-tracker.org/reports/SITREP_MVE_108.pdf,,1,0,1,1,0,100.0,,,,,,,,,,,,,,,
2026-08-31,pays,,,109,https://ebola-tracker.org/reports/SITREP_MVE_109.pdf,,6186,86,1,3007,57,48.6,1409,43,14,2445,454,506,86,17.0,830,1223,67.9,25560,22499,88.0,
2026-08-31,province,Bas-Uélé,,109,https://ebola-tracker.org/reports/SITREP_MVE_109.pdf,,4,0,1,3,0,75.0,,0,0,24,3,5,0,0.0,,,,,,,
2026-08-31,province,Haut-Uélé,,109,https://ebola-tracker.org/reports/SITREP_MVE_109.pdf,,227,5,1,100,3,44.1,,1,2,20,18,18,5,27.8,,,,,,,
2026-08-31,province,Ituri,,109,https://ebola-tracker.org/reports/SITREP_MVE_109.pdf,,5065,49,1,2305,31,45.5,,21,10,1065,256,255,49,19.2,539,978,55.1,,,,
2026-08-31,province,Nord-Kivu,,109,https://ebola-tracker.org/reports/SITREP_MVE_109.pdf,,868,32,1,589,23,67.9,,21,2,1184,167,224,32,14.3,283,220,128.6,,,,
2026-08-31,province,Sud-Kivu,,109,https://ebola-tracker.org/reports/SITREP_MVE_109.pdf,,3,0,1,1,0,33.3,,0,0,3,2,,,,8,25,32.0,,,,
2026-08-31,province,Tshopo,,109,https://ebola-tracker.org/reports/SITREP_MVE_109.pdf,,19,0,1,9,0,47.4,,0,0,149,8,4,0,0.0,,,,,,,
2026-08-31,zone,Bas-Uélé,Buta,109,https://ebola-tracker.org/reports/SITREP_MVE_109.pdf,,1,0,1,1,0,100.0,,,,,,,,,,,,,,,
2026-08-31,zone,Bas-Uélé,Ganga,109,https://ebola-tracker.org/reports/SITREP_MVE_109.pdf,,2,0,1,2,0,100.0,,,,,,,,,,,,,,,
2026-08-31,zone,Bas-Uélé,Viadana,109,https://ebola-tracker.org/reports/SITREP_MVE_109.pdf,,1,0,1,0,0,0.0,,,,,,,,,,,,,,,
2026-08-31,zone,Haut-Uélé,Boma-Mangbetu,109,https://ebola-tracker.org/reports/SITREP_MVE_109.pdf,,27,0,1,14,0,51.9,,,,,,,,,,,,,,,
2026-08-31,zone,Haut-Uélé,Gombari,109,https://ebola-tracker.org/reports/SITREP_MVE_109.pdf,,3,0,1,1,0,33.3,,,,,,,,,,,,,,,
2026-08-31,zone,Haut-Uélé,Isiro,109,https://ebola-tracker.org/reports/SITREP_MVE_109.pdf,,81,0,1,33,0,40.7,,,,,,,,,,,,,,,
2026-08-31,zone,Haut-Uélé,Pawa,109,https://ebola-tracker.org/reports/SITREP_MVE_109.pdf,,37,4,1,22,3,59.5,,,,,,,,,,,,,,,
2026-08-31,zone,Haut-Uélé,Rungu,109,https://ebola-tracker.org/reports/SITREP_MVE_109.pdf,,1,0,1,0,0,0.0,,,,,,,,,,,,,,,
2026-08-31,zone,Haut-Uélé,Wamba,109,https://ebola-tracker.org/reports/SITREP_MVE_109.pdf,,78,1,1,30,0,38.5,,,,,,,,,,,,,,,
2026-08-31,zone,Ituri,Adja,109,https://ebola-tracker.org/reports/SITREP_MVE_109.pdf,,11,0,1,1,0,9.1,,,,,,,,,,,,,,,
2026-08-31,zone,Ituri,Ariwara,109,https://ebola-tracker.org/reports/SITREP_MVE_109.pdf,,8,0,1,2,0,25.0,,,,,,,,,,,,,,,
2026-08-31,zone,Ituri,Aru,109,https://ebola-tracker.org/reports/SITREP_MVE_109.pdf,,8,0,1,6,0,75.0,,,,,,,,,,,,,,,
2026-08-31,zone,Ituri,Aungba,109,https://ebola-tracker.org/reports/SITREP_MVE_109.pdf,,12,0,1,5,0,41.7,,,,,,,,,,,,,,,
2026-08-31,zone,Ituri,Bambu,109,https://ebola-tracker.org/reports/SITREP_MVE_109.pdf,,165,4,1,36,0,21.8,,,,,,,,,,,,,,,
2026-08-31,zone,Ituri,Boga,109,https://ebola-tracker.org/reports/SITREP_MVE_109.pdf,,2,0,1,2,0,100.0,,,,,,,,,,,,,,,
2026-08-31,zone,Ituri,Bunia,109,https://ebola-tracker.org/reports/SITREP_MVE_109.pdf,,1407,10,1,441,4,31.3,,,,,,,,,,,,,,,
2026-08-31,zone,Ituri,Damas,109,https://ebola-tracker.org/reports/SITREP_MVE_109.pdf,,28,0,1,9,0,32.1,,,,,,,,,,,,,,,
2026-08-31,zone,Ituri,Drodro,109,https://ebola-tracker.org/reports/SITREP_MVE_109.pdf,,14,1,1,7,1,50.0,,,,,,,,,,,,,,,
2026-08-31,zone,Ituri,Fataki,109,https://ebola-tracker.org/reports/SITREP_MVE_109.pdf,,76,0,1,30,0,39.5,,,,,,,,,,,,,,,
2026-08-31,zone,Ituri,Gethy,109,https://ebola-tracker.org/reports/SITREP_MVE_109.pdf,,6,0,1,2,0,33.3,,,,,,,,,,,,,,,
2026-08-31,zone,Ituri,Kambala,109,https://ebola-tracker.org/reports/SITREP_MVE_109.pdf,,2,0,1,0,0,0.0,,,,,,,,,,,,,,,
2026-08-31,zone,Ituri,Kilo,109,https://ebola-tracker.org/reports/SITREP_MVE_109.pdf,,32,0,1,12,0,37.5,,,,,,,,,,,,,,,
2026-08-31,zone,Ituri,Komanda,109,https://ebola-tracker.org/reports/SITREP_MVE_109.pdf,,87,9,1,59,8,67.8,,,,,,,,,,,,,,,
2026-08-31,zone,Ituri,Lita,109,https://ebola-tracker.org/reports/SITREP_MVE_109.pdf,,220,2,1,119,0,54.1,,,,,,,,,,,,,,,
2026-08-31,zone,Ituri,Logo,109,https://ebola-tracker.org/reports/SITREP_MVE_109.pdf,,11,0,1,5,0,45.5,,,,,,,,,,,,,,,
2026-08-31,zone,Ituri,Lolwa,109,https://ebola-tracker.org/reports/SITREP_MVE_109.pdf,,22,0,1,5,0,22.7,,,,,,,,,,,,,,,
2026-08-31,zone,Ituri,Mahagi,109,https://ebola-tracker.org/reports/SITREP_MVE_109.pdf,,4,0,1,1,0,25.0,,,,,,,,,,,,,,,
2026-08-31,zone,Ituri,Mambasa,109,https://ebola-tracker.org/reports/SITREP_MVE_109.pdf,,17,0,1,7,0,41.2,,,,,,,,,,,,,,,
2026-08-31,zone,Ituri,Mandima,109,https://ebola-tracker.org/reports/SITREP_MVE_109.pdf,,36,0,1,21,0,58.3,,,,,,,,,,,,,,,
2026-08-31,zone,Ituri,Mangala,109,https://ebola-tracker.org/reports/SITREP_MVE_109.pdf,,257,11,1,133,6,51.8,,,,,,,,,,,,,,,
2026-08-31,zone,Ituri,Mongbwalu,109,https://ebola-tracker.org/reports/SITREP_MVE_109.pdf,,612,2,1,286,1,46.7,,,,,,,,,,,,,,,
2026-08-31,zone,Ituri,Nia-Nia,109,https://ebola-tracker.org/reports/SITREP_MVE_109.pdf,,216,1,1,113,0,52.3,,,,,,,,,,,,,,,
2026-08-31,zone,Ituri,Nizi,109,https://ebola-tracker.org/reports/SITREP_MVE_109.pdf,,664,2,1,261,0,39.3,,,,,,,,,,,,,,,
2026-08-31,zone,Ituri,Nyankunde,109,https://ebola-tracker.org/reports/SITREP_MVE_109.pdf,,124,0,1,35,0,28.2,,,,,,,,,,,,,,,
2026-08-31,zone,Ituri,Rimba,109,https://ebola-tracker.org/reports/SITREP_MVE_109.pdf,,10,0,1,4,0,40.0,,,,,,,,,,,,,,,
2026-08-31,zone,Ituri,Rwampara,109,https://ebola-tracker.org/reports/SITREP_MVE_109.pdf,,957,7,1,339,1,35.4,,,,,,,,,,,,,,,
2026-08-31,zone,Ituri,Tchomia,109,https://ebola-tracker.org/reports/SITREP_MVE_109.pdf,,57,0,1,25,0,43.9,,,,,,,,,,,,,,,
2026-08-31,zone,Nord-Kivu,Beni,109,https://ebola-tracker.org/reports/SITREP_MVE_109.pdf,,141,3,1,102,2,72.3,,,,,,,,,,,,,,,
2026-08-31,zone,Nord-Kivu,Biena,109,https://ebola-tracker.org/reports/SITREP_MVE_109.pdf,,1,0,1,1,0,100.0,,,,,,,,,,,,,,,
2026-08-31,zone,Nord-Kivu,Butembo,109,https://ebola-tracker.org/reports/SITREP_MVE_109.pdf,,174,9,1,131,7,75.3,,,,,,,,,,,,,,,
2026-08-31,zone,Nord-Kivu,Goma,109,https://ebola-tracker.org/reports/SITREP_MVE_109.pdf,,1,0,1,0,0,0.0,,,,,,,,,,,,,,,
2026-08-31,zone,Nord-Kivu,Kalunguta,109,https://ebola-tracker.org/reports/SITREP_MVE_109.pdf,,16,0,1,7,0,43.8,,,,,,,,,,,,,,,
2026-08-31,zone,Nord-Kivu,Katwa,109,https://ebola-tracker.org/reports/SITREP_MVE_109.pdf,,404,14,1,268,11,66.3,,,,,,,,,,,,,,,
2026-08-31,zone,Nord-Kivu,Kyondo,109,https://ebola-tracker.org/reports/SITREP_MVE_109.pdf,,16,0,1,12,0,75.0,,,,,,,,,,,,,,,
2026-08-31,zone,Nord-Kivu,Lubero,109,https://ebola-tracker.org/reports/SITREP_MVE_109.pdf,,2,1,1,2,1,100.0,,,,,,,,,,,,,,,
2026-08-31,zone,Nord-Kivu,Mabalako,109,https://ebola-tracker.org/reports/SITREP_MVE_109.pdf,,5,0,1,4,0,80.0,,,,,,,,,,,,,,,
2026-08-31,zone,Nord-Kivu,Manguredjipa,109,https://ebola-tracker.org/reports/SITREP_MVE_109.pdf,,1,0,1,0,0,0.0,,,,,,,,,,,,,,,
2026-08-31,zone,Nord-Kivu,Masereka,109,https://ebola-tracker.org/reports/SITREP_MVE_109.pdf,,9,0,1,4,0,44.4,,,,,,,,,,,,,,,
2026-08-31,zone,Nord-Kivu,Musienene,109,https://ebola-tracker.org/reports/SITREP_MVE_109.pdf,,83,4,1,47,1,56.6,,,,,,,,,,,,,,,
2026-08-31,zone,Nord-Kivu,Mutwanga,109,https://ebola-tracker.org/reports/SITREP_MVE_109.pdf,,2,1,1,2,1,100.0,,,,,,,,,,,,,,,
2026-08-31,zone,Nord-Kivu,Oicha,109,https://ebola-tracker.org/reports/SITREP_MVE_109.pdf,,7,0,1,6,0,85.7,,,,,,,,,,,,,,,
2026-08-31,zone,Nord-Kivu,Vuhovi,109,https://ebola-tracker.org/reports/SITREP_MVE_109.pdf,,6,0,1,3,0,50.0,,,,,,,,,,,,,,,
2026-08-31,zone,Sud-Kivu,Miti-Murhesa,109,https://ebola-tracker.org/reports/SITREP_MVE_109.pdf,,3,0,1,1,0,33.3,,,,,,,,,,,,,,,
2026-08-31,zone,Tshopo,Bafwasende,109,https://ebola-tracker.org/reports/SITREP_MVE_109.pdf,,2,0,1,0,0,0.0,,,,,,,,,,,,,,,
2026-08-31,zone,Tshopo,Kabondo,109,https://ebola-tracker.org/reports/SITREP_MVE_109.pdf,,3,0,1,1,0,33.3,,,,,,,,,,,,,,,
2026-08-31,zone,Tshopo,Lubunga,109,https://ebola-tracker.org/reports/SITREP_MVE_109.pdf,,1,0,1,0,0,0.0,,,,,,,,,,,,,,,
2026-08-31,zone,Tshopo,Makiso-Kisangani,109,https://ebola-tracker.org/reports/SITREP_MVE_109.pdf,,9,0,1,5,0,55.6,,,,,,,,,,,,,,,
2026-08-31,zone,Tshopo,Mangobo,109,https://ebola-tracker.org/reports/SITREP_MVE_109.pdf,,2,0,1,2,0,100.0,,,,,,,,,,,,,,,
2026-08-31,zone,Tshopo,Tshopo,109,https://ebola-tracker.org/reports/SITREP_MVE_109.pdf,,1,0,1,0,0,0.0,,,,,,,,,,,,,,,
2026-08-31,zone,Tshopo,Wanie-Rukula,109,https://ebola-tracker.org/reports/SITREP_MVE_109.pdf,,1,0,1,1,0,100.0,,,,,,,,,,,,,,,
2026-09-01,pays,,,110,https://ebola-tracker.org/reports/SITREP_MVE_110.pdf,,6250,64,1,3039,32,48.6,1439,25,7,1705,348,484,63,13.0,869,1368,63.5,18784,16719,89.0,
2026-09-01,province,Bas-Uélé,,110,https://ebola-tracker.org/reports/SITREP_MVE_110.pdf,,4,0,1,3,0,75.0,,0,0,25,4,1,0,0.0,,,,363,224,61.7,
2026-09-01,province,Haut-Uélé,,110,https://ebola-tracker.org/reports/SITREP_MVE_110.pdf,,231,4,1,101,1,43.7,,0,1,14,13,26,4,15.4,62,120,51.7,1846,1562,84.6,
2026-09-01,province,Ituri,,110,https://ebola-tracker.org/reports/SITREP_MVE_110.pdf,,5104,39,1,2324,19,45.5,,13,6,877,216,347,39,11.2,564,978,57.7,7932,7115,89.7,
2026-09-01,province,Nord-Kivu,,110,https://ebola-tracker.org/reports/SITREP_MVE_110.pdf,,888,20,1,601,12,67.7,,12,0,650,108,110,20,18.2,232,220,105.5,8293,7468,90.1,
2026-09-01,province,Sud-Kivu,,110,https://ebola-tracker.org/reports/SITREP_MVE_110.pdf,,3,0,1,1,0,33.3,,0,0,0,0,,,,8,25,32.0,,,,
2026-09-01,province,Tshopo,,110,https://ebola-tracker.org/reports/SITREP_MVE_110.pdf,,20,1,1,9,0,45.0,,0,0,139,7,,,,3,25,12.0,350,350,100.0,
2026-09-01,zone,Bas-Uélé,Buta,110,https://ebola-tracker.org/reports/SITREP_MVE_110.pdf,,1,0,1,1,0,100.0,,,,,,,,,,,,,,,
2026-09-01,zone,Bas-Uélé,Ganga,110,https://ebola-tracker.org/reports/SITREP_MVE_110.pdf,,2,0,1,2,0,100.0,,,,,,,,,,,,,,,
2026-09-01,zone,Bas-Uélé,Viadana,110,https://ebola-tracker.org/reports/SITREP_MVE_110.pdf,,1,0,1,0,0,0.0,,,,,,,,,,,,,,,
2026-09-01,zone,Haut-Uélé,Boma-Mangbetu,110,https://ebola-tracker.org/reports/SITREP_MVE_110.pdf,,27,0,1,14,0,51.9,,,,,,,,,,,,,,,
2026-09-01,zone,Haut-Uélé,Gombari,110,https://ebola-tracker.org/reports/SITREP_MVE_110.pdf,,3,0,1,1,0,33.3,,,,,,,,,,,,,,,
2026-09-01,zone,Haut-Uélé,Isiro,110,https://ebola-tracker.org/reports/SITREP_MVE_110.pdf,,85,4,1,34,1,40.0,,,,,,,,,,,,,,,
2026-09-01,zone,Haut-Uélé,Pawa,110,https://ebola-tracker.org/reports/SITREP_MVE_110.pdf,,37,0,1,22,0,59.5,,,,,,,,,,,,,,,
2026-09-01,zone,Haut-Uélé,Rungu,110,https://ebola-tracker.org/reports/SITREP_MVE_110.pdf,,1,0,1,0,0,0.0,,,,,,,,,,,,,,,
2026-09-01,zone,Haut-Uélé,Wamba,110,https://ebola-tracker.org/reports/SITREP_MVE_110.pdf,,78,0,1,30,0,38.5,,,,,,,,,,,,,,,
2026-09-01,zone,Ituri,Adja,110,https://ebola-tracker.org/reports/SITREP_MVE_110.pdf,,11,0,1,1,0,9.1,,,,,,,,,,,,,,,
2026-09-01,zone,Ituri,Ariwara,110,https://ebola-tracker.org/reports/SITREP_MVE_110.pdf,,8,0,1,2,0,25.0,,,,,,,,,,,,,,,
2026-09-01,zone,Ituri,Aru,110,https://ebola-tracker.org/reports/SITREP_MVE_110.pdf,,8,0,1,6,0,75.0,,,,,,,,,,,,,,,
2026-09-01,zone,Ituri,Aungba,110,https://ebola-tracker.org/reports/SITREP_MVE_110.pdf,,12,0,1,5,0,41.7,,,,,,,,,,,,,,,
2026-09-01,zone,Ituri,Bambu,110,https://ebola-tracker.org/reports/SITREP_MVE_110.pdf,,165,0,1,36,0,21.8,,,,,,,,,,,,,,,
2026-09-01,zone,Ituri,Boga,110,https://ebola-tracker.org/reports/SITREP_MVE_110.pdf,,2,0,1,2,0,100.0,,,,,,,,,,,,,,,
2026-09-01,zone,Ituri,Bunia,110,https://ebola-tracker.org/reports/SITREP_MVE_110.pdf,,1413,6,1,442,1,31.3,,,,,,,,,,,,,,,
2026-09-01,zone,Ituri,Damas,110,https://ebola-tracker.org/reports/SITREP_MVE_110.pdf,,28,0,1,9,0,32.1,,,,,,,,,,,,,,,
2026-09-01,zone,Ituri,Drodro,110,https://ebola-tracker.org/reports/SITREP_MVE_110.pdf,,14,0,1,7,0,50.0,,,,,,,,,,,,,,,
2026-09-01,zone,Ituri,Fataki,110,https://ebola-tracker.org/reports/SITREP_MVE_110.pdf,,77,1,1,30,0,39.0,,,,,,,,,,,,,,,
2026-09-01,zone,Ituri,Gethy,110,https://ebola-tracker.org/reports/SITREP_MVE_110.pdf,,6,0,1,2,0,33.3,,,,,,,,,,,,,,,
2026-09-01,zone,Ituri,Kambala,110,https://ebola-tracker.org/reports/SITREP_MVE_110.pdf,,2,0,1,0,0,0.0,,,,,,,,,,,,,,,
2026-09-01,zone,Ituri,Kilo,110,https://ebola-tracker.org/reports/SITREP_MVE_110.pdf,,32,0,1,12,0,37.5,,,,,,,,,,,,,,,
2026-09-01,zone,Ituri,Komanda,110,https://ebola-tracker.org/reports/SITREP_MVE_110.pdf,,92,5,1,62,3,67.4,,,,,,,,,,,,,,,
2026-09-01,zone,Ituri,Lita,110,https://ebola-tracker.org/reports/SITREP_MVE_110.pdf,,224,4,1,121,2,54.0,,,,,,,,,,,,,,,
2026-09-01,zone,Ituri,Logo,110,https://ebola-tracker.org/reports/SITREP_MVE_110.pdf,,11,0,1,5,0,45.5,,,,,,,,,,,,,,,
2026-09-01,zone,Ituri,Lolwa,110,https://ebola-tracker.org/reports/SITREP_MVE_110.pdf,,22,0,1,5,0,22.7,,,,,,,,,,,,,,,
2026-09-01,zone,Ituri,Mahagi,110,https://ebola-tracker.org/reports/SITREP_MVE_110.pdf,,4,0,1,1,0,25.0,,,,,,,,,,,,,,,
2026-09-01,zone,Ituri,Mambasa,110,https://ebola-tracker.org/reports/SITREP_MVE_110.pdf,,17,0,1,7,0,41.2,,,,,,,,,,,,,,,
2026-09-01,zone,Ituri,Mandima,110,https://ebola-tracker.org/reports/SITREP_MVE_110.pdf,,36,0,1,21,0,58.3,,,,,,,,,,,,,,,
2026-09-01,zone,Ituri,Mangala,110,https://ebola-tracker.org/reports/SITREP_MVE_110.pdf,,263,6,1,134,1,51.0,,,,,,,,,,,,,,,
2026-09-01,zone,Ituri,Mongbwalu,110,https://ebola-tracker.org/reports/SITREP_MVE_110.pdf,,615,3,1,287,1,46.7,,,,,,,,,,,,,,,
2026-09-01,zone,Ituri,Nia-Nia,110,https://ebola-tracker.org/reports/SITREP_MVE_110.pdf,,216,0,1,113,0,52.3,,,,,,,,,,,,,,,
2026-09-01,zone,Ituri,Nizi,110,https://ebola-tracker.org/reports/SITREP_MVE_110.pdf,,670,6,1,264,3,39.4,,,,,,,,,,,,,,,
2026-09-01,zone,Ituri,Nyankunde,110,https://ebola-tracker.org/reports/SITREP_MVE_110.pdf,,124,0,1,35,0,28.2,,,,,,,,,,,,,,,
2026-09-01,zone,Ituri,Rimba,110,https://ebola-tracker.org/reports/SITREP_MVE_110.pdf,,11,1,1,4,0,36.4,,,,,,,,,,,,,,,
2026-09-01,zone,Ituri,Rwampara,110,https://ebola-tracker.org/reports/SITREP_MVE_110.pdf,,964,7,1,341,2,35.4,,,,,,,,,,,,,,,
2026-09-01,zone,Ituri,Tchomia,110,https://ebola-tracker.org/reports/SITREP_MVE_110.pdf,,57,0,1,25,0,43.9,,,,,,,,,,,,,,,
2026-09-01,zone,Nord-Kivu,Beni,110,https://ebola-tracker.org/reports/SITREP_MVE_110.pdf,,146,5,1,105,3,71.9,,,,,,,,,,,,,,,
2026-09-01,zone,Nord-Kivu,Biena,110,https://ebola-tracker.org/reports/SITREP_MVE_110.pdf,,1,0,1,1,0,100.0,,,,,,,,,,,,,,,
2026-09-01,zone,Nord-Kivu,Butembo,110,https://ebola-tracker.org/reports/SITREP_MVE_110.pdf,,180,6,1,134,3,74.4,,,,,,,,,,,,,,,
2026-09-01,zone,Nord-Kivu,Goma,110,https://ebola-tracker.org/reports/SITREP_MVE_110.pdf,,1,0,1,0,0,0.0,,,,,,,,,,,,,,,
2026-09-01,zone,Nord-Kivu,Kalunguta,110,https://ebola-tracker.org/reports/SITREP_MVE_110.pdf,,16,0,1,7,0,43.8,,,,,,,,,,,,,,,
2026-09-01,zone,Nord-Kivu,Katwa,110,https://ebola-tracker.org/reports/SITREP_MVE_110.pdf,,408,4,1,270,2,66.2,,,,,,,,,,,,,,,
2026-09-01,zone,Nord-Kivu,Kyondo,110,https://ebola-tracker.org/reports/SITREP_MVE_110.pdf,,16,0,1,12,0,75.0,,,,,,,,,,,,,,,
2026-09-01,zone,Nord-Kivu,Lubero,110,https://ebola-tracker.org/reports/SITREP_MVE_110.pdf,,3,1,1,3,1,100.0,,,,,,,,,,,,,,,
2026-09-01,zone,Nord-Kivu,Mabalako,110,https://ebola-tracker.org/reports/SITREP_MVE_110.pdf,,6,1,1,5,1,83.3,,,,,,,,,,,,,,,
2026-09-01,zone,Nord-Kivu,Manguredjipa,110,https://ebola-tracker.org/reports/SITREP_MVE_110.pdf,,2,1,1,1,1,50.0,,,,,,,,,,,,,,,
2026-09-01,zone,Nord-Kivu,Masereka,110,https://ebola-tracker.org/reports/SITREP_MVE_110.pdf,,11,2,1,5,1,45.5,,,,,,,,,,,,,,,
2026-09-01,zone,Nord-Kivu,Musienene,110,https://ebola-tracker.org/reports/SITREP_MVE_110.pdf,,83,0,1,47,0,56.6,,,,,,,,,,,,,,,
2026-09-01,zone,Nord-Kivu,Mutwanga,110,https://ebola-tracker.org/reports/SITREP_MVE_110.pdf,,2,0,1,2,0,100.0,,,,,,,,,,,,,,,
2026-09-01,zone,Nord-Kivu,Oicha,110,https://ebola-tracker.org/reports/SITREP_MVE_110.pdf,,7,0,1,6,0,85.7,,,,,,,,,,,,,,,
2026-09-01,zone,Nord-Kivu,Vuhovi,110,https://ebola-tracker.org/reports/SITREP_MVE_110.pdf,,6,0,1,3,0,50.0,,,,,,,,,,,,,,,
2026-09-01,zone,Sud-Kivu,Miti-Murhesa,110,https://ebola-tracker.org/reports/SITREP_MVE_110.pdf,,3,0,1,1,0,33.3,,,,,,,,,,,,,,,
2026-09-01,zone,Tshopo,Bafwasende,110,https://ebola-tracker.org/reports/SITREP_MVE_110.pdf,,2,0,1,0,0,0.0,,,,,,,,,,,,,,,
2026-09-01,zone,Tshopo,Kabondo,110,https://ebola-tracker.org/reports/SITREP_MVE_110.pdf,,3,0,1,1,0,33.3,,,,,,,,,,,,,,,
2026-09-01,zone,Tshopo,Lubunga,110,https://ebola-tracker.org/reports/SITREP_MVE_110.pdf,,1,0,1,0,0,0.0,,,,,,,,,,,,,,,
2026-09-01,zone,Tshopo,Makiso-Kisangani,110,https://ebola-tracker.org/reports/SITREP_MVE_110.pdf,,9,0,1,5,0,55.6,,,,,,,,,,,,,,,
2026-09-01,zone,Tshopo,Mangobo,110,https://ebola-tracker.org/reports/SITREP_MVE_110.pdf,,3,1,1,2,0,66.7,,,,,,,,,,,,,,,
2026-09-01,zone,Tshopo,Tshopo,110,https://ebola-tracker.org/reports/SITREP_MVE_110.pdf,,1,0,1,0,0,0.0,,,,,,,,,,,,,,,
2026-09-01,zone,Tshopo,Wanie-Rukula,110,https://ebola-tracker.org/reports/SITREP_MVE_110.pdf,,1,0,1,1,0,100.0,,,,,,,,,,,,,,,
2026-09-02,pays,,,111,https://ebola-tracker.org/reports/SITREP_MVE_111.pdf,,6342,92,1,3072,33,48.4,1475,24,9,2610,433,408,92,22.5,758,1343,56.4,20711,17910,86.5,
2026-09-02,province,Bas-Uélé,,111,https://ebola-tracker.org/reports/SITREP_MVE_111.pdf,,4,0,1,3,0,75.0,,0,0,34,6,4,0,0.0,,,,364,244,67.0,
2026-09-02,province,Haut-Uélé,,111,https://ebola-tracker.org/reports/SITREP_MVE_111.pdf,,236,5,1,103,2,43.6,,1,1,30,27,21,5,23.8,56,120,46.7,589,471,80.0,
2026-09-02,province,Ituri,,111,https://ebola-tracker.org/reports/SITREP_MVE_111.pdf,,5164,60,1,2342,18,45.4,,12,6,966,206,267,60,22.5,434,978,44.4,10371,9310,89.8,
2026-09-02,province,Nord-Kivu,,111,https://ebola-tracker.org/reports/SITREP_MVE_111.pdf,,913,25,1,614,13,67.3,,11,2,1448,180,110,25,22.7,261,220,118.6,9034,7674,84.9,
2026-09-02,province,Sud-Kivu,,111,https://ebola-tracker.org/reports/SITREP_MVE_111.pdf,,3,0,1,1,0,33.3,,0,0,13,5,,,,,,,,,,
2026-09-02,province,Tshopo,,111,https://ebola-tracker.org/reports/SITREP_MVE_111.pdf,,22,2,1,9,0,40.9,,0,0,119,9,6,2,33.3,7,25,28.0,353,211,59.8,
2026-09-02,zone,Bas-Uélé,Buta,111,https://ebola-tracker.org/reports/SITREP_MVE_111.pdf,,1,0,1,1,0,100.0,,,,,,,,,,,,,,,
2026-09-02,zone,Bas-Uélé,Ganga,111,https://ebola-tracker.org/reports/SITREP_MVE_111.pdf,,2,0,1,2,0,100.0,,,,,,,,,,,,,,,
2026-09-02,zone,Bas-Uélé,Viadana,111,https://ebola-tracker.org/reports/SITREP_MVE_111.pdf,,1,0,1,0,0,0.0,,,,,,,,,,,,,,,
2026-09-02,zone,Haut-Uélé,Boma-Mangbetu,111,https://ebola-tracker.org/reports/SITREP_MVE_111.pdf,,27,0,1,14,0,51.9,,,,,,,,,,,,,,,
2026-09-02,zone,Haut-Uélé,Gombari,111,https://ebola-tracker.org/reports/SITREP_MVE_111.pdf,,3,0,1,1,0,33.3,,,,,,,,,,,,,,,
2026-09-02,zone,Haut-Uélé,Isiro,111,https://ebola-tracker.org/reports/SITREP_MVE_111.pdf,,86,1,1,35,1,40.7,,,,,,,,,,,,,,,
2026-09-02,zone,Haut-Uélé,Pawa,111,https://ebola-tracker.org/reports/SITREP_MVE_111.pdf,,39,2,1,22,0,56.4,,,,,,,,,,,,,,,
2026-09-02,zone,Haut-Uélé,Rungu,111,https://ebola-tracker.org/reports/SITREP_MVE_111.pdf,,2,1,1,1,1,50.0,,,,,,,,,,,,,,,
2026-09-02,zone,Haut-Uélé,Wamba,111,https://ebola-tracker.org/reports/SITREP_MVE_111.pdf,,79,1,1,30,0,38.0,,,,,,,,,,,,,,,
2026-09-02,zone,Ituri,Adja,111,https://ebola-tracker.org/reports/SITREP_MVE_111.pdf,,11,0,1,1,0,9.1,,,,,,,,,,,,,,,
2026-09-02,zone,Ituri,Ariwara,111,https://ebola-tracker.org/reports/SITREP_MVE_111.pdf,,8,0,1,2,0,25.0,,,,,,,,,,,,,,,
2026-09-02,zone,Ituri,Aru,111,https://ebola-tracker.org/reports/SITREP_MVE_111.pdf,,8,0,1,6,0,75.0,,,,,,,,,,,,,,,
2026-09-02,zone,Ituri,Aungba,111,https://ebola-tracker.org/reports/SITREP_MVE_111.pdf,,12,0,1,5,0,41.7,,,,,,,,,,,,,,,
2026-09-02,zone,Ituri,Bambu,111,https://ebola-tracker.org/reports/SITREP_MVE_111.pdf,,168,3,1,36,0,21.4,,,,,,,,,,,,,,,
2026-09-02,zone,Ituri,Boga,111,https://ebola-tracker.org/reports/SITREP_MVE_111.pdf,,2,0,1,2,0,100.0,,,,,,,,,,,,,,,
2026-09-02,zone,Ituri,Bunia,111,https://ebola-tracker.org/reports/SITREP_MVE_111.pdf,,1444,31,1,447,5,31.0,,,,,,,,,,,,,,,
2026-09-02,zone,Ituri,Damas,111,https://ebola-tracker.org/reports/SITREP_MVE_111.pdf,,28,0,1,9,0,32.1,,,,,,,,,,,,,,,
2026-09-02,zone,Ituri,Drodro,111,https://ebola-tracker.org/reports/SITREP_MVE_111.pdf,,14,0,1,7,0,50.0,,,,,,,,,,,,,,,
2026-09-02,zone,Ituri,Fataki,111,https://ebola-tracker.org/reports/SITREP_MVE_111.pdf,,77,0,1,30,0,39.0,,,,,,,,,,,,,,,
2026-09-02,zone,Ituri,Gethy,111,https://ebola-tracker.org/reports/SITREP_MVE_111.pdf,,6,0,1,2,0,33.3,,,,,,,,,,,,,,,
2026-09-02,zone,Ituri,Kambala,111,https://ebola-tracker.org/reports/SITREP_MVE_111.pdf,,2,0,1,0,0,0.0,,,,,,,,,,,,,,,
2026-09-02,zone,Ituri,Kilo,111,https://ebola-tracker.org/reports/SITREP_MVE_111.pdf,,32,0,1,12,0,37.5,,,,,,,,,,,,,,,
2026-09-02,zone,Ituri,Komanda,111,https://ebola-tracker.org/reports/SITREP_MVE_111.pdf,,92,0,1,62,0,67.4,,,,,,,,,,,,,,,
2026-09-02,zone,Ituri,Lita,111,https://ebola-tracker.org/reports/SITREP_MVE_111.pdf,,225,1,1,121,0,53.8,,,,,,,,,,,,,,,
2026-09-02,zone,Ituri,Logo,111,https://ebola-tracker.org/reports/SITREP_MVE_111.pdf,,11,0,1,5,0,45.5,,,,,,,,,,,,,,,
2026-09-02,zone,Ituri,Lolwa,111,https://ebola-tracker.org/reports/SITREP_MVE_111.pdf,,22,0,1,5,0,22.7,,,,,,,,,,,,,,,
2026-09-02,zone,Ituri,Mahagi,111,https://ebola-tracker.org/reports/SITREP_MVE_111.pdf,,4,0,1,1,0,25.0,,,,,,,,,,,,,,,
2026-09-02,zone,Ituri,Mambasa,111,https://ebola-tracker.org/reports/SITREP_MVE_111.pdf,,17,0,1,7,0,41.2,,,,,,,,,,,,,,,
2026-09-02,zone,Ituri,Mandima,111,https://ebola-tracker.org/reports/SITREP_MVE_111.pdf,,36,0,1,21,0,58.3,,,,,,,,,,,,,,,
2026-09-02,zone,Ituri,Mangala,111,https://ebola-tracker.org/reports/SITREP_MVE_111.pdf,,271,8,1,138,4,50.9,,,,,,,,,,,,,,,
2026-09-02,zone,Ituri,Mongbwalu,111,https://ebola-tracker.org/reports/SITREP_MVE_111.pdf,,616,1,1,288,1,46.8,,,,,,,,,,,,,,,
2026-09-02,zone,Ituri,Nia-Nia,111,https://ebola-tracker.org/reports/SITREP_MVE_111.pdf,,218,2,1,113,0,51.8,,,,,,,,,,,,,,,
2026-09-02,zone,Ituri,Nizi,111,https://ebola-tracker.org/reports/SITREP_MVE_111.pdf,,675,5,1,266,2,39.4,,,,,,,,,,,,,,,
2026-09-02,zone,Ituri,Nyankunde,111,https://ebola-tracker.org/reports/SITREP_MVE_111.pdf,,124,0,1,35,0,28.2,,,,,,,,,,,,,,,
2026-09-02,zone,Ituri,Rimba,111,https://ebola-tracker.org/reports/SITREP_MVE_111.pdf,,11,0,1,4,0,36.4,,,,,,,,,,,,,,,
2026-09-02,zone,Ituri,Rwampara,111,https://ebola-tracker.org/reports/SITREP_MVE_111.pdf,,971,7,1,341,0,35.1,,,,,,,,,,,,,,,
2026-09-02,zone,Ituri,Tchomia,111,https://ebola-tracker.org/reports/SITREP_MVE_111.pdf,,59,2,1,25,0,42.4,,,,,,,,,,,,,,,
2026-09-02,zone,Nord-Kivu,Beni,111,https://ebola-tracker.org/reports/SITREP_MVE_111.pdf,,151,5,1,109,4,72.2,,,,,,,,,,,,,,,
2026-09-02,zone,Nord-Kivu,Biena,111,https://ebola-tracker.org/reports/SITREP_MVE_111.pdf,,1,0,1,1,0,100.0,,,,,,,,,,,,,,,
2026-09-02,zone,Nord-Kivu,Butembo,111,https://ebola-tracker.org/reports/SITREP_MVE_111.pdf,,186,6,1,134,0,72.0,,,,,,,,,,,,,,,
2026-09-02,zone,Nord-Kivu,Goma,111,https://ebola-tracker.org/reports/SITREP_MVE_111.pdf,,1,0,1,0,0,0.0,,,,,,,,,,,,,,,
2026-09-02,zone,Nord-Kivu,Kalunguta,111,https://ebola-tracker.org/reports/SITREP_MVE_111.pdf,,16,0,1,7,0,43.8,,,,,,,,,,,,,,,
2026-09-02,zone,Nord-Kivu,Katwa,111,https://ebola-tracker.org/reports/SITREP_MVE_111.pdf,,416,8,1,278,8,66.8,,,,,,,,,,,,,,,
2026-09-02,zone,Nord-Kivu,Kyondo,111,https://ebola-tracker.org/reports/SITREP_MVE_111.pdf,,16,0,1,12,0,75.0,,,,,,,,,,,,,,,
2026-09-02,zone,Nord-Kivu,Lubero,111,https://ebola-tracker.org/reports/SITREP_MVE_111.pdf,,4,1,1,3,0,75.0,,,,,,,,,,,,,,,
2026-09-02,zone,Nord-Kivu,Mabalako,111,https://ebola-tracker.org/reports/SITREP_MVE_111.pdf,,7,1,1,5,0,71.4,,,,,,,,,,,,,,,
2026-09-02,zone,Nord-Kivu,Manguredjipa,111,https://ebola-tracker.org/reports/SITREP_MVE_111.pdf,,2,0,1,1,0,50.0,,,,,,,,,,,,,,,
2026-09-02,zone,Nord-Kivu,Masereka,111,https://ebola-tracker.org/reports/SITREP_MVE_111.pdf,,12,1,1,5,0,41.7,,,,,,,,,,,,,,,
2026-09-02,zone,Nord-Kivu,Musienene,111,https://ebola-tracker.org/reports/SITREP_MVE_111.pdf,,85,2,1,48,1,56.5,,,,,,,,,,,,,,,
2026-09-02,zone,Nord-Kivu,Mutwanga,111,https://ebola-tracker.org/reports/SITREP_MVE_111.pdf,,2,0,1,2,0,100.0,,,,,,,,,,,,,,,
2026-09-02,zone,Nord-Kivu,Oicha,111,https://ebola-tracker.org/reports/SITREP_MVE_111.pdf,,8,1,1,6,0,75.0,,,,,,,,,,,,,,,
2026-09-02,zone,Nord-Kivu,Vuhovi,111,https://ebola-tracker.org/reports/SITREP_MVE_111.pdf,,6,0,1,3,0,50.0,,,,,,,,,,,,,,,
2026-09-02,zone,Sud-Kivu,Miti-Murhesa,111,https://ebola-tracker.org/reports/SITREP_MVE_111.pdf,,3,0,1,1,0,33.3,,,,,,,,,,,,,,,
2026-09-02,zone,Tshopo,Bafwasende,111,https://ebola-tracker.org/reports/SITREP_MVE_111.pdf,,2,0,1,0,0,0.0,,,,,,,,,,,,,,,
2026-09-02,zone,Tshopo,Kabondo,111,https://ebola-tracker.org/reports/SITREP_MVE_111.pdf,,4,1,1,1,0,25.0,,,,,,,,,,,,,,,
2026-09-02,zone,Tshopo,Lubunga,111,https://ebola-tracker.org/reports/SITREP_MVE_111.pdf,,1,0,1,0,0,0.0,,,,,,,,,,,,,,,
2026-09-02,zone,Tshopo,Makiso-Kisangani,111,https://ebola-tracker.org/reports/SITREP_MVE_111.pdf,,10,1,1,5,0,50.0,,,,,,,,,,,,,,,
2026-09-02,zone,Tshopo,Mangobo,111,https://ebola-tracker.org/reports/SITREP_MVE_111.pdf,,3,0,1,2,0,66.7,,,,,,,,,,,,,,,
2026-09-02,zone,Tshopo,Tshopo,111,https://ebola-tracker.org/reports/SITREP_MVE_111.pdf,,1,0,1,0,0,0.0,,,,,,,,,,,,,,,
2026-09-02,zone,Tshopo,Wanie-Rukula,111,https://ebola-tracker.org/reports/SITREP_MVE_111.pdf,,1,0,1,1,0,100.0,,,,,,,,,,,,,,,
2026-09-03,pays,,,112,https://ebola-tracker.org/reports/SITREP_MVE_112.pdf,,6436,94,1,3095,23,48.1,1495,17,6,1792,345,514,94,18.3,727,1351,53.8,24497,21678,88.5,
2026-09-03,province,Bas-Uélé,,112,https://ebola-tracker.org/reports/SITREP_MVE_112.pdf,,4,0,1,3,0,75.0,,0,0,40,17,8,0,0.0,,,,148,103,69.6,
2026-09-03,province,Haut-Uélé,,112,https://ebola-tracker.org/reports/SITREP_MVE_112.pdf,,245,9,1,104,1,42.4,,0,1,24,21,37,9,24.3,62,128,50.8,1573,1449,92.1,
2026-09-03,province,Ituri,,112,https://ebola-tracker.org/reports/SITREP_MVE_112.pdf,,5224,60,1,2355,13,45.1,,10,3,740,193,287,60,20.9,434,978,44.4,13362,12173,91.1,
2026-09-03,province,Nord-Kivu,,112,https://ebola-tracker.org/reports/SITREP_MVE_112.pdf,,938,25,1,623,9,66.4,,7,2,849,109,176,25,14.2,225,220,102.7,9060,7712,85.1,
2026-09-03,province,Sud-Kivu,,112,https://ebola-tracker.org/reports/SITREP_MVE_112.pdf,,3,0,1,1,0,33.3,,0,0,0,0,,,,,,,,,,
2026-09-03,province,Tshopo,,112,https://ebola-tracker.org/reports/SITREP_MVE_112.pdf,,22,0,1,9,0,40.9,,0,0,139,5,6,0,0.0,6,25,24.0,354,241,68.1,
2026-09-03,zone,Bas-Uélé,Buta,112,https://ebola-tracker.org/reports/SITREP_MVE_112.pdf,,1,0,1,1,0,100.0,,,,,,,,,,,,,,,
2026-09-03,zone,Bas-Uélé,Ganga,112,https://ebola-tracker.org/reports/SITREP_MVE_112.pdf,,2,0,1,2,0,100.0,,,,,,,,,,,,,,,
2026-09-03,zone,Bas-Uélé,Viadana,112,https://ebola-tracker.org/reports/SITREP_MVE_112.pdf,,1,0,1,0,0,0.0,,,,,,,,,,,,,,,
2026-09-03,zone,Haut-Uélé,Boma-Mangbetu,112,https://ebola-tracker.org/reports/SITREP_MVE_112.pdf,,29,2,1,14,0,48.3,,,,,,,,,,,,,,,
2026-09-03,zone,Haut-Uélé,Gombari,112,https://ebola-tracker.org/reports/SITREP_MVE_112.pdf,,3,0,1,1,0,33.3,,,,,,,,,,,,,,,
2026-09-03,zone,Haut-Uélé,Isiro,112,https://ebola-tracker.org/reports/SITREP_MVE_112.pdf,,89,3,1,36,1,40.4,,,,,,,,,,,,,,,
2026-09-03,zone,Haut-Uélé,Pawa,112,https://ebola-tracker.org/reports/SITREP_MVE_112.pdf,,39,0,1,22,0,56.4,,,,,,,,,,,,,,,
2026-09-03,zone,Haut-Uélé,Rungu,112,https://ebola-tracker.org/reports/SITREP_MVE_112.pdf,,2,0,1,1,0,50.0,,,,,,,,,,,,,,,
2026-09-03,zone,Haut-Uélé,Wamba,112,https://ebola-tracker.org/reports/SITREP_MVE_112.pdf,,83,4,1,30,0,36.1,,,,,,,,,,,,,,,
2026-09-03,zone,Ituri,Adja,112,https://ebola-tracker.org/reports/SITREP_MVE_112.pdf,,11,0,1,1,0,9.1,,,,,,,,,,,,,,,
2026-09-03,zone,Ituri,Ariwara,112,https://ebola-tracker.org/reports/SITREP_MVE_112.pdf,,8,0,1,2,0,25.0,,,,,,,,,,,,,,,
2026-09-03,zone,Ituri,Aru,112,https://ebola-tracker.org/reports/SITREP_MVE_112.pdf,,8,0,1,6,0,75.0,,,,,,,,,,,,,,,
2026-09-03,zone,Ituri,Aungba,112,https://ebola-tracker.org/reports/SITREP_MVE_112.pdf,,12,0,1,5,0,41.7,,,,,,,,,,,,,,,
2026-09-03,zone,Ituri,Bambu,112,https://ebola-tracker.org/reports/SITREP_MVE_112.pdf,,170,2,1,36,0,21.2,,,,,,,,,,,,,,,
2026-09-03,zone,Ituri,Boga,112,https://ebola-tracker.org/reports/SITREP_MVE_112.pdf,,2,0,1,2,0,100.0,,,,,,,,,,,,,,,
2026-09-03,zone,Ituri,Bunia,112,https://ebola-tracker.org/reports/SITREP_MVE_112.pdf,,1455,11,1,449,2,30.9,,,,,,,,,,,,,,,
2026-09-03,zone,Ituri,Damas,112,https://ebola-tracker.org/reports/SITREP_MVE_112.pdf,,30,2,1,9,0,30.0,,,,,,,,,,,,,,,
2026-09-03,zone,Ituri,Drodro,112,https://ebola-tracker.org/reports/SITREP_MVE_112.pdf,,14,0,1,7,0,50.0,,,,,,,,,,,,,,,
2026-09-03,zone,Ituri,Fataki,112,https://ebola-tracker.org/reports/SITREP_MVE_112.pdf,,77,0,1,30,0,39.0,,,,,,,,,,,,,,,
2026-09-03,zone,Ituri,Gethy,112,https://ebola-tracker.org/reports/SITREP_MVE_112.pdf,,6,0,1,2,0,33.3,,,,,,,,,,,,,,,
2026-09-03,zone,Ituri,Kambala,112,https://ebola-tracker.org/reports/SITREP_MVE_112.pdf,,2,0,1,0,0,0.0,,,,,,,,,,,,,,,
2026-09-03,zone,Ituri,Kilo,112,https://ebola-tracker.org/reports/SITREP_MVE_112.pdf,,32,0,1,12,0,37.5,,,,,,,,,,,,,,,
2026-09-03,zone,Ituri,Komanda,112,https://ebola-tracker.org/reports/SITREP_MVE_112.pdf,,98,6,1,66,4,67.3,,,,,,,,,,,,,,,
2026-09-03,zone,Ituri,Lita,112,https://ebola-tracker.org/reports/SITREP_MVE_112.pdf,,231,6,1,121,0,52.4,,,,,,,,,,,,,,,
2026-09-03,zone,Ituri,Logo,112,https://ebola-tracker.org/reports/SITREP_MVE_112.pdf,,12,1,1,5,0,41.7,,,,,,,,,,,,,,,
2026-09-03,zone,Ituri,Lolwa,112,https://ebola-tracker.org/reports/SITREP_MVE_112.pdf,,22,0,1,5,0,22.7,,,,,,,,,,,,,,,
2026-09-03,zone,Ituri,Mahagi,112,https://ebola-tracker.org/reports/SITREP_MVE_112.pdf,,4,0,1,1,0,25.0,,,,,,,,,,,,,,,
2026-09-03,zone,Ituri,Mambasa,112,https://ebola-tracker.org/reports/SITREP_MVE_112.pdf,,17,0,1,7,0,41.2,,,,,,,,,,,,,,,
2026-09-03,zone,Ituri,Mandima,112,https://ebola-tracker.org/reports/SITREP_MVE_112.pdf,,36,0,1,21,0,58.3,,,,,,,,,,,,,,,
2026-09-03,zone,Ituri,Mangala,112,https://ebola-tracker.org/reports/SITREP_MVE_112.pdf,,278,7,1,138,0,49.6,,,,,,,,,,,,,,,
2026-09-03,zone,Ituri,Mongbwalu,112,https://ebola-tracker.org/reports/SITREP_MVE_112.pdf,,623,7,1,288,0,46.2,,,,,,,,,,,,,,,
2026-09-03,zone,Ituri,Nia-Nia,112,https://ebola-tracker.org/reports/SITREP_MVE_112.pdf,,221,3,1,113,0,51.1,,,,,,,,,,,,,,,
2026-09-03,zone,Ituri,Nizi,112,https://ebola-tracker.org/reports/SITREP_MVE_112.pdf,,683,8,1,267,1,39.1,,,,,,,,,,,,,,,
2026-09-03,zone,Ituri,Nyankunde,112,https://ebola-tracker.org/reports/SITREP_MVE_112.pdf,,124,0,1,35,0,28.2,,,,,,,,,,,,,,,
2026-09-03,zone,Ituri,Rimba,112,https://ebola-tracker.org/reports/SITREP_MVE_112.pdf,,11,0,1,4,0,36.4,,,,,,,,,,,,,,,
2026-09-03,zone,Ituri,Rwampara,112,https://ebola-tracker.org/reports/SITREP_MVE_112.pdf,,977,6,1,344,3,35.2,,,,,,,,,,,,,,,
2026-09-03,zone,Ituri,Tchomia,112,https://ebola-tracker.org/reports/SITREP_MVE_112.pdf,,60,1,1,25,0,41.7,,,,,,,,,,,,,,,
2026-09-03,zone,Nord-Kivu,Beni,112,https://ebola-tracker.org/reports/SITREP_MVE_112.pdf,,156,5,1,115,6,73.7,,,,,,,,,,,,,,,
2026-09-03,zone,Nord-Kivu,Biena,112,https://ebola-tracker.org/reports/SITREP_MVE_112.pdf,,1,0,1,1,0,100.0,,,,,,,,,,,,,,,
2026-09-03,zone,Nord-Kivu,Butembo,112,https://ebola-tracker.org/reports/SITREP_MVE_112.pdf,,193,7,1,136,2,70.5,,,,,,,,,,,,,,,
2026-09-03,zone,Nord-Kivu,Goma,112,https://ebola-tracker.org/reports/SITREP_MVE_112.pdf,,1,0,1,0,0,0.0,,,,,,,,,,,,,,,
2026-09-03,zone,Nord-Kivu,Kalunguta,112,https://ebola-tracker.org/reports/SITREP_MVE_112.pdf,,17,1,1,8,1,47.1,,,,,,,,,,,,,,,
2026-09-03,zone,Nord-Kivu,Katwa,112,https://ebola-tracker.org/reports/SITREP_MVE_112.pdf,,427,11,1,278,0,65.1,,,,,,,,,,,,,,,
2026-09-03,zone,Nord-Kivu,Kyondo,112,https://ebola-tracker.org/reports/SITREP_MVE_112.pdf,,16,0,1,12,0,75.0,,,,,,,,,,,,,,,
2026-09-03,zone,Nord-Kivu,Lubero,112,https://ebola-tracker.org/reports/SITREP_MVE_112.pdf,,4,0,1,3,0,75.0,,,,,,,,,,,,,,,
2026-09-03,zone,Nord-Kivu,Mabalako,112,https://ebola-tracker.org/reports/SITREP_MVE_112.pdf,,7,0,1,5,0,71.4,,,,,,,,,,,,,,,
2026-09-03,zone,Nord-Kivu,Manguredjipa,112,https://ebola-tracker.org/reports/SITREP_MVE_112.pdf,,2,0,1,1,0,50.0,,,,,,,,,,,,,,,
2026-09-03,zone,Nord-Kivu,Masereka,112,https://ebola-tracker.org/reports/SITREP_MVE_112.pdf,,13,1,1,5,0,38.5,,,,,,,,,,,,,,,
2026-09-03,zone,Nord-Kivu,Musienene,112,https://ebola-tracker.org/reports/SITREP_MVE_112.pdf,,85,0,1,48,0,56.5,,,,,,,,,,,,,,,
2026-09-03,zone,Nord-Kivu,Mutwanga,112,https://ebola-tracker.org/reports/SITREP_MVE_112.pdf,,2,0,1,2,0,100.0,,,,,,,,,,,,,,,
2026-09-03,zone,Nord-Kivu,Oicha,112,https://ebola-tracker.org/reports/SITREP_MVE_112.pdf,,8,0,1,6,0,75.0,,,,,,,,,,,,,,,
2026-09-03,zone,Nord-Kivu,Vuhovi,112,https://ebola-tracker.org/reports/SITREP_MVE_112.pdf,,6,0,1,3,0,50.0,,,,,,,,,,,,,,,
2026-09-03,zone,Sud-Kivu,Miti-Murhesa,112,https://ebola-tracker.org/reports/SITREP_MVE_112.pdf,,3,0,1,1,0,33.3,,,,,,,,,,,,,,,
2026-09-03,zone,Tshopo,Bafwasende,112,https://ebola-tracker.org/reports/SITREP_MVE_112.pdf,,2,0,1,0,0,0.0,,,,,,,,,,,,,,,
2026-09-03,zone,Tshopo,Kabondo,112,https://ebola-tracker.org/reports/SITREP_MVE_112.pdf,,4,0,1,1,0,25.0,,,,,,,,,,,,,,,
2026-09-03,zone,Tshopo,Lubunga,112,https://ebola-tracker.org/reports/SITREP_MVE_112.pdf,,1,0,1,0,0,0.0,,,,,,,,,,,,,,,
2026-09-03,zone,Tshopo,Makiso-Kisangani,112,https://ebola-tracker.org/reports/SITREP_MVE_112.pdf,,10,0,1,5,0,50.0,,,,,,,,,,,,,,,
2026-09-03,zone,Tshopo,Mangobo,112,https://ebola-tracker.org/reports/SITREP_MVE_112.pdf,,3,0,1,2,0,66.7,,,,,,,,,,,,,,,
2026-09-03,zone,Tshopo,Tshopo,112,https://ebola-tracker.org/reports/SITREP_MVE_112.pdf,,1,0,1,0,0,0.0,,,,,,,,,,,,,,,
2026-09-03,zone,Tshopo,Wanie-Rukula,112,https://ebola-tracker.org/reports/SITREP_MVE_112.pdf,,1,0,1,1,0,100.0,,,,,,,,,,,,,,,
2026-09-04,pays,,,113,https://ebola-tracker.org/reports/SITREP_MVE_113.pdf,,6522,86,1,3134,39,48.1,1516,30,9,2144,399,575,86,15.0,817,1376,59.4,25500,21909,86.0,
2026-09-04,province,Bas-Uélé,,113,https://ebola-tracker.org/reports/SITREP_MVE_113.pdf,,4,0,1,3,0,75.0,,0,0,30,5,5,0,0.0,,,,152,106,69.7,
2026-09-04,province,Haut-Uélé,,113,https://ebola-tracker.org/reports/SITREP_MVE_113.pdf,,247,2,1,105,1,42.5,,0,1,24,23,37,2,5.4,62,128,48.4,1685,1215,72.1,
2026-09-04,province,Ituri,,113,https://ebola-tracker.org/reports/SITREP_MVE_113.pdf,,5277,53,1,2378,23,45.1,,16,7,819,206,341,53,15.5,495,978,50.6,13839,12432,89.8,
2026-09-04,province,Nord-Kivu,,113,https://ebola-tracker.org/reports/SITREP_MVE_113.pdf,,969,31,1,638,15,65.8,,14,1,1158,154,189,31,16.4,237,220,107.7,9491,7910,83.3,
2026-09-04,province,Sud-Kivu,,113,https://ebola-tracker.org/reports/SITREP_MVE_113.pdf,,3,0,1,1,0,33.3,,0,0,8,5,,,,16,25,64.0,,,,
2026-09-04,province,Tshopo,,113,https://ebola-tracker.org/reports/SITREP_MVE_113.pdf,,22,0,1,9,0,40.9,,0,0,105,6,3,0,0.0,7,25,28.0,333,246,73.9,
2026-09-04,zone,Bas-Uélé,Buta,113,https://ebola-tracker.org/reports/SITREP_MVE_113.pdf,,1,0,1,1,0,100.0,,,,,,,,,,,,,,,
2026-09-04,zone,Bas-Uélé,Ganga,113,https://ebola-tracker.org/reports/SITREP_MVE_113.pdf,,2,0,1,2,0,100.0,,,,,,,,,,,,,,,
2026-09-04,zone,Bas-Uélé,Viadana,113,https://ebola-tracker.org/reports/SITREP_MVE_113.pdf,,1,0,1,0,0,0.0,,,,,,,,,,,,,,,
2026-09-04,zone,Haut-Uélé,Boma-Mangbetu,113,https://ebola-tracker.org/reports/SITREP_MVE_113.pdf,,29,0,1,14,0,48.3,,,,,,,,,,,,,,,
2026-09-04,zone,Haut-Uélé,Gombari,113,https://ebola-tracker.org/reports/SITREP_MVE_113.pdf,,3,0,1,1,0,33.3,,,,,,,,,,,,,,,
2026-09-04,zone,Haut-Uélé,Isiro,113,https://ebola-tracker.org/reports/SITREP_MVE_113.pdf,,90,1,1,36,0,40.0,,,,,,,,,,,,,,,
2026-09-04,zone,Haut-Uélé,Pawa,113,https://ebola-tracker.org/reports/SITREP_MVE_113.pdf,,40,1,1,22,0,55.0,,,,,,,,,,,,,,,
2026-09-04,zone,Haut-Uélé,Rungu,113,https://ebola-tracker.org/reports/SITREP_MVE_113.pdf,,2,0,1,1,0,50.0,,,,,,,,,,,,,,,
2026-09-04,zone,Haut-Uélé,Wamba,113,https://ebola-tracker.org/reports/SITREP_MVE_113.pdf,,83,0,1,31,1,37.3,,,,,,,,,,,,,,,
2026-09-04,zone,Ituri,Adja,113,https://ebola-tracker.org/reports/SITREP_MVE_113.pdf,,11,0,1,1,0,9.1,,,,,,,,,,,,,,,
2026-09-04,zone,Ituri,Ariwara,113,https://ebola-tracker.org/reports/SITREP_MVE_113.pdf,,8,0,1,2,0,25.0,,,,,,,,,,,,,,,
2026-09-04,zone,Ituri,Aru,113,https://ebola-tracker.org/reports/SITREP_MVE_113.pdf,,8,0,1,6,0,75.0,,,,,,,,,,,,,,,
2026-09-04,zone,Ituri,Aungba,113,https://ebola-tracker.org/reports/SITREP_MVE_113.pdf,,12,0,1,5,0,41.7,,,,,,,,,,,,,,,
2026-09-04,zone,Ituri,Bambu,113,https://ebola-tracker.org/reports/SITREP_MVE_113.pdf,,171,1,1,36,0,21.1,,,,,,,,,,,,,,,
2026-09-04,zone,Ituri,Boga,113,https://ebola-tracker.org/reports/SITREP_MVE_113.pdf,,2,0,1,2,0,100.0,,,,,,,,,,,,,,,
2026-09-04,zone,Ituri,Bunia,113,https://ebola-tracker.org/reports/SITREP_MVE_113.pdf,,1471,16,1,456,7,31.0,,,,,,,,,,,,,,,
2026-09-04,zone,Ituri,Damas,113,https://ebola-tracker.org/reports/SITREP_MVE_113.pdf,,30,0,1,9,0,30.0,,,,,,,,,,,,,,,
2026-09-04,zone,Ituri,Drodro,113,https://ebola-tracker.org/reports/SITREP_MVE_113.pdf,,15,1,1,7,0,46.7,,,,,,,,,,,,,,,
2026-09-04,zone,Ituri,Fataki,113,https://ebola-tracker.org/reports/SITREP_MVE_113.pdf,,77,0,1,30,0,39.0,,,,,,,,,,,,,,,
2026-09-04,zone,Ituri,Gethy,113,https://ebola-tracker.org/reports/SITREP_MVE_113.pdf,,6,0,1,2,0,33.3,,,,,,,,,,,,,,,
2026-09-04,zone,Ituri,Kambala,113,https://ebola-tracker.org/reports/SITREP_MVE_113.pdf,,2,0,1,0,0,0.0,,,,,,,,,,,,,,,
2026-09-04,zone,Ituri,Kilo,113,https://ebola-tracker.org/reports/SITREP_MVE_113.pdf,,32,0,1,12,0,37.5,,,,,,,,,,,,,,,
2026-09-04,zone,Ituri,Komanda,113,https://ebola-tracker.org/reports/SITREP_MVE_113.pdf,,104,6,1,70,4,67.3,,,,,,,,,,,,,,,
2026-09-04,zone,Ituri,Lita,113,https://ebola-tracker.org/reports/SITREP_MVE_113.pdf,,234,3,1,121,0,51.7,,,,,,,,,,,,,,,
2026-09-04,zone,Ituri,Logo,113,https://ebola-tracker.org/reports/SITREP_MVE_113.pdf,,13,1,1,5,0,38.5,,,,,,,,,,,,,,,
2026-09-04,zone,Ituri,Lolwa,113,https://ebola-tracker.org/reports/SITREP_MVE_113.pdf,,25,3,1,7,2,28.0,,,,,,,,,,,,,,,
2026-09-04,zone,Ituri,Mahagi,113,https://ebola-tracker.org/reports/SITREP_MVE_113.pdf,,4,0,1,1,0,25.0,,,,,,,,,,,,,,,
2026-09-04,zone,Ituri,Mambasa,113,https://ebola-tracker.org/reports/SITREP_MVE_113.pdf,,17,0,1,7,0,41.2,,,,,,,,,,,,,,,
2026-09-04,zone,Ituri,Mandima,113,https://ebola-tracker.org/reports/SITREP_MVE_113.pdf,,38,2,1,21,0,55.3,,,,,,,,,,,,,,,
2026-09-04,zone,Ituri,Mangala,113,https://ebola-tracker.org/reports/SITREP_MVE_113.pdf,,287,9,1,140,2,48.8,,,,,,,,,,,,,,,
2026-09-04,zone,Ituri,Mongbwalu,113,https://ebola-tracker.org/reports/SITREP_MVE_113.pdf,,624,1,1,288,0,46.2,,,,,,,,,,,,,,,
2026-09-04,zone,Ituri,Nia-Nia,113,https://ebola-tracker.org/reports/SITREP_MVE_113.pdf,,221,0,1,113,0,51.1,,,,,,,,,,,,,,,
2026-09-04,zone,Ituri,Nizi,113,https://ebola-tracker.org/reports/SITREP_MVE_113.pdf,,688,5,1,267,0,38.8,,,,,,,,,,,,,,,
2026-09-04,zone,Ituri,Nyankunde,113,https://ebola-tracker.org/reports/SITREP_MVE_113.pdf,,124,0,1,35,0,28.2,,,,,,,,,,,,,,,
2026-09-04,zone,Ituri,Rimba,113,https://ebola-tracker.org/reports/SITREP_MVE_113.pdf,,11,0,1,4,0,36.4,,,,,,,,,,,,,,,
2026-09-04,zone,Ituri,Rwampara,113,https://ebola-tracker.org/reports/SITREP_MVE_113.pdf,,982,5,1,345,1,35.1,,,,,,,,,,,,,,,
2026-09-04,zone,Ituri,Tchomia,113,https://ebola-tracker.org/reports/SITREP_MVE_113.pdf,,60,0,1,25,0,41.7,,,,,,,,,,,,,,,
2026-09-04,zone,Nord-Kivu,Beni,113,https://ebola-tracker.org/reports/SITREP_MVE_113.pdf,,157,1,1,115,0,73.2,,,,,,,,,,,,,,,
2026-09-04,zone,Nord-Kivu,Biena,113,https://ebola-tracker.org/reports/SITREP_MVE_113.pdf,,2,1,1,1,0,50.0,,,,,,,,,,,,,,,
2026-09-04,zone,Nord-Kivu,Butembo,113,https://ebola-tracker.org/reports/SITREP_MVE_113.pdf,,197,4,1,138,2,70.1,,,,,,,,,,,,,,,
2026-09-04,zone,Nord-Kivu,Goma,113,https://ebola-tracker.org/reports/SITREP_MVE_113.pdf,,1,0,1,0,0,0.0,,,,,,,,,,,,,,,
2026-09-04,zone,Nord-Kivu,Kalunguta,113,https://ebola-tracker.org/reports/SITREP_MVE_113.pdf,,17,0,1,8,0,47.1,,,,,,,,,,,,,,,
2026-09-04,zone,Nord-Kivu,Katwa,113,https://ebola-tracker.org/reports/SITREP_MVE_113.pdf,,440,13,1,286,8,65.0,,,,,,,,,,,,,,,
2026-09-04,zone,Nord-Kivu,Kayna,113,https://ebola-tracker.org/reports/SITREP_MVE_113.pdf,,1,,,0,,0.0,,,,,,,,,,,,,,,
2026-09-04,zone,Nord-Kivu,Kyondo,113,https://ebola-tracker.org/reports/SITREP_MVE_113.pdf,,17,1,1,12,0,70.6,,,,,,,,,,,,,,,
2026-09-04,zone,Nord-Kivu,Lubero,113,https://ebola-tracker.org/reports/SITREP_MVE_113.pdf,,5,1,1,4,1,80.0,,,,,,,,,,,,,,,
2026-09-04,zone,Nord-Kivu,Mabalako,113,https://ebola-tracker.org/reports/SITREP_MVE_113.pdf,,7,0,1,5,0,71.4,,,,,,,,,,,,,,,
2026-09-04,zone,Nord-Kivu,Manguredjipa,113,https://ebola-tracker.org/reports/SITREP_MVE_113.pdf,,3,1,1,2,1,66.7,,,,,,,,,,,,,,,
2026-09-04,zone,Nord-Kivu,Masereka,113,https://ebola-tracker.org/reports/SITREP_MVE_113.pdf,,13,0,1,5,0,38.5,,,,,,,,,,,,,,,
2026-09-04,zone,Nord-Kivu,Musienene,113,https://ebola-tracker.org/reports/SITREP_MVE_113.pdf,,92,7,1,50,2,54.3,,,,,,,,,,,,,,,
2026-09-04,zone,Nord-Kivu,Mutwanga,113,https://ebola-tracker.org/reports/SITREP_MVE_113.pdf,,2,0,1,2,0,100.0,,,,,,,,,,,,,,,
2026-09-04,zone,Nord-Kivu,Oicha,113,https://ebola-tracker.org/reports/SITREP_MVE_113.pdf,,8,0,1,6,0,75.0,,,,,,,,,,,,,,,
2026-09-04,zone,Nord-Kivu,Vuhovi,113,https://ebola-tracker.org/reports/SITREP_MVE_113.pdf,,7,1,1,4,1,57.1,,,,,,,,,,,,,,,
2026-09-04,zone,Sud-Kivu,Miti-Murhesa,113,https://ebola-tracker.org/reports/SITREP_MVE_113.pdf,,3,0,1,1,0,33.3,,,,,,,,,,,,,,,
2026-09-04,zone,Tshopo,Bafwasende,113,https://ebola-tracker.org/reports/SITREP_MVE_113.pdf,,2,0,1,0,0,0.0,,,,,,,,,,,,,,,
2026-09-04,zone,Tshopo,Kabondo,113,https://ebola-tracker.org/reports/SITREP_MVE_113.pdf,,4,0,1,1,0,25.0,,,,,,,,,,,,,,,
2026-09-04,zone,Tshopo,Lubunga,113,https://ebola-tracker.org/reports/SITREP_MVE_113.pdf,,1,0,1,0,0,0.0,,,,,,,,,,,,,,,
2026-09-04,zone,Tshopo,Makiso-Kisangani,113,https://ebola-tracker.org/reports/SITREP_MVE_113.pdf,,10,0,1,5,0,50.0,,,,,,,,,,,,,,,
2026-09-04,zone,Tshopo,Mangobo,113,https://ebola-tracker.org/reports/SITREP_MVE_113.pdf,,3,0,1,2,0,66.7,,,,,,,,,,,,,,,
2026-09-04,zone,Tshopo,Tshopo,113,https://ebola-tracker.org/reports/SITREP_MVE_113.pdf,,1,0,1,0,0,0.0,,,,,,,,,,,,,,,
2026-09-04,zone,Tshopo,Wanie-Rukula,113,https://ebola-tracker.org/reports/SITREP_MVE_113.pdf,,1,0,1,1,0,100.0,,,,,,,,,,,,,,,
2026-09-05,pays,,,114,https://ebola-tracker.org/reports/SITREP_MVE_114.pdf,,6604,82,1,3175,41,48.1,1548,32,9,1628,286,404,82,20.3,851,1376,61.8,23880,20459,85.7,
2026-09-05,province,Bas-Uélé,,114,https://ebola-tracker.org/reports/SITREP_MVE_114.pdf,,4,0,1,3,0,75.0,,0,0,27,3,3,0,0.0,,,,152,107,70.4,
2026-09-05,province,Haut-Uélé,,114,https://ebola-tracker.org/reports/SITREP_MVE_114.pdf,,249,2,1,105,0,42.2,,0,0,23,18,8,2,25.0,65,128,50.8,1884,1321,70.1,
2026-09-05,province,Ituri,,114,https://ebola-tracker.org/reports/SITREP_MVE_114.pdf,,5326,49,1,2398,20,45.0,,15,5,715,160,292,49,16.8,510,978,52.1,11339,10302,90.9,
2026-09-05,province,Nord-Kivu,,114,https://ebola-tracker.org/reports/SITREP_MVE_114.pdf,,1000,31,1,659,21,65.9,,17,4,776,100,96,31,32.3,253,220,115.0,10163,8491,83.5,
2026-09-05,province,Sud-Kivu,,114,https://ebola-tracker.org/reports/SITREP_MVE_114.pdf,,3,0,1,1,0,33.3,,0,0,0,0,,,,17,25,68.0,,,,
2026-09-05,province,Tshopo,,114,https://ebola-tracker.org/reports/SITREP_MVE_114.pdf,,22,0,1,9,0,40.9,,0,0,87,5,5,0,0.0,6,25,24.0,342,238,69.6,
2026-09-05,zone,Bas-Uélé,Buta,114,https://ebola-tracker.org/reports/SITREP_MVE_114.pdf,,1,0,1,1,0,100.0,,,,,,,,,,,,,,,
2026-09-05,zone,Bas-Uélé,Ganga,114,https://ebola-tracker.org/reports/SITREP_MVE_114.pdf,,2,0,1,2,0,100.0,,,,,,,,,,,,,,,
2026-09-05,zone,Bas-Uélé,Viadana,114,https://ebola-tracker.org/reports/SITREP_MVE_114.pdf,,1,0,1,0,0,0.0,,,,,,,,,,,,,,,
2026-09-05,zone,Haut-Uélé,Boma-Mangbetu,114,https://ebola-tracker.org/reports/SITREP_MVE_114.pdf,,29,0,1,14,0,48.3,,,,,,,,,,,,,,,
2026-09-05,zone,Haut-Uélé,Gombari,114,https://ebola-tracker.org/reports/SITREP_MVE_114.pdf,,3,0,1,1,0,33.3,,,,,,,,,,,,,,,
2026-09-05,zone,Haut-Uélé,Isiro,114,https://ebola-tracker.org/reports/SITREP_MVE_114.pdf,,92,2,1,36,0,39.1,,,,,,,,,,,,,,,
2026-09-05,zone,Haut-Uélé,Pawa,114,https://ebola-tracker.org/reports/SITREP_MVE_114.pdf,,40,0,1,22,0,55.0,,,,,,,,,,,,,,,
2026-09-05,zone,Haut-Uélé,Rungu,114,https://ebola-tracker.org/reports/SITREP_MVE_114.pdf,,2,0,1,1,0,50.0,,,,,,,,,,,,,,,
2026-09-05,zone,Haut-Uélé,Wamba,114,https://ebola-tracker.org/reports/SITREP_MVE_114.pdf,,83,0,1,31,0,37.3,,,,,,,,,,,,,,,
2026-09-05,zone,Ituri,Adja,114,https://ebola-tracker.org/reports/SITREP_MVE_114.pdf,,11,0,1,1,0,9.1,,,,,,,,,,,,,,,
2026-09-05,zone,Ituri,Ariwara,114,https://ebola-tracker.org/reports/SITREP_MVE_114.pdf,,8,0,1,2,0,25.0,,,,,,,,,,,,,,,
2026-09-05,zone,Ituri,Aru,114,https://ebola-tracker.org/reports/SITREP_MVE_114.pdf,,8,0,1,6,0,75.0,,,,,,,,,,,,,,,
2026-09-05,zone,Ituri,Aungba,114,https://ebola-tracker.org/reports/SITREP_MVE_114.pdf,,12,0,1,5,0,41.7,,,,,,,,,,,,,,,
2026-09-05,zone,Ituri,Bambu,114,https://ebola-tracker.org/reports/SITREP_MVE_114.pdf,,171,0,1,36,0,21.1,,,,,,,,,,,,,,,
2026-09-05,zone,Ituri,Boga,114,https://ebola-tracker.org/reports/SITREP_MVE_114.pdf,,2,0,1,2,0,100.0,,,,,,,,,,,,,,,
2026-09-05,zone,Ituri,Bunia,114,https://ebola-tracker.org/reports/SITREP_MVE_114.pdf,,1483,12,1,462,6,31.2,,,,,,,,,,,,,,,
2026-09-05,zone,Ituri,Damas,114,https://ebola-tracker.org/reports/SITREP_MVE_114.pdf,,30,0,1,9,0,30.0,,,,,,,,,,,,,,,
2026-09-05,zone,Ituri,Drodro,114,https://ebola-tracker.org/reports/SITREP_MVE_114.pdf,,15,0,1,7,0,46.7,,,,,,,,,,,,,,,
2026-09-05,zone,Ituri,Fataki,114,https://ebola-tracker.org/reports/SITREP_MVE_114.pdf,,77,0,1,30,0,39.0,,,,,,,,,,,,,,,
2026-09-05,zone,Ituri,Gethy,114,https://ebola-tracker.org/reports/SITREP_MVE_114.pdf,,6,0,1,2,0,33.3,,,,,,,,,,,,,,,
2026-09-05,zone,Ituri,Kambala,114,https://ebola-tracker.org/reports/SITREP_MVE_114.pdf,,2,0,1,0,0,0.0,,,,,,,,,,,,,,,
2026-09-05,zone,Ituri,Kilo,114,https://ebola-tracker.org/reports/SITREP_MVE_114.pdf,,33,1,1,12,0,36.4,,,,,,,,,,,,,,,
2026-09-05,zone,Ituri,Komanda,114,https://ebola-tracker.org/reports/SITREP_MVE_114.pdf,,107,3,1,70,0,65.4,,,,,,,,,,,,,,,
2026-09-05,zone,Ituri,Lita,114,https://ebola-tracker.org/reports/SITREP_MVE_114.pdf,,237,3,1,121,0,51.1,,,,,,,,,,,,,,,
2026-09-05,zone,Ituri,Logo,114,https://ebola-tracker.org/reports/SITREP_MVE_114.pdf,,13,0,1,5,0,38.5,,,,,,,,,,,,,,,
2026-09-05,zone,Ituri,Lolwa,114,https://ebola-tracker.org/reports/SITREP_MVE_114.pdf,,25,0,1,7,0,28.0,,,,,,,,,,,,,,,
2026-09-05,zone,Ituri,Mahagi,114,https://ebola-tracker.org/reports/SITREP_MVE_114.pdf,,4,0,1,1,0,25.0,,,,,,,,,,,,,,,
2026-09-05,zone,Ituri,Mambasa,114,https://ebola-tracker.org/reports/SITREP_MVE_114.pdf,,17,0,1,7,0,41.2,,,,,,,,,,,,,,,
2026-09-05,zone,Ituri,Mandima,114,https://ebola-tracker.org/reports/SITREP_MVE_114.pdf,,38,0,1,21,0,55.3,,,,,,,,,,,,,,,
2026-09-05,zone,Ituri,Mangala,114,https://ebola-tracker.org/reports/SITREP_MVE_114.pdf,,289,2,1,140,0,48.4,,,,,,,,,,,,,,,
2026-09-05,zone,Ituri,Mongbwalu,114,https://ebola-tracker.org/reports/SITREP_MVE_114.pdf,,632,8,1,290,2,45.9,,,,,,,,,,,,,,,
2026-09-05,zone,Ituri,Nia-Nia,114,https://ebola-tracker.org/reports/SITREP_MVE_114.pdf,,226,5,1,115,2,50.9,,,,,,,,,,,,,,,
2026-09-05,zone,Ituri,Nizi,114,https://ebola-tracker.org/reports/SITREP_MVE_114.pdf,,700,12,1,272,5,38.9,,,,,,,,,,,,,,,
2026-09-05,zone,Ituri,Nyankunde,114,https://ebola-tracker.org/reports/SITREP_MVE_114.pdf,,124,0,1,35,0,28.2,,,,,,,,,,,,,,,
2026-09-05,zone,Ituri,Rimba,114,https://ebola-tracker.org/reports/SITREP_MVE_114.pdf,,11,0,1,4,0,36.4,,,,,,,,,,,,,,,
2026-09-05,zone,Ituri,Rwampara,114,https://ebola-tracker.org/reports/SITREP_MVE_114.pdf,,985,3,1,345,0,35.0,,,,,,,,,,,,,,,
2026-09-05,zone,Ituri,Tchomia,114,https://ebola-tracker.org/reports/SITREP_MVE_114.pdf,,60,0,1,25,0,41.7,,,,,,,,,,,,,,,
2026-09-05,zone,Nord-Kivu,Beni,114,https://ebola-tracker.org/reports/SITREP_MVE_114.pdf,,163,6,1,121,6,74.2,,,,,,,,,,,,,,,
2026-09-05,zone,Nord-Kivu,Biena,114,https://ebola-tracker.org/reports/SITREP_MVE_114.pdf,,7,5,1,2,1,28.6,,,,,,,,,,,,,,,
2026-09-05,zone,Nord-Kivu,Butembo,114,https://ebola-tracker.org/reports/SITREP_MVE_114.pdf,,204,7,1,142,4,69.6,,,,,,,,,,,,,,,
2026-09-05,zone,Nord-Kivu,Goma,114,https://ebola-tracker.org/reports/SITREP_MVE_114.pdf,,1,0,1,0,0,0.0,,,,,,,,,,,,,,,
2026-09-05,zone,Nord-Kivu,Kalunguta,114,https://ebola-tracker.org/reports/SITREP_MVE_114.pdf,,17,0,1,8,0,47.1,,,,,,,,,,,,,,,
2026-09-05,zone,Nord-Kivu,Katwa,114,https://ebola-tracker.org/reports/SITREP_MVE_114.pdf,,445,5,1,291,5,65.4,,,,,,,,,,,,,,,
2026-09-05,zone,Nord-Kivu,Kayna,114,https://ebola-tracker.org/reports/SITREP_MVE_114.pdf,,1,0,1,0,0,0.0,,,,,,,,,,,,,,,
2026-09-05,zone,Nord-Kivu,Kyondo,114,https://ebola-tracker.org/reports/SITREP_MVE_114.pdf,,21,4,1,15,3,71.4,,,,,,,,,,,,,,,
2026-09-05,zone,Nord-Kivu,Lubero,114,https://ebola-tracker.org/reports/SITREP_MVE_114.pdf,,6,1,1,4,0,66.7,,,,,,,,,,,,,,,
2026-09-05,zone,Nord-Kivu,Mabalako,114,https://ebola-tracker.org/reports/SITREP_MVE_114.pdf,,8,1,1,6,1,75.0,,,,,,,,,,,,,,,
2026-09-05,zone,Nord-Kivu,Manguredjipa,114,https://ebola-tracker.org/reports/SITREP_MVE_114.pdf,,3,0,1,2,0,66.7,,,,,,,,,,,,,,,
2026-09-05,zone,Nord-Kivu,Masereka,114,https://ebola-tracker.org/reports/SITREP_MVE_114.pdf,,15,2,1,6,1,40.0,,,,,,,,,,,,,,,
2026-09-05,zone,Nord-Kivu,Musienene,114,https://ebola-tracker.org/reports/SITREP_MVE_114.pdf,,92,0,1,50,0,54.3,,,,,,,,,,,,,,,
2026-09-05,zone,Nord-Kivu,Mutwanga,114,https://ebola-tracker.org/reports/SITREP_MVE_114.pdf,,2,0,1,2,0,100.0,,,,,,,,,,,,,,,
2026-09-05,zone,Nord-Kivu,Oicha,114,https://ebola-tracker.org/reports/SITREP_MVE_114.pdf,,8,0,1,6,0,75.0,,,,,,,,,,,,,,,
2026-09-05,zone,Nord-Kivu,Vuhovi,114,https://ebola-tracker.org/reports/SITREP_MVE_114.pdf,,7,0,1,4,0,57.1,,,,,,,,,,,,,,,
2026-09-05,zone,Sud-Kivu,Miti-Murhesa,114,https://ebola-tracker.org/reports/SITREP_MVE_114.pdf,,3,0,1,1,0,33.3,,,,,,,,,,,,,,,
2026-09-05,zone,Tshopo,Bafwasende,114,https://ebola-tracker.org/reports/SITREP_MVE_114.pdf,,2,0,1,0,0,0.0,,,,,,,,,,,,,,,
2026-09-05,zone,Tshopo,Kabondo,114,https://ebola-tracker.org/reports/SITREP_MVE_114.pdf,,4,0,1,1,0,25.0,,,,,,,,,,,,,,,
2026-09-05,zone,Tshopo,Lubunga,114,https://ebola-tracker.org/reports/SITREP_MVE_114.pdf,,1,0,1,0,0,0.0,,,,,,,,,,,,,,,
2026-09-05,zone,Tshopo,Makiso-Kisangani,114,https://ebola-tracker.org/reports/SITREP_MVE_114.pdf,,10,0,1,5,0,50.0,,,,,,,,,,,,,,,
2026-09-05,zone,Tshopo,Mangobo,114,https://ebola-tracker.org/reports/SITREP_MVE_114.pdf,,3,0,1,2,0,66.7,,,,,,,,,,,,,,,
2026-09-05,zone,Tshopo,Tshopo,114,https://ebola-tracker.org/reports/SITREP_MVE_114.pdf,,1,0,1,0,0,0.0,,,,,,,,,,,,,,,
2026-09-05,zone,Tshopo,Wanie-Rukula,114,https://ebola-tracker.org/reports/SITREP_MVE_114.pdf,,1,0,1,1,0,100.0,,,,,,,,,,,,,,,
2026-09-06,pays,,,115,https://ebola-tracker.org/reports/SITREP_MVE_115.pdf,,6686,82,1,3226,51,48.3,1563,36,15,1406,215,456,82,18.0,819,1351,60.6,24479,20888,85.3,
2026-09-06,province,Bas-Uélé,,115,https://ebola-tracker.org/reports/SITREP_MVE_115.pdf,,4,0,1,3,0,75.0,,0,0,15,4,3,0,0.0,,,,152,107,70.4,
2026-09-06,province,Haut-Uélé,,115,https://ebola-tracker.org/reports/SITREP_MVE_115.pdf,,253,4,1,106,1,41.9,,0,1,7,7,22,4,18.2,68,128,50.8,1183,900,76.1,
2026-09-06,province,Ituri,,115,https://ebola-tracker.org/reports/SITREP_MVE_115.pdf,,5365,39,1,2426,28,45.2,,16,12,712,135,260,39,15.0,484,978,49.5,12871,11192,87.0,
2026-09-06,province,Nord-Kivu,,115,https://ebola-tracker.org/reports/SITREP_MVE_115.pdf,,1039,39,1,681,22,65.5,,20,2,573,67,170,39,22.9,262,220,123.2,9950,8498,85.4,
2026-09-06,province,Sud-Kivu,,115,https://ebola-tracker.org/reports/SITREP_MVE_115.pdf,,3,0,1,1,0,33.3,,0,0,0,0,,,,,,,,,,
2026-09-06,province,Tshopo,,115,https://ebola-tracker.org/reports/SITREP_MVE_115.pdf,,22,0,1,9,0,40.9,,0,0,99,2,1,0,0.0,5,25,20.0,323,191,59.1,
2026-09-06,zone,Bas-Uélé,Buta,115,https://ebola-tracker.org/reports/SITREP_MVE_115.pdf,,1,0,1,1,0,100.0,,,,,,,,,,,,,,,
2026-09-06,zone,Bas-Uélé,Ganga,115,https://ebola-tracker.org/reports/SITREP_MVE_115.pdf,,2,0,1,2,0,100.0,,,,,,,,,,,,,,,
2026-09-06,zone,Bas-Uélé,Viadana,115,https://ebola-tracker.org/reports/SITREP_MVE_115.pdf,,1,0,1,0,0,0.0,,,,,,,,,,,,,,,
2026-09-06,zone,Haut-Uélé,Boma-Mangbetu,115,https://ebola-tracker.org/reports/SITREP_MVE_115.pdf,,29,0,1,14,0,48.3,,,,,,,,,,,,,,,
2026-09-06,zone,Haut-Uélé,Gombari,115,https://ebola-tracker.org/reports/SITREP_MVE_115.pdf,,3,0,1,1,0,33.3,,,,,,,,,,,,,,,
2026-09-06,zone,Haut-Uélé,Isiro,115,https://ebola-tracker.org/reports/SITREP_MVE_115.pdf,,92,0,1,37,1,40.2,,,,,,,,,,,,,,,
2026-09-06,zone,Haut-Uélé,Pawa,115,https://ebola-tracker.org/reports/SITREP_MVE_115.pdf,,43,3,1,22,0,51.2,,,,,,,,,,,,,,,
2026-09-06,zone,Haut-Uélé,Rungu,115,https://ebola-tracker.org/reports/SITREP_MVE_115.pdf,,2,0,1,1,0,50.0,,,,,,,,,,,,,,,
2026-09-06,zone,Haut-Uélé,Wamba,115,https://ebola-tracker.org/reports/SITREP_MVE_115.pdf,,84,1,1,31,0,36.9,,,,,,,,,,,,,,,
2026-09-06,zone,Ituri,Adja,115,https://ebola-tracker.org/reports/SITREP_MVE_115.pdf,,11,0,1,1,0,9.1,,,,,,,,,,,,,,,
2026-09-06,zone,Ituri,Ariwara,115,https://ebola-tracker.org/reports/SITREP_MVE_115.pdf,,8,0,1,2,0,25.0,,,,,,,,,,,,,,,
2026-09-06,zone,Ituri,Aru,115,https://ebola-tracker.org/reports/SITREP_MVE_115.pdf,,8,0,1,6,0,75.0,,,,,,,,,,,,,,,
2026-09-06,zone,Ituri,Aungba,115,https://ebola-tracker.org/reports/SITREP_MVE_115.pdf,,12,0,1,5,0,41.7,,,,,,,,,,,,,,,
2026-09-06,zone,Ituri,Bambu,115,https://ebola-tracker.org/reports/SITREP_MVE_115.pdf,,176,5,1,39,3,22.2,,,,,,,,,,,,,,,
2026-09-06,zone,Ituri,Boga,115,https://ebola-tracker.org/reports/SITREP_MVE_115.pdf,,2,0,1,2,0,100.0,,,,,,,,,,,,,,,
2026-09-06,zone,Ituri,Bunia,115,https://ebola-tracker.org/reports/SITREP_MVE_115.pdf,,1488,5,1,464,2,31.2,,,,,,,,,,,,,,,
2026-09-06,zone,Ituri,Damas,115,https://ebola-tracker.org/reports/SITREP_MVE_115.pdf,,30,0,1,9,0,30.0,,,,,,,,,,,,,,,
2026-09-06,zone,Ituri,Drodro,115,https://ebola-tracker.org/reports/SITREP_MVE_115.pdf,,15,0,1,7,0,46.7,,,,,,,,,,,,,,,
2026-09-06,zone,Ituri,Fataki,115,https://ebola-tracker.org/reports/SITREP_MVE_115.pdf,,78,1,1,30,0,38.5,,,,,,,,,,,,,,,
2026-09-06,zone,Ituri,Gethy,115,https://ebola-tracker.org/reports/SITREP_MVE_115.pdf,,7,1,1,3,1,42.9,,,,,,,,,,,,,,,
2026-09-06,zone,Ituri,Kambala,115,https://ebola-tracker.org/reports/SITREP_MVE_115.pdf,,2,0,1,0,0,0.0,,,,,,,,,,,,,,,
2026-09-06,zone,Ituri,Kilo,115,https://ebola-tracker.org/reports/SITREP_MVE_115.pdf,,33,0,1,12,0,36.4,,,,,,,,,,,,,,,
2026-09-06,zone,Ituri,Komanda,115,https://ebola-tracker.org/reports/SITREP_MVE_115.pdf,,113,6,1,75,5,66.4,,,,,,,,,,,,,,,
2026-09-06,zone,Ituri,Lita,115,https://ebola-tracker.org/reports/SITREP_MVE_115.pdf,,242,5,1,121,0,50.0,,,,,,,,,,,,,,,
2026-09-06,zone,Ituri,Logo,115,https://ebola-tracker.org/reports/SITREP_MVE_115.pdf,,13,0,1,5,0,38.5,,,,,,,,,,,,,,,
2026-09-06,zone,Ituri,Lolwa,115,https://ebola-tracker.org/reports/SITREP_MVE_115.pdf,,25,0,1,7,0,28.0,,,,,,,,,,,,,,,
2026-09-06,zone,Ituri,Mahagi,115,https://ebola-tracker.org/reports/SITREP_MVE_115.pdf,,4,0,1,1,0,25.0,,,,,,,,,,,,,,,
2026-09-06,zone,Ituri,Mambasa,115,https://ebola-tracker.org/reports/SITREP_MVE_115.pdf,,17,0,1,7,0,41.2,,,,,,,,,,,,,,,
2026-09-06,zone,Ituri,Mandima,115,https://ebola-tracker.org/reports/SITREP_MVE_115.pdf,,41,3,1,23,2,56.1,,,,,,,,,,,,,,,
2026-09-06,zone,Ituri,Mangala,115,https://ebola-tracker.org/reports/SITREP_MVE_115.pdf,,290,1,1,141,1,48.6,,,,,,,,,,,,,,,
2026-09-06,zone,Ituri,Mongbwalu,115,https://ebola-tracker.org/reports/SITREP_MVE_115.pdf,,634,2,1,290,0,45.7,,,,,,,,,,,,,,,
2026-09-06,zone,Ituri,Nia-Nia,115,https://ebola-tracker.org/reports/SITREP_MVE_115.pdf,,226,0,1,115,0,50.9,,,,,,,,,,,,,,,
2026-09-06,zone,Ituri,Nizi,115,https://ebola-tracker.org/reports/SITREP_MVE_115.pdf,,707,7,1,273,1,38.6,,,,,,,,,,,,,,,
2026-09-06,zone,Ituri,Nyankunde,115,https://ebola-tracker.org/reports/SITREP_MVE_115.pdf,,125,1,1,36,1,28.8,,,,,,,,,,,,,,,
2026-09-06,zone,Ituri,Rimba,115,https://ebola-tracker.org/reports/SITREP_MVE_115.pdf,,11,0,1,4,0,36.4,,,,,,,,,,,,,,,
2026-09-06,zone,Ituri,Rwampara,115,https://ebola-tracker.org/reports/SITREP_MVE_115.pdf,,987,2,1,345,0,35.0,,,,,,,,,,,,,,,
2026-09-06,zone,Ituri,Tchomia,115,https://ebola-tracker.org/reports/SITREP_MVE_115.pdf,,60,0,1,25,0,41.7,,,,,,,,,,,,,,,
2026-09-06,zone,Nord-Kivu,Beni,115,https://ebola-tracker.org/reports/SITREP_MVE_115.pdf,,176,13,1,132,11,75.0,,,,,,,,,,,,,,,
2026-09-06,zone,Nord-Kivu,Biena,115,https://ebola-tracker.org/reports/SITREP_MVE_115.pdf,,9,2,1,4,2,44.4,,,,,,,,,,,,,,,
2026-09-06,zone,Nord-Kivu,Butembo,115,https://ebola-tracker.org/reports/SITREP_MVE_115.pdf,,208,4,1,144,2,69.2,,,,,,,,,,,,,,,
2026-09-06,zone,Nord-Kivu,Goma,115,https://ebola-tracker.org/reports/SITREP_MVE_115.pdf,,1,0,1,0,0,0.0,,,,,,,,,,,,,,,
2026-09-06,zone,Nord-Kivu,Kalunguta,115,https://ebola-tracker.org/reports/SITREP_MVE_115.pdf,,18,1,1,9,1,50.0,,,,,,,,,,,,,,,
2026-09-06,zone,Nord-Kivu,Katwa,115,https://ebola-tracker.org/reports/SITREP_MVE_115.pdf,,457,12,1,296,5,64.8,,,,,,,,,,,,,,,
2026-09-06,zone,Nord-Kivu,Kayna,115,https://ebola-tracker.org/reports/SITREP_MVE_115.pdf,,1,0,1,0,0,0.0,,,,,,,,,,,,,,,
2026-09-06,zone,Nord-Kivu,Kyondo,115,https://ebola-tracker.org/reports/SITREP_MVE_115.pdf,,23,2,1,15,0,65.2,,,,,,,,,,,,,,,
2026-09-06,zone,Nord-Kivu,Lubero,115,https://ebola-tracker.org/reports/SITREP_MVE_115.pdf,,6,0,1,4,0,66.7,,,,,,,,,,,,,,,
2026-09-06,zone,Nord-Kivu,Mabalako,115,https://ebola-tracker.org/reports/SITREP_MVE_115.pdf,,10,2,1,7,1,70.0,,,,,,,,,,,,,,,
2026-09-06,zone,Nord-Kivu,Manguredjipa,115,https://ebola-tracker.org/reports/SITREP_MVE_115.pdf,,3,0,1,2,0,66.7,,,,,,,,,,,,,,,
2026-09-06,zone,Nord-Kivu,Masereka,115,https://ebola-tracker.org/reports/SITREP_MVE_115.pdf,,15,0,1,6,0,40.0,,,,,,,,,,,,,,,
2026-09-06,zone,Nord-Kivu,Musienene,115,https://ebola-tracker.org/reports/SITREP_MVE_115.pdf,,94,2,1,50,0,53.2,,,,,,,,,,,,,,,
2026-09-06,zone,Nord-Kivu,Mutwanga,115,https://ebola-tracker.org/reports/SITREP_MVE_115.pdf,,2,0,1,2,0,100.0,,,,,,,,,,,,,,,
2026-09-06,zone,Nord-Kivu,Oicha,115,https://ebola-tracker.org/reports/SITREP_MVE_115.pdf,,9,1,1,6,0,66.7,,,,,,,,,,,,,,,
2026-09-06,zone,Nord-Kivu,Vuhovi,115,https://ebola-tracker.org/reports/SITREP_MVE_115.pdf,,7,0,1,4,0,57.1,,,,,,,,,,,,,,,
2026-09-06,zone,Sud-Kivu,Miti-Murhesa,115,https://ebola-tracker.org/reports/SITREP_MVE_115.pdf,,3,0,1,1,0,33.3,,,,,,,,,,,,,,,
2026-09-06,zone,Tshopo,Bafwasende,115,https://ebola-tracker.org/reports/SITREP_MVE_115.pdf,,2,0,1,0,0,0.0,,,,,,,,,,,,,,,
2026-09-06,zone,Tshopo,Kabondo,115,https://ebola-tracker.org/reports/SITREP_MVE_115.pdf,,4,0,1,1,0,25.0,,,,,,,,,,,,,,,
2026-09-06,zone,Tshopo,Lubunga,115,https://ebola-tracker.org/reports/SITREP_MVE_115.pdf,,1,0,1,0,0,0.0,,,,,,,,,,,,,,,
2026-09-06,zone,Tshopo,Makiso-Kisangani,115,https://ebola-tracker.org/reports/SITREP_MVE_115.pdf,,10,0,1,5,0,50.0,,,,,,,,,,,,,,,
2026-09-06,zone,Tshopo,Mangobo,115,https://ebola-tracker.org/reports/SITREP_MVE_115.pdf,,3,0,1,2,0,66.7,,,,,,,,,,,,,,,
2026-09-06,zone,Tshopo,Tshopo,115,https://ebola-tracker.org/reports/SITREP_MVE_115.pdf,,1,0,1,0,0,0.0,,,,,,,,,,,,,,,
2026-09-06,zone,Tshopo,Wanie-Rukula,115,https://ebola-tracker.org/reports/SITREP_MVE_115.pdf,,1,0,1,1,0,100.0,,,,,,,,,,,,,,,
2026-09-07,pays,,,116,https://ebola-tracker.org/reports/SITREP_MVE_116.pdf,,6757,71,1,3267,41,48.3,1590,31,10,1508,329,481,71,14.8,813,1376,59.1,,,88.3,
2026-09-07,province,Bas-Uélé,,116,https://ebola-tracker.org/reports/SITREP_MVE_116.pdf,,4,0,1,3,0,75.0,,0,0,15,4,3,0,0.0,,,,152,107,70.4,
2026-09-07,province,Haut-Uélé,,116,https://ebola-tracker.org/reports/SITREP_MVE_116.pdf,,256,3,1,107,1,41.8,,1,0,17,15,19,3,15.8,62,128,48.4,623,422,67.7,
2026-09-07,province,Ituri,,116,https://ebola-tracker.org/reports/SITREP_MVE_116.pdf,,5406,41,1,2450,24,45.3,,15,9,730,180,279,41,14.7,473,978,48.4,13289,12054,90.7,
2026-09-07,province,Nord-Kivu,,116,https://ebola-tracker.org/reports/SITREP_MVE_116.pdf,,1066,27,1,697,16,65.4,,15,1,638,115,174,27,15.5,254,220,115.5,9833,8580,87.3,
2026-09-07,province,Sud-Kivu,,116,https://ebola-tracker.org/reports/SITREP_MVE_116.pdf,,3,0,1,1,0,33.3,,0,0,11,8,,,,20,25,80.0,,,,
2026-09-07,province,Tshopo,,116,https://ebola-tracker.org/reports/SITREP_MVE_116.pdf,,22,0,1,9,0,40.9,,0,0,97,7,6,0,0.0,4,25,16.0,282,196,69.5,
2026-09-07,zone,Bas-Uélé,Buta,116,https://ebola-tracker.org/reports/SITREP_MVE_116.pdf,,1,0,1,1,0,100.0,,,,,,,,,,,,,,,
2026-09-07,zone,Bas-Uélé,Ganga,116,https://ebola-tracker.org/reports/SITREP_MVE_116.pdf,,2,0,1,2,0,100.0,,,,,,,,,,,,,,,
2026-09-07,zone,Bas-Uélé,Viadana,116,https://ebola-tracker.org/reports/SITREP_MVE_116.pdf,,1,0,1,0,0,0.0,,,,,,,,,,,,,,,
2026-09-07,zone,Haut-Uélé,Boma-Mangbetu,116,https://ebola-tracker.org/reports/SITREP_MVE_116.pdf,,29,0,1,14,0,48.3,,,,,,,,,,,,,,,
2026-09-07,zone,Haut-Uélé,Gombari,116,https://ebola-tracker.org/reports/SITREP_MVE_116.pdf,,3,0,1,1,0,33.3,,,,,,,,,,,,,,,
2026-09-07,zone,Haut-Uélé,Isiro,116,https://ebola-tracker.org/reports/SITREP_MVE_116.pdf,,92,0,1,37,0,40.2,,,,,,,,,,,,,,,
2026-09-07,zone,Haut-Uélé,Pawa,116,https://ebola-tracker.org/reports/SITREP_MVE_116.pdf,,46,3,1,23,1,50.0,,,,,,,,,,,,,,,
2026-09-07,zone,Haut-Uélé,Rungu,116,https://ebola-tracker.org/reports/SITREP_MVE_116.pdf,,2,0,1,1,0,50.0,,,,,,,,,,,,,,,
2026-09-07,zone,Haut-Uélé,Wamba,116,https://ebola-tracker.org/reports/SITREP_MVE_116.pdf,,84,0,1,31,0,36.9,,,,,,,,,,,,,,,
2026-09-07,zone,Ituri,Adja,116,https://ebola-tracker.org/reports/SITREP_MVE_116.pdf,,11,0,1,1,0,9.1,,,,,,,,,,,,,,,
2026-09-07,zone,Ituri,Ariwara,116,https://ebola-tracker.org/reports/SITREP_MVE_116.pdf,,8,0,1,2,0,25.0,,,,,,,,,,,,,,,
2026-09-07,zone,Ituri,Aru,116,https://ebola-tracker.org/reports/SITREP_MVE_116.pdf,,8,0,1,6,0,75.0,,,,,,,,,,,,,,,
2026-09-07,zone,Ituri,Aungba,116,https://ebola-tracker.org/reports/SITREP_MVE_116.pdf,,12,0,1,5,0,41.7,,,,,,,,,,,,,,,
2026-09-07,zone,Ituri,Bambu,116,https://ebola-tracker.org/reports/SITREP_MVE_116.pdf,,176,0,1,39,0,22.2,,,,,,,,,,,,,,,
2026-09-07,zone,Ituri,Boga,116,https://ebola-tracker.org/reports/SITREP_MVE_116.pdf,,2,0,1,2,0,100.0,,,,,,,,,,,,,,,
2026-09-07,zone,Ituri,Bunia,116,https://ebola-tracker.org/reports/SITREP_MVE_116.pdf,,1502,14,1,471,7,31.4,,,,,,,,,,,,,,,
2026-09-07,zone,Ituri,Damas,116,https://ebola-tracker.org/reports/SITREP_MVE_116.pdf,,30,0,1,9,0,30.0,,,,,,,,,,,,,,,
2026-09-07,zone,Ituri,Drodro,116,https://ebola-tracker.org/reports/SITREP_MVE_116.pdf,,15,0,1,7,0,46.7,,,,,,,,,,,,,,,
2026-09-07,zone,Ituri,Fataki,116,https://ebola-tracker.org/reports/SITREP_MVE_116.pdf,,78,0,1,30,0,38.5,,,,,,,,,,,,,,,
2026-09-07,zone,Ituri,Gethy,116,https://ebola-tracker.org/reports/SITREP_MVE_116.pdf,,7,0,1,3,0,42.9,,,,,,,,,,,,,,,
2026-09-07,zone,Ituri,Kambala,116,https://ebola-tracker.org/reports/SITREP_MVE_116.pdf,,2,0,1,0,0,0.0,,,,,,,,,,,,,,,
2026-09-07,zone,Ituri,Kilo,116,https://ebola-tracker.org/reports/SITREP_MVE_116.pdf,,33,0,1,12,0,36.4,,,,,,,,,,,,,,,
2026-09-07,zone,Ituri,Komanda,116,https://ebola-tracker.org/reports/SITREP_MVE_116.pdf,,117,4,1,79,4,67.5,,,,,,,,,,,,,,,
2026-09-07,zone,Ituri,Lita,116,https://ebola-tracker.org/reports/SITREP_MVE_116.pdf,,245,3,1,122,1,49.8,,,,,,,,,,,,,,,
2026-09-07,zone,Ituri,Logo,116,https://ebola-tracker.org/reports/SITREP_MVE_116.pdf,,13,0,1,5,0,38.5,,,,,,,,,,,,,,,
2026-09-07,zone,Ituri,Lolwa,116,https://ebola-tracker.org/reports/SITREP_MVE_116.pdf,,25,0,1,7,0,28.0,,,,,,,,,,,,,,,
2026-09-07,zone,Ituri,Mahagi,116,https://ebola-tracker.org/reports/SITREP_MVE_116.pdf,,4,0,1,1,0,25.0,,,,,,,,,,,,,,,
2026-09-07,zone,Ituri,Mambasa,116,https://ebola-tracker.org/reports/SITREP_MVE_116.pdf,,17,0,1,7,0,41.2,,,,,,,,,,,,,,,
2026-09-07,zone,Ituri,Mandima,116,https://ebola-tracker.org/reports/SITREP_MVE_116.pdf,,42,1,1,23,0,54.8,,,,,,,,,,,,,,,
2026-09-07,zone,Ituri,Mangala,116,https://ebola-tracker.org/reports/SITREP_MVE_116.pdf,,295,5,1,141,0,47.8,,,,,,,,,,,,,,,
2026-09-07,zone,Ituri,Mongbwalu,116,https://ebola-tracker.org/reports/SITREP_MVE_116.pdf,,638,4,1,291,1,45.6,,,,,,,,,,,,,,,
2026-09-07,zone,Ituri,Nia-Nia,116,https://ebola-tracker.org/reports/SITREP_MVE_116.pdf,,227,1,1,115,0,50.7,,,,,,,,,,,,,,,
2026-09-07,zone,Ituri,Nizi,116,https://ebola-tracker.org/reports/SITREP_MVE_116.pdf,,709,2,1,273,0,38.5,,,,,,,,,,,,,,,
2026-09-07,zone,Ituri,Nyankunde,116,https://ebola-tracker.org/reports/SITREP_MVE_116.pdf,,125,0,1,36,0,28.8,,,,,,,,,,,,,,,
2026-09-07,zone,Ituri,Rimba,116,https://ebola-tracker.org/reports/SITREP_MVE_116.pdf,,11,0,1,4,0,36.4,,,,,,,,,,,,,,,
2026-09-07,zone,Ituri,Rwampara,116,https://ebola-tracker.org/reports/SITREP_MVE_116.pdf,,992,5,1,347,2,35.0,,,,,,,,,,,,,,,
2026-09-07,zone,Ituri,Tchomia,116,https://ebola-tracker.org/reports/SITREP_MVE_116.pdf,,62,2,1,25,0,40.3,,,,,,,,,,,,,,,
2026-09-07,zone,Nord-Kivu,Beni,116,https://ebola-tracker.org/reports/SITREP_MVE_116.pdf,,181,5,1,135,3,74.6,,,,,,,,,,,,,,,
2026-09-07,zone,Nord-Kivu,Biena,116,https://ebola-tracker.org/reports/SITREP_MVE_116.pdf,,9,0,1,4,0,44.4,,,,,,,,,,,,,,,
2026-09-07,zone,Nord-Kivu,Butembo,116,https://ebola-tracker.org/reports/SITREP_MVE_116.pdf,,211,3,1,146,2,69.2,,,,,,,,,,,,,,,
2026-09-07,zone,Nord-Kivu,Goma,116,https://ebola-tracker.org/reports/SITREP_MVE_116.pdf,,1,0,1,0,0,0.0,,,,,,,,,,,,,,,
2026-09-07,zone,Nord-Kivu,Kalunguta,116,https://ebola-tracker.org/reports/SITREP_MVE_116.pdf,,18,0,1,9,0,50.0,,,,,,,,,,,,,,,
2026-09-07,zone,Nord-Kivu,Katwa,116,https://ebola-tracker.org/reports/SITREP_MVE_116.pdf,,468,11,1,302,6,64.5,,,,,,,,,,,,,,,
2026-09-07,zone,Nord-Kivu,Kayna,116,https://ebola-tracker.org/reports/SITREP_MVE_116.pdf,,1,0,1,0,0,0.0,,,,,,,,,,,,,,,
2026-09-07,zone,Nord-Kivu,Kyondo,116,https://ebola-tracker.org/reports/SITREP_MVE_116.pdf,,23,0,1,15,0,65.2,,,,,,,,,,,,,,,
2026-09-07,zone,Nord-Kivu,Lubero,116,https://ebola-tracker.org/reports/SITREP_MVE_116.pdf,,6,0,1,4,0,66.7,,,,,,,,,,,,,,,
2026-09-07,zone,Nord-Kivu,Mabalako,116,https://ebola-tracker.org/reports/SITREP_MVE_116.pdf,,10,0,1,7,0,70.0,,,,,,,,,,,,,,,
2026-09-07,zone,Nord-Kivu,Manguredjipa,116,https://ebola-tracker.org/reports/SITREP_MVE_116.pdf,,4,1,1,3,1,75.0,,,,,,,,,,,,,,,
2026-09-07,zone,Nord-Kivu,Masereka,116,https://ebola-tracker.org/reports/SITREP_MVE_116.pdf,,15,0,1,6,0,40.0,,,,,,,,,,,,,,,
2026-09-07,zone,Nord-Kivu,Musienene,116,https://ebola-tracker.org/reports/SITREP_MVE_116.pdf,,100,6,1,54,4,54.0,,,,,,,,,,,,,,,
2026-09-07,zone,Nord-Kivu,Mutwanga,116,https://ebola-tracker.org/reports/SITREP_MVE_116.pdf,,2,0,1,2,0,100.0,,,,,,,,,,,,,,,
2026-09-07,zone,Nord-Kivu,Oicha,116,https://ebola-tracker.org/reports/SITREP_MVE_116.pdf,,9,0,1,6,0,66.7,,,,,,,,,,,,,,,
2026-09-07,zone,Nord-Kivu,Vuhovi,116,https://ebola-tracker.org/reports/SITREP_MVE_116.pdf,,8,1,1,4,0,50.0,,,,,,,,,,,,,,,
2026-09-07,zone,Sud-Kivu,Miti-Murhesa,116,https://ebola-tracker.org/reports/SITREP_MVE_116.pdf,,3,0,1,1,0,33.3,,,,,,,,,,,,,,,
2026-09-07,zone,Tshopo,Bafwasende,116,https://ebola-tracker.org/reports/SITREP_MVE_116.pdf,,2,0,1,0,0,0.0,,,,,,,,,,,,,,,
2026-09-07,zone,Tshopo,Kabondo,116,https://ebola-tracker.org/reports/SITREP_MVE_116.pdf,,4,0,1,1,0,25.0,,,,,,,,,,,,,,,
2026-09-07,zone,Tshopo,Lubunga,116,https://ebola-tracker.org/reports/SITREP_MVE_116.pdf,,1,0,1,0,0,0.0,,,,,,,,,,,,,,,
2026-09-07,zone,Tshopo,Makiso-Kisangani,116,https://ebola-tracker.org/reports/SITREP_MVE_116.pdf,,10,0,1,5,0,50.0,,,,,,,,,,,,,,,
2026-09-07,zone,Tshopo,Mangobo,116,https://ebola-tracker.org/reports/SITREP_MVE_116.pdf,,3,0,1,2,0,66.7,,,,,,,,,,,,,,,
2026-09-07,zone,Tshopo,Tshopo,116,https://ebola-tracker.org/reports/SITREP_MVE_116.pdf,,1,0,1,0,0,0.0,,,,,,,,,,,,,,,
2026-09-07,zone,Tshopo,Wanie-Rukula,116,https://ebola-tracker.org/reports/SITREP_MVE_116.pdf,,1,0,1,1,0,100.0,,,,,,,,,,,,,,,
2026-09-08,pays,,,117,https://ebola-tracker.org/reports/SITREP_MVE_117.pdf,,6843,86,1,3310,43,48.4,1611,19,24,2140,408,507,86,17.0,833,1387,60.1,25108,21723,86.5,
2026-09-08,province,Bas-Uélé,,117,https://ebola-tracker.org/reports/SITREP_MVE_117.pdf,,4,0,1,3,0,75.0,,0,0,39,5,2,0,0.0,,,,152,108,71.1,
2026-09-08,province,Haut-Uélé,,117,https://ebola-tracker.org/reports/SITREP_MVE_117.pdf,,258,2,1,107,0,41.5,,0,0,25,24,3,2,66.7,49,134,36.6,1884,1449,76.9,
2026-09-08,province,Ituri,,117,https://ebola-tracker.org/reports/SITREP_MVE_117.pdf,,5461,55,1,2481,31,45.4,,10,21,964,197,338,55,16.3,471,983,47.9,12446,11210,90.1,
2026-09-08,province,Nord-Kivu,,117,https://ebola-tracker.org/reports/SITREP_MVE_117.pdf,,1093,27,1,709,12,64.9,,9,3,1006,177,137,27,19.7,287,220,130.5,10358,8733,84.3,
2026-09-08,province,Sud-Kivu,,117,https://ebola-tracker.org/reports/SITREP_MVE_117.pdf,,3,0,1,1,0,33.3,,0,0,6,0,,,,19,25,76.0,,,,
2026-09-08,province,Tshopo,,117,https://ebola-tracker.org/reports/SITREP_MVE_117.pdf,,24,2,1,9,0,37.5,,0,0,100,5,27,2,7.4,7,25,28.0,268,223,83.2,1582
2026-09-08,zone,Bas-Uélé,Buta,117,https://ebola-tracker.org/reports/SITREP_MVE_117.pdf,,1,0,1,1,0,100.0,,,,,,,,,,,,,,,
2026-09-08,zone,Bas-Uélé,Ganga,117,https://ebola-tracker.org/reports/SITREP_MVE_117.pdf,,2,0,1,2,0,100.0,,,,,,,,,,,,,,,
2026-09-08,zone,Bas-Uélé,Viadana,117,https://ebola-tracker.org/reports/SITREP_MVE_117.pdf,,1,0,1,0,0,0.0,,,,,,,,,,,,,,,
2026-09-08,zone,Haut-Uélé,Boma-Mangbetu,117,https://ebola-tracker.org/reports/SITREP_MVE_117.pdf,,29,0,1,14,0,48.3,,,,,,,,,,,,,,,
2026-09-08,zone,Haut-Uélé,Gombari,117,https://ebola-tracker.org/reports/SITREP_MVE_117.pdf,,3,0,1,1,0,33.3,,,,,,,,,,,,,,,
2026-09-08,zone,Haut-Uélé,Isiro,117,https://ebola-tracker.org/reports/SITREP_MVE_117.pdf,,92,0,1,37,0,40.2,,,,,,,,,,,,,,,
2026-09-08,zone,Haut-Uélé,Pawa,117,https://ebola-tracker.org/reports/SITREP_MVE_117.pdf,,46,0,1,23,0,50.0,,,,,,,,,,,,,,,
2026-09-08,zone,Haut-Uélé,Rungu,117,https://ebola-tracker.org/reports/SITREP_MVE_117.pdf,,2,0,1,1,0,50.0,,,,,,,,,,,,,,,
2026-09-08,zone,Haut-Uélé,Wamba,117,https://ebola-tracker.org/reports/SITREP_MVE_117.pdf,,86,2,1,31,0,36.0,,,,,,,,,,,,,,,
2026-09-08,zone,Ituri,Adja,117,https://ebola-tracker.org/reports/SITREP_MVE_117.pdf,,11,0,1,1,0,9.1,,,,,,,,,,,,,,,
2026-09-08,zone,Ituri,Ariwara,117,https://ebola-tracker.org/reports/SITREP_MVE_117.pdf,,8,0,1,2,0,25.0,,,,,,,,,,,,,,,
2026-09-08,zone,Ituri,Aru,117,https://ebola-tracker.org/reports/SITREP_MVE_117.pdf,,8,0,1,6,0,75.0,,,,,,,,,,,,,,,
2026-09-08,zone,Ituri,Aungba,117,https://ebola-tracker.org/reports/SITREP_MVE_117.pdf,,12,0,1,5,0,41.7,,,,,,,,,,,,,,,
2026-09-08,zone,Ituri,Bambu,117,https://ebola-tracker.org/reports/SITREP_MVE_117.pdf,,176,0,1,39,0,22.2,,,,,,,,,,,,,,,
2026-09-08,zone,Ituri,Boga,117,https://ebola-tracker.org/reports/SITREP_MVE_117.pdf,,2,0,1,2,0,100.0,,,,,,,,,,,,,,,
2026-09-08,zone,Ituri,Bunia,117,https://ebola-tracker.org/reports/SITREP_MVE_117.pdf,,1523,21,1,476,5,31.3,,,,,,,,,,,,,,,
2026-09-08,zone,Ituri,Damas,117,https://ebola-tracker.org/reports/SITREP_MVE_117.pdf,,32,2,1,9,0,28.1,,,,,,,,,,,,,,,
2026-09-08,zone,Ituri,Drodro,117,https://ebola-tracker.org/reports/SITREP_MVE_117.pdf,,15,0,1,7,0,46.7,,,,,,,,,,,,,,,
2026-09-08,zone,Ituri,Fataki,117,https://ebola-tracker.org/reports/SITREP_MVE_117.pdf,,78,0,1,30,0,38.5,,,,,,,,,,,,,,,
2026-09-08,zone,Ituri,Gethy,117,https://ebola-tracker.org/reports/SITREP_MVE_117.pdf,,7,0,1,3,0,42.9,,,,,,,,,,,,,,,
2026-09-08,zone,Ituri,Kambala,117,https://ebola-tracker.org/reports/SITREP_MVE_117.pdf,,2,0,1,0,0,0.0,,,,,,,,,,,,,,,
2026-09-08,zone,Ituri,Kilo,117,https://ebola-tracker.org/reports/SITREP_MVE_117.pdf,,33,0,1,12,0,36.4,,,,,,,,,,,,,,,
2026-09-08,zone,Ituri,Komanda,117,https://ebola-tracker.org/reports/SITREP_MVE_117.pdf,,118,1,1,80,1,67.8,,,,,,,,,,,,,,,
2026-09-08,zone,Ituri,Lita,117,https://ebola-tracker.org/reports/SITREP_MVE_117.pdf,,247,2,1,122,0,49.4,,,,,,,,,,,,,,,
2026-09-08,zone,Ituri,Logo,117,https://ebola-tracker.org/reports/SITREP_MVE_117.pdf,,13,0,1,5,0,38.5,,,,,,,,,,,,,,,
2026-09-08,zone,Ituri,Lolwa,117,https://ebola-tracker.org/reports/SITREP_MVE_117.pdf,,25,0,1,7,0,28.0,,,,,,,,,,,,,,,
2026-09-08,zone,Ituri,Mahagi,117,https://ebola-tracker.org/reports/SITREP_MVE_117.pdf,,4,0,1,1,0,25.0,,,,,,,,,,,,,,,
2026-09-08,zone,Ituri,Mambasa,117,https://ebola-tracker.org/reports/SITREP_MVE_117.pdf,,17,0,1,7,0,41.2,,,,,,,,,,,,,,,
2026-09-08,zone,Ituri,Mandima,117,https://ebola-tracker.org/reports/SITREP_MVE_117.pdf,,44,2,1,24,1,54.5,,,,,,,,,,,,,,,
2026-09-08,zone,Ituri,Mangala,117,https://ebola-tracker.org/reports/SITREP_MVE_117.pdf,,297,2,1,141,0,47.5,,,,,,,,,,,,,,,
2026-09-08,zone,Ituri,Mongbwalu,117,https://ebola-tracker.org/reports/SITREP_MVE_117.pdf,,640,2,1,293,2,45.8,,,,,,,,,,,,,,,
2026-09-08,zone,Ituri,Nia-Nia,117,https://ebola-tracker.org/reports/SITREP_MVE_117.pdf,,228,1,1,115,0,50.4,,,,,,,,,,,,,,,
2026-09-08,zone,Ituri,Nizi,117,https://ebola-tracker.org/reports/SITREP_MVE_117.pdf,,723,14,1,273,0,37.8,,,,,,,,,,,,,,,
2026-09-08,zone,Ituri,Nyankunde,117,https://ebola-tracker.org/reports/SITREP_MVE_117.pdf,,125,0,1,36,0,28.8,,,,,,,,,,,,,,,
2026-09-08,zone,Ituri,Rimba,117,https://ebola-tracker.org/reports/SITREP_MVE_117.pdf,,11,0,1,4,0,36.4,,,,,,,,,,,,,,,
2026-09-08,zone,Ituri,Rwampara,117,https://ebola-tracker.org/reports/SITREP_MVE_117.pdf,,999,7,1,348,1,34.8,,,,,,,,,,,,,,,
2026-09-08,zone,Ituri,Tchomia,117,https://ebola-tracker.org/reports/SITREP_MVE_117.pdf,,63,1,1,25,0,39.7,,,,,,,,,,,,,,,
2026-09-08,zone,Nord-Kivu,Beni,117,https://ebola-tracker.org/reports/SITREP_MVE_117.pdf,,185,4,1,138,3,74.6,,,,,,,,,,,,,,,
2026-09-08,zone,Nord-Kivu,Biena,117,https://ebola-tracker.org/reports/SITREP_MVE_117.pdf,,9,0,1,4,0,44.4,,,,,,,,,,,,,,,
2026-09-08,zone,Nord-Kivu,Butembo,117,https://ebola-tracker.org/reports/SITREP_MVE_117.pdf,,217,6,1,148,2,68.2,,,,,,,,,,,,,,,
2026-09-08,zone,Nord-Kivu,Goma,117,https://ebola-tracker.org/reports/SITREP_MVE_117.pdf,,1,0,1,0,0,0.0,,,,,,,,,,,,,,,
2026-09-08,zone,Nord-Kivu,Kalunguta,117,https://ebola-tracker.org/reports/SITREP_MVE_117.pdf,,20,2,1,9,0,45.0,,,,,,,,,,,,,,,
2026-09-08,zone,Nord-Kivu,Katwa,117,https://ebola-tracker.org/reports/SITREP_MVE_117.pdf,,477,9,1,305,3,63.9,,,,,,,,,,,,,,,
2026-09-08,zone,Nord-Kivu,Kayna,117,https://ebola-tracker.org/reports/SITREP_MVE_117.pdf,,1,0,1,0,0,0.0,,,,,,,,,,,,,,,
2026-09-08,zone,Nord-Kivu,Kyondo,117,https://ebola-tracker.org/reports/SITREP_MVE_117.pdf,,25,2,1,17,2,68.0,,,,,,,,,,,,,,,
2026-09-08,zone,Nord-Kivu,Lubero,117,https://ebola-tracker.org/reports/SITREP_MVE_117.pdf,,7,1,1,4,0,57.1,,,,,,,,,,,,,,,
2026-09-08,zone,Nord-Kivu,Mabalako,117,https://ebola-tracker.org/reports/SITREP_MVE_117.pdf,,10,0,1,7,0,70.0,,,,,,,,,,,,,,,
2026-09-08,zone,Nord-Kivu,Manguredjipa,117,https://ebola-tracker.org/reports/SITREP_MVE_117.pdf,,4,0,1,3,0,75.0,,,,,,,,,,,,,,,
2026-09-08,zone,Nord-Kivu,Masereka,117,https://ebola-tracker.org/reports/SITREP_MVE_117.pdf,,15,0,1,6,0,40.0,,,,,,,,,,,,,,,
2026-09-08,zone,Nord-Kivu,Musienene,117,https://ebola-tracker.org/reports/SITREP_MVE_117.pdf,,101,1,1,55,1,54.5,,,,,,,,,,,,,,,
2026-09-08,zone,Nord-Kivu,Mutwanga,117,https://ebola-tracker.org/reports/SITREP_MVE_117.pdf,,2,0,1,2,0,100.0,,,,,,,,,,,,,,,
2026-09-08,zone,Nord-Kivu,Oicha,117,https://ebola-tracker.org/reports/SITREP_MVE_117.pdf,,9,0,1,6,0,66.7,,,,,,,,,,,,,,,
2026-09-08,zone,Nord-Kivu,Vuhovi,117,https://ebola-tracker.org/reports/SITREP_MVE_117.pdf,,10,2,1,5,1,50.0,,,,,,,,,,,,,,,
2026-09-08,zone,Sud-Kivu,Miti-Murhesa,117,https://ebola-tracker.org/reports/SITREP_MVE_117.pdf,,3,0,1,1,0,33.3,,,,,,,,,,,,,,,
2026-09-08,zone,Tshopo,Bafwasende,117,https://ebola-tracker.org/reports/SITREP_MVE_117.pdf,,4,2,1,0,0,0.0,,,,,,,,,,,,,,,
2026-09-08,zone,Tshopo,Kabondo,117,https://ebola-tracker.org/reports/SITREP_MVE_117.pdf,,4,0,1,1,0,25.0,,,,,,,,,,,,,,,
2026-09-08,zone,Tshopo,Lubunga,117,https://ebola-tracker.org/reports/SITREP_MVE_117.pdf,,1,0,1,0,0,0.0,,,,,,,,,,,,,,,
2026-09-08,zone,Tshopo,Makiso-Kisangani,117,https://ebola-tracker.org/reports/SITREP_MVE_117.pdf,,10,0,1,5,0,50.0,,,,,,,,,,,,,,,
2026-09-08,zone,Tshopo,Mangobo,117,https://ebola-tracker.org/reports/SITREP_MVE_117.pdf,,3,0,1,2,0,66.7,,,,,,,,,,,,,,,
2026-09-08,zone,Tshopo,Tshopo,117,https://ebola-tracker.org/reports/SITREP_MVE_117.pdf,,1,0,1,0,0,0.0,,,,,,,,,,,,,,,
2026-09-08,zone,Tshopo,Wanie-Rukula,117,https://ebola-tracker.org/reports/SITREP_MVE_117.pdf,,1,0,1,1,0,100.0,,,,,,,,,,,,,,,
2026-09-09,pays,,,118,https://ebola-tracker.org/reports/SITREP_MVE_118.pdf,,6942,99,1,3349,39,48.2,1647,29,10,1941,386,496,99,20.0,805,1368,58.8,23630,19945,84.4,
2026-09-09,province,Bas-Uélé,,118,https://ebola-tracker.org/reports/SITREP_MVE_118.pdf,,4,0,1,3,0,75.0,,0,0,36,15,11,0,0.0,,,,152,122,80.3,
2026-09-09,province,Haut-Uélé,,118,https://ebola-tracker.org/reports/SITREP_MVE_118.pdf,,264,6,1,110,3,41.7,,2,1,26,16,21,6,28.6,54,134,40.3,1862,1484,79.7,
2026-09-09,province,Ituri,,118,https://ebola-tracker.org/reports/SITREP_MVE_118.pdf,,5508,47,1,2501,20,45.4,,13,7,901,219,312,47,15.1,457,989,46.2,10732,8971,83.6,
2026-09-09,province,Nord-Kivu,,118,https://ebola-tracker.org/reports/SITREP_MVE_118.pdf,,1139,46,1,725,16,63.7,,14,2,865,126,139,46,33.1,291,220,132.2,10600,9131,86.1,
2026-09-09,province,Sud-Kivu,,118,https://ebola-tracker.org/reports/SITREP_MVE_118.pdf,,3,0,1,1,0,33.3,,0,0,7,1,8,0,0.0,,,,,,,
2026-09-09,province,Tshopo,,118,https://ebola-tracker.org/reports/SITREP_MVE_118.pdf,,24,0,1,9,0,37.5,,0,0,106,9,5,0,0.0,3,25,12.0,284,237,83.5,1779
2026-09-09,zone,Bas-Uélé,Buta,118,https://ebola-tracker.org/reports/SITREP_MVE_118.pdf,,1,0,1,1,0,100.0,,,,,,,,,,,,,,,
2026-09-09,zone,Bas-Uélé,Ganga,118,https://ebola-tracker.org/reports/SITREP_MVE_118.pdf,,2,0,1,2,0,100.0,,,,,,,,,,,,,,,
2026-09-09,zone,Bas-Uélé,Viadana,118,https://ebola-tracker.org/reports/SITREP_MVE_118.pdf,,1,0,1,0,0,0.0,,,,,,,,,,,,,,,
2026-09-09,zone,Haut-Uélé,Boma-Mangbetu,118,https://ebola-tracker.org/reports/SITREP_MVE_118.pdf,,29,0,1,14,0,48.3,,,,,,,,,,,,,,,
2026-09-09,zone,Haut-Uélé,Gombari,118,https://ebola-tracker.org/reports/SITREP_MVE_118.pdf,,3,0,1,1,0,33.3,,,,,,,,,,,,,,,
2026-09-09,zone,Haut-Uélé,Isiro,118,https://ebola-tracker.org/reports/SITREP_MVE_118.pdf,,92,0,1,38,1,41.3,,,,,,,,,,,,,,,
2026-09-09,zone,Haut-Uélé,Pawa,118,https://ebola-tracker.org/reports/SITREP_MVE_118.pdf,,52,6,1,25,2,48.1,,,,,,,,,,,,,,,
2026-09-09,zone,Haut-Uélé,Rungu,118,https://ebola-tracker.org/reports/SITREP_MVE_118.pdf,,2,0,1,1,0,50.0,,,,,,,,,,,,,,,
2026-09-09,zone,Haut-Uélé,Wamba,118,https://ebola-tracker.org/reports/SITREP_MVE_118.pdf,,86,0,1,31,0,36.0,,,,,,,,,,,,,,,
2026-09-09,zone,Ituri,Adja,118,https://ebola-tracker.org/reports/SITREP_MVE_118.pdf,,11,0,1,1,0,9.1,,,,,,,,,,,,,,,
2026-09-09,zone,Ituri,Ariwara,118,https://ebola-tracker.org/reports/SITREP_MVE_118.pdf,,8,0,1,2,0,25.0,,,,,,,,,,,,,,,
2026-09-09,zone,Ituri,Aru,118,https://ebola-tracker.org/reports/SITREP_MVE_118.pdf,,8,0,1,6,0,75.0,,,,,,,,,,,,,,,
2026-09-09,zone,Ituri,Aungba,118,https://ebola-tracker.org/reports/SITREP_MVE_118.pdf,,12,0,1,5,0,41.7,,,,,,,,,,,,,,,
2026-09-09,zone,Ituri,Bambu,118,https://ebola-tracker.org/reports/SITREP_MVE_118.pdf,,177,1,1,39,0,22.0,,,,,,,,,,,,,,,
2026-09-09,zone,Ituri,Boga,118,https://ebola-tracker.org/reports/SITREP_MVE_118.pdf,,2,0,1,2,0,100.0,,,,,,,,,,,,,,,
2026-09-09,zone,Ituri,Bunia,118,https://ebola-tracker.org/reports/SITREP_MVE_118.pdf,,1528,5,1,477,1,31.2,,,,,,,,,,,,,,,
2026-09-09,zone,Ituri,Damas,118,https://ebola-tracker.org/reports/SITREP_MVE_118.pdf,,33,1,1,9,0,27.3,,,,,,,,,,,,,,,
2026-09-09,zone,Ituri,Drodro,118,https://ebola-tracker.org/reports/SITREP_MVE_118.pdf,,15,0,1,7,0,46.7,,,,,,,,,,,,,,,
2026-09-09,zone,Ituri,Fataki,118,https://ebola-tracker.org/reports/SITREP_MVE_118.pdf,,78,0,1,30,0,38.5,,,,,,,,,,,,,,,
2026-09-09,zone,Ituri,Gethy,118,https://ebola-tracker.org/reports/SITREP_MVE_118.pdf,,7,0,1,3,0,42.9,,,,,,,,,,,,,,,
2026-09-09,zone,Ituri,Kambala,118,https://ebola-tracker.org/reports/SITREP_MVE_118.pdf,,2,0,1,0,0,0.0,,,,,,,,,,,,,,,
2026-09-09,zone,Ituri,Kilo,118,https://ebola-tracker.org/reports/SITREP_MVE_118.pdf,,33,0,1,12,0,36.4,,,,,,,,,,,,,,,
2026-09-09,zone,Ituri,Komanda,118,https://ebola-tracker.org/reports/SITREP_MVE_118.pdf,,123,5,1,82,2,66.7,,,,,,,,,,,,,,,
2026-09-09,zone,Ituri,Lita,118,https://ebola-tracker.org/reports/SITREP_MVE_118.pdf,,251,4,1,123,1,49.0,,,,,,,,,,,,,,,
2026-09-09,zone,Ituri,Logo,118,https://ebola-tracker.org/reports/SITREP_MVE_118.pdf,,13,0,1,5,0,38.5,,,,,,,,,,,,,,,
2026-09-09,zone,Ituri,Lolwa,118,https://ebola-tracker.org/reports/SITREP_MVE_118.pdf,,31,6,1,8,1,25.8,,,,,,,,,,,,,,,
2026-09-09,zone,Ituri,Mahagi,118,https://ebola-tracker.org/reports/SITREP_MVE_118.pdf,,4,0,1,1,0,25.0,,,,,,,,,,,,,,,
2026-09-09,zone,Ituri,Mambasa,118,https://ebola-tracker.org/reports/SITREP_MVE_118.pdf,,17,0,1,7,0,41.2,,,,,,,,,,,,,,,
2026-09-09,zone,Ituri,Mandima,118,https://ebola-tracker.org/reports/SITREP_MVE_118.pdf,,44,0,1,24,0,54.5,,,,,,,,,,,,,,,
2026-09-09,zone,Ituri,Mangala,118,https://ebola-tracker.org/reports/SITREP_MVE_118.pdf,,309,12,1,146,5,47.2,,,,,,,,,,,,,,,
2026-09-09,zone,Ituri,Mongbwalu,118,https://ebola-tracker.org/reports/SITREP_MVE_118.pdf,,644,4,1,294,1,45.7,,,,,,,,,,,,,,,
2026-09-09,zone,Ituri,Nia-Nia,118,https://ebola-tracker.org/reports/SITREP_MVE_118.pdf,,229,1,1,116,1,50.7,,,,,,,,,,,,,,,
2026-09-09,zone,Ituri,Nizi,118,https://ebola-tracker.org/reports/SITREP_MVE_118.pdf,,726,3,1,273,0,37.6,,,,,,,,,,,,,,,
2026-09-09,zone,Ituri,Nyankunde,118,https://ebola-tracker.org/reports/SITREP_MVE_118.pdf,,125,0,1,36,0,28.8,,,,,,,,,,,,,,,
2026-09-09,zone,Ituri,Rimba,118,https://ebola-tracker.org/reports/SITREP_MVE_118.pdf,,11,0,1,4,0,36.4,,,,,,,,,,,,,,,
2026-09-09,zone,Ituri,Rwampara,118,https://ebola-tracker.org/reports/SITREP_MVE_118.pdf,,1004,5,1,349,1,34.8,,,,,,,,,,,,,,,
2026-09-09,zone,Ituri,Tchomia,118,https://ebola-tracker.org/reports/SITREP_MVE_118.pdf,,63,0,1,25,0,39.7,,,,,,,,,,,,,,,
2026-09-09,zone,Nord-Kivu,Beni,118,https://ebola-tracker.org/reports/SITREP_MVE_118.pdf,,195,10,1,145,7,74.4,,,,,,,,,,,,,,,
2026-09-09,zone,Nord-Kivu,Biena,118,https://ebola-tracker.org/reports/SITREP_MVE_118.pdf,,10,1,1,4,0,40.0,,,,,,,,,,,,,,,
2026-09-09,zone,Nord-Kivu,Butembo,118,https://ebola-tracker.org/reports/SITREP_MVE_118.pdf,,220,3,1,149,1,67.7,,,,,,,,,,,,,,,
2026-09-09,zone,Nord-Kivu,Goma,118,https://ebola-tracker.org/reports/SITREP_MVE_118.pdf,,1,0,1,0,0,0.0,,,,,,,,,,,,,,,
2026-09-09,zone,Nord-Kivu,Kalunguta,118,https://ebola-tracker.org/reports/SITREP_MVE_118.pdf,,23,3,1,11,2,47.8,,,,,,,,,,,,,,,
2026-09-09,zone,Nord-Kivu,Katwa,118,https://ebola-tracker.org/reports/SITREP_MVE_118.pdf,,486,9,1,309,4,63.6,,,,,,,,,,,,,,,
2026-09-09,zone,Nord-Kivu,Kayna,118,https://ebola-tracker.org/reports/SITREP_MVE_118.pdf,,1,0,1,0,0,0.0,,,,,,,,,,,,,,,
2026-09-09,zone,Nord-Kivu,Kyondo,118,https://ebola-tracker.org/reports/SITREP_MVE_118.pdf,,26,1,1,17,0,65.4,,,,,,,,,,,,,,,
2026-09-09,zone,Nord-Kivu,Lubero,118,https://ebola-tracker.org/reports/SITREP_MVE_118.pdf,,10,3,1,4,0,40.0,,,,,,,,,,,,,,,
2026-09-09,zone,Nord-Kivu,Mabalako,118,https://ebola-tracker.org/reports/SITREP_MVE_118.pdf,,18,8,1,8,1,44.4,,,,,,,,,,,,,,,
2026-09-09,zone,Nord-Kivu,Manguredjipa,118,https://ebola-tracker.org/reports/SITREP_MVE_118.pdf,,4,0,1,3,0,75.0,,,,,,,,,,,,,,,
2026-09-09,zone,Nord-Kivu,Masereka,118,https://ebola-tracker.org/reports/SITREP_MVE_118.pdf,,15,0,1,6,0,40.0,,,,,,,,,,,,,,,
2026-09-09,zone,Nord-Kivu,Musienene,118,https://ebola-tracker.org/reports/SITREP_MVE_118.pdf,,103,2,1,55,0,53.4,,,,,,,,,,,,,,,
2026-09-09,zone,Nord-Kivu,Mutwanga,118,https://ebola-tracker.org/reports/SITREP_MVE_118.pdf,,3,1,1,2,0,66.7,,,,,,,,,,,,,,,
2026-09-09,zone,Nord-Kivu,Oicha,118,https://ebola-tracker.org/reports/SITREP_MVE_118.pdf,,10,1,1,7,1,70.0,,,,,,,,,,,,,,,
2026-09-09,zone,Nord-Kivu,Vuhovi,118,https://ebola-tracker.org/reports/SITREP_MVE_118.pdf,,14,4,1,5,0,35.7,,,,,,,,,,,,,,,
2026-09-09,zone,Sud-Kivu,Miti-Murhesa,118,https://ebola-tracker.org/reports/SITREP_MVE_118.pdf,,3,0,1,1,0,33.3,,,,,,,,,,,,,,,
2026-09-09,zone,Tshopo,Bafwasende,118,https://ebola-tracker.org/reports/SITREP_MVE_118.pdf,,4,0,1,0,0,0.0,,,,,,,,,,,,,,,
2026-09-09,zone,Tshopo,Kabondo,118,https://ebola-tracker.org/reports/SITREP_MVE_118.pdf,,4,0,1,1,0,25.0,,,,,,,,,,,,,,,
2026-09-09,zone,Tshopo,Lubunga,118,https://ebola-tracker.org/reports/SITREP_MVE_118.pdf,,1,0,1,0,0,0.0,,,,,,,,,,,,,,,
2026-09-09,zone,Tshopo,Makiso-Kisangani,118,https://ebola-tracker.org/reports/SITREP_MVE_118.pdf,,10,0,1,5,0,50.0,,,,,,,,,,,,,,,
2026-09-09,zone,Tshopo,Mangobo,118,https://ebola-tracker.org/reports/SITREP_MVE_118.pdf,,3,0,1,2,0,66.7,,,,,,,,,,,,,,,
2026-09-09,zone,Tshopo,Tshopo,118,https://ebola-tracker.org/reports/SITREP_MVE_118.pdf,,1,0,1,0,0,0.0,,,,,,,,,,,,,,,
2026-09-09,zone,Tshopo,Wanie-Rukula,118,https://ebola-tracker.org/reports/SITREP_MVE_118.pdf,,1,0,1,1,0,100.0,,,,,,,,,,,,,,,
2026-09-10,pays,,,119,https://ebola-tracker.org/reports/SITREP_MVE_119.pdf,,7022,80,1,3398,49,48.4,1671,31,18,2254,429,673,80,11.9,819,1170,43.4,28672,25117,87.6,
2026-09-10,province,Bas-Uélé,,119,https://ebola-tracker.org/reports/SITREP_MVE_119.pdf,,4,0,1,3,0,75.0,,0,0,27,5,3,0,0.0,,,,134,104,77.6,
2026-09-10,province,Haut-Uélé,,119,https://ebola-tracker.org/reports/SITREP_MVE_119.pdf,,270,6,1,114,4,42.2,,0,4,14,13,236,6,2.5,64,134,47.8,1755,1335,76.1,
2026-09-10,province,Ituri,,119,https://ebola-tracker.org/reports/SITREP_MVE_119.pdf,,5538,30,1,2524,23,45.6,,11,12,916,190,294,30,10.2,435,1005,43.3,15118,13606,90.0,
2026-09-10,province,Nord-Kivu,,119,https://ebola-tracker.org/reports/SITREP_MVE_119.pdf,,1182,43,1,746,21,63.1,,19,2,1231,216,136,43,31.6,311,,141.4,11381,9865,86.7,
2026-09-10,province,Sud-Kivu,,119,https://ebola-tracker.org/reports/SITREP_MVE_119.pdf,,3,0,1,1,0,33.3,,0,0,0,0,,,,,,,,,,
2026-09-10,province,Sud-Ubangi,,119,https://ebola-tracker.org/reports/SITREP_MVE_119.pdf,,1,,,1,,100.0,,1,0,0,0,1,1,100.0,,,,,,,
2026-09-10,province,Tshopo,,119,https://ebola-tracker.org/reports/SITREP_MVE_119.pdf,,24,0,1,9,0,37.5,,0,0,66,5,3,0,0.0,9,31,29.0,284,207,72.9,2006
2026-09-10,zone,Bas-Uélé,Buta,119,https://ebola-tracker.org/reports/SITREP_MVE_119.pdf,,1,0,1,1,0,100.0,,,,,,,,,,,,,,,
2026-09-10,zone,Bas-Uélé,Ganga,119,https://ebola-tracker.org/reports/SITREP_MVE_119.pdf,,2,0,1,2,0,100.0,,,,,,,,,,,,,,,
2026-09-10,zone,Bas-Uélé,Viadana,119,https://ebola-tracker.org/reports/SITREP_MVE_119.pdf,,1,0,1,0,0,0.0,,,,,,,,,,,,,,,
2026-09-10,zone,Haut-Uélé,Boma-Mangbetu,119,https://ebola-tracker.org/reports/SITREP_MVE_119.pdf,,29,0,1,14,0,48.3,,,,,,,,,,,,,,,
2026-09-10,zone,Haut-Uélé,Gombari,119,https://ebola-tracker.org/reports/SITREP_MVE_119.pdf,,3,0,1,1,0,33.3,,,,,,,,,,,,,,,
2026-09-10,zone,Haut-Uélé,Isiro,119,https://ebola-tracker.org/reports/SITREP_MVE_119.pdf,,95,3,1,40,2,42.1,,,,,,,,,,,,,,,
2026-09-10,zone,Haut-Uélé,Pawa,119,https://ebola-tracker.org/reports/SITREP_MVE_119.pdf,,52,0,1,25,0,48.1,,,,,,,,,,,,,,,
2026-09-10,zone,Haut-Uélé,Rungu,119,https://ebola-tracker.org/reports/SITREP_MVE_119.pdf,,2,0,1,1,0,50.0,,,,,,,,,,,,,,,
2026-09-10,zone,Haut-Uélé,Wamba,119,https://ebola-tracker.org/reports/SITREP_MVE_119.pdf,,89,3,1,33,2,37.1,,,,,,,,,,,,,,,
2026-09-10,zone,Ituri,Adja,119,https://ebola-tracker.org/reports/SITREP_MVE_119.pdf,,11,0,1,1,0,9.1,,,,,,,,,,,,,,,
2026-09-10,zone,Ituri,Ariwara,119,https://ebola-tracker.org/reports/SITREP_MVE_119.pdf,,8,0,1,2,0,25.0,,,,,,,,,,,,,,,
2026-09-10,zone,Ituri,Aru,119,https://ebola-tracker.org/reports/SITREP_MVE_119.pdf,,8,0,1,6,0,75.0,,,,,,,,,,,,,,,
2026-09-10,zone,Ituri,Aungba,119,https://ebola-tracker.org/reports/SITREP_MVE_119.pdf,,12,0,1,5,0,41.7,,,,,,,,,,,,,,,
2026-09-10,zone,Ituri,Bambu,119,https://ebola-tracker.org/reports/SITREP_MVE_119.pdf,,178,1,1,39,0,21.9,,,,,,,,,,,,,,,
2026-09-10,zone,Ituri,Boga,119,https://ebola-tracker.org/reports/SITREP_MVE_119.pdf,,2,0,1,2,0,100.0,,,,,,,,,,,,,,,
2026-09-10,zone,Ituri,Bunia,119,https://ebola-tracker.org/reports/SITREP_MVE_119.pdf,,1538,10,1,485,8,31.5,,,,,,,,,,,,,,,
2026-09-10,zone,Ituri,Damas,119,https://ebola-tracker.org/reports/SITREP_MVE_119.pdf,,36,3,1,9,0,25.0,,,,,,,,,,,,,,,
2026-09-10,zone,Ituri,Drodro,119,https://ebola-tracker.org/reports/SITREP_MVE_119.pdf,,15,0,1,7,0,46.7,,,,,,,,,,,,,,,
2026-09-10,zone,Ituri,Fataki,119,https://ebola-tracker.org/reports/SITREP_MVE_119.pdf,,78,0,1,30,0,38.5,,,,,,,,,,,,,,,
2026-09-10,zone,Ituri,Gethy,119,https://ebola-tracker.org/reports/SITREP_MVE_119.pdf,,7,0,1,3,0,42.9,,,,,,,,,,,,,,,
2026-09-10,zone,Ituri,Kambala,119,https://ebola-tracker.org/reports/SITREP_MVE_119.pdf,,2,0,1,0,0,0.0,,,,,,,,,,,,,,,
2026-09-10,zone,Ituri,Kilo,119,https://ebola-tracker.org/reports/SITREP_MVE_119.pdf,,33,0,1,12,0,36.4,,,,,,,,,,,,,,,
2026-09-10,zone,Ituri,Komanda,119,https://ebola-tracker.org/reports/SITREP_MVE_119.pdf,,123,0,1,82,0,66.7,,,,,,,,,,,,,,,
2026-09-10,zone,Ituri,Lita,119,https://ebola-tracker.org/reports/SITREP_MVE_119.pdf,,256,5,1,125,2,48.8,,,,,,,,,,,,,,,
2026-09-10,zone,Ituri,Logo,119,https://ebola-tracker.org/reports/SITREP_MVE_119.pdf,,13,0,1,5,0,38.5,,,,,,,,,,,,,,,
2026-09-10,zone,Ituri,Lolwa,119,https://ebola-tracker.org/reports/SITREP_MVE_119.pdf,,31,0,1,8,0,25.8,,,,,,,,,,,,,,,
2026-09-10,zone,Ituri,Mahagi,119,https://ebola-tracker.org/reports/SITREP_MVE_119.pdf,,4,0,1,1,0,25.0,,,,,,,,,,,,,,,
2026-09-10,zone,Ituri,Mambasa,119,https://ebola-tracker.org/reports/SITREP_MVE_119.pdf,,17,0,1,7,0,41.2,,,,,,,,,,,,,,,
2026-09-10,zone,Ituri,Mandima,119,https://ebola-tracker.org/reports/SITREP_MVE_119.pdf,,44,0,1,24,0,54.5,,,,,,,,,,,,,,,
2026-09-10,zone,Ituri,Mangala,119,https://ebola-tracker.org/reports/SITREP_MVE_119.pdf,,310,1,1,146,0,47.1,,,,,,,,,,,,,,,
2026-09-10,zone,Ituri,Mongbwalu,119,https://ebola-tracker.org/reports/SITREP_MVE_119.pdf,,649,5,1,295,1,45.5,,,,,,,,,,,,,,,
2026-09-10,zone,Ituri,Nia-Nia,119,https://ebola-tracker.org/reports/SITREP_MVE_119.pdf,,229,0,1,116,0,50.7,,,,,,,,,,,,,,,
2026-09-10,zone,Ituri,Nizi,119,https://ebola-tracker.org/reports/SITREP_MVE_119.pdf,,727,1,1,273,0,37.6,,,,,,,,,,,,,,,
2026-09-10,zone,Ituri,Nyankunde,119,https://ebola-tracker.org/reports/SITREP_MVE_119.pdf,,125,0,1,36,0,28.8,,,,,,,,,,,,,,,
2026-09-10,zone,Ituri,Rimba,119,https://ebola-tracker.org/reports/SITREP_MVE_119.pdf,,11,0,1,4,0,36.4,,,,,,,,,,,,,,,
2026-09-10,zone,Ituri,Rwampara,119,https://ebola-tracker.org/reports/SITREP_MVE_119.pdf,,1006,2,1,349,0,34.7,,,,,,,,,,,,,,,
2026-09-10,zone,Ituri,Tchomia,119,https://ebola-tracker.org/reports/SITREP_MVE_119.pdf,,65,2,1,25,0,38.5,,,,,,,,,,,,,,,
2026-09-10,zone,Nord-Kivu,Beni,119,https://ebola-tracker.org/reports/SITREP_MVE_119.pdf,,199,4,1,149,4,74.9,,,,,,,,,,,,,,,
2026-09-10,zone,Nord-Kivu,Biena,119,https://ebola-tracker.org/reports/SITREP_MVE_119.pdf,,15,5,1,6,2,40.0,,,,,,,,,,,,,,,
2026-09-10,zone,Nord-Kivu,Butembo,119,https://ebola-tracker.org/reports/SITREP_MVE_119.pdf,,225,5,1,150,1,66.7,,,,,,,,,,,,,,,
2026-09-10,zone,Nord-Kivu,Goma,119,https://ebola-tracker.org/reports/SITREP_MVE_119.pdf,,1,0,1,0,0,0.0,,,,,,,,,,,,,,,
2026-09-10,zone,Nord-Kivu,Kalunguta,119,https://ebola-tracker.org/reports/SITREP_MVE_119.pdf,,24,1,1,11,0,45.8,,,,,,,,,,,,,,,
2026-09-10,zone,Nord-Kivu,Katwa,119,https://ebola-tracker.org/reports/SITREP_MVE_119.pdf,,499,13,1,320,11,64.1,,,,,,,,,,,,,,,
2026-09-10,zone,Nord-Kivu,Kayna,119,https://ebola-tracker.org/reports/SITREP_MVE_119.pdf,,1,0,1,0,0,0.0,,,,,,,,,,,,,,,
2026-09-10,zone,Nord-Kivu,Kyondo,119,https://ebola-tracker.org/reports/SITREP_MVE_119.pdf,,29,3,1,17,0,58.6,,,,,,,,,,,,,,,
2026-09-10,zone,Nord-Kivu,Lubero,119,https://ebola-tracker.org/reports/SITREP_MVE_119.pdf,,10,0,1,4,0,40.0,,,,,,,,,,,,,,,
2026-09-10,zone,Nord-Kivu,Mabalako,119,https://ebola-tracker.org/reports/SITREP_MVE_119.pdf,,18,0,1,8,0,44.4,,,,,,,,,,,,,,,
2026-09-10,zone,Nord-Kivu,Manguredjipa,119,https://ebola-tracker.org/reports/SITREP_MVE_119.pdf,,8,4,1,3,0,37.5,,,,,,,,,,,,,,,
2026-09-10,zone,Nord-Kivu,Masereka,119,https://ebola-tracker.org/reports/SITREP_MVE_119.pdf,,15,0,1,6,0,40.0,,,,,,,,,,,,,,,
2026-09-10,zone,Nord-Kivu,Musienene,119,https://ebola-tracker.org/reports/SITREP_MVE_119.pdf,,110,7,1,58,3,52.7,,,,,,,,,,,,,,,
2026-09-10,zone,Nord-Kivu,Mutwanga,119,https://ebola-tracker.org/reports/SITREP_MVE_119.pdf,,3,0,1,2,0,66.7,,,,,,,,,,,,,,,
2026-09-10,zone,Nord-Kivu,Oicha,119,https://ebola-tracker.org/reports/SITREP_MVE_119.pdf,,11,1,1,7,0,63.6,,,,,,,,,,,,,,,
2026-09-10,zone,Nord-Kivu,Vuhovi,119,https://ebola-tracker.org/reports/SITREP_MVE_119.pdf,,14,0,1,5,0,35.7,,,,,,,,,,,,,,,
2026-09-10,zone,Sud-Kivu,Miti-Murhesa,119,https://ebola-tracker.org/reports/SITREP_MVE_119.pdf,,3,0,1,1,0,33.3,,,,,,,,,,,,,,,
2026-09-10,zone,Sud-Ubangi,Bulu,119,https://ebola-tracker.org/reports/SITREP_MVE_119.pdf,,1,,,1,,100.0,,,,,,,,,,,,,,,
2026-09-10,zone,Tshopo,Bafwasende,119,https://ebola-tracker.org/reports/SITREP_MVE_119.pdf,,4,0,1,0,0,0.0,,,,,,,,,,,,,,,
2026-09-10,zone,Tshopo,Kabondo,119,https://ebola-tracker.org/reports/SITREP_MVE_119.pdf,,4,0,1,1,0,25.0,,,,,,,,,,,,,,,
2026-09-10,zone,Tshopo,Lubunga,119,https://ebola-tracker.org/reports/SITREP_MVE_119.pdf,,1,0,1,0,0,0.0,,,,,,,,,,,,,,,
2026-09-10,zone,Tshopo,Makiso-Kisangani,119,https://ebola-tracker.org/reports/SITREP_MVE_119.pdf,,10,0,1,5,0,50.0,,,,,,,,,,,,,,,
2026-09-10,zone,Tshopo,Mangobo,119,https://ebola-tracker.org/reports/SITREP_MVE_119.pdf,,3,0,1,2,0,66.7,,,,,,,,,,,,,,,
2026-09-10,zone,Tshopo,Tshopo,119,https://ebola-tracker.org/reports/SITREP_MVE_119.pdf,,1,0,1,0,0,0.0,,,,,,,,,,,,,,,
2026-09-10,zone,Tshopo,Wanie-Rukula,119,https://ebola-tracker.org/reports/SITREP_MVE_119.pdf,,1,0,1,1,0,100.0,,,,,,,,,,,,,,,
2026-09-11,pays,,,120,https://ebola-tracker.org/reports/SITREP_MVE_120.pdf,,7113,91,1,3437,39,48.3,1692,32,7,1923,372,493,91,18.5,839,1172,44.0,26763,23416,87.5,
2026-09-11,province,Bas-Uélé,,120,https://ebola-tracker.org/reports/SITREP_MVE_120.pdf,,5,1,1,3,0,60.0,,0,0,22,6,1,1,100.0,6,,,132,102,77.3,
2026-09-11,province,Haut-Uélé,,120,https://ebola-tracker.org/reports/SITREP_MVE_120.pdf,,276,6,1,115,1,41.7,,1,0,15,13,17,6,35.3,65,134,48.5,1151,993,86.3,
2026-09-11,province,Ituri,,120,https://ebola-tracker.org/reports/SITREP_MVE_120.pdf,,5571,33,1,2533,9,45.5,,6,3,858,182,237,33,13.9,442,1007,43.9,13401,11959,89.2,
2026-09-11,province,Nord-Kivu,,120,https://ebola-tracker.org/reports/SITREP_MVE_120.pdf,,1232,50,1,774,28,62.8,,25,3,894,154,237,50,21.1,317,,139.0,11823,10156,85.9,
2026-09-11,province,Sud-Kivu,,120,https://ebola-tracker.org/reports/SITREP_MVE_120.pdf,,3,0,1,1,0,33.3,,0,0,20,5,,,,,,,,,,
2026-09-11,province,Sud-Ubangi,,120,https://ebola-tracker.org/reports/SITREP_MVE_120.pdf,,1,0,1,1,0,100.0,,0,0,0,0,,,,,,,,,,
2026-09-11,province,Tshopo,,120,https://ebola-tracker.org/reports/SITREP_MVE_120.pdf,,25,1,1,10,1,40.0,,0,1,114,12,1,1,100.0,9,31,29.0,256,206,80.5,2153
2026-09-11,zone,Bas-Uélé,Buta,120,https://ebola-tracker.org/reports/SITREP_MVE_120.pdf,,1,0,1,1,0,100.0,,,,,,,,,,,,,,,
2026-09-11,zone,Bas-Uélé,Ganga,120,https://ebola-tracker.org/reports/SITREP_MVE_120.pdf,,3,1,1,2,0,66.7,,,,,,,,,,,,,,,
2026-09-11,zone,Bas-Uélé,Viadana,120,https://ebola-tracker.org/reports/SITREP_MVE_120.pdf,,1,0,1,0,0,0.0,,,,,,,,,,,,,,,
2026-09-11,zone,Haut-Uélé,Boma-Mangbetu,120,https://ebola-tracker.org/reports/SITREP_MVE_120.pdf,,29,0,1,14,0,48.3,,,,,,,,,,,,,,,
2026-09-11,zone,Haut-Uélé,Gombari,120,https://ebola-tracker.org/reports/SITREP_MVE_120.pdf,,3,0,1,1,0,33.3,,,,,,,,,,,,,,,
2026-09-11,zone,Haut-Uélé,Isiro,120,https://ebola-tracker.org/reports/SITREP_MVE_120.pdf,,96,1,1,41,1,42.7,,,,,,,,,,,,,,,
2026-09-11,zone,Haut-Uélé,Pawa,120,https://ebola-tracker.org/reports/SITREP_MVE_120.pdf,,57,5,1,25,0,43.9,,,,,,,,,,,,,,,
2026-09-11,zone,Haut-Uélé,Rungu,120,https://ebola-tracker.org/reports/SITREP_MVE_120.pdf,,2,0,1,1,0,50.0,,,,,,,,,,,,,,,
2026-09-11,zone,Haut-Uélé,Wamba,120,https://ebola-tracker.org/reports/SITREP_MVE_120.pdf,,89,0,1,33,0,37.1,,,,,,,,,,,,,,,
2026-09-11,zone,Ituri,Adja,120,https://ebola-tracker.org/reports/SITREP_MVE_120.pdf,,11,0,1,1,0,9.1,,,,,,,,,,,,,,,
2026-09-11,zone,Ituri,Ariwara,120,https://ebola-tracker.org/reports/SITREP_MVE_120.pdf,,8,0,1,2,0,25.0,,,,,,,,,,,,,,,
2026-09-11,zone,Ituri,Aru,120,https://ebola-tracker.org/reports/SITREP_MVE_120.pdf,,8,0,1,6,0,75.0,,,,,,,,,,,,,,,
2026-09-11,zone,Ituri,Aungba,120,https://ebola-tracker.org/reports/SITREP_MVE_120.pdf,,12,0,1,5,0,41.7,,,,,,,,,,,,,,,
2026-09-11,zone,Ituri,Bambu,120,https://ebola-tracker.org/reports/SITREP_MVE_120.pdf,,179,1,1,39,0,21.8,,,,,,,,,,,,,,,
2026-09-11,zone,Ituri,Boga,120,https://ebola-tracker.org/reports/SITREP_MVE_120.pdf,,2,0,1,2,0,100.0,,,,,,,,,,,,,,,
2026-09-11,zone,Ituri,Bunia,120,https://ebola-tracker.org/reports/SITREP_MVE_120.pdf,,1550,12,1,487,2,31.4,,,,,,,,,,,,,,,
2026-09-11,zone,Ituri,Damas,120,https://ebola-tracker.org/reports/SITREP_MVE_120.pdf,,36,0,1,9,0,25.0,,,,,,,,,,,,,,,
2026-09-11,zone,Ituri,Drodro,120,https://ebola-tracker.org/reports/SITREP_MVE_120.pdf,,15,0,1,7,0,46.7,,,,,,,,,,,,,,,
2026-09-11,zone,Ituri,Fataki,120,https://ebola-tracker.org/reports/SITREP_MVE_120.pdf,,78,0,1,30,0,38.5,,,,,,,,,,,,,,,
2026-09-11,zone,Ituri,Gethy,120,https://ebola-tracker.org/reports/SITREP_MVE_120.pdf,,7,0,1,3,0,42.9,,,,,,,,,,,,,,,
2026-09-11,zone,Ituri,Kambala,120,https://ebola-tracker.org/reports/SITREP_MVE_120.pdf,,2,0,1,0,0,0.0,,,,,,,,,,,,,,,
2026-09-11,zone,Ituri,Kilo,120,https://ebola-tracker.org/reports/SITREP_MVE_120.pdf,,33,0,1,12,0,36.4,,,,,,,,,,,,,,,
2026-09-11,zone,Ituri,Komanda,120,https://ebola-tracker.org/reports/SITREP_MVE_120.pdf,,127,4,1,84,2,66.1,,,,,,,,,,,,,,,
2026-09-11,zone,Ituri,Lita,120,https://ebola-tracker.org/reports/SITREP_MVE_120.pdf,,256,0,1,125,0,48.8,,,,,,,,,,,,,,,
2026-09-11,zone,Ituri,Logo,120,https://ebola-tracker.org/reports/SITREP_MVE_120.pdf,,13,0,1,5,0,38.5,,,,,,,,,,,,,,,
2026-09-11,zone,Ituri,Lolwa,120,https://ebola-tracker.org/reports/SITREP_MVE_120.pdf,,31,0,1,8,0,25.8,,,,,,,,,,,,,,,
2026-09-11,zone,Ituri,Mahagi,120,https://ebola-tracker.org/reports/SITREP_MVE_120.pdf,,4,0,1,1,0,25.0,,,,,,,,,,,,,,,
2026-09-11,zone,Ituri,Mambasa,120,https://ebola-tracker.org/reports/SITREP_MVE_120.pdf,,17,0,1,7,0,41.2,,,,,,,,,,,,,,,
2026-09-11,zone,Ituri,Mandima,120,https://ebola-tracker.org/reports/SITREP_MVE_120.pdf,,46,2,1,24,0,52.2,,,,,,,,,,,,,,,
2026-09-11,zone,Ituri,Mangala,120,https://ebola-tracker.org/reports/SITREP_MVE_120.pdf,,310,0,1,146,0,47.1,,,,,,,,,,,,,,,
2026-09-11,zone,Ituri,Mongbwalu,120,https://ebola-tracker.org/reports/SITREP_MVE_120.pdf,,654,5,1,296,1,45.3,,,,,,,,,,,,,,,
2026-09-11,zone,Ituri,Nia-Nia,120,https://ebola-tracker.org/reports/SITREP_MVE_120.pdf,,232,3,1,117,1,50.4,,,,,,,,,,,,,,,
2026-09-11,zone,Ituri,Nizi,120,https://ebola-tracker.org/reports/SITREP_MVE_120.pdf,,729,2,1,273,0,37.4,,,,,,,,,,,,,,,
2026-09-11,zone,Ituri,Nyankunde,120,https://ebola-tracker.org/reports/SITREP_MVE_120.pdf,,125,0,1,36,0,28.8,,,,,,,,,,,,,,,
2026-09-11,zone,Ituri,Rimba,120,https://ebola-tracker.org/reports/SITREP_MVE_120.pdf,,11,0,1,4,0,36.4,,,,,,,,,,,,,,,
2026-09-11,zone,Ituri,Rwampara,120,https://ebola-tracker.org/reports/SITREP_MVE_120.pdf,,1007,1,1,349,0,34.7,,,,,,,,,,,,,,,
2026-09-11,zone,Ituri,Tchomia,120,https://ebola-tracker.org/reports/SITREP_MVE_120.pdf,,68,3,1,25,0,36.8,,,,,,,,,,,,,,,
2026-09-11,zone,Nord-Kivu,Beni,120,https://ebola-tracker.org/reports/SITREP_MVE_120.pdf,,208,9,1,156,7,75.0,,,,,,,,,,,,,,,
2026-09-11,zone,Nord-Kivu,Biena,120,https://ebola-tracker.org/reports/SITREP_MVE_120.pdf,,15,0,1,6,0,40.0,,,,,,,,,,,,,,,
2026-09-11,zone,Nord-Kivu,Butembo,120,https://ebola-tracker.org/reports/SITREP_MVE_120.pdf,,230,5,1,152,2,66.1,,,,,,,,,,,,,,,
2026-09-11,zone,Nord-Kivu,Goma,120,https://ebola-tracker.org/reports/SITREP_MVE_120.pdf,,1,0,1,0,0,0.0,,,,,,,,,,,,,,,
2026-09-11,zone,Nord-Kivu,Kalunguta,120,https://ebola-tracker.org/reports/SITREP_MVE_120.pdf,,29,5,1,12,1,41.4,,,,,,,,,,,,,,,
2026-09-11,zone,Nord-Kivu,Katwa,120,https://ebola-tracker.org/reports/SITREP_MVE_120.pdf,,513,14,1,330,10,64.3,,,,,,,,,,,,,,,
2026-09-11,zone,Nord-Kivu,Kayna,120,https://ebola-tracker.org/reports/SITREP_MVE_120.pdf,,1,0,1,0,0,0.0,,,,,,,,,,,,,,,
2026-09-11,zone,Nord-Kivu,Kyondo,120,https://ebola-tracker.org/reports/SITREP_MVE_120.pdf,,29,0,1,18,1,62.1,,,,,,,,,,,,,,,
2026-09-11,zone,Nord-Kivu,Lubero,120,https://ebola-tracker.org/reports/SITREP_MVE_120.pdf,,15,5,1,7,3,46.7,,,,,,,,,,,,,,,
2026-09-11,zone,Nord-Kivu,Mabalako,120,https://ebola-tracker.org/reports/SITREP_MVE_120.pdf,,19,1,1,9,1,47.4,,,,,,,,,,,,,,,
2026-09-11,zone,Nord-Kivu,Manguredjipa,120,https://ebola-tracker.org/reports/SITREP_MVE_120.pdf,,8,0,1,3,0,37.5,,,,,,,,,,,,,,,
2026-09-11,zone,Nord-Kivu,Masereka,120,https://ebola-tracker.org/reports/SITREP_MVE_120.pdf,,19,4,1,8,2,42.1,,,,,,,,,,,,,,,
2026-09-11,zone,Nord-Kivu,Musienene,120,https://ebola-tracker.org/reports/SITREP_MVE_120.pdf,,113,3,1,59,1,52.2,,,,,,,,,,,,,,,
2026-09-11,zone,Nord-Kivu,Mutwanga,120,https://ebola-tracker.org/reports/SITREP_MVE_120.pdf,,5,2,1,2,0,40.0,,,,,,,,,,,,,,,
2026-09-11,zone,Nord-Kivu,Oicha,120,https://ebola-tracker.org/reports/SITREP_MVE_120.pdf,,11,0,1,7,0,63.6,,,,,,,,,,,,,,,
2026-09-11,zone,Nord-Kivu,Vuhovi,120,https://ebola-tracker.org/reports/SITREP_MVE_120.pdf,,16,2,1,5,0,31.2,,,,,,,,,,,,,,,
2026-09-11,zone,Sud-Kivu,Miti-Murhesa,120,https://ebola-tracker.org/reports/SITREP_MVE_120.pdf,,3,0,1,1,0,33.3,,,,,,,,,,,,,,,
2026-09-11,zone,Sud-Ubangi,Bulu,120,https://ebola-tracker.org/reports/SITREP_MVE_120.pdf,,1,0,1,1,0,100.0,,,,,,,,,,,,,,,
2026-09-11,zone,Tshopo,Bafwasende,120,https://ebola-tracker.org/reports/SITREP_MVE_120.pdf,,5,1,1,1,1,20.0,,,,,,,,,,,,,,,
2026-09-11,zone,Tshopo,Kabondo,120,https://ebola-tracker.org/reports/SITREP_MVE_120.pdf,,4,0,1,1,0,25.0,,,,,,,,,,,,,,,
2026-09-11,zone,Tshopo,Lubunga,120,https://ebola-tracker.org/reports/SITREP_MVE_120.pdf,,1,0,1,0,0,0.0,,,,,,,,,,,,,,,
2026-09-11,zone,Tshopo,Makiso-Kisangani,120,https://ebola-tracker.org/reports/SITREP_MVE_120.pdf,,10,0,1,5,0,50.0,,,,,,,,,,,,,,,
2026-09-11,zone,Tshopo,Mangobo,120,https://ebola-tracker.org/reports/SITREP_MVE_120.pdf,,3,0,1,2,0,66.7,,,,,,,,,,,,,,,
2026-09-11,zone,Tshopo,Tshopo,120,https://ebola-tracker.org/reports/SITREP_MVE_120.pdf,,1,0,1,0,0,0.0,,,,,,,,,,,,,,,
2026-09-11,zone,Tshopo,Wanie-Rukula,120,https://ebola-tracker.org/reports/SITREP_MVE_120.pdf,,1,0,1,1,0,100.0,,,,,,,,,,,,,,,
2026-09-12,pays,,,121,https://ebola-tracker.org/reports/SITREP_MVE_121.pdf,,7200,87,1,3475,38,48.3,1712,28,10,1978,445,436,87,20.0,923,1218,47.7,26816,24476,91.3,
2026-09-12,province,Bas-Uélé,,121,https://ebola-tracker.org/reports/SITREP_MVE_121.pdf,,5,0,1,3,0,60.0,,0,0,31,6,3,0,0.0,7,13,53.8,181,151,83.4,
2026-09-12,province,Haut-Uélé,,121,https://ebola-tracker.org/reports/SITREP_MVE_121.pdf,,279,3,1,115,0,41.2,,0,0,33,12,25,3,12.0,69,134,51.5,150,106,70.7,
2026-09-12,province,Ituri,,121,https://ebola-tracker.org/reports/SITREP_MVE_121.pdf,,5615,44,1,2559,26,45.6,,20,6,913,264,248,44,17.7,476,1015,46.9,14920,13230,88.7,
2026-09-12,province,Nord-Kivu,,121,https://ebola-tracker.org/reports/SITREP_MVE_121.pdf,,1269,37,1,786,12,61.9,,8,4,928,154,157,37,23.6,342,,150.0,12310,10780,87.6,
2026-09-12,province,Sud-Kivu,,121,https://ebola-tracker.org/reports/SITREP_MVE_121.pdf,,3,0,1,1,0,33.3,,0,0,11,1,,,,17,25,68.0,,,,
2026-09-12,province,Sud-Ubangi,,121,https://ebola-tracker.org/reports/SITREP_MVE_121.pdf,,1,0,1,1,0,100.0,,0,0,0,0,,,,,,,,,,
2026-09-12,province,Tshopo,,121,https://ebola-tracker.org/reports/SITREP_MVE_121.pdf,,28,3,1,10,0,35.7,,0,0,62,8,3,3,100.0,12,31,38.7,255,209,82.0,
2026-09-12,zone,Bas-Uélé,Buta,121,https://ebola-tracker.org/reports/SITREP_MVE_121.pdf,,1,0,1,1,0,100.0,,,,,,,,,,,,,,,
2026-09-12,zone,Bas-Uélé,Ganga,121,https://ebola-tracker.org/reports/SITREP_MVE_121.pdf,,3,0,1,2,0,66.7,,,,,,,,,,,,,,,
2026-09-12,zone,Bas-Uélé,Viadana,121,https://ebola-tracker.org/reports/SITREP_MVE_121.pdf,,1,0,1,0,0,0.0,,,,,,,,,,,,,,,
2026-09-12,zone,Haut-Uélé,Boma-Mangbetu,121,https://ebola-tracker.org/reports/SITREP_MVE_121.pdf,,32,3,1,14,0,43.8,,,,,,,,,,,,,,,
2026-09-12,zone,Haut-Uélé,Gombari,121,https://ebola-tracker.org/reports/SITREP_MVE_121.pdf,,3,0,1,1,0,33.3,,,,,,,,,,,,,,,
2026-09-12,zone,Haut-Uélé,Isiro,121,https://ebola-tracker.org/reports/SITREP_MVE_121.pdf,,96,0,1,41,0,42.7,,,,,,,,,,,,,,,
2026-09-12,zone,Haut-Uélé,Pawa,121,https://ebola-tracker.org/reports/SITREP_MVE_121.pdf,,57,0,1,25,0,43.9,,,,,,,,,,,,,,,
2026-09-12,zone,Haut-Uélé,Rungu,121,https://ebola-tracker.org/reports/SITREP_MVE_121.pdf,,2,0,1,1,0,50.0,,,,,,,,,,,,,,,
2026-09-12,zone,Haut-Uélé,Wamba,121,https://ebola-tracker.org/reports/SITREP_MVE_121.pdf,,89,0,1,33,0,37.1,,,,,,,,,,,,,,,
2026-09-12,zone,Ituri,Adja,121,https://ebola-tracker.org/reports/SITREP_MVE_121.pdf,,11,0,1,1,0,9.1,,,,,,,,,,,,,,,
2026-09-12,zone,Ituri,Ariwara,121,https://ebola-tracker.org/reports/SITREP_MVE_121.pdf,,8,0,1,2,0,25.0,,,,,,,,,,,,,,,
2026-09-12,zone,Ituri,Aru,121,https://ebola-tracker.org/reports/SITREP_MVE_121.pdf,,8,0,1,6,0,75.0,,,,,,,,,,,,,,,
2026-09-12,zone,Ituri,Aungba,121,https://ebola-tracker.org/reports/SITREP_MVE_121.pdf,,12,0,1,5,0,41.7,,,,,,,,,,,,,,,
2026-09-12,zone,Ituri,Bambu,121,https://ebola-tracker.org/reports/SITREP_MVE_121.pdf,,179,0,1,39,0,21.8,,,,,,,,,,,,,,,
2026-09-12,zone,Ituri,Boga,121,https://ebola-tracker.org/reports/SITREP_MVE_121.pdf,,2,0,1,2,0,100.0,,,,,,,,,,,,,,,
2026-09-12,zone,Ituri,Bunia,121,https://ebola-tracker.org/reports/SITREP_MVE_121.pdf,,1564,14,1,495,8,31.6,,,,,,,,,,,,,,,
2026-09-12,zone,Ituri,Damas,121,https://ebola-tracker.org/reports/SITREP_MVE_121.pdf,,39,3,1,9,0,23.1,,,,,,,,,,,,,,,
2026-09-12,zone,Ituri,Drodro,121,https://ebola-tracker.org/reports/SITREP_MVE_121.pdf,,15,0,1,7,0,46.7,,,,,,,,,,,,,,,
2026-09-12,zone,Ituri,Fataki,121,https://ebola-tracker.org/reports/SITREP_MVE_121.pdf,,78,0,1,30,0,38.5,,,,,,,,,,,,,,,
2026-09-12,zone,Ituri,Gethy,121,https://ebola-tracker.org/reports/SITREP_MVE_121.pdf,,7,0,1,3,0,42.9,,,,,,,,,,,,,,,
2026-09-12,zone,Ituri,Kambala,121,https://ebola-tracker.org/reports/SITREP_MVE_121.pdf,,2,0,1,0,0,0.0,,,,,,,,,,,,,,,
2026-09-12,zone,Ituri,Kilo,121,https://ebola-tracker.org/reports/SITREP_MVE_121.pdf,,33,0,1,12,0,36.4,,,,,,,,,,,,,,,
2026-09-12,zone,Ituri,Komanda,121,https://ebola-tracker.org/reports/SITREP_MVE_121.pdf,,132,5,1,88,4,66.7,,,,,,,,,,,,,,,
2026-09-12,zone,Ituri,Lita,121,https://ebola-tracker.org/reports/SITREP_MVE_121.pdf,,259,3,1,127,2,49.0,,,,,,,,,,,,,,,
2026-09-12,zone,Ituri,Logo,121,https://ebola-tracker.org/reports/SITREP_MVE_121.pdf,,13,0,1,5,0,38.5,,,,,,,,,,,,,,,
2026-09-12,zone,Ituri,Lolwa,121,https://ebola-tracker.org/reports/SITREP_MVE_121.pdf,,31,0,1,8,0,25.8,,,,,,,,,,,,,,,
2026-09-12,zone,Ituri,Mahagi,121,https://ebola-tracker.org/reports/SITREP_MVE_121.pdf,,4,0,1,1,0,25.0,,,,,,,,,,,,,,,
2026-09-12,zone,Ituri,Mambasa,121,https://ebola-tracker.org/reports/SITREP_MVE_121.pdf,,17,0,1,7,0,41.2,,,,,,,,,,,,,,,
2026-09-12,zone,Ituri,Mandima,121,https://ebola-tracker.org/reports/SITREP_MVE_121.pdf,,47,1,1,25,1,53.2,,,,,,,,,,,,,,,
2026-09-12,zone,Ituri,Mangala,121,https://ebola-tracker.org/reports/SITREP_MVE_121.pdf,,312,2,1,146,0,46.8,,,,,,,,,,,,,,,
2026-09-12,zone,Ituri,Mongbwalu,121,https://ebola-tracker.org/reports/SITREP_MVE_121.pdf,,658,4,1,298,2,45.3,,,,,,,,,,,,,,,
2026-09-12,zone,Ituri,Nia-Nia,121,https://ebola-tracker.org/reports/SITREP_MVE_121.pdf,,237,5,1,120,3,50.6,,,,,,,,,,,,,,,
2026-09-12,zone,Ituri,Nizi,121,https://ebola-tracker.org/reports/SITREP_MVE_121.pdf,,729,0,1,273,0,37.4,,,,,,,,,,,,,,,
2026-09-12,zone,Ituri,Nyankunde,121,https://ebola-tracker.org/reports/SITREP_MVE_121.pdf,,125,0,1,36,0,28.8,,,,,,,,,,,,,,,
2026-09-12,zone,Ituri,Rimba,121,https://ebola-tracker.org/reports/SITREP_MVE_121.pdf,,11,0,1,4,0,36.4,,,,,,,,,,,,,,,
2026-09-12,zone,Ituri,Rwampara,121,https://ebola-tracker.org/reports/SITREP_MVE_121.pdf,,1013,6,1,349,0,34.5,,,,,,,,,,,,,,,
2026-09-12,zone,Ituri,Tchomia,121,https://ebola-tracker.org/reports/SITREP_MVE_121.pdf,,69,1,1,25,0,36.2,,,,,,,,,,,,,,,
2026-09-12,zone,Nord-Kivu,Beni,121,https://ebola-tracker.org/reports/SITREP_MVE_121.pdf,,222,14,1,162,6,73.0,,,,,,,,,,,,,,,
2026-09-12,zone,Nord-Kivu,Biena,121,https://ebola-tracker.org/reports/SITREP_MVE_121.pdf,,16,1,1,7,1,43.8,,,,,,,,,,,,,,,
2026-09-12,zone,Nord-Kivu,Butembo,121,https://ebola-tracker.org/reports/SITREP_MVE_121.pdf,,236,6,1,152,0,64.4,,,,,,,,,,,,,,,
2026-09-12,zone,Nord-Kivu,Goma,121,https://ebola-tracker.org/reports/SITREP_MVE_121.pdf,,1,0,1,0,0,0.0,,,,,,,,,,,,,,,
2026-09-12,zone,Nord-Kivu,Kalunguta,121,https://ebola-tracker.org/reports/SITREP_MVE_121.pdf,,30,1,1,12,0,40.0,,,,,,,,,,,,,,,
2026-09-12,zone,Nord-Kivu,Katwa,121,https://ebola-tracker.org/reports/SITREP_MVE_121.pdf,,523,10,1,332,2,63.5,,,,,,,,,,,,,,,
2026-09-12,zone,Nord-Kivu,Kayna,121,https://ebola-tracker.org/reports/SITREP_MVE_121.pdf,,1,0,1,0,0,0.0,,,,,,,,,,,,,,,
2026-09-12,zone,Nord-Kivu,Kyondo,121,https://ebola-tracker.org/reports/SITREP_MVE_121.pdf,,29,0,1,18,0,62.1,,,,,,,,,,,,,,,
2026-09-12,zone,Nord-Kivu,Lubero,121,https://ebola-tracker.org/reports/SITREP_MVE_121.pdf,,15,0,1,7,0,46.7,,,,,,,,,,,,,,,
2026-09-12,zone,Nord-Kivu,Mabalako,121,https://ebola-tracker.org/reports/SITREP_MVE_121.pdf,,19,0,1,9,0,47.4,,,,,,,,,,,,,,,
2026-09-12,zone,Nord-Kivu,Manguredjipa,121,https://ebola-tracker.org/reports/SITREP_MVE_121.pdf,,8,0,1,3,0,37.5,,,,,,,,,,,,,,,
2026-09-12,zone,Nord-Kivu,Masereka,121,https://ebola-tracker.org/reports/SITREP_MVE_121.pdf,,20,1,1,8,0,40.0,,,,,,,,,,,,,,,
2026-09-12,zone,Nord-Kivu,Musienene,121,https://ebola-tracker.org/reports/SITREP_MVE_121.pdf,,115,2,1,62,3,53.9,,,,,,,,,,,,,,,
2026-09-12,zone,Nord-Kivu,Mutwanga,121,https://ebola-tracker.org/reports/SITREP_MVE_121.pdf,,6,1,1,2,0,33.3,,,,,,,,,,,,,,,
2026-09-12,zone,Nord-Kivu,Oicha,121,https://ebola-tracker.org/reports/SITREP_MVE_121.pdf,,11,0,1,7,0,63.6,,,,,,,,,,,,,,,
2026-09-12,zone,Nord-Kivu,Vuhovi,121,https://ebola-tracker.org/reports/SITREP_MVE_121.pdf,,17,1,1,5,0,29.4,,,,,,,,,,,,,,,
2026-09-12,zone,Sud-Kivu,Miti-Murhesa,121,https://ebola-tracker.org/reports/SITREP_MVE_121.pdf,,3,0,1,1,0,33.3,,,,,,,,,,,,,,,
2026-09-12,zone,Sud-Ubangi,Bulu,121,https://ebola-tracker.org/reports/SITREP_MVE_121.pdf,,1,0,1,1,0,100.0,,,,,,,,,,,,,,,
2026-09-12,zone,Tshopo,Bafwasende,121,https://ebola-tracker.org/reports/SITREP_MVE_121.pdf,,7,2,1,1,0,14.3,,,,,,,,,,,,,,,
2026-09-12,zone,Tshopo,Kabondo,121,https://ebola-tracker.org/reports/SITREP_MVE_121.pdf,,4,0,1,1,0,25.0,,,,,,,,,,,,,,,
2026-09-12,zone,Tshopo,Lubunga,121,https://ebola-tracker.org/reports/SITREP_MVE_121.pdf,,1,0,1,0,0,0.0,,,,,,,,,,,,,,,
2026-09-12,zone,Tshopo,Makiso-Kisangani,121,https://ebola-tracker.org/reports/SITREP_MVE_121.pdf,,10,0,1,5,0,50.0,,,,,,,,,,,,,,,
2026-09-12,zone,Tshopo,Mangobo,121,https://ebola-tracker.org/reports/SITREP_MVE_121.pdf,,4,1,1,2,0,50.0,,,,,,,,,,,,,,,
2026-09-12,zone,Tshopo,Tshopo,121,https://ebola-tracker.org/reports/SITREP_MVE_121.pdf,,1,0,1,0,0,0.0,,,,,,,,,,,,,,,
2026-09-12,zone,Tshopo,Wanie-Rukula,121,https://ebola-tracker.org/reports/SITREP_MVE_121.pdf,,1,0,1,1,0,100.0,,,,,,,,,,,,,,,
2026-09-13,pays,,,122,https://ebola-tracker.org/reports/SITREP_MVE_122.pdf,,7258,58,1,3510,35,48.4,1726,23,12,1965,351,387,58,15.0,905,1205,47.0,27905,21935,78.6,
2026-09-13,province,Bas-Uélé,,122,https://ebola-tracker.org/reports/SITREP_MVE_122.pdf,,5,0,1,3,0,60.0,,0,0,21,4,,,,7,,,179,149,83.2,
2026-09-13,province,Haut-Uélé,,122,https://ebola-tracker.org/reports/SITREP_MVE_122.pdf,,281,2,1,115,0,40.9,,0,0,20,12,9,2,22.2,69,134,51.5,1287,845,65.7,
2026-09-13,province,Ituri,,122,https://ebola-tracker.org/reports/SITREP_MVE_122.pdf,,5659,44,1,2583,24,45.6,,18,6,802,153,211,44,20.9,472,1015,46.5,14346,12561,87.6,
2026-09-13,province,Nord-Kivu,,122,https://ebola-tracker.org/reports/SITREP_MVE_122.pdf,,1281,12,1,797,11,62.2,,5,6,924,170,164,12,7.3,332,,145.6,11774,8146,69.2,
2026-09-13,province,Sud-Kivu,,122,https://ebola-tracker.org/reports/SITREP_MVE_122.pdf,,3,0,1,1,0,33.3,,0,0,5,0,,,,17,25,68.0,,,,
2026-09-13,province,Sud-Ubangi,,122,https://ebola-tracker.org/reports/SITREP_MVE_122.pdf,,1,0,1,1,0,100.0,,0,0,3,3,,,,,,,39,16,41.0,
2026-09-13,province,Tshopo,,122,https://ebola-tracker.org/reports/SITREP_MVE_122.pdf,,28,0,1,10,0,35.7,,0,0,190,9,3,0,0.0,8,31,25.8,280,218,77.9,2307
2026-09-13,zone,Bas-Uélé,Buta,122,https://ebola-tracker.org/reports/SITREP_MVE_122.pdf,,1,0,1,1,0,100.0,,,,,,,,,,,,,,,
2026-09-13,zone,Bas-Uélé,Ganga,122,https://ebola-tracker.org/reports/SITREP_MVE_122.pdf,,3,0,1,2,0,66.7,,,,,,,,,,,,,,,
2026-09-13,zone,Bas-Uélé,Viadana,122,https://ebola-tracker.org/reports/SITREP_MVE_122.pdf,,1,0,1,0,0,0.0,,,,,,,,,,,,,,,
2026-09-13,zone,Haut-Uélé,Boma-Mangbetu,122,https://ebola-tracker.org/reports/SITREP_MVE_122.pdf,,32,0,1,14,0,43.8,,,,,,,,,,,,,,,
2026-09-13,zone,Haut-Uélé,Gombari,122,https://ebola-tracker.org/reports/SITREP_MVE_122.pdf,,3,0,1,1,0,33.3,,,,,,,,,,,,,,,
2026-09-13,zone,Haut-Uélé,Isiro,122,https://ebola-tracker.org/reports/SITREP_MVE_122.pdf,,97,1,1,41,0,42.3,,,,,,,,,,,,,,,
2026-09-13,zone,Haut-Uélé,Pawa,122,https://ebola-tracker.org/reports/SITREP_MVE_122.pdf,,58,1,1,25,0,43.1,,,,,,,,,,,,,,,
2026-09-13,zone,Haut-Uélé,Rungu,122,https://ebola-tracker.org/reports/SITREP_MVE_122.pdf,,2,0,1,1,0,50.0,,,,,,,,,,,,,,,
2026-09-13,zone,Haut-Uélé,Wamba,122,https://ebola-tracker.org/reports/SITREP_MVE_122.pdf,,89,0,1,33,0,37.1,,,,,,,,,,,,,,,
2026-09-13,zone,Ituri,Adja,122,https://ebola-tracker.org/reports/SITREP_MVE_122.pdf,,11,0,1,1,0,9.1,,,,,,,,,,,,,,,
2026-09-13,zone,Ituri,Ariwara,122,https://ebola-tracker.org/reports/SITREP_MVE_122.pdf,,8,0,1,2,0,25.0,,,,,,,,,,,,,,,
2026-09-13,zone,Ituri,Aru,122,https://ebola-tracker.org/reports/SITREP_MVE_122.pdf,,8,0,1,6,0,75.0,,,,,,,,,,,,,,,
2026-09-13,zone,Ituri,Aungba,122,https://ebola-tracker.org/reports/SITREP_MVE_122.pdf,,12,0,1,5,0,41.7,,,,,,,,,,,,,,,
2026-09-13,zone,Ituri,Bambu,122,https://ebola-tracker.org/reports/SITREP_MVE_122.pdf,,179,0,1,39,0,21.8,,,,,,,,,,,,,,,
2026-09-13,zone,Ituri,Boga,122,https://ebola-tracker.org/reports/SITREP_MVE_122.pdf,,2,0,1,2,0,100.0,,,,,,,,,,,,,,,
2026-09-13,zone,Ituri,Bunia,122,https://ebola-tracker.org/reports/SITREP_MVE_122.pdf,,1583,19,1,505,10,31.9,,,,,,,,,,,,,,,
2026-09-13,zone,Ituri,Damas,122,https://ebola-tracker.org/reports/SITREP_MVE_122.pdf,,39,0,1,9,0,23.1,,,,,,,,,,,,,,,
2026-09-13,zone,Ituri,Drodro,122,https://ebola-tracker.org/reports/SITREP_MVE_122.pdf,,15,0,1,7,0,46.7,,,,,,,,,,,,,,,
2026-09-13,zone,Ituri,Fataki,122,https://ebola-tracker.org/reports/SITREP_MVE_122.pdf,,78,0,1,30,0,38.5,,,,,,,,,,,,,,,
2026-09-13,zone,Ituri,Gethy,122,https://ebola-tracker.org/reports/SITREP_MVE_122.pdf,,7,0,1,3,0,42.9,,,,,,,,,,,,,,,
2026-09-13,zone,Ituri,Kambala,122,https://ebola-tracker.org/reports/SITREP_MVE_122.pdf,,2,0,1,0,0,0.0,,,,,,,,,,,,,,,
2026-09-13,zone,Ituri,Kilo,122,https://ebola-tracker.org/reports/SITREP_MVE_122.pdf,,33,0,1,12,0,36.4,,,,,,,,,,,,,,,
2026-09-13,zone,Ituri,Komanda,122,https://ebola-tracker.org/reports/SITREP_MVE_122.pdf,,135,3,1,88,0,65.2,,,,,,,,,,,,,,,
2026-09-13,zone,Ituri,Lita,122,https://ebola-tracker.org/reports/SITREP_MVE_122.pdf,,262,3,1,130,3,49.6,,,,,,,,,,,,,,,
2026-09-13,zone,Ituri,Logo,122,https://ebola-tracker.org/reports/SITREP_MVE_122.pdf,,13,0,1,5,0,38.5,,,,,,,,,,,,,,,
2026-09-13,zone,Ituri,Lolwa,122,https://ebola-tracker.org/reports/SITREP_MVE_122.pdf,,31,0,1,8,0,25.8,,,,,,,,,,,,,,,
2026-09-13,zone,Ituri,Mahagi,122,https://ebola-tracker.org/reports/SITREP_MVE_122.pdf,,4,0,1,1,0,25.0,,,,,,,,,,,,,,,
2026-09-13,zone,Ituri,Mambasa,122,https://ebola-tracker.org/reports/SITREP_MVE_122.pdf,,17,0,1,7,0,41.2,,,,,,,,,,,,,,,
2026-09-13,zone,Ituri,Mandima,122,https://ebola-tracker.org/reports/SITREP_MVE_122.pdf,,47,0,1,25,0,53.2,,,,,,,,,,,,,,,
2026-09-13,zone,Ituri,Mangala,122,https://ebola-tracker.org/reports/SITREP_MVE_122.pdf,,313,1,1,146,0,46.6,,,,,,,,,,,,,,,
2026-09-13,zone,Ituri,Mongbwalu,122,https://ebola-tracker.org/reports/SITREP_MVE_122.pdf,,663,5,1,303,5,45.7,,,,,,,,,,,,,,,
2026-09-13,zone,Ituri,Nia-Nia,122,https://ebola-tracker.org/reports/SITREP_MVE_122.pdf,,239,2,1,120,0,50.2,,,,,,,,,,,,,,,
2026-09-13,zone,Ituri,Nizi,122,https://ebola-tracker.org/reports/SITREP_MVE_122.pdf,,732,3,1,273,0,37.3,,,,,,,,,,,,,,,
2026-09-13,zone,Ituri,Nyankunde,122,https://ebola-tracker.org/reports/SITREP_MVE_122.pdf,,125,0,1,36,0,28.8,,,,,,,,,,,,,,,
2026-09-13,zone,Ituri,Rimba,122,https://ebola-tracker.org/reports/SITREP_MVE_122.pdf,,11,0,1,4,0,36.4,,,,,,,,,,,,,,,
2026-09-13,zone,Ituri,Rwampara,122,https://ebola-tracker.org/reports/SITREP_MVE_122.pdf,,1019,6,1,349,0,34.2,,,,,,,,,,,,,,,
2026-09-13,zone,Ituri,Tchomia,122,https://ebola-tracker.org/reports/SITREP_MVE_122.pdf,,71,2,1,25,0,35.2,,,,,,,,,,,,,,,
2026-09-13,zone,Nord-Kivu,Beni,122,https://ebola-tracker.org/reports/SITREP_MVE_122.pdf,,228,6,1,166,4,72.8,,,,,,,,,,,,,,,
2026-09-13,zone,Nord-Kivu,Biena,122,https://ebola-tracker.org/reports/SITREP_MVE_122.pdf,,17,1,1,7,0,41.2,,,,,,,,,,,,,,,
2026-09-13,zone,Nord-Kivu,Butembo,122,https://ebola-tracker.org/reports/SITREP_MVE_122.pdf,,239,3,1,157,5,65.7,,,,,,,,,,,,,,,
2026-09-13,zone,Nord-Kivu,Goma,122,https://ebola-tracker.org/reports/SITREP_MVE_122.pdf,,1,0,1,0,0,0.0,,,,,,,,,,,,,,,
2026-09-13,zone,Nord-Kivu,Kalunguta,122,https://ebola-tracker.org/reports/SITREP_MVE_122.pdf,,30,0,1,12,0,40.0,,,,,,,,,,,,,,,
2026-09-13,zone,Nord-Kivu,Katwa,122,https://ebola-tracker.org/reports/SITREP_MVE_122.pdf,,523,0,1,332,0,63.5,,,,,,,,,,,,,,,
2026-09-13,zone,Nord-Kivu,Kayna,122,https://ebola-tracker.org/reports/SITREP_MVE_122.pdf,,1,0,1,0,0,0.0,,,,,,,,,,,,,,,
2026-09-13,zone,Nord-Kivu,Kyondo,122,https://ebola-tracker.org/reports/SITREP_MVE_122.pdf,,30,1,1,19,1,63.3,,,,,,,,,,,,,,,
2026-09-13,zone,Nord-Kivu,Lubero,122,https://ebola-tracker.org/reports/SITREP_MVE_122.pdf,,15,0,1,7,0,46.7,,,,,,,,,,,,,,,
2026-09-13,zone,Nord-Kivu,Mabalako,122,https://ebola-tracker.org/reports/SITREP_MVE_122.pdf,,19,0,1,9,0,47.4,,,,,,,,,,,,,,,
2026-09-13,zone,Nord-Kivu,Manguredjipa,122,https://ebola-tracker.org/reports/SITREP_MVE_122.pdf,,8,0,1,3,0,37.5,,,,,,,,,,,,,,,
2026-09-13,zone,Nord-Kivu,Masereka,122,https://ebola-tracker.org/reports/SITREP_MVE_122.pdf,,20,0,1,8,0,40.0,,,,,,,,,,,,,,,
2026-09-13,zone,Nord-Kivu,Musienene,122,https://ebola-tracker.org/reports/SITREP_MVE_122.pdf,,116,1,1,63,1,54.3,,,,,,,,,,,,,,,
2026-09-13,zone,Nord-Kivu,Mutwanga,122,https://ebola-tracker.org/reports/SITREP_MVE_122.pdf,,6,0,1,2,0,33.3,,,,,,,,,,,,,,,
2026-09-13,zone,Nord-Kivu,Oicha,122,https://ebola-tracker.org/reports/SITREP_MVE_122.pdf,,11,0,1,7,0,63.6,,,,,,,,,,,,,,,
2026-09-13,zone,Nord-Kivu,Vuhovi,122,https://ebola-tracker.org/reports/SITREP_MVE_122.pdf,,17,0,1,5,0,29.4,,,,,,,,,,,,,,,
2026-09-13,zone,Sud-Kivu,Miti-Murhesa,122,https://ebola-tracker.org/reports/SITREP_MVE_122.pdf,,3,0,1,1,0,33.3,,,,,,,,,,,,,,,
2026-09-13,zone,Sud-Ubangi,Bulu,122,https://ebola-tracker.org/reports/SITREP_MVE_122.pdf,,1,0,1,1,0,100.0,,,,,,,,,,,,,,,
2026-09-13,zone,Tshopo,Bafwasende,122,https://ebola-tracker.org/reports/SITREP_MVE_122.pdf,,7,0,1,1,0,14.3,,,,,,,,,,,,,,,
2026-09-13,zone,Tshopo,Kabondo,122,https://ebola-tracker.org/reports/SITREP_MVE_122.pdf,,4,0,1,1,0,25.0,,,,,,,,,,,,,,,
2026-09-13,zone,Tshopo,Lubunga,122,https://ebola-tracker.org/reports/SITREP_MVE_122.pdf,,1,0,1,0,0,0.0,,,,,,,,,,,,,,,
2026-09-13,zone,Tshopo,Makiso-Kisangani,122,https://ebola-tracker.org/reports/SITREP_MVE_122.pdf,,10,0,1,5,0,50.0,,,,,,,,,,,,,,,
2026-09-13,zone,Tshopo,Mangobo,122,https://ebola-tracker.org/reports/SITREP_MVE_122.pdf,,4,0,1,2,0,50.0,,,,,,,,,,,,,,,
2026-09-13,zone,Tshopo,Tshopo,122,https://ebola-tracker.org/reports/SITREP_MVE_122.pdf,,1,0,1,0,0,0.0,,,,,,,,,,,,,,,
2026-09-13,zone,Tshopo,Wanie-Rukula,122,https://ebola-tracker.org/reports/SITREP_MVE_122.pdf,,1,0,1,1,0,100.0,,,,,,,,,,,,,,,
2026-09-14,pays,,,123,https://ebola-tracker.org/reports/SITREP_MVE_123.pdf,,7345,87,1,3545,35,48.3,1753,26,9,2022,413,409,87,21.3,938,1207,48.3,35158,31389,89.3,
2026-09-14,province,Bas-Uélé,,123,https://ebola-tracker.org/reports/SITREP_MVE_123.pdf,,5,0,1,3,0,60.0,,0,0,35,2,5,0,0.0,7,,,186,146,78.5,
2026-09-14,province,Haut-Uélé,,123,https://ebola-tracker.org/reports/SITREP_MVE_123.pdf,,290,9,1,118,3,40.7,,1,2,19,12,45,9,20.0,76,136,55.9,1233,1025,83.1,
2026-09-14,province,Ituri,,123,https://ebola-tracker.org/reports/SITREP_MVE_123.pdf,,5716,57,1,2604,21,45.6,,17,4,799,196,203,57,28.1,485,1015,47.8,20930,19126,91.4,
2026-09-14,province,Nord-Kivu,,123,https://ebola-tracker.org/reports/SITREP_MVE_123.pdf,,1302,21,1,808,11,62.1,,8,3,1081,194,151,21,13.9,348,,152.6,12490,10854,86.9,
2026-09-14,province,Sud-Kivu,,123,https://ebola-tracker.org/reports/SITREP_MVE_123.pdf,,3,0,1,1,0,33.3,,0,0,6,2,,,,16,25,64.0,,,,
2026-09-14,province,Sud-Ubangi,,123,https://ebola-tracker.org/reports/SITREP_MVE_123.pdf,,1,0,1,1,0,100.0,,0,0,0,0,,,,,,,39,16,41.0,
2026-09-14,province,Tshopo,,123,https://ebola-tracker.org/reports/SITREP_MVE_123.pdf,,28,0,1,10,0,35.7,,0,0,82,7,5,0,0.0,6,31,19.4,280,222,79.3,2460
2026-09-14,zone,Bas-Uélé,Buta,123,https://ebola-tracker.org/reports/SITREP_MVE_123.pdf,,1,0,1,1,0,100.0,,,,,,,,,,,,,,,
2026-09-14,zone,Bas-Uélé,Ganga,123,https://ebola-tracker.org/reports/SITREP_MVE_123.pdf,,3,0,1,2,0,66.7,,,,,,,,,,,,,,,
2026-09-14,zone,Bas-Uélé,Viadana,123,https://ebola-tracker.org/reports/SITREP_MVE_123.pdf,,1,0,1,0,0,0.0,,,,,,,,,,,,,,,
2026-09-14,zone,Haut-Uélé,Boma-Mangbetu,123,https://ebola-tracker.org/reports/SITREP_MVE_123.pdf,,34,2,1,15,1,44.1,,,,,,,,,,,,,,,
2026-09-14,zone,Haut-Uélé,Gombari,123,https://ebola-tracker.org/reports/SITREP_MVE_123.pdf,,3,0,1,1,0,33.3,,,,,,,,,,,,,,,
2026-09-14,zone,Haut-Uélé,Isiro,123,https://ebola-tracker.org/reports/SITREP_MVE_123.pdf,,98,1,1,42,1,42.9,,,,,,,,,,,,,,,
2026-09-14,zone,Haut-Uélé,Pawa,123,https://ebola-tracker.org/reports/SITREP_MVE_123.pdf,,61,3,1,26,1,42.6,,,,,,,,,,,,,,,
2026-09-14,zone,Haut-Uélé,Rungu,123,https://ebola-tracker.org/reports/SITREP_MVE_123.pdf,,2,0,1,1,0,50.0,,,,,,,,,,,,,,,
2026-09-14,zone,Haut-Uélé,Wamba,123,https://ebola-tracker.org/reports/SITREP_MVE_123.pdf,,92,3,1,33,0,35.9,,,,,,,,,,,,,,,
2026-09-14,zone,Ituri,Adja,123,https://ebola-tracker.org/reports/SITREP_MVE_123.pdf,,11,0,1,1,0,9.1,,,,,,,,,,,,,,,
2026-09-14,zone,Ituri,Ariwara,123,https://ebola-tracker.org/reports/SITREP_MVE_123.pdf,,8,0,1,2,0,25.0,,,,,,,,,,,,,,,
2026-09-14,zone,Ituri,Aru,123,https://ebola-tracker.org/reports/SITREP_MVE_123.pdf,,8,0,1,6,0,75.0,,,,,,,,,,,,,,,
2026-09-14,zone,Ituri,Aungba,123,https://ebola-tracker.org/reports/SITREP_MVE_123.pdf,,12,0,1,5,0,41.7,,,,,,,,,,,,,,,
2026-09-14,zone,Ituri,Bambu,123,https://ebola-tracker.org/reports/SITREP_MVE_123.pdf,,179,0,1,39,0,21.8,,,,,,,,,,,,,,,
2026-09-14,zone,Ituri,Boga,123,https://ebola-tracker.org/reports/SITREP_MVE_123.pdf,,2,0,1,2,0,100.0,,,,,,,,,,,,,,,
2026-09-14,zone,Ituri,Bunia,123,https://ebola-tracker.org/reports/SITREP_MVE_123.pdf,,1603,20,1,508,3,31.7,,,,,,,,,,,,,,,
2026-09-14,zone,Ituri,Damas,123,https://ebola-tracker.org/reports/SITREP_MVE_123.pdf,,39,0,1,9,0,23.1,,,,,,,,,,,,,,,
2026-09-14,zone,Ituri,Drodro,123,https://ebola-tracker.org/reports/SITREP_MVE_123.pdf,,15,0,1,7,0,46.7,,,,,,,,,,,,,,,
2026-09-14,zone,Ituri,Fataki,123,https://ebola-tracker.org/reports/SITREP_MVE_123.pdf,,78,0,1,30,0,38.5,,,,,,,,,,,,,,,
2026-09-14,zone,Ituri,Gethy,123,https://ebola-tracker.org/reports/SITREP_MVE_123.pdf,,7,0,1,3,0,42.9,,,,,,,,,,,,,,,
2026-09-14,zone,Ituri,Kambala,123,https://ebola-tracker.org/reports/SITREP_MVE_123.pdf,,2,0,1,0,0,0.0,,,,,,,,,,,,,,,
2026-09-14,zone,Ituri,Kilo,123,https://ebola-tracker.org/reports/SITREP_MVE_123.pdf,,33,0,1,12,0,36.4,,,,,,,,,,,,,,,
2026-09-14,zone,Ituri,Komanda,123,https://ebola-tracker.org/reports/SITREP_MVE_123.pdf,,136,1,1,88,0,64.7,,,,,,,,,,,,,,,
2026-09-14,zone,Ituri,Lita,123,https://ebola-tracker.org/reports/SITREP_MVE_123.pdf,,264,2,1,130,0,49.2,,,,,,,,,,,,,,,
2026-09-14,zone,Ituri,Logo,123,https://ebola-tracker.org/reports/SITREP_MVE_123.pdf,,13,0,1,5,0,38.5,,,,,,,,,,,,,,,
2026-09-14,zone,Ituri,Lolwa,123,https://ebola-tracker.org/reports/SITREP_MVE_123.pdf,,31,0,1,8,0,25.8,,,,,,,,,,,,,,,
2026-09-14,zone,Ituri,Mahagi,123,https://ebola-tracker.org/reports/SITREP_MVE_123.pdf,,4,0,1,1,0,25.0,,,,,,,,,,,,,,,
2026-09-14,zone,Ituri,Mambasa,123,https://ebola-tracker.org/reports/SITREP_MVE_123.pdf,,17,0,1,7,0,41.2,,,,,,,,,,,,,,,
2026-09-14,zone,Ituri,Mandima,123,https://ebola-tracker.org/reports/SITREP_MVE_123.pdf,,56,9,1,31,6,55.4,,,,,,,,,,,,,,,
2026-09-14,zone,Ituri,Mangala,123,https://ebola-tracker.org/reports/SITREP_MVE_123.pdf,,315,2,1,146,0,46.3,,,,,,,,,,,,,,,
2026-09-14,zone,Ituri,Mongbwalu,123,https://ebola-tracker.org/reports/SITREP_MVE_123.pdf,,666,3,1,305,2,45.8,,,,,,,,,,,,,,,
2026-09-14,zone,Ituri,Nia-Nia,123,https://ebola-tracker.org/reports/SITREP_MVE_123.pdf,,245,6,1,126,6,51.4,,,,,,,,,,,,,,,
2026-09-14,zone,Ituri,Nizi,123,https://ebola-tracker.org/reports/SITREP_MVE_123.pdf,,737,5,1,273,0,37.0,,,,,,,,,,,,,,,
2026-09-14,zone,Ituri,Nyankunde,123,https://ebola-tracker.org/reports/SITREP_MVE_123.pdf,,125,0,1,36,0,28.8,,,,,,,,,,,,,,,
2026-09-14,zone,Ituri,Rimba,123,https://ebola-tracker.org/reports/SITREP_MVE_123.pdf,,11,0,1,4,0,36.4,,,,,,,,,,,,,,,
2026-09-14,zone,Ituri,Rwampara,123,https://ebola-tracker.org/reports/SITREP_MVE_123.pdf,,1026,7,1,349,0,34.0,,,,,,,,,,,,,,,
2026-09-14,zone,Ituri,Tchomia,123,https://ebola-tracker.org/reports/SITREP_MVE_123.pdf,,73,2,1,25,0,34.2,,,,,,,,,,,,,,,
2026-09-14,zone,Nord-Kivu,Beni,123,https://ebola-tracker.org/reports/SITREP_MVE_123.pdf,,231,3,1,170,4,73.6,,,,,,,,,,,,,,,
2026-09-14,zone,Nord-Kivu,Biena,123,https://ebola-tracker.org/reports/SITREP_MVE_123.pdf,,18,1,1,7,0,38.9,,,,,,,,,,,,,,,
2026-09-14,zone,Nord-Kivu,Butembo,123,https://ebola-tracker.org/reports/SITREP_MVE_123.pdf,,240,1,1,157,0,65.4,,,,,,,,,,,,,,,
2026-09-14,zone,Nord-Kivu,Goma,123,https://ebola-tracker.org/reports/SITREP_MVE_123.pdf,,1,0,1,0,0,0.0,,,,,,,,,,,,,,,
2026-09-14,zone,Nord-Kivu,Kalunguta,123,https://ebola-tracker.org/reports/SITREP_MVE_123.pdf,,32,2,1,12,0,37.5,,,,,,,,,,,,,,,
2026-09-14,zone,Nord-Kivu,Katwa,123,https://ebola-tracker.org/reports/SITREP_MVE_123.pdf,,533,10,1,337,5,63.2,,,,,,,,,,,,,,,
2026-09-14,zone,Nord-Kivu,Kayna,123,https://ebola-tracker.org/reports/SITREP_MVE_123.pdf,,1,0,1,0,0,0.0,,,,,,,,,,,,,,,
2026-09-14,zone,Nord-Kivu,Kyondo,123,https://ebola-tracker.org/reports/SITREP_MVE_123.pdf,,30,0,1,19,0,63.3,,,,,,,,,,,,,,,
2026-09-14,zone,Nord-Kivu,Lubero,123,https://ebola-tracker.org/reports/SITREP_MVE_123.pdf,,15,0,1,7,0,46.7,,,,,,,,,,,,,,,
2026-09-14,zone,Nord-Kivu,Mabalako,123,https://ebola-tracker.org/reports/SITREP_MVE_123.pdf,,19,0,1,9,0,47.4,,,,,,,,,,,,,,,
2026-09-14,zone,Nord-Kivu,Manguredjipa,123,https://ebola-tracker.org/reports/SITREP_MVE_123.pdf,,9,1,1,3,0,33.3,,,,,,,,,,,,,,,
2026-09-14,zone,Nord-Kivu,Masereka,123,https://ebola-tracker.org/reports/SITREP_MVE_123.pdf,,21,1,1,9,1,42.9,,,,,,,,,,,,,,,
2026-09-14,zone,Nord-Kivu,Musienene,123,https://ebola-tracker.org/reports/SITREP_MVE_123.pdf,,117,1,1,64,1,54.7,,,,,,,,,,,,,,,
2026-09-14,zone,Nord-Kivu,Mutwanga,123,https://ebola-tracker.org/reports/SITREP_MVE_123.pdf,,6,0,1,2,0,33.3,,,,,,,,,,,,,,,
2026-09-14,zone,Nord-Kivu,Oicha,123,https://ebola-tracker.org/reports/SITREP_MVE_123.pdf,,11,0,1,7,0,63.6,,,,,,,,,,,,,,,
2026-09-14,zone,Nord-Kivu,Vuhovi,123,https://ebola-tracker.org/reports/SITREP_MVE_123.pdf,,18,1,1,5,0,27.8,,,,,,,,,,,,,,,
2026-09-14,zone,Sud-Kivu,Miti-Murhesa,123,https://ebola-tracker.org/reports/SITREP_MVE_123.pdf,,3,0,1,1,0,33.3,,,,,,,,,,,,,,,
2026-09-14,zone,Sud-Ubangi,Bulu,123,https://ebola-tracker.org/reports/SITREP_MVE_123.pdf,,1,0,1,1,0,100.0,,,,,,,,,,,,,,,
2026-09-14,zone,Tshopo,Bafwasende,123,https://ebola-tracker.org/reports/SITREP_MVE_123.pdf,,7,0,1,1,0,14.3,,,,,,,,,,,,,,,
2026-09-14,zone,Tshopo,Kabondo,123,https://ebola-tracker.org/reports/SITREP_MVE_123.pdf,,4,0,1,1,0,25.0,,,,,,,,,,,,,,,
2026-09-14,zone,Tshopo,Lubunga,123,https://ebola-tracker.org/reports/SITREP_MVE_123.pdf,,1,0,1,0,0,0.0,,,,,,,,,,,,,,,
2026-09-14,zone,Tshopo,Makiso-Kisangani,123,https://ebola-tracker.org/reports/SITREP_MVE_123.pdf,,10,0,1,5,0,50.0,,,,,,,,,,,,,,,
2026-09-14,zone,Tshopo,Mangobo,123,https://ebola-tracker.org/reports/SITREP_MVE_123.pdf,,4,0,1,2,0,50.0,,,,,,,,,,,,,,,
2026-09-14,zone,Tshopo,Tshopo,123,https://ebola-tracker.org/reports/SITREP_MVE_123.pdf,,1,0,1,0,0,0.0,,,,,,,,,,,,,,,
2026-09-14,zone,Tshopo,Wanie-Rukula,123,https://ebola-tracker.org/reports/SITREP_MVE_123.pdf,,1,0,1,1,0,100.0,,,,,,,,,,,,,,,
2026-09-15,pays,,,124,https://ebola-tracker.org/reports/SITREP_MVE_124.pdf,,7404,59,1,3577,32,48.3,1776,16,16,2590,423,362,59,16.3,930,1435,64.0,32094,28065,87.4,
2026-09-15,province,Bas-Uélé,,124,https://ebola-tracker.org/reports/SITREP_MVE_124.pdf,,7,2,1,4,1,57.1,,1,0,37,14,6,2,33.3,11,,,249,169,67.9,
2026-09-15,province,Haut-Uélé,,124,https://ebola-tracker.org/reports/SITREP_MVE_124.pdf,,290,0,1,118,0,40.7,,0,0,26,11,13,0,0.0,63,136,46.3,550,446,81.1,
2026-09-15,province,Ituri,,124,https://ebola-tracker.org/reports/SITREP_MVE_124.pdf,,5751,35,1,2622,18,45.6,,8,10,1176,202,177,35,19.8,461,1015,45.4,17576,16066,91.4,
2026-09-15,province,Nord-Kivu,,124,https://ebola-tracker.org/reports/SITREP_MVE_124.pdf,,1323,21,1,821,13,62.1,,7,6,1181,187,160,21,13.1,373,228,163.6,13386,11146,83.3,
2026-09-15,province,Sud-Kivu,,124,https://ebola-tracker.org/reports/SITREP_MVE_124.pdf,,3,0,1,1,0,33.3,,0,0,12,0,,,,16,25,64.0,,,,
2026-09-15,province,Sud-Ubangi,,124,https://ebola-tracker.org/reports/SITREP_MVE_124.pdf,,1,0,1,1,0,100.0,,0,0,3,3,,,,,,,39,16,41.0,
2026-09-15,province,Tshopo,,124,https://ebola-tracker.org/reports/SITREP_MVE_124.pdf,,29,1,1,10,0,34.5,,0,0,155,6,6,1,16.7,6,31,19.4,294,222,75.5,2544
2026-09-15,zone,Bas-Uélé,Buta,124,https://ebola-tracker.org/reports/SITREP_MVE_124.pdf,,1,0,1,1,0,100.0,,,,,,,,,,,,,,,
2026-09-15,zone,Bas-Uélé,Ganga,124,https://ebola-tracker.org/reports/SITREP_MVE_124.pdf,,3,0,1,2,0,66.7,,,,,,,,,,,,,,,
2026-09-15,zone,Bas-Uélé,Viadana,124,https://ebola-tracker.org/reports/SITREP_MVE_124.pdf,,3,2,1,1,1,33.3,,,,,,,,,,,,,,,
2026-09-15,zone,Haut-Uélé,Boma-Mangbetu,124,https://ebola-tracker.org/reports/SITREP_MVE_124.pdf,,34,0,1,15,0,44.1,,,,,,,,,,,,,,,
2026-09-15,zone,Haut-Uélé,Gombari,124,https://ebola-tracker.org/reports/SITREP_MVE_124.pdf,,3,0,1,1,0,33.3,,,,,,,,,,,,,,,
2026-09-15,zone,Haut-Uélé,Isiro,124,https://ebola-tracker.org/reports/SITREP_MVE_124.pdf,,98,0,1,42,0,42.9,,,,,,,,,,,,,,,
2026-09-15,zone,Haut-Uélé,Pawa,124,https://ebola-tracker.org/reports/SITREP_MVE_124.pdf,,61,0,1,26,0,42.6,,,,,,,,,,,,,,,
2026-09-15,zone,Haut-Uélé,Rungu,124,https://ebola-tracker.org/reports/SITREP_MVE_124.pdf,,2,0,1,1,0,50.0,,,,,,,,,,,,,,,
2026-09-15,zone,Haut-Uélé,Wamba,124,https://ebola-tracker.org/reports/SITREP_MVE_124.pdf,,92,0,1,33,0,35.9,,,,,,,,,,,,,,,
2026-09-15,zone,Ituri,Adja,124,https://ebola-tracker.org/reports/SITREP_MVE_124.pdf,,11,0,1,1,0,9.1,,,,,,,,,,,,,,,
2026-09-15,zone,Ituri,Ariwara,124,https://ebola-tracker.org/reports/SITREP_MVE_124.pdf,,8,0,1,2,0,25.0,,,,,,,,,,,,,,,
2026-09-15,zone,Ituri,Aru,124,https://ebola-tracker.org/reports/SITREP_MVE_124.pdf,,8,0,1,6,0,75.0,,,,,,,,,,,,,,,
2026-09-15,zone,Ituri,Aungba,124,https://ebola-tracker.org/reports/SITREP_MVE_124.pdf,,12,0,1,5,0,41.7,,,,,,,,,,,,,,,
2026-09-15,zone,Ituri,Bambu,124,https://ebola-tracker.org/reports/SITREP_MVE_124.pdf,,179,0,1,39,0,21.8,,,,,,,,,,,,,,,
2026-09-15,zone,Ituri,Boga,124,https://ebola-tracker.org/reports/SITREP_MVE_124.pdf,,2,0,1,2,0,100.0,,,,,,,,,,,,,,,
2026-09-15,zone,Ituri,Bunia,124,https://ebola-tracker.org/reports/SITREP_MVE_124.pdf,,1611,8,1,510,2,31.7,,,,,,,,,,,,,,,
2026-09-15,zone,Ituri,Damas,124,https://ebola-tracker.org/reports/SITREP_MVE_124.pdf,,40,1,1,9,0,22.5,,,,,,,,,,,,,,,
2026-09-15,zone,Ituri,Drodro,124,https://ebola-tracker.org/reports/SITREP_MVE_124.pdf,,15,0,1,7,0,46.7,,,,,,,,,,,,,,,
2026-09-15,zone,Ituri,Fataki,124,https://ebola-tracker.org/reports/SITREP_MVE_124.pdf,,79,1,1,30,0,38.0,,,,,,,,,,,,,,,
2026-09-15,zone,Ituri,Gethy,124,https://ebola-tracker.org/reports/SITREP_MVE_124.pdf,,7,0,1,3,0,42.9,,,,,,,,,,,,,,,
2026-09-15,zone,Ituri,Kambala,124,https://ebola-tracker.org/reports/SITREP_MVE_124.pdf,,2,0,1,0,0,0.0,,,,,,,,,,,,,,,
2026-09-15,zone,Ituri,Kilo,124,https://ebola-tracker.org/reports/SITREP_MVE_124.pdf,,33,0,1,12,0,36.4,,,,,,,,,,,,,,,
2026-09-15,zone,Ituri,Komanda,124,https://ebola-tracker.org/reports/SITREP_MVE_124.pdf,,136,0,1,88,0,64.7,,,,,,,,,,,,,,,
2026-09-15,zone,Ituri,Lita,124,https://ebola-tracker.org/reports/SITREP_MVE_124.pdf,,264,0,1,130,0,49.2,,,,,,,,,,,,,,,
2026-09-15,zone,Ituri,Logo,124,https://ebola-tracker.org/reports/SITREP_MVE_124.pdf,,13,0,1,5,0,38.5,,,,,,,,,,,,,,,
2026-09-15,zone,Ituri,Lolwa,124,https://ebola-tracker.org/reports/SITREP_MVE_124.pdf,,31,0,1,8,0,25.8,,,,,,,,,,,,,,,
2026-09-15,zone,Ituri,Mahagi,124,https://ebola-tracker.org/reports/SITREP_MVE_124.pdf,,4,0,1,1,0,25.0,,,,,,,,,,,,,,,
2026-09-15,zone,Ituri,Mambasa,124,https://ebola-tracker.org/reports/SITREP_MVE_124.pdf,,17,0,1,7,0,41.2,,,,,,,,,,,,,,,
2026-09-15,zone,Ituri,Mandima,124,https://ebola-tracker.org/reports/SITREP_MVE_124.pdf,,57,1,1,32,1,56.1,,,,,,,,,,,,,,,
2026-09-15,zone,Ituri,Mangala,124,https://ebola-tracker.org/reports/SITREP_MVE_124.pdf,,322,7,1,146,0,45.3,,,,,,,,,,,,,,,
2026-09-15,zone,Ituri,Mongbwalu,124,https://ebola-tracker.org/reports/SITREP_MVE_124.pdf,,670,4,1,307,2,45.8,,,,,,,,,,,,,,,
2026-09-15,zone,Ituri,Nia-Nia,124,https://ebola-tracker.org/reports/SITREP_MVE_124.pdf,,248,3,1,128,2,51.6,,,,,,,,,,,,,,,
2026-09-15,zone,Ituri,Nizi,124,https://ebola-tracker.org/reports/SITREP_MVE_124.pdf,,742,5,1,273,0,36.8,,,,,,,,,,,,,,,
2026-09-15,zone,Ituri,Nyankunde,124,https://ebola-tracker.org/reports/SITREP_MVE_124.pdf,,125,0,1,36,0,28.8,,,,,,,,,,,,,,,
2026-09-15,zone,Ituri,Rimba,124,https://ebola-tracker.org/reports/SITREP_MVE_124.pdf,,11,0,1,4,0,36.4,,,,,,,,,,,,,,,
2026-09-15,zone,Ituri,Rwampara,124,https://ebola-tracker.org/reports/SITREP_MVE_124.pdf,,1029,3,1,350,1,34.0,,,,,,,,,,,,,,,
2026-09-15,zone,Ituri,Tchomia,124,https://ebola-tracker.org/reports/SITREP_MVE_124.pdf,,75,2,1,25,0,33.3,,,,,,,,,,,,,,,
2026-09-15,zone,Nord-Kivu,Beni,124,https://ebola-tracker.org/reports/SITREP_MVE_124.pdf,,241,10,1,178,8,73.9,,,,,,,,,,,,,,,
2026-09-15,zone,Nord-Kivu,Biena,124,https://ebola-tracker.org/reports/SITREP_MVE_124.pdf,,18,0,1,7,0,38.9,,,,,,,,,,,,,,,
2026-09-15,zone,Nord-Kivu,Butembo,124,https://ebola-tracker.org/reports/SITREP_MVE_124.pdf,,242,2,1,157,0,64.9,,,,,,,,,,,,,,,
2026-09-15,zone,Nord-Kivu,Goma,124,https://ebola-tracker.org/reports/SITREP_MVE_124.pdf,,1,0,1,0,0,0.0,,,,,,,,,,,,,,,
2026-09-15,zone,Nord-Kivu,Kalunguta,124,https://ebola-tracker.org/reports/SITREP_MVE_124.pdf,,36,4,1,12,0,33.3,,,,,,,,,,,,,,,
2026-09-15,zone,Nord-Kivu,Katwa,124,https://ebola-tracker.org/reports/SITREP_MVE_124.pdf,,533,0,1,337,0,63.2,,,,,,,,,,,,,,,
2026-09-15,zone,Nord-Kivu,Kayna,124,https://ebola-tracker.org/reports/SITREP_MVE_124.pdf,,1,0,1,0,0,0.0,,,,,,,,,,,,,,,
2026-09-15,zone,Nord-Kivu,Kyondo,124,https://ebola-tracker.org/reports/SITREP_MVE_124.pdf,,30,0,1,20,1,66.7,,,,,,,,,,,,,,,
2026-09-15,zone,Nord-Kivu,Lubero,124,https://ebola-tracker.org/reports/SITREP_MVE_124.pdf,,15,0,1,7,0,46.7,,,,,,,,,,,,,,,
2026-09-15,zone,Nord-Kivu,Mabalako,124,https://ebola-tracker.org/reports/SITREP_MVE_124.pdf,,19,0,1,9,0,47.4,,,,,,,,,,,,,,,
2026-09-15,zone,Nord-Kivu,Manguredjipa,124,https://ebola-tracker.org/reports/SITREP_MVE_124.pdf,,9,0,1,3,0,33.3,,,,,,,,,,,,,,,
2026-09-15,zone,Nord-Kivu,Masereka,124,https://ebola-tracker.org/reports/SITREP_MVE_124.pdf,,23,2,1,9,0,39.1,,,,,,,,,,,,,,,
2026-09-15,zone,Nord-Kivu,Musienene,124,https://ebola-tracker.org/reports/SITREP_MVE_124.pdf,,117,0,1,64,0,54.7,,,,,,,,,,,,,,,
2026-09-15,zone,Nord-Kivu,Mutwanga,124,https://ebola-tracker.org/reports/SITREP_MVE_124.pdf,,6,0,1,2,0,33.3,,,,,,,,,,,,,,,
2026-09-15,zone,Nord-Kivu,Oicha,124,https://ebola-tracker.org/reports/SITREP_MVE_124.pdf,,12,1,1,10,3,83.3,,,,,,,,,,,,,,,
2026-09-15,zone,Nord-Kivu,Vuhovi,124,https://ebola-tracker.org/reports/SITREP_MVE_124.pdf,,20,2,1,6,1,30.0,,,,,,,,,,,,,,,
2026-09-15,zone,Sud-Kivu,Miti-Murhesa,124,https://ebola-tracker.org/reports/SITREP_MVE_124.pdf,,3,0,1,1,0,33.3,,,,,,,,,,,,,,,
2026-09-15,zone,Sud-Ubangi,Bulu,124,https://ebola-tracker.org/reports/SITREP_MVE_124.pdf,,1,0,1,1,0,100.0,,,,,,,,,,,,,,,
2026-09-15,zone,Tshopo,Bafwasende,124,https://ebola-tracker.org/reports/SITREP_MVE_124.pdf,,7,0,1,1,0,14.3,,,,,,,,,,,,,,,
2026-09-15,zone,Tshopo,Kabondo,124,https://ebola-tracker.org/reports/SITREP_MVE_124.pdf,,4,0,1,1,0,25.0,,,,,,,,,,,,,,,
2026-09-15,zone,Tshopo,Lubunga,124,https://ebola-tracker.org/reports/SITREP_MVE_124.pdf,,1,0,1,0,0,0.0,,,,,,,,,,,,,,,
2026-09-15,zone,Tshopo,Makiso-Kisangani,124,https://ebola-tracker.org/reports/SITREP_MVE_124.pdf,,11,1,1,5,0,45.5,,,,,,,,,,,,,,,
2026-09-15,zone,Tshopo,Mangobo,124,https://ebola-tracker.org/reports/SITREP_MVE_124.pdf,,4,0,1,2,0,50.0,,,,,,,,,,,,,,,
2026-09-15,zone,Tshopo,Tshopo,124,https://ebola-tracker.org/reports/SITREP_MVE_124.pdf,,1,0,1,0,0,0.0,,,,,,,,,,,,,,,
2026-09-15,zone,Tshopo,Wanie-Rukula,124,https://ebola-tracker.org/reports/SITREP_MVE_124.pdf,,1,0,1,1,0,100.0,,,,,,,,,,,,,,,
2026-09-16,pays,,,125,https://ebola-tracker.org/reports/SITREP_MVE_125.pdf,,7475,71,1,3605,28,48.2,1798,18,10,2222,417,447,71,15.9,905,1435,62.7,29873,26181,87.6,
2026-09-16,province,Bas-Uélé,,125,https://ebola-tracker.org/reports/SITREP_MVE_125.pdf,,7,0,1,4,0,57.1,,0,0,63,5,3,0,0.0,5,,,180,172,95.6,600
2026-09-16,province,Haut-Uélé,,125,https://ebola-tracker.org/reports/SITREP_MVE_125.pdf,,292,2,1,118,0,40.4,,0,0,20,13,16,2,12.5,62,136,45.6,847,587,69.3,
2026-09-16,province,Ituri,,125,https://ebola-tracker.org/reports/SITREP_MVE_125.pdf,,5792,41,1,2642,20,45.6,,11,9,865,173,204,41,20.1,442,1015,43.5,14926,13535,90.7,
2026-09-16,province,Nord-Kivu,,125,https://ebola-tracker.org/reports/SITREP_MVE_125.pdf,,1350,27,1,828,7,61.3,,6,1,1169,217,217,27,12.4,376,228,164.9,13556,11604,85.6,
2026-09-16,province,Sud-Kivu,,125,https://ebola-tracker.org/reports/SITREP_MVE_125.pdf,,3,0,1,1,0,33.3,,0,0,9,2,,,,13,25,52.0,,,,
2026-09-16,province,Sud-Ubangi,,125,https://ebola-tracker.org/reports/SITREP_MVE_125.pdf,,1,0,1,1,0,100.0,,0,0,,,,,,,,,39,16,41.0,
2026-09-16,province,Tshopo,,125,https://ebola-tracker.org/reports/SITREP_MVE_125.pdf,,30,1,1,11,1,36.7,,1,0,96,7,7,1,14.3,7,31,22.6,325,267,82.2,2810
2026-09-16,zone,Bas-Uélé,Buta,125,https://ebola-tracker.org/reports/SITREP_MVE_125.pdf,,1,0,1,1,0,100.0,,,,,,,,,,,,,,,
2026-09-16,zone,Bas-Uélé,Ganga,125,https://ebola-tracker.org/reports/SITREP_MVE_125.pdf,,3,0,1,2,0,66.7,,,,,,,,,,,,,,,
2026-09-16,zone,Bas-Uélé,Viadana,125,https://ebola-tracker.org/reports/SITREP_MVE_125.pdf,,3,0,1,1,0,33.3,,,,,,,,,,,,,,,
2026-09-16,zone,Haut-Uélé,Boma-Mangbetu,125,https://ebola-tracker.org/reports/SITREP_MVE_125.pdf,,34,0,1,15,0,44.1,,,,,,,,,,,,,,,
2026-09-16,zone,Haut-Uélé,Gombari,125,https://ebola-tracker.org/reports/SITREP_MVE_125.pdf,,3,0,1,1,0,33.3,,,,,,,,,,,,,,,
2026-09-16,zone,Haut-Uélé,Isiro,125,https://ebola-tracker.org/reports/SITREP_MVE_125.pdf,,98,0,1,42,0,42.9,,,,,,,,,,,,,,,
2026-09-16,zone,Haut-Uélé,Pawa,125,https://ebola-tracker.org/reports/SITREP_MVE_125.pdf,,63,2,1,26,0,41.3,,,,,,,,,,,,,,,
2026-09-16,zone,Haut-Uélé,Rungu,125,https://ebola-tracker.org/reports/SITREP_MVE_125.pdf,,2,0,1,1,0,50.0,,,,,,,,,,,,,,,
2026-09-16,zone,Haut-Uélé,Wamba,125,https://ebola-tracker.org/reports/SITREP_MVE_125.pdf,,92,0,1,33,0,35.9,,,,,,,,,,,,,,,
2026-09-16,zone,Ituri,Adja,125,https://ebola-tracker.org/reports/SITREP_MVE_125.pdf,,11,0,1,1,0,9.1,,,,,,,,,,,,,,,
2026-09-16,zone,Ituri,Ariwara,125,https://ebola-tracker.org/reports/SITREP_MVE_125.pdf,,8,0,1,2,0,25.0,,,,,,,,,,,,,,,
2026-09-16,zone,Ituri,Aru,125,https://ebola-tracker.org/reports/SITREP_MVE_125.pdf,,8,0,1,6,0,75.0,,,,,,,,,,,,,,,
2026-09-16,zone,Ituri,Aungba,125,https://ebola-tracker.org/reports/SITREP_MVE_125.pdf,,12,0,1,5,0,41.7,,,,,,,,,,,,,,,
2026-09-16,zone,Ituri,Bambu,125,https://ebola-tracker.org/reports/SITREP_MVE_125.pdf,,183,4,1,39,0,21.3,,,,,,,,,,,,,,,
2026-09-16,zone,Ituri,Boga,125,https://ebola-tracker.org/reports/SITREP_MVE_125.pdf,,2,0,1,2,0,100.0,,,,,,,,,,,,,,,
2026-09-16,zone,Ituri,Bunia,125,https://ebola-tracker.org/reports/SITREP_MVE_125.pdf,,1620,9,1,511,1,31.5,,,,,,,,,,,,,,,
2026-09-16,zone,Ituri,Damas,125,https://ebola-tracker.org/reports/SITREP_MVE_125.pdf,,40,0,1,9,0,22.5,,,,,,,,,,,,,,,
2026-09-16,zone,Ituri,Drodro,125,https://ebola-tracker.org/reports/SITREP_MVE_125.pdf,,15,0,1,7,0,46.7,,,,,,,,,,,,,,,
2026-09-16,zone,Ituri,Fataki,125,https://ebola-tracker.org/reports/SITREP_MVE_125.pdf,,80,1,1,30,0,37.5,,,,,,,,,,,,,,,
2026-09-16,zone,Ituri,Gethy,125,https://ebola-tracker.org/reports/SITREP_MVE_125.pdf,,7,0,1,3,0,42.9,,,,,,,,,,,,,,,
2026-09-16,zone,Ituri,Kambala,125,https://ebola-tracker.org/reports/SITREP_MVE_125.pdf,,2,0,1,0,0,0.0,,,,,,,,,,,,,,,
2026-09-16,zone,Ituri,Kilo,125,https://ebola-tracker.org/reports/SITREP_MVE_125.pdf,,34,1,1,12,0,35.3,,,,,,,,,,,,,,,
2026-09-16,zone,Ituri,Komanda,125,https://ebola-tracker.org/reports/SITREP_MVE_125.pdf,,138,2,1,88,0,63.8,,,,,,,,,,,,,,,
2026-09-16,zone,Ituri,Lita,125,https://ebola-tracker.org/reports/SITREP_MVE_125.pdf,,267,3,1,132,2,49.4,,,,,,,,,,,,,,,
2026-09-16,zone,Ituri,Logo,125,https://ebola-tracker.org/reports/SITREP_MVE_125.pdf,,13,0,1,5,0,38.5,,,,,,,,,,,,,,,
2026-09-16,zone,Ituri,Lolwa,125,https://ebola-tracker.org/reports/SITREP_MVE_125.pdf,,31,0,1,8,0,25.8,,,,,,,,,,,,,,,
2026-09-16,zone,Ituri,Mahagi,125,https://ebola-tracker.org/reports/SITREP_MVE_125.pdf,,4,0,1,1,0,25.0,,,,,,,,,,,,,,,
2026-09-16,zone,Ituri,Mambasa,125,https://ebola-tracker.org/reports/SITREP_MVE_125.pdf,,21,4,1,9,2,42.9,,,,,,,,,,,,,,,
2026-09-16,zone,Ituri,Mandima,125,https://ebola-tracker.org/reports/SITREP_MVE_125.pdf,,59,2,1,33,1,55.9,,,,,,,,,,,,,,,
2026-09-16,zone,Ituri,Mangala,125,https://ebola-tracker.org/reports/SITREP_MVE_125.pdf,,326,4,1,146,0,44.8,,,,,,,,,,,,,,,
2026-09-16,zone,Ituri,Mongbwalu,125,https://ebola-tracker.org/reports/SITREP_MVE_125.pdf,,672,2,1,308,1,45.8,,,,,,,,,,,,,,,
2026-09-16,zone,Ituri,Nia-Nia,125,https://ebola-tracker.org/reports/SITREP_MVE_125.pdf,,253,5,1,132,4,52.2,,,,,,,,,,,,,,,
2026-09-16,zone,Ituri,Nizi,125,https://ebola-tracker.org/reports/SITREP_MVE_125.pdf,,743,1,1,273,0,36.7,,,,,,,,,,,,,,,
2026-09-16,zone,Ituri,Nyankunde,125,https://ebola-tracker.org/reports/SITREP_MVE_125.pdf,,125,0,1,36,0,28.8,,,,,,,,,,,,,,,
2026-09-16,zone,Ituri,Rimba,125,https://ebola-tracker.org/reports/SITREP_MVE_125.pdf,,11,0,1,4,0,36.4,,,,,,,,,,,,,,,
2026-09-16,zone,Ituri,Rwampara,125,https://ebola-tracker.org/reports/SITREP_MVE_125.pdf,,1032,3,1,350,0,33.9,,,,,,,,,,,,,,,
2026-09-16,zone,Ituri,Tchomia,125,https://ebola-tracker.org/reports/SITREP_MVE_125.pdf,,75,0,1,25,0,33.3,,,,,,,,,,,,,,,
2026-09-16,zone,Nord-Kivu,Beni,125,https://ebola-tracker.org/reports/SITREP_MVE_125.pdf,,255,14,1,183,5,71.8,,,,,,,,,,,,,,,
2026-09-16,zone,Nord-Kivu,Biena,125,https://ebola-tracker.org/reports/SITREP_MVE_125.pdf,,18,0,1,7,0,38.9,,,,,,,,,,,,,,,
2026-09-16,zone,Nord-Kivu,Butembo,125,https://ebola-tracker.org/reports/SITREP_MVE_125.pdf,,244,2,1,157,0,64.3,,,,,,,,,,,,,,,
2026-09-16,zone,Nord-Kivu,Goma,125,https://ebola-tracker.org/reports/SITREP_MVE_125.pdf,,1,0,1,0,0,0.0,,,,,,,,,,,,,,,
2026-09-16,zone,Nord-Kivu,Kalunguta,125,https://ebola-tracker.org/reports/SITREP_MVE_125.pdf,,36,0,1,12,0,33.3,,,,,,,,,,,,,,,
2026-09-16,zone,Nord-Kivu,Katwa,125,https://ebola-tracker.org/reports/SITREP_MVE_125.pdf,,536,3,1,339,2,63.2,,,,,,,,,,,,,,,
2026-09-16,zone,Nord-Kivu,Kayna,125,https://ebola-tracker.org/reports/SITREP_MVE_125.pdf,,1,0,1,0,0,0.0,,,,,,,,,,,,,,,
2026-09-16,zone,Nord-Kivu,Kyondo,125,https://ebola-tracker.org/reports/SITREP_MVE_125.pdf,,32,2,1,20,0,62.5,,,,,,,,,,,,,,,
2026-09-16,zone,Nord-Kivu,Lubero,125,https://ebola-tracker.org/reports/SITREP_MVE_125.pdf,,15,0,1,7,0,46.7,,,,,,,,,,,,,,,
2026-09-16,zone,Nord-Kivu,Mabalako,125,https://ebola-tracker.org/reports/SITREP_MVE_125.pdf,,22,3,1,9,0,40.9,,,,,,,,,,,,,,,
2026-09-16,zone,Nord-Kivu,Manguredjipa,125,https://ebola-tracker.org/reports/SITREP_MVE_125.pdf,,10,1,1,3,0,30.0,,,,,,,,,,,,,,,
2026-09-16,zone,Nord-Kivu,Masereka,125,https://ebola-tracker.org/reports/SITREP_MVE_125.pdf,,24,1,1,9,0,37.5,,,,,,,,,,,,,,,
2026-09-16,zone,Nord-Kivu,Musienene,125,https://ebola-tracker.org/reports/SITREP_MVE_125.pdf,,118,1,1,64,0,54.2,,,,,,,,,,,,,,,
2026-09-16,zone,Nord-Kivu,Mutwanga,125,https://ebola-tracker.org/reports/SITREP_MVE_125.pdf,,6,0,1,2,0,33.3,,,,,,,,,,,,,,,
2026-09-16,zone,Nord-Kivu,Oicha,125,https://ebola-tracker.org/reports/SITREP_MVE_125.pdf,,12,0,1,10,0,83.3,,,,,,,,,,,,,,,
2026-09-16,zone,Nord-Kivu,Vuhovi,125,https://ebola-tracker.org/reports/SITREP_MVE_125.pdf,,20,0,1,6,0,30.0,,,,,,,,,,,,,,,
2026-09-16,zone,Sud-Kivu,Miti-Murhesa,125,https://ebola-tracker.org/reports/SITREP_MVE_125.pdf,,3,0,1,1,0,33.3,,,,,,,,,,,,,,,
2026-09-16,zone,Sud-Ubangi,Bulu,125,https://ebola-tracker.org/reports/SITREP_MVE_125.pdf,,1,0,1,1,0,100.0,,,,,,,,,,,,,,,
2026-09-16,zone,Tshopo,Bafwasende,125,https://ebola-tracker.org/reports/SITREP_MVE_125.pdf,,7,0,1,1,0,14.3,,,,,,,,,,,,,,,
2026-09-16,zone,Tshopo,Kabondo,125,https://ebola-tracker.org/reports/SITREP_MVE_125.pdf,,4,0,1,1,0,25.0,,,,,,,,,,,,,,,
2026-09-16,zone,Tshopo,Lubunga,125,https://ebola-tracker.org/reports/SITREP_MVE_125.pdf,,1,0,1,0,0,0.0,,,,,,,,,,,,,,,
2026-09-16,zone,Tshopo,Makiso-Kisangani,125,https://ebola-tracker.org/reports/SITREP_MVE_125.pdf,,12,1,1,6,1,50.0,,,,,,,,,,,,,,,
2026-09-16,zone,Tshopo,Mangobo,125,https://ebola-tracker.org/reports/SITREP_MVE_125.pdf,,4,0,1,2,0,50.0,,,,,,,,,,,,,,,
2026-09-16,zone,Tshopo,Tshopo,125,https://ebola-tracker.org/reports/SITREP_MVE_125.pdf,,1,0,1,0,0,0.0,,,,,,,,,,,,,,,
2026-09-16,zone,Tshopo,Wanie-Rukula,125,https://ebola-tracker.org/reports/SITREP_MVE_125.pdf,,1,0,1,1,0,100.0,,,,,,,,,,,,,,,
2026-09-17,pays,,,126,https://ebola-tracker.org/reports/SITREP_MVE_126.pdf,,7541,66,1,3639,34,48.3,1823,16,18,,,377,66,17.5,930,1437,64.0,31902,27842,87.2,
2026-09-17,province,Bas-Uélé,,126,https://ebola-tracker.org/reports/SITREP_MVE_126.pdf,,7,0,1,4,0,57.1,,0,0,,,3,0,0.0,11,,,211,186,88.2,708
2026-09-17,province,Haut-Uélé,,126,https://ebola-tracker.org/reports/SITREP_MVE_126.pdf,,296,4,1,123,5,41.6,,1,4,,,21,4,19.0,61,138,44.2,1899,1534,80.8,
2026-09-17,province,Ituri,,126,https://ebola-tracker.org/reports/SITREP_MVE_126.pdf,,5829,37,1,2661,19,45.7,,7,12,,,165,37,22.4,430,1015,42.4,15682,14377,91.7,
2026-09-17,province,Nord-Kivu,,126,https://ebola-tracker.org/reports/SITREP_MVE_126.pdf,,1370,20,1,837,9,61.1,,7,2,,,171,20,11.7,403,228,176.8,13717,11431,83.3,
2026-09-17,province,Sud-Kivu,,126,https://ebola-tracker.org/reports/SITREP_MVE_126.pdf,,3,0,1,1,0,33.3,,0,0,,,,,,13,25,52.0,,,,
2026-09-17,province,Sud-Ubangi,,126,https://ebola-tracker.org/reports/SITREP_MVE_126.pdf,,1,0,1,1,0,100.0,,0,0,,,,,,,,,49,36,73.5,
2026-09-17,province,Tshopo,,126,https://ebola-tracker.org/reports/SITREP_MVE_126.pdf,,35,5,1,12,1,34.3,,1,0,,,17,5,29.4,12,31,38.7,369,278,75.3,3063
2026-09-17,zone,Bas-Uélé,Buta,126,https://ebola-tracker.org/reports/SITREP_MVE_126.pdf,,1,0,1,1,0,100.0,,,,,,,,,,,,,,,
2026-09-17,zone,Bas-Uélé,Ganga,126,https://ebola-tracker.org/reports/SITREP_MVE_126.pdf,,3,0,1,2,0,66.7,,,,,,,,,,,,,,,
2026-09-17,zone,Bas-Uélé,Viadana,126,https://ebola-tracker.org/reports/SITREP_MVE_126.pdf,,3,0,1,1,0,33.3,,,,,,,,,,,,,,,
2026-09-17,zone,Haut-Uélé,Boma-Mangbetu,126,https://ebola-tracker.org/reports/SITREP_MVE_126.pdf,,35,1,1,15,0,42.9,,,,,,,,,,,,,,,
2026-09-17,zone,Haut-Uélé,Gombari,126,https://ebola-tracker.org/reports/SITREP_MVE_126.pdf,,3,0,1,1,0,33.3,,,,,,,,,,,,,,,
2026-09-17,zone,Haut-Uélé,Isiro,126,https://ebola-tracker.org/reports/SITREP_MVE_126.pdf,,98,0,1,42,0,42.9,,,,,,,,,,,,,,,
2026-09-17,zone,Haut-Uélé,Pawa,126,https://ebola-tracker.org/reports/SITREP_MVE_126.pdf,,63,0,1,30,4,47.6,,,,,,,,,,,,,,,
2026-09-17,zone,Haut-Uélé,Rungu,126,https://ebola-tracker.org/reports/SITREP_MVE_126.pdf,,2,0,1,1,0,50.0,,,,,,,,,,,,,,,
2026-09-17,zone,Haut-Uélé,Wamba,126,https://ebola-tracker.org/reports/SITREP_MVE_126.pdf,,95,3,1,34,1,35.8,,,,,,,,,,,,,,,
2026-09-17,zone,Ituri,Adja,126,https://ebola-tracker.org/reports/SITREP_MVE_126.pdf,,11,0,1,1,0,9.1,,,,,,,,,,,,,,,
2026-09-17,zone,Ituri,Ariwara,126,https://ebola-tracker.org/reports/SITREP_MVE_126.pdf,,8,0,1,2,0,25.0,,,,,,,,,,,,,,,
2026-09-17,zone,Ituri,Aru,126,https://ebola-tracker.org/reports/SITREP_MVE_126.pdf,,8,0,1,6,0,75.0,,,,,,,,,,,,,,,
2026-09-17,zone,Ituri,Aungba,126,https://ebola-tracker.org/reports/SITREP_MVE_126.pdf,,12,0,1,5,0,41.7,,,,,,,,,,,,,,,
2026-09-17,zone,Ituri,Bambu,126,https://ebola-tracker.org/reports/SITREP_MVE_126.pdf,,186,3,1,39,0,21.0,,,,,,,,,,,,,,,
2026-09-17,zone,Ituri,Boga,126,https://ebola-tracker.org/reports/SITREP_MVE_126.pdf,,2,0,1,2,0,100.0,,,,,,,,,,,,,,,
2026-09-17,zone,Ituri,Bunia,126,https://ebola-tracker.org/reports/SITREP_MVE_126.pdf,,1635,15,1,512,1,31.3,,,,,,,,,,,,,,,
2026-09-17,zone,Ituri,Damas,126,https://ebola-tracker.org/reports/SITREP_MVE_126.pdf,,40,0,1,9,0,22.5,,,,,,,,,,,,,,,
2026-09-17,zone,Ituri,Drodro,126,https://ebola-tracker.org/reports/SITREP_MVE_126.pdf,,15,0,1,7,0,46.7,,,,,,,,,,,,,,,
2026-09-17,zone,Ituri,Fataki,126,https://ebola-tracker.org/reports/SITREP_MVE_126.pdf,,80,0,1,30,0,37.5,,,,,,,,,,,,,,,
2026-09-17,zone,Ituri,Gethy,126,https://ebola-tracker.org/reports/SITREP_MVE_126.pdf,,7,0,1,3,0,42.9,,,,,,,,,,,,,,,
2026-09-17,zone,Ituri,Kambala,126,https://ebola-tracker.org/reports/SITREP_MVE_126.pdf,,2,0,1,0,0,0.0,,,,,,,,,,,,,,,
2026-09-17,zone,Ituri,Kilo,126,https://ebola-tracker.org/reports/SITREP_MVE_126.pdf,,34,0,1,12,0,35.3,,,,,,,,,,,,,,,
2026-09-17,zone,Ituri,Komanda,126,https://ebola-tracker.org/reports/SITREP_MVE_126.pdf,,141,3,1,88,0,62.4,,,,,,,,,,,,,,,
2026-09-17,zone,Ituri,Lita,126,https://ebola-tracker.org/reports/SITREP_MVE_126.pdf,,269,2,1,133,1,49.4,,,,,,,,,,,,,,,
2026-09-17,zone,Ituri,Logo,126,https://ebola-tracker.org/reports/SITREP_MVE_126.pdf,,13,0,1,5,0,38.5,,,,,,,,,,,,,,,
2026-09-17,zone,Ituri,Lolwa,126,https://ebola-tracker.org/reports/SITREP_MVE_126.pdf,,31,0,1,8,0,25.8,,,,,,,,,,,,,,,
2026-09-17,zone,Ituri,Mahagi,126,https://ebola-tracker.org/reports/SITREP_MVE_126.pdf,,4,0,1,1,0,25.0,,,,,,,,,,,,,,,
2026-09-17,zone,Ituri,Mambasa,126,https://ebola-tracker.org/reports/SITREP_MVE_126.pdf,,21,0,1,9,0,42.9,,,,,,,,,,,,,,,
2026-09-17,zone,Ituri,Mandima,126,https://ebola-tracker.org/reports/SITREP_MVE_126.pdf,,59,0,1,33,0,55.9,,,,,,,,,,,,,,,
2026-09-17,zone,Ituri,Mangala,126,https://ebola-tracker.org/reports/SITREP_MVE_126.pdf,,326,0,1,146,0,44.8,,,,,,,,,,,,,,,
2026-09-17,zone,Ituri,Mongbwalu,126,https://ebola-tracker.org/reports/SITREP_MVE_126.pdf,,676,4,1,312,4,46.2,,,,,,,,,,,,,,,
2026-09-17,zone,Ituri,Nia-Nia,126,https://ebola-tracker.org/reports/SITREP_MVE_126.pdf,,253,0,1,132,0,52.2,,,,,,,,,,,,,,,
2026-09-17,zone,Ituri,Nizi,126,https://ebola-tracker.org/reports/SITREP_MVE_126.pdf,,748,5,1,274,1,36.6,,,,,,,,,,,,,,,
2026-09-17,zone,Ituri,Nyankunde,126,https://ebola-tracker.org/reports/SITREP_MVE_126.pdf,,125,0,1,36,0,28.8,,,,,,,,,,,,,,,
2026-09-17,zone,Ituri,Rimba,126,https://ebola-tracker.org/reports/SITREP_MVE_126.pdf,,12,1,1,4,0,33.3,,,,,,,,,,,,,,,
2026-09-17,zone,Ituri,Rwampara,126,https://ebola-tracker.org/reports/SITREP_MVE_126.pdf,,1036,4,1,350,0,33.8,,,,,,,,,,,,,,,
2026-09-17,zone,Ituri,Tchomia,126,https://ebola-tracker.org/reports/SITREP_MVE_126.pdf,,75,0,1,25,0,33.3,,,,,,,,,,,,,,,
2026-09-17,zone,Nord-Kivu,Beni,126,https://ebola-tracker.org/reports/SITREP_MVE_126.pdf,,263,8,1,186,3,70.7,,,,,,,,,,,,,,,
2026-09-17,zone,Nord-Kivu,Biena,126,https://ebola-tracker.org/reports/SITREP_MVE_126.pdf,,18,0,1,7,0,38.9,,,,,,,,,,,,,,,
2026-09-17,zone,Nord-Kivu,Butembo,126,https://ebola-tracker.org/reports/SITREP_MVE_126.pdf,,246,2,1,160,3,65.0,,,,,,,,,,,,,,,
2026-09-17,zone,Nord-Kivu,Goma,126,https://ebola-tracker.org/reports/SITREP_MVE_126.pdf,,1,0,1,0,0,0.0,,,,,,,,,,,,,,,
2026-09-17,zone,Nord-Kivu,Kalunguta,126,https://ebola-tracker.org/reports/SITREP_MVE_126.pdf,,40,4,1,13,1,32.5,,,,,,,,,,,,,,,
2026-09-17,zone,Nord-Kivu,Katwa,126,https://ebola-tracker.org/reports/SITREP_MVE_126.pdf,,538,2,1,340,1,63.2,,,,,,,,,,,,,,,
2026-09-17,zone,Nord-Kivu,Kayna,126,https://ebola-tracker.org/reports/SITREP_MVE_126.pdf,,1,0,1,0,0,0.0,,,,,,,,,,,,,,,
2026-09-17,zone,Nord-Kivu,Kyondo,126,https://ebola-tracker.org/reports/SITREP_MVE_126.pdf,,32,0,1,20,0,62.5,,,,,,,,,,,,,,,
2026-09-17,zone,Nord-Kivu,Lubero,126,https://ebola-tracker.org/reports/SITREP_MVE_126.pdf,,15,0,1,7,0,46.7,,,,,,,,,,,,,,,
2026-09-17,zone,Nord-Kivu,Mabalako,126,https://ebola-tracker.org/reports/SITREP_MVE_126.pdf,,23,1,1,10,1,43.5,,,,,,,,,,,,,,,
2026-09-17,zone,Nord-Kivu,Manguredjipa,126,https://ebola-tracker.org/reports/SITREP_MVE_126.pdf,,10,0,1,3,0,30.0,,,,,,,,,,,,,,,
2026-09-17,zone,Nord-Kivu,Masereka,126,https://ebola-tracker.org/reports/SITREP_MVE_126.pdf,,24,0,1,9,0,37.5,,,,,,,,,,,,,,,
2026-09-17,zone,Nord-Kivu,Musienene,126,https://ebola-tracker.org/reports/SITREP_MVE_126.pdf,,119,1,1,64,0,53.8,,,,,,,,,,,,,,,
2026-09-17,zone,Nord-Kivu,Mutwanga,126,https://ebola-tracker.org/reports/SITREP_MVE_126.pdf,,8,2,1,2,0,25.0,,,,,,,,,,,,,,,
2026-09-17,zone,Nord-Kivu,Oicha,126,https://ebola-tracker.org/reports/SITREP_MVE_126.pdf,,12,0,1,10,0,83.3,,,,,,,,,,,,,,,
2026-09-17,zone,Nord-Kivu,Vuhovi,126,https://ebola-tracker.org/reports/SITREP_MVE_126.pdf,,20,0,1,6,0,30.0,,,,,,,,,,,,,,,
2026-09-17,zone,Sud-Kivu,Miti-Murhesa,126,https://ebola-tracker.org/reports/SITREP_MVE_126.pdf,,3,0,1,1,0,33.3,,,,,,,,,,,,,,,
2026-09-17,zone,Sud-Ubangi,Bulu,126,https://ebola-tracker.org/reports/SITREP_MVE_126.pdf,,1,0,1,1,0,100.0,,,,,,,,,,,,,,,
2026-09-17,zone,Tshopo,Bafwasende,126,https://ebola-tracker.org/reports/SITREP_MVE_126.pdf,,7,0,1,1,0,14.3,,,,,,,,,,,,,,,
2026-09-17,zone,Tshopo,Kabondo,126,https://ebola-tracker.org/reports/SITREP_MVE_126.pdf,,4,0,1,1,0,25.0,,,,,,,,,,,,,,,
2026-09-17,zone,Tshopo,Lubunga,126,https://ebola-tracker.org/reports/SITREP_MVE_126.pdf,,1,0,1,0,0,0.0,,,,,,,,,,,,,,,
2026-09-17,zone,Tshopo,Makiso-Kisangani,126,https://ebola-tracker.org/reports/SITREP_MVE_126.pdf,,17,5,1,7,1,41.2,,,,,,,,,,,,,,,
2026-09-17,zone,Tshopo,Mangobo,126,https://ebola-tracker.org/reports/SITREP_MVE_126.pdf,,4,0,1,2,0,50.0,,,,,,,,,,,,,,,
2026-09-17,zone,Tshopo,Tshopo,126,https://ebola-tracker.org/reports/SITREP_MVE_126.pdf,,1,0,1,0,0,0.0,,,,,,,,,,,,,,,
2026-09-17,zone,Tshopo,Wanie-Rukula,126,https://ebola-tracker.org/reports/SITREP_MVE_126.pdf,,1,0,1,1,0,100.0,,,,,,,,,,,,,,,
2026-09-18,pays,,,127,https://ebola-tracker.org/reports/SITREP_MVE_127.pdf,,7614,73,1,3676,37,48.3,1864,25,12,1852,360,360,73,20.3,909,1412,63.7,30541,26803,87.8,
2026-09-18,province,Bas-Uélé,,127,https://ebola-tracker.org/reports/SITREP_MVE_127.pdf,,7,0,1,4,0,57.1,,0,0,76,9,4,0,0.0,10,,,211,193,91.5,
2026-09-18,province,Haut-Uélé,,127,https://ebola-tracker.org/reports/SITREP_MVE_127.pdf,,302,6,1,126,3,41.7,,3,0,49,22,34,6,17.6,63,138,45.7,1257,981,78.0,
2026-09-18,province,Ituri,,127,https://ebola-tracker.org/reports/SITREP_MVE_127.pdf,,5875,46,1,2688,27,45.8,,17,10,1200,232,200,46,23.0,434,1015,42.8,14861,13964,94.0,
2026-09-18,province,Nord-Kivu,,127,https://ebola-tracker.org/reports/SITREP_MVE_127.pdf,,1388,18,1,843,6,60.7,,4,2,397,86,116,18,15.5,392,228,171.9,13801,11345,82.2,
2026-09-18,province,Sud-Kivu,,127,https://ebola-tracker.org/reports/SITREP_MVE_127.pdf,,3,0,1,1,0,33.3,,0,0,,,,,,,,,,,,
2026-09-18,province,Sud-Ubangi,,127,https://ebola-tracker.org/reports/SITREP_MVE_127.pdf,,1,0,1,1,0,100.0,,0,0,50,3,,,,,,,42,42,100.0,
2026-09-18,province,Tshopo,,127,https://ebola-tracker.org/reports/SITREP_MVE_127.pdf,,38,3,1,13,1,34.2,,1,0,80,8,6,3,50.0,10,31,32.3,369,278,75.3,3369
2026-09-18,zone,Bas-Uélé,Buta,127,https://ebola-tracker.org/reports/SITREP_MVE_127.pdf,,1,0,1,1,0,100.0,,,,,,,,,,,,,,,
2026-09-18,zone,Bas-Uélé,Ganga,127,https://ebola-tracker.org/reports/SITREP_MVE_127.pdf,,3,0,1,2,0,66.7,,,,,,,,,,,,,,,
2026-09-18,zone,Bas-Uélé,Viadana,127,https://ebola-tracker.org/reports/SITREP_MVE_127.pdf,,3,0,1,1,0,33.3,,,,,,,,,,,,,,,
2026-09-18,zone,Haut-Uélé,Boma-Mangbetu,127,https://ebola-tracker.org/reports/SITREP_MVE_127.pdf,,36,1,1,15,0,41.7,,,,,,,,,,,,,,,
2026-09-18,zone,Haut-Uélé,Dungu,127,https://ebola-tracker.org/reports/SITREP_MVE_127.pdf,,1,,,1,,100.0,,,,,,,,,,,,,,,
2026-09-18,zone,Haut-Uélé,Gombari,127,https://ebola-tracker.org/reports/SITREP_MVE_127.pdf,,3,0,1,1,0,33.3,,,,,,,,,,,,,,,
2026-09-18,zone,Haut-Uélé,Isiro,127,https://ebola-tracker.org/reports/SITREP_MVE_127.pdf,,98,0,1,42,0,42.9,,,,,,,,,,,,,,,
2026-09-18,zone,Haut-Uélé,Pawa,127,https://ebola-tracker.org/reports/SITREP_MVE_127.pdf,,67,4,1,32,2,47.8,,,,,,,,,,,,,,,
2026-09-18,zone,Haut-Uélé,Rungu,127,https://ebola-tracker.org/reports/SITREP_MVE_127.pdf,,2,0,1,1,0,50.0,,,,,,,,,,,,,,,
2026-09-18,zone,Haut-Uélé,Wamba,127,https://ebola-tracker.org/reports/SITREP_MVE_127.pdf,,95,0,1,34,0,35.8,,,,,,,,,,,,,,,
2026-09-18,zone,Ituri,Adja,127,https://ebola-tracker.org/reports/SITREP_MVE_127.pdf,,11,0,1,1,0,9.1,,,,,,,,,,,,,,,
2026-09-18,zone,Ituri,Ariwara,127,https://ebola-tracker.org/reports/SITREP_MVE_127.pdf,,8,0,1,2,0,25.0,,,,,,,,,,,,,,,
2026-09-18,zone,Ituri,Aru,127,https://ebola-tracker.org/reports/SITREP_MVE_127.pdf,,8,0,1,6,0,75.0,,,,,,,,,,,,,,,
2026-09-18,zone,Ituri,Aungba,127,https://ebola-tracker.org/reports/SITREP_MVE_127.pdf,,12,0,1,5,0,41.7,,,,,,,,,,,,,,,
2026-09-18,zone,Ituri,Bambu,127,https://ebola-tracker.org/reports/SITREP_MVE_127.pdf,,187,1,1,39,0,20.9,,,,,,,,,,,,,,,
2026-09-18,zone,Ituri,Boga,127,https://ebola-tracker.org/reports/SITREP_MVE_127.pdf,,2,0,1,2,0,100.0,,,,,,,,,,,,,,,
2026-09-18,zone,Ituri,Bunia,127,https://ebola-tracker.org/reports/SITREP_MVE_127.pdf,,1646,11,1,513,1,31.2,,,,,,,,,,,,,,,
2026-09-18,zone,Ituri,Damas,127,https://ebola-tracker.org/reports/SITREP_MVE_127.pdf,,40,0,1,9,0,22.5,,,,,,,,,,,,,,,
2026-09-18,zone,Ituri,Drodro,127,https://ebola-tracker.org/reports/SITREP_MVE_127.pdf,,15,0,1,7,0,46.7,,,,,,,,,,,,,,,
2026-09-18,zone,Ituri,Fataki,127,https://ebola-tracker.org/reports/SITREP_MVE_127.pdf,,80,0,1,30,0,37.5,,,,,,,,,,,,,,,
2026-09-18,zone,Ituri,Gethy,127,https://ebola-tracker.org/reports/SITREP_MVE_127.pdf,,7,0,1,3,0,42.9,,,,,,,,,,,,,,,
2026-09-18,zone,Ituri,Kambala,127,https://ebola-tracker.org/reports/SITREP_MVE_127.pdf,,2,0,1,0,0,0.0,,,,,,,,,,,,,,,
2026-09-18,zone,Ituri,Kilo,127,https://ebola-tracker.org/reports/SITREP_MVE_127.pdf,,34,0,1,12,0,35.3,,,,,,,,,,,,,,,
2026-09-18,zone,Ituri,Komanda,127,https://ebola-tracker.org/reports/SITREP_MVE_127.pdf,,146,5,1,89,1,61.0,,,,,,,,,,,,,,,
2026-09-18,zone,Ituri,Lita,127,https://ebola-tracker.org/reports/SITREP_MVE_127.pdf,,272,3,1,135,2,49.6,,,,,,,,,,,,,,,
2026-09-18,zone,Ituri,Logo,127,https://ebola-tracker.org/reports/SITREP_MVE_127.pdf,,13,0,1,5,0,38.5,,,,,,,,,,,,,,,
2026-09-18,zone,Ituri,Lolwa,127,https://ebola-tracker.org/reports/SITREP_MVE_127.pdf,,31,0,1,8,0,25.8,,,,,,,,,,,,,,,
2026-09-18,zone,Ituri,Mahagi,127,https://ebola-tracker.org/reports/SITREP_MVE_127.pdf,,4,0,1,1,0,25.0,,,,,,,,,,,,,,,
2026-09-18,zone,Ituri,Mambasa,127,https://ebola-tracker.org/reports/SITREP_MVE_127.pdf,,21,0,1,9,0,42.9,,,,,,,,,,,,,,,
2026-09-18,zone,Ituri,Mandima,127,https://ebola-tracker.org/reports/SITREP_MVE_127.pdf,,59,0,1,33,0,55.9,,,,,,,,,,,,,,,
2026-09-18,zone,Ituri,Mangala,127,https://ebola-tracker.org/reports/SITREP_MVE_127.pdf,,331,5,1,146,0,44.1,,,,,,,,,,,,,,,
2026-09-18,zone,Ituri,Mongbwalu,127,https://ebola-tracker.org/reports/SITREP_MVE_127.pdf,,679,3,1,315,3,46.4,,,,,,,,,,,,,,,
2026-09-18,zone,Ituri,Nia-Nia,127,https://ebola-tracker.org/reports/SITREP_MVE_127.pdf,,262,9,1,140,8,53.4,,,,,,,,,,,,,,,
2026-09-18,zone,Ituri,Nizi,127,https://ebola-tracker.org/reports/SITREP_MVE_127.pdf,,749,1,1,274,0,36.6,,,,,,,,,,,,,,,
2026-09-18,zone,Ituri,Nyankunde,127,https://ebola-tracker.org/reports/SITREP_MVE_127.pdf,,126,1,1,36,0,28.6,,,,,,,,,,,,,,,
2026-09-18,zone,Ituri,Rimba,127,https://ebola-tracker.org/reports/SITREP_MVE_127.pdf,,12,0,1,4,0,33.3,,,,,,,,,,,,,,,
2026-09-18,zone,Ituri,Rwampara,127,https://ebola-tracker.org/reports/SITREP_MVE_127.pdf,,1043,7,1,352,2,33.7,,,,,,,,,,,,,,,
2026-09-18,zone,Ituri,Tchomia,127,https://ebola-tracker.org/reports/SITREP_MVE_127.pdf,,75,0,1,25,0,33.3,,,,,,,,,,,,,,,
2026-09-18,zone,Nord-Kivu,Beni,127,https://ebola-tracker.org/reports/SITREP_MVE_127.pdf,,271,8,1,186,0,68.6,,,,,,,,,,,,,,,
2026-09-18,zone,Nord-Kivu,Biena,127,https://ebola-tracker.org/reports/SITREP_MVE_127.pdf,,18,0,1,7,0,38.9,,,,,,,,,,,,,,,
2026-09-18,zone,Nord-Kivu,Butembo,127,https://ebola-tracker.org/reports/SITREP_MVE_127.pdf,,249,3,1,161,1,64.7,,,,,,,,,,,,,,,
2026-09-18,zone,Nord-Kivu,Goma,127,https://ebola-tracker.org/reports/SITREP_MVE_127.pdf,,1,0,1,0,0,0.0,,,,,,,,,,,,,,,
2026-09-18,zone,Nord-Kivu,Kalunguta,127,https://ebola-tracker.org/reports/SITREP_MVE_127.pdf,,41,1,1,14,1,34.1,,,,,,,,,,,,,,,
2026-09-18,zone,Nord-Kivu,Katwa,127,https://ebola-tracker.org/reports/SITREP_MVE_127.pdf,,540,2,1,342,2,63.3,,,,,,,,,,,,,,,
2026-09-18,zone,Nord-Kivu,Kayna,127,https://ebola-tracker.org/reports/SITREP_MVE_127.pdf,,1,0,1,0,0,0.0,,,,,,,,,,,,,,,
2026-09-18,zone,Nord-Kivu,Kyondo,127,https://ebola-tracker.org/reports/SITREP_MVE_127.pdf,,32,0,1,20,0,62.5,,,,,,,,,,,,,,,
2026-09-18,zone,Nord-Kivu,Lubero,127,https://ebola-tracker.org/reports/SITREP_MVE_127.pdf,,15,0,1,7,0,46.7,,,,,,,,,,,,,,,
2026-09-18,zone,Nord-Kivu,Mabalako,127,https://ebola-tracker.org/reports/SITREP_MVE_127.pdf,,24,1,1,11,1,45.8,,,,,,,,,,,,,,,
2026-09-18,zone,Nord-Kivu,Manguredjipa,127,https://ebola-tracker.org/reports/SITREP_MVE_127.pdf,,10,0,1,3,0,30.0,,,,,,,,,,,,,,,
2026-09-18,zone,Nord-Kivu,Masereka,127,https://ebola-tracker.org/reports/SITREP_MVE_127.pdf,,24,0,1,9,0,37.5,,,,,,,,,,,,,,,
2026-09-18,zone,Nord-Kivu,Musienene,127,https://ebola-tracker.org/reports/SITREP_MVE_127.pdf,,120,1,1,65,1,54.2,,,,,,,,,,,,,,,
2026-09-18,zone,Nord-Kivu,Mutwanga,127,https://ebola-tracker.org/reports/SITREP_MVE_127.pdf,,8,0,1,2,0,25.0,,,,,,,,,,,,,,,
2026-09-18,zone,Nord-Kivu,Oicha,127,https://ebola-tracker.org/reports/SITREP_MVE_127.pdf,,13,1,1,10,0,76.9,,,,,,,,,,,,,,,
2026-09-18,zone,Nord-Kivu,Vuhovi,127,https://ebola-tracker.org/reports/SITREP_MVE_127.pdf,,21,1,1,6,0,28.6,,,,,,,,,,,,,,,
2026-09-18,zone,Sud-Kivu,Miti-Murhesa,127,https://ebola-tracker.org/reports/SITREP_MVE_127.pdf,,3,0,1,1,0,33.3,,,,,,,,,,,,,,,
2026-09-18,zone,Sud-Ubangi,Bulu,127,https://ebola-tracker.org/reports/SITREP_MVE_127.pdf,,1,0,1,1,0,100.0,,,,,,,,,,,,,,,
2026-09-18,zone,Tshopo,Bafwasende,127,https://ebola-tracker.org/reports/SITREP_MVE_127.pdf,,7,0,1,1,0,14.3,,,,,,,,,,,,,,,
2026-09-18,zone,Tshopo,Kabondo,127,https://ebola-tracker.org/reports/SITREP_MVE_127.pdf,,5,1,1,1,0,20.0,,,,,,,,,,,,,,,
2026-09-18,zone,Tshopo,Lubunga,127,https://ebola-tracker.org/reports/SITREP_MVE_127.pdf,,1,0,1,0,0,0.0,,,,,,,,,,,,,,,
2026-09-18,zone,Tshopo,Makiso-Kisangani,127,https://ebola-tracker.org/reports/SITREP_MVE_127.pdf,,19,2,1,8,1,42.1,,,,,,,,,,,,,,,
2026-09-18,zone,Tshopo,Mangobo,127,https://ebola-tracker.org/reports/SITREP_MVE_127.pdf,,4,0,1,2,0,50.0,,,,,,,,,,,,,,,
2026-09-18,zone,Tshopo,Tshopo,127,https://ebola-tracker.org/reports/SITREP_MVE_127.pdf,,1,0,1,0,0,0.0,,,,,,,,,,,,,,,
2026-09-18,zone,Tshopo,Wanie-Rukula,127,https://ebola-tracker.org/reports/SITREP_MVE_127.pdf,,1,0,1,1,0,100.0,,,,,,,,,,,,,,,
2026-09-19,pays,,,128,https://ebola-tracker.org/reports/SITREP_MVE_128.pdf,,7672,58,1,3699,23,48.2,1879,13,10,2399,427,292,58,19.9,886,1412,62.7,32958,26319,79.9,
2026-09-19,province,Bas-Uélé,,128,https://ebola-tracker.org/reports/SITREP_MVE_128.pdf,,7,0,1,4,0,57.1,,0,0,84,13,2,0,0.0,,,,211,193,91.5,987
2026-09-19,province,Haut-Uélé,,128,https://ebola-tracker.org/reports/SITREP_MVE_128.pdf,,307,5,1,126,0,41.0,,0,0,15,12,19,5,26.3,60,138,43.5,2036,1498,73.6,
2026-09-19,province,Ituri,,128,https://ebola-tracker.org/reports/SITREP_MVE_128.pdf,,5913,38,1,2703,15,45.7,,9,6,1075,238,151,38,25.2,439,1015,43.3,17365,13748,79.2,
2026-09-19,province,Nord-Kivu,,128,https://ebola-tracker.org/reports/SITREP_MVE_128.pdf,,1402,14,1,850,7,60.6,,4,3,1117,156,116,14,12.1,376,228,164.9,12981,10567,81.4,
2026-09-19,province,Sud-Kivu,,128,https://ebola-tracker.org/reports/SITREP_MVE_128.pdf,,3,0,1,1,0,33.3,,0,0,,,,,,,,,,,,
2026-09-19,province,Sud-Ubangi,,128,https://ebola-tracker.org/reports/SITREP_MVE_128.pdf,,1,0,1,1,0,100.0,,0,0,0,0,,,,,,,42,42,100.0,
2026-09-19,province,Tshopo,,128,https://ebola-tracker.org/reports/SITREP_MVE_128.pdf,,39,1,1,14,1,35.9,,0,1,108,8,4,1,25.0,11,31,35.5,323,271,83.9,3576
2026-09-19,zone,Bas-Uélé,Buta,128,https://ebola-tracker.org/reports/SITREP_MVE_128.pdf,,1,0,1,1,0,100.0,,,,,,,,,,,,,,,
2026-09-19,zone,Bas-Uélé,Ganga,128,https://ebola-tracker.org/reports/SITREP_MVE_128.pdf,,3,0,1,2,0,66.7,,,,,,,,,,,,,,,
2026-09-19,zone,Bas-Uélé,Viadana,128,https://ebola-tracker.org/reports/SITREP_MVE_128.pdf,,3,0,1,1,0,33.3,,,,,,,,,,,,,,,
2026-09-19,zone,Haut-Uélé,Boma-Mangbetu,128,https://ebola-tracker.org/reports/SITREP_MVE_128.pdf,,36,0,1,15,0,41.7,,,,,,,,,,,,,,,
2026-09-19,zone,Haut-Uélé,Dungu,128,https://ebola-tracker.org/reports/SITREP_MVE_128.pdf,,1,0,1,1,0,100.0,,,,,,,,,,,,,,,
2026-09-19,zone,Haut-Uélé,Gombari,128,https://ebola-tracker.org/reports/SITREP_MVE_128.pdf,,3,0,1,1,0,33.3,,,,,,,,,,,,,,,
2026-09-19,zone,Haut-Uélé,Isiro,128,https://ebola-tracker.org/reports/SITREP_MVE_128.pdf,,98,0,1,42,0,42.9,,,,,,,,,,,,,,,
2026-09-19,zone,Haut-Uélé,Pawa,128,https://ebola-tracker.org/reports/SITREP_MVE_128.pdf,,68,1,1,32,0,47.1,,,,,,,,,,,,,,,
2026-09-19,zone,Haut-Uélé,Rungu,128,https://ebola-tracker.org/reports/SITREP_MVE_128.pdf,,2,0,1,1,0,50.0,,,,,,,,,,,,,,,
2026-09-19,zone,Haut-Uélé,Wamba,128,https://ebola-tracker.org/reports/SITREP_MVE_128.pdf,,99,4,1,34,0,34.3,,,,,,,,,,,,,,,
2026-09-19,zone,Ituri,Adja,128,https://ebola-tracker.org/reports/SITREP_MVE_128.pdf,,11,0,1,1,0,9.1,,,,,,,,,,,,,,,
2026-09-19,zone,Ituri,Ariwara,128,https://ebola-tracker.org/reports/SITREP_MVE_128.pdf,,8,0,1,2,0,25.0,,,,,,,,,,,,,,,
2026-09-19,zone,Ituri,Aru,128,https://ebola-tracker.org/reports/SITREP_MVE_128.pdf,,8,0,1,6,0,75.0,,,,,,,,,,,,,,,
2026-09-19,zone,Ituri,Aungba,128,https://ebola-tracker.org/reports/SITREP_MVE_128.pdf,,12,0,1,5,0,41.7,,,,,,,,,,,,,,,
2026-09-19,zone,Ituri,Bambu,128,https://ebola-tracker.org/reports/SITREP_MVE_128.pdf,,193,6,1,39,0,20.2,,,,,,,,,,,,,,,
2026-09-19,zone,Ituri,Boga,128,https://ebola-tracker.org/reports/SITREP_MVE_128.pdf,,2,0,1,2,0,100.0,,,,,,,,,,,,,,,
2026-09-19,zone,Ituri,Bunia,128,https://ebola-tracker.org/reports/SITREP_MVE_128.pdf,,1654,8,1,517,4,31.3,,,,,,,,,,,,,,,
2026-09-19,zone,Ituri,Damas,128,https://ebola-tracker.org/reports/SITREP_MVE_128.pdf,,40,0,1,9,0,22.5,,,,,,,,,,,,,,,
2026-09-19,zone,Ituri,Drodro,128,https://ebola-tracker.org/reports/SITREP_MVE_128.pdf,,15,0,1,7,0,46.7,,,,,,,,,,,,,,,
2026-09-19,zone,Ituri,Fataki,128,https://ebola-tracker.org/reports/SITREP_MVE_128.pdf,,81,1,1,30,0,37.0,,,,,,,,,,,,,,,
2026-09-19,zone,Ituri,Gethy,128,https://ebola-tracker.org/reports/SITREP_MVE_128.pdf,,7,0,1,3,0,42.9,,,,,,,,,,,,,,,
2026-09-19,zone,Ituri,Kambala,128,https://ebola-tracker.org/reports/SITREP_MVE_128.pdf,,2,0,1,0,0,0.0,,,,,,,,,,,,,,,
2026-09-19,zone,Ituri,Kilo,128,https://ebola-tracker.org/reports/SITREP_MVE_128.pdf,,34,0,1,12,0,35.3,,,,,,,,,,,,,,,
2026-09-19,zone,Ituri,Komanda,128,https://ebola-tracker.org/reports/SITREP_MVE_128.pdf,,147,1,1,89,0,60.5,,,,,,,,,,,,,,,
2026-09-19,zone,Ituri,Lita,128,https://ebola-tracker.org/reports/SITREP_MVE_128.pdf,,273,1,1,135,0,49.5,,,,,,,,,,,,,,,
2026-09-19,zone,Ituri,Logo,128,https://ebola-tracker.org/reports/SITREP_MVE_128.pdf,,13,0,1,5,0,38.5,,,,,,,,,,,,,,,
2026-09-19,zone,Ituri,Lolwa,128,https://ebola-tracker.org/reports/SITREP_MVE_128.pdf,,31,0,1,8,0,25.8,,,,,,,,,,,,,,,
2026-09-19,zone,Ituri,Mahagi,128,https://ebola-tracker.org/reports/SITREP_MVE_128.pdf,,4,0,1,1,0,25.0,,,,,,,,,,,,,,,
2026-09-19,zone,Ituri,Mambasa,128,https://ebola-tracker.org/reports/SITREP_MVE_128.pdf,,21,0,1,9,0,42.9,,,,,,,,,,,,,,,
2026-09-19,zone,Ituri,Mandima,128,https://ebola-tracker.org/reports/SITREP_MVE_128.pdf,,59,0,1,33,0,55.9,,,,,,,,,,,,,,,
2026-09-19,zone,Ituri,Mangala,128,https://ebola-tracker.org/reports/SITREP_MVE_128.pdf,,333,2,1,146,0,43.8,,,,,,,,,,,,,,,
2026-09-19,zone,Ituri,Mongbwalu,128,https://ebola-tracker.org/reports/SITREP_MVE_128.pdf,,686,7,1,319,4,46.5,,,,,,,,,,,,,,,
2026-09-19,zone,Ituri,Nia-Nia,128,https://ebola-tracker.org/reports/SITREP_MVE_128.pdf,,266,4,1,141,1,53.0,,,,,,,,,,,,,,,
2026-09-19,zone,Ituri,Nizi,128,https://ebola-tracker.org/reports/SITREP_MVE_128.pdf,,754,5,1,274,0,36.3,,,,,,,,,,,,,,,
2026-09-19,zone,Ituri,Nyankunde,128,https://ebola-tracker.org/reports/SITREP_MVE_128.pdf,,126,0,1,36,0,28.6,,,,,,,,,,,,,,,
2026-09-19,zone,Ituri,Rimba,128,https://ebola-tracker.org/reports/SITREP_MVE_128.pdf,,12,0,1,4,0,33.3,,,,,,,,,,,,,,,
2026-09-19,zone,Ituri,Rwampara,128,https://ebola-tracker.org/reports/SITREP_MVE_128.pdf,,1046,3,1,352,0,33.7,,,,,,,,,,,,,,,
2026-09-19,zone,Ituri,Tchomia,128,https://ebola-tracker.org/reports/SITREP_MVE_128.pdf,,75,0,1,25,0,33.3,,,,,,,,,,,,,,,
2026-09-19,zone,Nord-Kivu,Beni,128,https://ebola-tracker.org/reports/SITREP_MVE_128.pdf,,275,4,1,191,5,69.5,,,,,,,,,,,,,,,
2026-09-19,zone,Nord-Kivu,Biena,128,https://ebola-tracker.org/reports/SITREP_MVE_128.pdf,,18,0,1,7,0,38.9,,,,,,,,,,,,,,,
2026-09-19,zone,Nord-Kivu,Butembo,128,https://ebola-tracker.org/reports/SITREP_MVE_128.pdf,,252,3,1,161,0,63.9,,,,,,,,,,,,,,,
2026-09-19,zone,Nord-Kivu,Goma,128,https://ebola-tracker.org/reports/SITREP_MVE_128.pdf,,1,0,1,0,0,0.0,,,,,,,,,,,,,,,
2026-09-19,zone,Nord-Kivu,Kalunguta,128,https://ebola-tracker.org/reports/SITREP_MVE_128.pdf,,43,2,1,15,1,34.9,,,,,,,,,,,,,,,
2026-09-19,zone,Nord-Kivu,Katwa,128,https://ebola-tracker.org/reports/SITREP_MVE_128.pdf,,542,2,1,343,1,63.3,,,,,,,,,,,,,,,
2026-09-19,zone,Nord-Kivu,Kayna,128,https://ebola-tracker.org/reports/SITREP_MVE_128.pdf,,1,0,1,0,0,0.0,,,,,,,,,,,,,,,
2026-09-19,zone,Nord-Kivu,Kyondo,128,https://ebola-tracker.org/reports/SITREP_MVE_128.pdf,,32,0,1,20,0,62.5,,,,,,,,,,,,,,,
2026-09-19,zone,Nord-Kivu,Lubero,128,https://ebola-tracker.org/reports/SITREP_MVE_128.pdf,,16,1,1,7,0,43.8,,,,,,,,,,,,,,,
2026-09-19,zone,Nord-Kivu,Mabalako,128,https://ebola-tracker.org/reports/SITREP_MVE_128.pdf,,24,0,1,11,0,45.8,,,,,,,,,,,,,,,
2026-09-19,zone,Nord-Kivu,Manguredjipa,128,https://ebola-tracker.org/reports/SITREP_MVE_128.pdf,,10,0,1,3,0,30.0,,,,,,,,,,,,,,,
2026-09-19,zone,Nord-Kivu,Masereka,128,https://ebola-tracker.org/reports/SITREP_MVE_128.pdf,,24,0,1,9,0,37.5,,,,,,,,,,,,,,,
2026-09-19,zone,Nord-Kivu,Musienene,128,https://ebola-tracker.org/reports/SITREP_MVE_128.pdf,,121,1,1,65,0,53.7,,,,,,,,,,,,,,,
2026-09-19,zone,Nord-Kivu,Mutwanga,128,https://ebola-tracker.org/reports/SITREP_MVE_128.pdf,,8,0,1,2,0,25.0,,,,,,,,,,,,,,,
2026-09-19,zone,Nord-Kivu,Oicha,128,https://ebola-tracker.org/reports/SITREP_MVE_128.pdf,,13,0,1,10,0,76.9,,,,,,,,,,,,,,,
2026-09-19,zone,Nord-Kivu,Vuhovi,128,https://ebola-tracker.org/reports/SITREP_MVE_128.pdf,,22,1,1,6,0,27.3,,,,,,,,,,,,,,,
2026-09-19,zone,Sud-Kivu,Miti-Murhesa,128,https://ebola-tracker.org/reports/SITREP_MVE_128.pdf,,3,0,1,1,0,33.3,,,,,,,,,,,,,,,
2026-09-19,zone,Sud-Ubangi,Bulu,128,https://ebola-tracker.org/reports/SITREP_MVE_128.pdf,,1,0,1,1,0,100.0,,,,,,,,,,,,,,,
2026-09-19,zone,Tshopo,Bafwasende,128,https://ebola-tracker.org/reports/SITREP_MVE_128.pdf,,7,0,1,1,0,14.3,,,,,,,,,,,,,,,
2026-09-19,zone,Tshopo,Kabondo,128,https://ebola-tracker.org/reports/SITREP_MVE_128.pdf,,5,0,1,1,0,20.0,,,,,,,,,,,,,,,
2026-09-19,zone,Tshopo,Lubunga,128,https://ebola-tracker.org/reports/SITREP_MVE_128.pdf,,1,0,1,0,0,0.0,,,,,,,,,,,,,,,
2026-09-19,zone,Tshopo,Makiso-Kisangani,128,https://ebola-tracker.org/reports/SITREP_MVE_128.pdf,,20,1,1,9,1,45.0,,,,,,,,,,,,,,,
2026-09-19,zone,Tshopo,Mangobo,128,https://ebola-tracker.org/reports/SITREP_MVE_128.pdf,,4,0,1,2,0,50.0,,,,,,,,,,,,,,,
2026-09-19,zone,Tshopo,Tshopo,128,https://ebola-tracker.org/reports/SITREP_MVE_128.pdf,,1,0,1,0,0,0.0,,,,,,,,,,,,,,,
2026-09-19,zone,Tshopo,Wanie-Rukula,128,https://ebola-tracker.org/reports/SITREP_MVE_128.pdf,,1,0,1,1,0,100.0,,,,,,,,,,,,,,,
2026-09-20,pays,,,129,https://ebola-tracker.org/reports/SITREP_MVE_129.pdf,,7733,61,1,3732,33,48.3,1902,22,11,1764,318,395,61,15.4,821,1412,57.7,,,81.4,
2026-09-20,province,Bas-Uélé,,129,https://ebola-tracker.org/reports/SITREP_MVE_129.pdf,,7,0,1,4,0,57.1,,0,0,68,6,30,0,0.0,6,,,,,,874
2026-09-20,province,Haut-Uélé,,129,https://ebola-tracker.org/reports/SITREP_MVE_129.pdf,,311,4,1,128,2,41.2,,1,1,0,0,13,4,30.8,45,138,32.6,,,,
2026-09-20,province,Ituri,,129,https://ebola-tracker.org/reports/SITREP_MVE_129.pdf,,5947,34,1,2722,19,45.8,,11,8,828,187,116,34,29.3,442,1015,43.5,,,,
2026-09-20,province,Nord-Kivu,,129,https://ebola-tracker.org/reports/SITREP_MVE_129.pdf,,1425,23,1,862,12,60.5,,10,2,821,118,229,23,10.0,316,228,138.6,,,,
2026-09-20,province,Sud-Kivu,,129,https://ebola-tracker.org/reports/SITREP_MVE_129.pdf,,3,0,1,1,0,33.3,,0,0,,,,,,,,,,,,
2026-09-20,province,Sud-Ubangi,,129,https://ebola-tracker.org/reports/SITREP_MVE_129.pdf,,1,0,1,1,0,100.0,,0,0,0,0,,,,,,,,,,
2026-09-20,province,Tshopo,,129,https://ebola-tracker.org/reports/SITREP_MVE_129.pdf,,39,0,1,14,0,35.9,,0,0,47,7,7,0,0.0,12,31,38.7,,,,
2026-09-20,zone,Bas-Uélé,Buta,129,https://ebola-tracker.org/reports/SITREP_MVE_129.pdf,,1,0,1,1,0,100.0,,,,,,,,,,,,,,,
2026-09-20,zone,Bas-Uélé,Ganga,129,https://ebola-tracker.org/reports/SITREP_MVE_129.pdf,,3,0,1,2,0,66.7,,,,,,,,,,,,,,,
2026-09-20,zone,Bas-Uélé,Viadana,129,https://ebola-tracker.org/reports/SITREP_MVE_129.pdf,,3,0,1,1,0,33.3,,,,,,,,,,,,,,,
2026-09-20,zone,Haut-Uélé,Boma-Mangbetu,129,https://ebola-tracker.org/reports/SITREP_MVE_129.pdf,,36,0,1,15,0,41.7,,,,,,,,,,,,,,,
2026-09-20,zone,Haut-Uélé,Dungu,129,https://ebola-tracker.org/reports/SITREP_MVE_129.pdf,,1,0,1,1,0,100.0,,,,,,,,,,,,,,,
2026-09-20,zone,Haut-Uélé,Gombari,129,https://ebola-tracker.org/reports/SITREP_MVE_129.pdf,,3,0,1,1,0,33.3,,,,,,,,,,,,,,,
2026-09-20,zone,Haut-Uélé,Isiro,129,https://ebola-tracker.org/reports/SITREP_MVE_129.pdf,,99,1,1,43,1,43.4,,,,,,,,,,,,,,,
2026-09-20,zone,Haut-Uélé,Pawa,129,https://ebola-tracker.org/reports/SITREP_MVE_129.pdf,,68,0,1,32,0,47.1,,,,,,,,,,,,,,,
2026-09-20,zone,Haut-Uélé,Rungu,129,https://ebola-tracker.org/reports/SITREP_MVE_129.pdf,,2,0,1,1,0,50.0,,,,,,,,,,,,,,,
2026-09-20,zone,Haut-Uélé,Wamba,129,https://ebola-tracker.org/reports/SITREP_MVE_129.pdf,,102,3,1,35,1,34.3,,,,,,,,,,,,,,,
2026-09-20,zone,Ituri,Adja,129,https://ebola-tracker.org/reports/SITREP_MVE_129.pdf,,11,0,1,1,0,9.1,,,,,,,,,,,,,,,
2026-09-20,zone,Ituri,Ariwara,129,https://ebola-tracker.org/reports/SITREP_MVE_129.pdf,,8,0,1,2,0,25.0,,,,,,,,,,,,,,,
2026-09-20,zone,Ituri,Aru,129,https://ebola-tracker.org/reports/SITREP_MVE_129.pdf,,8,0,1,6,0,75.0,,,,,,,,,,,,,,,
2026-09-20,zone,Ituri,Aungba,129,https://ebola-tracker.org/reports/SITREP_MVE_129.pdf,,12,0,1,5,0,41.7,,,,,,,,,,,,,,,
2026-09-20,zone,Ituri,Bambu,129,https://ebola-tracker.org/reports/SITREP_MVE_129.pdf,,196,3,1,40,1,20.4,,,,,,,,,,,,,,,
2026-09-20,zone,Ituri,Boga,129,https://ebola-tracker.org/reports/SITREP_MVE_129.pdf,,2,0,1,2,0,100.0,,,,,,,,,,,,,,,
2026-09-20,zone,Ituri,Bunia,129,https://ebola-tracker.org/reports/SITREP_MVE_129.pdf,,1662,8,1,520,3,31.3,,,,,,,,,,,,,,,
2026-09-20,zone,Ituri,Damas,129,https://ebola-tracker.org/reports/SITREP_MVE_129.pdf,,40,0,1,9,0,22.5,,,,,,,,,,,,,,,
2026-09-20,zone,Ituri,Drodro,129,https://ebola-tracker.org/reports/SITREP_MVE_129.pdf,,15,0,1,7,0,46.7,,,,,,,,,,,,,,,
2026-09-20,zone,Ituri,Fataki,129,https://ebola-tracker.org/reports/SITREP_MVE_129.pdf,,81,0,1,30,0,37.0,,,,,,,,,,,,,,,
2026-09-20,zone,Ituri,Gethy,129,https://ebola-tracker.org/reports/SITREP_MVE_129.pdf,,7,0,1,3,0,42.9,,,,,,,,,,,,,,,
2026-09-20,zone,Ituri,Kambala,129,https://ebola-tracker.org/reports/SITREP_MVE_129.pdf,,2,0,1,0,0,0.0,,,,,,,,,,,,,,,
2026-09-20,zone,Ituri,Kilo,129,https://ebola-tracker.org/reports/SITREP_MVE_129.pdf,,34,0,1,12,0,35.3,,,,,,,,,,,,,,,
2026-09-20,zone,Ituri,Komanda,129,https://ebola-tracker.org/reports/SITREP_MVE_129.pdf,,147,0,1,90,1,61.2,,,,,,,,,,,,,,,
2026-09-20,zone,Ituri,Lita,129,https://ebola-tracker.org/reports/SITREP_MVE_129.pdf,,275,2,1,138,3,50.2,,,,,,,,,,,,,,,
2026-09-20,zone,Ituri,Logo,129,https://ebola-tracker.org/reports/SITREP_MVE_129.pdf,,13,0,1,5,0,38.5,,,,,,,,,,,,,,,
2026-09-20,zone,Ituri,Lolwa,129,https://ebola-tracker.org/reports/SITREP_MVE_129.pdf,,31,0,1,8,0,25.8,,,,,,,,,,,,,,,
2026-09-20,zone,Ituri,Mahagi,129,https://ebola-tracker.org/reports/SITREP_MVE_129.pdf,,4,0,1,1,0,25.0,,,,,,,,,,,,,,,
2026-09-20,zone,Ituri,Mambasa,129,https://ebola-tracker.org/reports/SITREP_MVE_129.pdf,,21,0,1,9,0,42.9,,,,,,,,,,,,,,,
2026-09-20,zone,Ituri,Mandima,129,https://ebola-tracker.org/reports/SITREP_MVE_129.pdf,,59,0,1,33,0,55.9,,,,,,,,,,,,,,,
2026-09-20,zone,Ituri,Mangala,129,https://ebola-tracker.org/reports/SITREP_MVE_129.pdf,,337,4,1,146,0,43.3,,,,,,,,,,,,,,,
2026-09-20,zone,Ituri,Mongbwalu,129,https://ebola-tracker.org/reports/SITREP_MVE_129.pdf,,689,3,1,321,2,46.6,,,,,,,,,,,,,,,
2026-09-20,zone,Ituri,Nia-Nia,129,https://ebola-tracker.org/reports/SITREP_MVE_129.pdf,,269,3,1,145,4,53.9,,,,,,,,,,,,,,,
2026-09-20,zone,Ituri,Nizi,129,https://ebola-tracker.org/reports/SITREP_MVE_129.pdf,,756,2,1,276,2,36.5,,,,,,,,,,,,,,,
2026-09-20,zone,Ituri,Nyankunde,129,https://ebola-tracker.org/reports/SITREP_MVE_129.pdf,,127,1,1,36,0,28.3,,,,,,,,,,,,,,,
2026-09-20,zone,Ituri,Rimba,129,https://ebola-tracker.org/reports/SITREP_MVE_129.pdf,,12,0,1,4,0,33.3,,,,,,,,,,,,,,,
2026-09-20,zone,Ituri,Rwampara,129,https://ebola-tracker.org/reports/SITREP_MVE_129.pdf,,1054,8,1,355,3,33.7,,,,,,,,,,,,,,,
2026-09-20,zone,Ituri,Tchomia,129,https://ebola-tracker.org/reports/SITREP_MVE_129.pdf,,75,0,1,25,0,33.3,,,,,,,,,,,,,,,
2026-09-20,zone,Nord-Kivu,Beni,129,https://ebola-tracker.org/reports/SITREP_MVE_129.pdf,,281,6,1,197,6,70.1,,,,,,,,,,,,,,,
2026-09-20,zone,Nord-Kivu,Biena,129,https://ebola-tracker.org/reports/SITREP_MVE_129.pdf,,18,0,1,7,0,38.9,,,,,,,,,,,,,,,
2026-09-20,zone,Nord-Kivu,Butembo,129,https://ebola-tracker.org/reports/SITREP_MVE_129.pdf,,252,0,1,161,0,63.9,,,,,,,,,,,,,,,
2026-09-20,zone,Nord-Kivu,Goma,129,https://ebola-tracker.org/reports/SITREP_MVE_129.pdf,,1,0,1,0,0,0.0,,,,,,,,,,,,,,,
2026-09-20,zone,Nord-Kivu,Kalunguta,129,https://ebola-tracker.org/reports/SITREP_MVE_129.pdf,,47,4,1,15,0,31.9,,,,,,,,,,,,,,,
2026-09-20,zone,Nord-Kivu,Katwa,129,https://ebola-tracker.org/reports/SITREP_MVE_129.pdf,,544,2,1,344,1,63.2,,,,,,,,,,,,,,,
2026-09-20,zone,Nord-Kivu,Kayna,129,https://ebola-tracker.org/reports/SITREP_MVE_129.pdf,,1,0,1,0,0,0.0,,,,,,,,,,,,,,,
2026-09-20,zone,Nord-Kivu,Kyondo,129,https://ebola-tracker.org/reports/SITREP_MVE_129.pdf,,32,0,1,20,0,62.5,,,,,,,,,,,,,,,
2026-09-20,zone,Nord-Kivu,Lubero,129,https://ebola-tracker.org/reports/SITREP_MVE_129.pdf,,20,4,1,10,3,50.0,,,,,,,,,,,,,,,
2026-09-20,zone,Nord-Kivu,Mabalako,129,https://ebola-tracker.org/reports/SITREP_MVE_129.pdf,,24,0,1,11,0,45.8,,,,,,,,,,,,,,,
2026-09-20,zone,Nord-Kivu,Manguredjipa,129,https://ebola-tracker.org/reports/SITREP_MVE_129.pdf,,11,1,1,4,1,36.4,,,,,,,,,,,,,,,
2026-09-20,zone,Nord-Kivu,Masereka,129,https://ebola-tracker.org/reports/SITREP_MVE_129.pdf,,25,1,1,9,0,36.0,,,,,,,,,,,,,,,
2026-09-20,zone,Nord-Kivu,Musienene,129,https://ebola-tracker.org/reports/SITREP_MVE_129.pdf,,121,0,1,65,0,53.7,,,,,,,,,,,,,,,
2026-09-20,zone,Nord-Kivu,Mutwanga,129,https://ebola-tracker.org/reports/SITREP_MVE_129.pdf,,9,1,1,2,0,22.2,,,,,,,,,,,,,,,
2026-09-20,zone,Nord-Kivu,Oicha,129,https://ebola-tracker.org/reports/SITREP_MVE_129.pdf,,14,1,1,11,1,78.6,,,,,,,,,,,,,,,
2026-09-20,zone,Nord-Kivu,Vuhovi,129,https://ebola-tracker.org/reports/SITREP_MVE_129.pdf,,25,3,1,6,0,24.0,,,,,,,,,,,,,,,
2026-09-20,zone,Sud-Kivu,Miti-Murhesa,129,https://ebola-tracker.org/reports/SITREP_MVE_129.pdf,,3,0,1,1,0,33.3,,,,,,,,,,,,,,,
2026-09-20,zone,Sud-Ubangi,Bulu,129,https://ebola-tracker.org/reports/SITREP_MVE_129.pdf,,1,0,1,1,0,100.0,,,,,,,,,,,,,,,
2026-09-20,zone,Tshopo,Bafwasende,129,https://ebola-tracker.org/reports/SITREP_MVE_129.pdf,,7,0,1,1,0,14.3,,,,,,,,,,,,,,,
2026-09-20,zone,Tshopo,Kabondo,129,https://ebola-tracker.org/reports/SITREP_MVE_129.pdf,,5,0,1,1,0,20.0,,,,,,,,,,,,,,,
2026-09-20,zone,Tshopo,Lubunga,129,https://ebola-tracker.org/reports/SITREP_MVE_129.pdf,,1,0,1,0,0,0.0,,,,,,,,,,,,,,,
2026-09-20,zone,Tshopo,Makiso-Kisangani,129,https://ebola-tracker.org/reports/SITREP_MVE_129.pdf,,20,0,1,9,0,45.0,,,,,,,,,,,,,,,
2026-09-20,zone,Tshopo,Mangobo,129,https://ebola-tracker.org/reports/SITREP_MVE_129.pdf,,4,0,1,2,0,50.0,,,,,,,,,,,,,,,
2026-09-20,zone,Tshopo,Tshopo,129,https://ebola-tracker.org/reports/SITREP_MVE_129.pdf,,1,0,1,0,0,0.0,,,,,,,,,,,,,,,
2026-09-20,zone,Tshopo,Wanie-Rukula,129,https://ebola-tracker.org/reports/SITREP_MVE_129.pdf,,1,0,1,1,0,100.0,,,,,,,,,,,,,,,
2026-09-21,pays,,,130,https://ebola-tracker.org/reports/SITREP_MVE_130.pdf,,7773,40,1,3759,27,48.4,1935,14,13,1898,359,384,40,10.4,839,1492,55.7,,,84.5,
2026-09-21,province,Bas-Uélé,,130,https://ebola-tracker.org/reports/SITREP_MVE_130.pdf,,7,0,1,4,0,57.1,,0,0,70,6,1,0,0.0,8,,,,,,
2026-09-21,province,Haut-Uélé,,130,https://ebola-tracker.org/reports/SITREP_MVE_130.pdf,,316,5,1,129,1,40.8,,1,0,13,12,27,5,18.5,50,138,36.2,,,,
2026-09-21,province,Ituri,,130,https://ebola-tracker.org/reports/SITREP_MVE_130.pdf,,5966,19,1,2737,15,45.9,,4,11,1155,229,172,19,11.0,432,1015,42.6,,,,
2026-09-21,province,Nord-Kivu,,130,https://ebola-tracker.org/reports/SITREP_MVE_130.pdf,,1438,13,1,872,10,60.6,,8,2,557,105,180,13,7.2,338,308,109.7,,,,
2026-09-21,province,Sud-Kivu,,130,https://ebola-tracker.org/reports/SITREP_MVE_130.pdf,,3,0,1,1,0,33.3,,0,0,,,,,,,,,,,,
2026-09-21,province,Sud-Ubangi,,130,https://ebola-tracker.org/reports/SITREP_MVE_130.pdf,,1,0,1,1,0,100.0,,0,0,0,0,,,,,,,,,,
2026-09-21,province,Tshopo,,130,https://ebola-tracker.org/reports/SITREP_MVE_130.pdf,,42,3,1,15,1,35.7,,1,0,103,7,4,3,75.0,11,31,35.5,,,,3774
2026-09-21,zone,Bas-Uélé,Buta,130,https://ebola-tracker.org/reports/SITREP_MVE_130.pdf,,1,0,1,1,0,100.0,,,,,,,,,,,,,,,
2026-09-21,zone,Bas-Uélé,Ganga,130,https://ebola-tracker.org/reports/SITREP_MVE_130.pdf,,3,0,1,2,0,66.7,,,,,,,,,,,,,,,
2026-09-21,zone,Bas-Uélé,Viadana,130,https://ebola-tracker.org/reports/SITREP_MVE_130.pdf,,3,0,1,1,0,33.3,,,,,,,,,,,,,,,
2026-09-21,zone,Haut-Uélé,Boma-Mangbetu,130,https://ebola-tracker.org/reports/SITREP_MVE_130.pdf,,36,0,1,15,0,41.7,,,,,,,,,,,,,,,
2026-09-21,zone,Haut-Uélé,Dungu,130,https://ebola-tracker.org/reports/SITREP_MVE_130.pdf,,1,0,1,1,0,100.0,,,,,,,,,,,,,,,
2026-09-21,zone,Haut-Uélé,Gombari,130,https://ebola-tracker.org/reports/SITREP_MVE_130.pdf,,3,0,1,1,0,33.3,,,,,,,,,,,,,,,
2026-09-21,zone,Haut-Uélé,Isiro,130,https://ebola-tracker.org/reports/SITREP_MVE_130.pdf,,99,0,1,43,0,43.4,,,,,,,,,,,,,,,
2026-09-21,zone,Haut-Uélé,Pawa,130,https://ebola-tracker.org/reports/SITREP_MVE_130.pdf,,70,2,1,32,0,45.7,,,,,,,,,,,,,,,
2026-09-21,zone,Haut-Uélé,Rungu,130,https://ebola-tracker.org/reports/SITREP_MVE_130.pdf,,2,0,1,1,0,50.0,,,,,,,,,,,,,,,
2026-09-21,zone,Haut-Uélé,Wamba,130,https://ebola-tracker.org/reports/SITREP_MVE_130.pdf,,105,3,1,36,1,34.3,,,,,,,,,,,,,,,
2026-09-21,zone,Ituri,Adja,130,https://ebola-tracker.org/reports/SITREP_MVE_130.pdf,,11,0,1,1,0,9.1,,,,,,,,,,,,,,,
2026-09-21,zone,Ituri,Ariwara,130,https://ebola-tracker.org/reports/SITREP_MVE_130.pdf,,8,0,1,2,0,25.0,,,,,,,,,,,,,,,
2026-09-21,zone,Ituri,Aru,130,https://ebola-tracker.org/reports/SITREP_MVE_130.pdf,,8,0,1,6,0,75.0,,,,,,,,,,,,,,,
2026-09-21,zone,Ituri,Aungba,130,https://ebola-tracker.org/reports/SITREP_MVE_130.pdf,,12,0,1,5,0,41.7,,,,,,,,,,,,,,,
2026-09-21,zone,Ituri,Bambu,130,https://ebola-tracker.org/reports/SITREP_MVE_130.pdf,,196,0,1,41,1,20.9,,,,,,,,,,,,,,,
2026-09-21,zone,Ituri,Boga,130,https://ebola-tracker.org/reports/SITREP_MVE_130.pdf,,2,0,1,2,0,100.0,,,,,,,,,,,,,,,
2026-09-21,zone,Ituri,Bunia,130,https://ebola-tracker.org/reports/SITREP_MVE_130.pdf,,1666,4,1,523,3,31.4,,,,,,,,,,,,,,,
2026-09-21,zone,Ituri,Damas,130,https://ebola-tracker.org/reports/SITREP_MVE_130.pdf,,40,0,1,9,0,22.5,,,,,,,,,,,,,,,
2026-09-21,zone,Ituri,Drodro,130,https://ebola-tracker.org/reports/SITREP_MVE_130.pdf,,15,0,1,7,0,46.7,,,,,,,,,,,,,,,
2026-09-21,zone,Ituri,Fataki,130,https://ebola-tracker.org/reports/SITREP_MVE_130.pdf,,81,0,1,30,0,37.0,,,,,,,,,,,,,,,
2026-09-21,zone,Ituri,Gethy,130,https://ebola-tracker.org/reports/SITREP_MVE_130.pdf,,7,0,1,3,0,42.9,,,,,,,,,,,,,,,
2026-09-21,zone,Ituri,Kambala,130,https://ebola-tracker.org/reports/SITREP_MVE_130.pdf,,2,0,1,0,0,0.0,,,,,,,,,,,,,,,
2026-09-21,zone,Ituri,Kilo,130,https://ebola-tracker.org/reports/SITREP_MVE_130.pdf,,34,0,1,12,0,35.3,,,,,,,,,,,,,,,
2026-09-21,zone,Ituri,Komanda,130,https://ebola-tracker.org/reports/SITREP_MVE_130.pdf,,147,0,1,91,1,61.9,,,,,,,,,,,,,,,
2026-09-21,zone,Ituri,Lita,130,https://ebola-tracker.org/reports/SITREP_MVE_130.pdf,,276,1,1,138,0,50.0,,,,,,,,,,,,,,,
2026-09-21,zone,Ituri,Logo,130,https://ebola-tracker.org/reports/SITREP_MVE_130.pdf,,13,0,1,5,0,38.5,,,,,,,,,,,,,,,
2026-09-21,zone,Ituri,Lolwa,130,https://ebola-tracker.org/reports/SITREP_MVE_130.pdf,,31,0,1,8,0,25.8,,,,,,,,,,,,,,,
2026-09-21,zone,Ituri,Mahagi,130,https://ebola-tracker.org/reports/SITREP_MVE_130.pdf,,4,0,1,1,0,25.0,,,,,,,,,,,,,,,
2026-09-21,zone,Ituri,Mambasa,130,https://ebola-tracker.org/reports/SITREP_MVE_130.pdf,,22,1,1,9,0,40.9,,,,,,,,,,,,,,,
2026-09-21,zone,Ituri,Mandima,130,https://ebola-tracker.org/reports/SITREP_MVE_130.pdf,,59,0,1,33,0,55.9,,,,,,,,,,,,,,,
2026-09-21,zone,Ituri,Mangala,130,https://ebola-tracker.org/reports/SITREP_MVE_130.pdf,,341,4,1,149,3,43.7,,,,,,,,,,,,,,,
2026-09-21,zone,Ituri,Mongbwalu,130,https://ebola-tracker.org/reports/SITREP_MVE_130.pdf,,691,2,1,322,1,46.6,,,,,,,,,,,,,,,
2026-09-21,zone,Ituri,Nia-Nia,130,https://ebola-tracker.org/reports/SITREP_MVE_130.pdf,,269,0,1,148,3,55.0,,,,,,,,,,,,,,,
2026-09-21,zone,Ituri,Nizi,130,https://ebola-tracker.org/reports/SITREP_MVE_130.pdf,,761,5,1,276,0,36.3,,,,,,,,,,,,,,,
2026-09-21,zone,Ituri,Nyankunde,130,https://ebola-tracker.org/reports/SITREP_MVE_130.pdf,,127,0,1,36,0,28.3,,,,,,,,,,,,,,,
2026-09-21,zone,Ituri,Rimba,130,https://ebola-tracker.org/reports/SITREP_MVE_130.pdf,,12,0,1,4,0,33.3,,,,,,,,,,,,,,,
2026-09-21,zone,Ituri,Rwampara,130,https://ebola-tracker.org/reports/SITREP_MVE_130.pdf,,1056,2,1,358,3,33.9,,,,,,,,,,,,,,,
2026-09-21,zone,Ituri,Tchomia,130,https://ebola-tracker.org/reports/SITREP_MVE_130.pdf,,75,0,1,25,0,33.3,,,,,,,,,,,,,,,
2026-09-21,zone,Nord-Kivu,Beni,130,https://ebola-tracker.org/reports/SITREP_MVE_130.pdf,,289,8,1,204,7,70.6,,,,,,,,,,,,,,,
2026-09-21,zone,Nord-Kivu,Biena,130,https://ebola-tracker.org/reports/SITREP_MVE_130.pdf,,18,0,1,7,0,38.9,,,,,,,,,,,,,,,
2026-09-21,zone,Nord-Kivu,Butembo,130,https://ebola-tracker.org/reports/SITREP_MVE_130.pdf,,253,1,1,162,1,64.0,,,,,,,,,,,,,,,
2026-09-21,zone,Nord-Kivu,Goma,130,https://ebola-tracker.org/reports/SITREP_MVE_130.pdf,,1,0,1,0,0,0.0,,,,,,,,,,,,,,,
2026-09-21,zone,Nord-Kivu,Kalunguta,130,https://ebola-tracker.org/reports/SITREP_MVE_130.pdf,,49,2,1,16,1,32.7,,,,,,,,,,,,,,,
2026-09-21,zone,Nord-Kivu,Katwa,130,https://ebola-tracker.org/reports/SITREP_MVE_130.pdf,,544,0,1,344,0,63.2,,,,,,,,,,,,,,,
2026-09-21,zone,Nord-Kivu,Kayna,130,https://ebola-tracker.org/reports/SITREP_MVE_130.pdf,,1,0,1,0,0,0.0,,,,,,,,,,,,,,,
2026-09-21,zone,Nord-Kivu,Kyondo,130,https://ebola-tracker.org/reports/SITREP_MVE_130.pdf,,32,0,1,20,0,62.5,,,,,,,,,,,,,,,
2026-09-21,zone,Nord-Kivu,Lubero,130,https://ebola-tracker.org/reports/SITREP_MVE_130.pdf,,20,0,1,10,0,50.0,,,,,,,,,,,,,,,
2026-09-21,zone,Nord-Kivu,Mabalako,130,https://ebola-tracker.org/reports/SITREP_MVE_130.pdf,,24,0,1,11,0,45.8,,,,,,,,,,,,,,,
2026-09-21,zone,Nord-Kivu,Manguredjipa,130,https://ebola-tracker.org/reports/SITREP_MVE_130.pdf,,12,1,1,4,0,33.3,,,,,,,,,,,,,,,
2026-09-21,zone,Nord-Kivu,Masereka,130,https://ebola-tracker.org/reports/SITREP_MVE_130.pdf,,25,0,1,9,0,36.0,,,,,,,,,,,,,,,
2026-09-21,zone,Nord-Kivu,Musienene,130,https://ebola-tracker.org/reports/SITREP_MVE_130.pdf,,121,0,1,65,0,53.7,,,,,,,,,,,,,,,
2026-09-21,zone,Nord-Kivu,Mutwanga,130,https://ebola-tracker.org/reports/SITREP_MVE_130.pdf,,9,0,1,2,0,22.2,,,,,,,,,,,,,,,
2026-09-21,zone,Nord-Kivu,Oicha,130,https://ebola-tracker.org/reports/SITREP_MVE_130.pdf,,14,0,1,11,0,78.6,,,,,,,,,,,,,,,
2026-09-21,zone,Nord-Kivu,Vuhovi,130,https://ebola-tracker.org/reports/SITREP_MVE_130.pdf,,26,1,1,7,1,26.9,,,,,,,,,,,,,,,
2026-09-21,zone,Sud-Kivu,Miti-Murhesa,130,https://ebola-tracker.org/reports/SITREP_MVE_130.pdf,,3,0,1,1,0,33.3,,,,,,,,,,,,,,,
2026-09-21,zone,Sud-Ubangi,Bulu,130,https://ebola-tracker.org/reports/SITREP_MVE_130.pdf,,1,0,1,1,0,100.0,,,,,,,,,,,,,,,
2026-09-21,zone,Tshopo,Bafwasende,130,https://ebola-tracker.org/reports/SITREP_MVE_130.pdf,,7,0,1,1,0,14.3,,,,,,,,,,,,,,,
2026-09-21,zone,Tshopo,Kabondo,130,https://ebola-tracker.org/reports/SITREP_MVE_130.pdf,,5,0,1,1,0,20.0,,,,,,,,,,,,,,,
2026-09-21,zone,Tshopo,Lubunga,130,https://ebola-tracker.org/reports/SITREP_MVE_130.pdf,,1,0,1,0,0,0.0,,,,,,,,,,,,,,,
2026-09-21,zone,Tshopo,Makiso-Kisangani,130,https://ebola-tracker.org/reports/SITREP_MVE_130.pdf,,22,2,1,9,0,40.9,,,,,,,,,,,,,,,
2026-09-21,zone,Tshopo,Mangobo,130,https://ebola-tracker.org/reports/SITREP_MVE_130.pdf,,5,1,1,3,1,60.0,,,,,,,,,,,,,,,
2026-09-21,zone,Tshopo,Tshopo,130,https://ebola-tracker.org/reports/SITREP_MVE_130.pdf,,1,0,1,0,0,0.0,,,,,,,,,,,,,,,
2026-09-21,zone,Tshopo,Wanie-Rukula,130,https://ebola-tracker.org/reports/SITREP_MVE_130.pdf,,1,0,1,1,0,100.0,,,,,,,,,,,,,,,
2026-09-22,pays,,,131,https://ebola-tracker.org/reports/SITREP_MVE_131.pdf,,7820,47,1,3779,20,48.3,1951,13,7,2806,449,328,46,14.0,885,1492,58.8,32745,25652,78.3,
2026-09-22,province,Bas-Uélé,,131,https://ebola-tracker.org/reports/SITREP_MVE_131.pdf,,7,0,1,4,0,57.1,,0,0,48,8,2,0,0.0,7,,,137,111,81.0,
2026-09-22,province,Haut-Uélé,,131,https://ebola-tracker.org/reports/SITREP_MVE_131.pdf,,316,0,1,130,1,41.1,,0,1,24,21,2,0,0.0,56,138,40.6,1947,1560,80.1,
2026-09-22,province,Ituri,,131,https://ebola-tracker.org/reports/SITREP_MVE_131.pdf,,6001,35,1,2751,14,45.8,,10,4,1334,190,190,35,18.4,429,1015,42.3,16268,12786,78.6,
2026-09-22,province,Nord-Kivu,,131,https://ebola-tracker.org/reports/SITREP_MVE_131.pdf,,1449,11,1,877,5,60.5,,3,2,1306,219,130,11,8.5,377,308,122.4,13839,10685,77.2,
2026-09-22,province,Sud-Kivu,,131,https://ebola-tracker.org/reports/SITREP_MVE_131.pdf,,3,0,1,1,0,33.3,,0,0,,,,,,,,,,,,
2026-09-22,province,Sud-Ubangi,,131,https://ebola-tracker.org/reports/SITREP_MVE_131.pdf,,2,1,1,1,0,50.0,,0,0,13,3,,,,,,,60,52,86.7,
2026-09-22,province,Tshopo,,131,https://ebola-tracker.org/reports/SITREP_MVE_131.pdf,,42,0,1,15,0,35.7,,0,0,81,8,4,0,0.0,16,31,51.6,494,458,92.7,3874
2026-09-22,zone,Bas-Uélé,Buta,131,https://ebola-tracker.org/reports/SITREP_MVE_131.pdf,,1,0,1,1,0,100.0,,,,,,,,,,,,,,,
2026-09-22,zone,Bas-Uélé,Ganga,131,https://ebola-tracker.org/reports/SITREP_MVE_131.pdf,,3,0,1,2,0,66.7,,,,,,,,,,,,,,,
2026-09-22,zone,Bas-Uélé,Viadana,131,https://ebola-tracker.org/reports/SITREP_MVE_131.pdf,,3,0,1,1,0,33.3,,,,,,,,,,,,,,,
2026-09-22,zone,Haut-Uélé,Boma-Mangbetu,131,https://ebola-tracker.org/reports/SITREP_MVE_131.pdf,,36,0,1,15,0,41.7,,,,,,,,,,,,,,,
2026-09-22,zone,Haut-Uélé,Dungu,131,https://ebola-tracker.org/reports/SITREP_MVE_131.pdf,,1,0,1,1,0,100.0,,,,,,,,,,,,,,,
2026-09-22,zone,Haut-Uélé,Gombari,131,https://ebola-tracker.org/reports/SITREP_MVE_131.pdf,,3,0,1,1,0,33.3,,,,,,,,,,,,,,,
2026-09-22,zone,Haut-Uélé,Isiro,131,https://ebola-tracker.org/reports/SITREP_MVE_131.pdf,,99,0,1,43,0,43.4,,,,,,,,,,,,,,,
2026-09-22,zone,Haut-Uélé,Pawa,131,https://ebola-tracker.org/reports/SITREP_MVE_131.pdf,,70,0,1,33,1,47.1,,,,,,,,,,,,,,,
2026-09-22,zone,Haut-Uélé,Rungu,131,https://ebola-tracker.org/reports/SITREP_MVE_131.pdf,,2,0,1,1,0,50.0,,,,,,,,,,,,,,,
2026-09-22,zone,Haut-Uélé,Wamba,131,https://ebola-tracker.org/reports/SITREP_MVE_131.pdf,,105,0,1,36,0,34.3,,,,,,,,,,,,,,,
2026-09-22,zone,Ituri,Adja,131,https://ebola-tracker.org/reports/SITREP_MVE_131.pdf,,11,0,1,1,0,9.1,,,,,,,,,,,,,,,
2026-09-22,zone,Ituri,Ariwara,131,https://ebola-tracker.org/reports/SITREP_MVE_131.pdf,,8,0,1,2,0,25.0,,,,,,,,,,,,,,,
2026-09-22,zone,Ituri,Aru,131,https://ebola-tracker.org/reports/SITREP_MVE_131.pdf,,8,0,1,6,0,75.0,,,,,,,,,,,,,,,
2026-09-22,zone,Ituri,Aungba,131,https://ebola-tracker.org/reports/SITREP_MVE_131.pdf,,12,0,1,5,0,41.7,,,,,,,,,,,,,,,
2026-09-22,zone,Ituri,Bambu,131,https://ebola-tracker.org/reports/SITREP_MVE_131.pdf,,197,1,1,41,0,20.8,,,,,,,,,,,,,,,
2026-09-22,zone,Ituri,Boga,131,https://ebola-tracker.org/reports/SITREP_MVE_131.pdf,,2,0,1,2,0,100.0,,,,,,,,,,,,,,,
2026-09-22,zone,Ituri,Bunia,131,https://ebola-tracker.org/reports/SITREP_MVE_131.pdf,,1678,12,1,528,5,31.5,,,,,,,,,,,,,,,
2026-09-22,zone,Ituri,Damas,131,https://ebola-tracker.org/reports/SITREP_MVE_131.pdf,,40,0,1,9,0,22.5,,,,,,,,,,,,,,,
2026-09-22,zone,Ituri,Drodro,131,https://ebola-tracker.org/reports/SITREP_MVE_131.pdf,,15,0,1,7,0,46.7,,,,,,,,,,,,,,,
2026-09-22,zone,Ituri,Fataki,131,https://ebola-tracker.org/reports/SITREP_MVE_131.pdf,,81,0,1,30,0,37.0,,,,,,,,,,,,,,,
2026-09-22,zone,Ituri,Gethy,131,https://ebola-tracker.org/reports/SITREP_MVE_131.pdf,,7,0,1,3,0,42.9,,,,,,,,,,,,,,,
2026-09-22,zone,Ituri,Kambala,131,https://ebola-tracker.org/reports/SITREP_MVE_131.pdf,,2,0,1,0,0,0.0,,,,,,,,,,,,,,,
2026-09-22,zone,Ituri,Kilo,131,https://ebola-tracker.org/reports/SITREP_MVE_131.pdf,,34,0,1,12,0,35.3,,,,,,,,,,,,,,,
2026-09-22,zone,Ituri,Komanda,131,https://ebola-tracker.org/reports/SITREP_MVE_131.pdf,,153,6,1,93,2,60.8,,,,,,,,,,,,,,,
2026-09-22,zone,Ituri,Lita,131,https://ebola-tracker.org/reports/SITREP_MVE_131.pdf,,276,0,1,138,0,50.0,,,,,,,,,,,,,,,
2026-09-22,zone,Ituri,Logo,131,https://ebola-tracker.org/reports/SITREP_MVE_131.pdf,,13,0,1,5,0,38.5,,,,,,,,,,,,,,,
2026-09-22,zone,Ituri,Lolwa,131,https://ebola-tracker.org/reports/SITREP_MVE_131.pdf,,32,1,1,8,0,25.0,,,,,,,,,,,,,,,
2026-09-22,zone,Ituri,Mahagi,131,https://ebola-tracker.org/reports/SITREP_MVE_131.pdf,,4,0,1,1,0,25.0,,,,,,,,,,,,,,,
2026-09-22,zone,Ituri,Mambasa,131,https://ebola-tracker.org/reports/SITREP_MVE_131.pdf,,23,1,1,9,0,39.1,,,,,,,,,,,,,,,
2026-09-22,zone,Ituri,Mandima,131,https://ebola-tracker.org/reports/SITREP_MVE_131.pdf,,66,7,1,36,3,54.5,,,,,,,,,,,,,,,
2026-09-22,zone,Ituri,Mangala,131,https://ebola-tracker.org/reports/SITREP_MVE_131.pdf,,341,0,1,149,0,43.7,,,,,,,,,,,,,,,
2026-09-22,zone,Ituri,Mongbwalu,131,https://ebola-tracker.org/reports/SITREP_MVE_131.pdf,,692,1,1,323,1,46.7,,,,,,,,,,,,,,,
2026-09-22,zone,Ituri,Nia-Nia,131,https://ebola-tracker.org/reports/SITREP_MVE_131.pdf,,269,0,1,149,1,55.4,,,,,,,,,,,,,,,
2026-09-22,zone,Ituri,Nizi,131,https://ebola-tracker.org/reports/SITREP_MVE_131.pdf,,762,1,1,276,0,36.2,,,,,,,,,,,,,,,
2026-09-22,zone,Ituri,Nyankunde,131,https://ebola-tracker.org/reports/SITREP_MVE_131.pdf,,127,0,1,37,1,29.1,,,,,,,,,,,,,,,
2026-09-22,zone,Ituri,Rimba,131,https://ebola-tracker.org/reports/SITREP_MVE_131.pdf,,12,0,1,4,0,33.3,,,,,,,,,,,,,,,
2026-09-22,zone,Ituri,Rwampara,131,https://ebola-tracker.org/reports/SITREP_MVE_131.pdf,,1061,5,1,359,1,33.8,,,,,,,,,,,,,,,
2026-09-22,zone,Ituri,Tchomia,131,https://ebola-tracker.org/reports/SITREP_MVE_131.pdf,,75,0,1,25,0,33.3,,,,,,,,,,,,,,,
2026-09-22,zone,Nord-Kivu,Beni,131,https://ebola-tracker.org/reports/SITREP_MVE_131.pdf,,292,3,1,204,0,69.9,,,,,,,,,,,,,,,
2026-09-22,zone,Nord-Kivu,Biena,131,https://ebola-tracker.org/reports/SITREP_MVE_131.pdf,,18,0,1,7,0,38.9,,,,,,,,,,,,,,,
2026-09-22,zone,Nord-Kivu,Butembo,131,https://ebola-tracker.org/reports/SITREP_MVE_131.pdf,,253,0,1,162,0,64.0,,,,,,,,,,,,,,,
2026-09-22,zone,Nord-Kivu,Goma,131,https://ebola-tracker.org/reports/SITREP_MVE_131.pdf,,1,0,1,0,0,0.0,,,,,,,,,,,,,,,
2026-09-22,zone,Nord-Kivu,Kalunguta,131,https://ebola-tracker.org/reports/SITREP_MVE_131.pdf,,49,0,1,16,0,32.7,,,,,,,,,,,,,,,
2026-09-22,zone,Nord-Kivu,Katwa,131,https://ebola-tracker.org/reports/SITREP_MVE_131.pdf,,548,4,1,348,4,63.5,,,,,,,,,,,,,,,
2026-09-22,zone,Nord-Kivu,Kayna,131,https://ebola-tracker.org/reports/SITREP_MVE_131.pdf,,1,0,1,0,0,0.0,,,,,,,,,,,,,,,
2026-09-22,zone,Nord-Kivu,Kyondo,131,https://ebola-tracker.org/reports/SITREP_MVE_131.pdf,,32,0,1,20,0,62.5,,,,,,,,,,,,,,,
2026-09-22,zone,Nord-Kivu,Lubero,131,https://ebola-tracker.org/reports/SITREP_MVE_131.pdf,,20,0,1,10,0,50.0,,,,,,,,,,,,,,,
2026-09-22,zone,Nord-Kivu,Mabalako,131,https://ebola-tracker.org/reports/SITREP_MVE_131.pdf,,24,0,1,11,0,45.8,,,,,,,,,,,,,,,
2026-09-22,zone,Nord-Kivu,Manguredjipa,131,https://ebola-tracker.org/reports/SITREP_MVE_131.pdf,,13,1,1,4,0,30.8,,,,,,,,,,,,,,,
2026-09-22,zone,Nord-Kivu,Masereka,131,https://ebola-tracker.org/reports/SITREP_MVE_131.pdf,,25,0,1,9,0,36.0,,,,,,,,,,,,,,,
2026-09-22,zone,Nord-Kivu,Musienene,131,https://ebola-tracker.org/reports/SITREP_MVE_131.pdf,,121,0,1,65,0,53.7,,,,,,,,,,,,,,,
2026-09-22,zone,Nord-Kivu,Mutwanga,131,https://ebola-tracker.org/reports/SITREP_MVE_131.pdf,,10,1,1,2,0,20.0,,,,,,,,,,,,,,,
2026-09-22,zone,Nord-Kivu,Oicha,131,https://ebola-tracker.org/reports/SITREP_MVE_131.pdf,,15,1,1,11,0,73.3,,,,,,,,,,,,,,,
2026-09-22,zone,Nord-Kivu,Vuhovi,131,https://ebola-tracker.org/reports/SITREP_MVE_131.pdf,,27,1,1,8,1,29.6,,,,,,,,,,,,,,,
2026-09-22,zone,Sud-Kivu,Miti-Murhesa,131,https://ebola-tracker.org/reports/SITREP_MVE_131.pdf,,3,0,1,1,0,33.3,,,,,,,,,,,,,,,
2026-09-22,zone,Sud-Ubangi,Bulu,131,https://ebola-tracker.org/reports/SITREP_MVE_131.pdf,,2,1,1,1,0,50.0,,,,,,,,,,,,,,,
2026-09-22,zone,Tshopo,Bafwasende,131,https://ebola-tracker.org/reports/SITREP_MVE_131.pdf,,7,0,1,1,0,14.3,,,,,,,,,,,,,,,
2026-09-22,zone,Tshopo,Kabondo,131,https://ebola-tracker.org/reports/SITREP_MVE_131.pdf,,5,0,1,1,0,20.0,,,,,,,,,,,,,,,
2026-09-22,zone,Tshopo,Lubunga,131,https://ebola-tracker.org/reports/SITREP_MVE_131.pdf,,1,0,1,0,0,0.0,,,,,,,,,,,,,,,
2026-09-22,zone,Tshopo,Makiso-Kisangani,131,https://ebola-tracker.org/reports/SITREP_MVE_131.pdf,,22,0,1,9,0,40.9,,,,,,,,,,,,,,,
2026-09-22,zone,Tshopo,Mangobo,131,https://ebola-tracker.org/reports/SITREP_MVE_131.pdf,,5,0,1,3,0,60.0,,,,,,,,,,,,,,,
2026-09-22,zone,Tshopo,Tshopo,131,https://ebola-tracker.org/reports/SITREP_MVE_131.pdf,,1,0,1,0,0,0.0,,,,,,,,,,,,,,,
2026-09-22,zone,Tshopo,Wanie-Rukula,131,https://ebola-tracker.org/reports/SITREP_MVE_131.pdf,,1,0,1,1,0,100.0,,,,,,,,,,,,,,,
2026-09-23,pays,,,132,https://ebola-tracker.org/reports/SITREP_MVE_132.pdf,,7890,70,1,3799,20,48.1,1966,11,9,2173,353,453,70,15.5,871,1461,59.6,32342,26980,83.4,
2026-09-23,province,Bas-Uélé,,132,https://ebola-tracker.org/reports/SITREP_MVE_132.pdf,,8,1,1,4,0,50.0,,0,0,78,16,4,1,25.0,,,,136,120,88.2,
2026-09-23,province,Haut-Uélé,,132,https://ebola-tracker.org/reports/SITREP_MVE_132.pdf,,322,6,1,130,0,40.4,,0,0,16,12,26,6,23.1,62,138,44.9,2035,1621,79.7,
2026-09-23,province,Ituri,,132,https://ebola-tracker.org/reports/SITREP_MVE_132.pdf,,6032,31,1,2764,13,45.8,,7,6,1127,176,257,31,12.1,440,1015,43.3,16005,13615,85.1,96
2026-09-23,province,Nord-Kivu,,132,https://ebola-tracker.org/reports/SITREP_MVE_132.pdf,,1480,31,1,884,7,59.7,,4,3,853,139,162,31,19.1,369,308,119.8,13564,11090,81.8,
2026-09-23,province,Sud-Kivu,,132,https://ebola-tracker.org/reports/SITREP_MVE_132.pdf,,3,0,1,1,0,33.3,,0,0,,,,,,,,,,,,
2026-09-23,province,Sud-Ubangi,,132,https://ebola-tracker.org/reports/SITREP_MVE_132.pdf,,2,0,1,1,0,50.0,,0,0,18,3,,,,,,,97,88,90.7,
2026-09-23,province,Tshopo,,132,https://ebola-tracker.org/reports/SITREP_MVE_132.pdf,,43,1,1,15,0,34.9,,0,0,81,7,4,1,25.0,,,,505,446,88.3,4058
2026-09-23,zone,Bas-Uélé,Buta,132,https://ebola-tracker.org/reports/SITREP_MVE_132.pdf,,1,0,1,1,0,100.0,,,,,,,,,,,,,,,
2026-09-23,zone,Bas-Uélé,Ganga,132,https://ebola-tracker.org/reports/SITREP_MVE_132.pdf,,3,0,1,2,0,66.7,,,,,,,,,,,,,,,
2026-09-23,zone,Bas-Uélé,Viadana,132,https://ebola-tracker.org/reports/SITREP_MVE_132.pdf,,4,1,1,1,0,25.0,,,,,,,,,,,,,,,
2026-09-23,zone,Haut-Uélé,Boma-Mangbetu,132,https://ebola-tracker.org/reports/SITREP_MVE_132.pdf,,39,3,1,15,0,38.5,,,,,,,,,,,,,,,
2026-09-23,zone,Haut-Uélé,Dungu,132,https://ebola-tracker.org/reports/SITREP_MVE_132.pdf,,1,0,1,1,0,100.0,,,,,,,,,,,,,,,
2026-09-23,zone,Haut-Uélé,Gombari,132,https://ebola-tracker.org/reports/SITREP_MVE_132.pdf,,3,0,1,1,0,33.3,,,,,,,,,,,,,,,
2026-09-23,zone,Haut-Uélé,Isiro,132,https://ebola-tracker.org/reports/SITREP_MVE_132.pdf,,100,1,1,43,0,43.0,,,,,,,,,,,,,,,
2026-09-23,zone,Haut-Uélé,Pawa,132,https://ebola-tracker.org/reports/SITREP_MVE_132.pdf,,71,1,1,33,0,46.5,,,,,,,,,,,,,,,
2026-09-23,zone,Haut-Uélé,Rungu,132,https://ebola-tracker.org/reports/SITREP_MVE_132.pdf,,2,0,1,1,0,50.0,,,,,,,,,,,,,,,
2026-09-23,zone,Haut-Uélé,Wamba,132,https://ebola-tracker.org/reports/SITREP_MVE_132.pdf,,106,1,1,36,0,34.0,,,,,,,,,,,,,,,
2026-09-23,zone,Ituri,Adja,132,https://ebola-tracker.org/reports/SITREP_MVE_132.pdf,,11,0,1,1,0,9.1,,,,,,,,,,,,,,,
2026-09-23,zone,Ituri,Ariwara,132,https://ebola-tracker.org/reports/SITREP_MVE_132.pdf,,8,0,1,2,0,25.0,,,,,,,,,,,,,,,
2026-09-23,zone,Ituri,Aru,132,https://ebola-tracker.org/reports/SITREP_MVE_132.pdf,,8,0,1,6,0,75.0,,,,,,,,,,,,,,,
2026-09-23,zone,Ituri,Aungba,132,https://ebola-tracker.org/reports/SITREP_MVE_132.pdf,,12,0,1,5,0,41.7,,,,,,,,,,,,,,,
2026-09-23,zone,Ituri,Bambu,132,https://ebola-tracker.org/reports/SITREP_MVE_132.pdf,,197,0,1,42,1,21.3,,,,,,,,,,,,,,,
2026-09-23,zone,Ituri,Boga,132,https://ebola-tracker.org/reports/SITREP_MVE_132.pdf,,2,0,1,2,0,100.0,,,,,,,,,,,,,,,
2026-09-23,zone,Ituri,Bunia,132,https://ebola-tracker.org/reports/SITREP_MVE_132.pdf,,1683,5,1,529,1,31.4,,,,,,,,,,,,,,,
2026-09-23,zone,Ituri,Damas,132,https://ebola-tracker.org/reports/SITREP_MVE_132.pdf,,40,0,1,9,0,22.5,,,,,,,,,,,,,,,
2026-09-23,zone,Ituri,Drodro,132,https://ebola-tracker.org/reports/SITREP_MVE_132.pdf,,15,0,1,7,0,46.7,,,,,,,,,,,,,,,
2026-09-23,zone,Ituri,Fataki,132,https://ebola-tracker.org/reports/SITREP_MVE_132.pdf,,81,0,1,30,0,37.0,,,,,,,,,,,,,,,
2026-09-23,zone,Ituri,Gethy,132,https://ebola-tracker.org/reports/SITREP_MVE_132.pdf,,7,0,1,3,0,42.9,,,,,,,,,,,,,,,
2026-09-23,zone,Ituri,Kambala,132,https://ebola-tracker.org/reports/SITREP_MVE_132.pdf,,2,0,1,0,0,0.0,,,,,,,,,,,,,,,
2026-09-23,zone,Ituri,Kilo,132,https://ebola-tracker.org/reports/SITREP_MVE_132.pdf,,34,0,1,12,0,35.3,,,,,,,,,,,,,,,
2026-09-23,zone,Ituri,Komanda,132,https://ebola-tracker.org/reports/SITREP_MVE_132.pdf,,159,6,1,94,1,59.1,,,,,,,,,,,,,,,
2026-09-23,zone,Ituri,Lita,132,https://ebola-tracker.org/reports/SITREP_MVE_132.pdf,,277,1,1,139,1,50.2,,,,,,,,,,,,,,,
2026-09-23,zone,Ituri,Logo,132,https://ebola-tracker.org/reports/SITREP_MVE_132.pdf,,13,0,1,5,0,38.5,,,,,,,,,,,,,,,
2026-09-23,zone,Ituri,Lolwa,132,https://ebola-tracker.org/reports/SITREP_MVE_132.pdf,,32,0,1,8,0,25.0,,,,,,,,,,,,,,,
2026-09-23,zone,Ituri,Mahagi,132,https://ebola-tracker.org/reports/SITREP_MVE_132.pdf,,4,0,1,1,0,25.0,,,,,,,,,,,,,,,
2026-09-23,zone,Ituri,Mambasa,132,https://ebola-tracker.org/reports/SITREP_MVE_132.pdf,,24,1,1,9,0,37.5,,,,,,,,,,,,,,,
2026-09-23,zone,Ituri,Mandima,132,https://ebola-tracker.org/reports/SITREP_MVE_132.pdf,,75,9,1,36,0,48.0,,,,,,,,,,,,,,,
2026-09-23,zone,Ituri,Mangala,132,https://ebola-tracker.org/reports/SITREP_MVE_132.pdf,,341,0,1,153,4,44.9,,,,,,,,,,,,,,,
2026-09-23,zone,Ituri,Mongbwalu,132,https://ebola-tracker.org/reports/SITREP_MVE_132.pdf,,694,2,1,324,1,46.7,,,,,,,,,,,,,,,
2026-09-23,zone,Ituri,Nia-Nia,132,https://ebola-tracker.org/reports/SITREP_MVE_132.pdf,,274,5,1,152,3,55.5,,,,,,,,,,,,,,,
2026-09-23,zone,Ituri,Nizi,132,https://ebola-tracker.org/reports/SITREP_MVE_132.pdf,,762,0,1,276,0,36.2,,,,,,,,,,,,,,,
2026-09-23,zone,Ituri,Nyankunde,132,https://ebola-tracker.org/reports/SITREP_MVE_132.pdf,,127,0,1,37,0,29.1,,,,,,,,,,,,,,,
2026-09-23,zone,Ituri,Rimba,132,https://ebola-tracker.org/reports/SITREP_MVE_132.pdf,,12,0,1,4,0,33.3,,,,,,,,,,,,,,,
2026-09-23,zone,Ituri,Rwampara,132,https://ebola-tracker.org/reports/SITREP_MVE_132.pdf,,1062,1,1,360,1,33.9,,,,,,,,,,,,,,,
2026-09-23,zone,Ituri,Tchomia,132,https://ebola-tracker.org/reports/SITREP_MVE_132.pdf,,76,1,1,25,0,32.9,,,,,,,,,,,,,,,
2026-09-23,zone,Nord-Kivu,Beni,132,https://ebola-tracker.org/reports/SITREP_MVE_132.pdf,,306,14,1,206,2,67.3,,,,,,,,,,,,,,,
2026-09-23,zone,Nord-Kivu,Biena,132,https://ebola-tracker.org/reports/SITREP_MVE_132.pdf,,18,0,1,7,0,38.9,,,,,,,,,,,,,,,
2026-09-23,zone,Nord-Kivu,Butembo,132,https://ebola-tracker.org/reports/SITREP_MVE_132.pdf,,254,1,1,163,1,64.2,,,,,,,,,,,,,,,
2026-09-23,zone,Nord-Kivu,Goma,132,https://ebola-tracker.org/reports/SITREP_MVE_132.pdf,,1,0,1,0,0,0.0,,,,,,,,,,,,,,,
2026-09-23,zone,Nord-Kivu,Kalunguta,132,https://ebola-tracker.org/reports/SITREP_MVE_132.pdf,,50,1,1,16,0,32.0,,,,,,,,,,,,,,,
2026-09-23,zone,Nord-Kivu,Katwa,132,https://ebola-tracker.org/reports/SITREP_MVE_132.pdf,,550,2,1,349,1,63.5,,,,,,,,,,,,,,,
2026-09-23,zone,Nord-Kivu,Kayna,132,https://ebola-tracker.org/reports/SITREP_MVE_132.pdf,,1,0,1,0,0,0.0,,,,,,,,,,,,,,,
2026-09-23,zone,Nord-Kivu,Kyondo,132,https://ebola-tracker.org/reports/SITREP_MVE_132.pdf,,33,1,1,20,0,60.6,,,,,,,,,,,,,,,
2026-09-23,zone,Nord-Kivu,Lubero,132,https://ebola-tracker.org/reports/SITREP_MVE_132.pdf,,21,1,1,11,1,52.4,,,,,,,,,,,,,,,
2026-09-23,zone,Nord-Kivu,Mabalako,132,https://ebola-tracker.org/reports/SITREP_MVE_132.pdf,,25,1,1,11,0,44.0,,,,,,,,,,,,,,,
2026-09-23,zone,Nord-Kivu,Manguredjipa,132,https://ebola-tracker.org/reports/SITREP_MVE_132.pdf,,13,0,1,4,0,30.8,,,,,,,,,,,,,,,
2026-09-23,zone,Nord-Kivu,Masereka,132,https://ebola-tracker.org/reports/SITREP_MVE_132.pdf,,28,3,1,9,0,32.1,,,,,,,,,,,,,,,
2026-09-23,zone,Nord-Kivu,Musienene,132,https://ebola-tracker.org/reports/SITREP_MVE_132.pdf,,121,0,1,65,0,53.7,,,,,,,,,,,,,,,
2026-09-23,zone,Nord-Kivu,Mutwanga,132,https://ebola-tracker.org/reports/SITREP_MVE_132.pdf,,11,1,1,2,0,18.2,,,,,,,,,,,,,,,
2026-09-23,zone,Nord-Kivu,Oicha,132,https://ebola-tracker.org/reports/SITREP_MVE_132.pdf,,19,4,1,13,2,68.4,,,,,,,,,,,,,,,
2026-09-23,zone,Nord-Kivu,Vuhovi,132,https://ebola-tracker.org/reports/SITREP_MVE_132.pdf,,29,2,1,8,0,27.6,,,,,,,,,,,,,,,
2026-09-23,zone,Sud-Kivu,Miti-Murhesa,132,https://ebola-tracker.org/reports/SITREP_MVE_132.pdf,,3,0,1,1,0,33.3,,,,,,,,,,,,,,,
2026-09-23,zone,Sud-Ubangi,Bulu,132,https://ebola-tracker.org/reports/SITREP_MVE_132.pdf,,2,0,1,1,0,50.0,,,,,,,,,,,,,,,
2026-09-23,zone,Tshopo,Bafwasende,132,https://ebola-tracker.org/reports/SITREP_MVE_132.pdf,,7,0,1,1,0,14.3,,,,,,,,,,,,,,,
2026-09-23,zone,Tshopo,Kabondo,132,https://ebola-tracker.org/reports/SITREP_MVE_132.pdf,,5,0,1,1,0,20.0,,,,,,,,,,,,,,,
2026-09-23,zone,Tshopo,Lubunga,132,https://ebola-tracker.org/reports/SITREP_MVE_132.pdf,,1,0,1,0,0,0.0,,,,,,,,,,,,,,,
2026-09-23,zone,Tshopo,Makiso-Kisangani,132,https://ebola-tracker.org/reports/SITREP_MVE_132.pdf,,23,1,1,9,0,39.1,,,,,,,,,,,,,,,
2026-09-23,zone,Tshopo,Mangobo,132,https://ebola-tracker.org/reports/SITREP_MVE_132.pdf,,5,0,1,3,0,60.0,,,,,,,,,,,,,,,
2026-09-23,zone,Tshopo,Tshopo,132,https://ebola-tracker.org/reports/SITREP_MVE_132.pdf,,1,0,1,0,0,0.0,,,,,,,,,,,,,,,
2026-09-23,zone,Tshopo,Wanie-Rukula,132,https://ebola-tracker.org/reports/SITREP_MVE_132.pdf,,1,0,1,1,0,100.0,,,,,,,,,,,,,,,
2026-09-24,pays,,,133,https://ebola-tracker.org/reports/SITREP_MVE_133.pdf,,7946,56,1,3833,34,48.2,2001,23,11,1877,300,445,56,12.6,827,1519,54.4,29542,23392,79.2,
2026-09-24,province,Bas-Uélé,,133,https://ebola-tracker.org/reports/SITREP_MVE_133.pdf,,9,1,1,4,0,44.4,,0,0,76,11,5,1,20.0,,,,135,116,85.9,
2026-09-24,province,Haut-Uélé,,133,https://ebola-tracker.org/reports/SITREP_MVE_133.pdf,,325,3,1,131,1,40.3,,0,1,32,10,12,3,25.0,66,138,47.8,1093,827,75.7,
2026-09-24,province,Ituri,,133,https://ebola-tracker.org/reports/SITREP_MVE_133.pdf,,6067,35,1,2784,20,45.9,,15,5,1071,171,202,35,17.3,394,1015,38.8,13558,10405,76.7,
2026-09-24,province,Nord-Kivu,,133,https://ebola-tracker.org/reports/SITREP_MVE_133.pdf,,1497,17,1,896,12,59.9,,8,4,543,99,218,17,7.8,365,354,103.1,13884,11682,84.1,
2026-09-24,province,Sud-Kivu,,133,https://ebola-tracker.org/reports/SITREP_MVE_133.pdf,,3,0,1,1,0,33.3,,0,0,,,,,,,,,,,,
2026-09-24,province,Sud-Ubangi,,133,https://ebola-tracker.org/reports/SITREP_MVE_133.pdf,,2,0,1,1,0,50.0,,0,0,14,1,,,,2,12,16.7,98,93,94.9,
2026-09-24,province,Tshopo,,133,https://ebola-tracker.org/reports/SITREP_MVE_133.pdf,,43,0,1,16,1,37.2,,0,1,141,8,8,0,0.0,,,,774,269,34.8,
2026-09-24,zone,Bas-Uélé,Buta,133,https://ebola-tracker.org/reports/SITREP_MVE_133.pdf,,1,0,1,1,0,100.0,,,,,,,,,,,,,,,
2026-09-24,zone,Bas-Uélé,Ganga,133,https://ebola-tracker.org/reports/SITREP_MVE_133.pdf,,3,0,1,2,0,66.7,,,,,,,,,,,,,,,
2026-09-24,zone,Bas-Uélé,Viadana,133,https://ebola-tracker.org/reports/SITREP_MVE_133.pdf,,5,1,1,1,0,20.0,,,,,,,,,,,,,,,
2026-09-24,zone,Haut-Uélé,Boma-Mangbetu,133,https://ebola-tracker.org/reports/SITREP_MVE_133.pdf,,39,0,1,16,1,41.0,,,,,,,,,,,,,,,
2026-09-24,zone,Haut-Uélé,Dungu,133,https://ebola-tracker.org/reports/SITREP_MVE_133.pdf,,1,0,1,1,0,100.0,,,,,,,,,,,,,,,
2026-09-24,zone,Haut-Uélé,Gombari,133,https://ebola-tracker.org/reports/SITREP_MVE_133.pdf,,3,0,1,1,0,33.3,,,,,,,,,,,,,,,
2026-09-24,zone,Haut-Uélé,Isiro,133,https://ebola-tracker.org/reports/SITREP_MVE_133.pdf,,100,0,1,43,0,43.0,,,,,,,,,,,,,,,
2026-09-24,zone,Haut-Uélé,Pawa,133,https://ebola-tracker.org/reports/SITREP_MVE_133.pdf,,74,3,1,33,0,44.6,,,,,,,,,,,,,,,
2026-09-24,zone,Haut-Uélé,Rungu,133,https://ebola-tracker.org/reports/SITREP_MVE_133.pdf,,2,0,1,1,0,50.0,,,,,,,,,,,,,,,
2026-09-24,zone,Haut-Uélé,Wamba,133,https://ebola-tracker.org/reports/SITREP_MVE_133.pdf,,106,0,1,36,0,34.0,,,,,,,,,,,,,,,
2026-09-24,zone,Ituri,Adja,133,https://ebola-tracker.org/reports/SITREP_MVE_133.pdf,,11,0,1,1,0,9.1,,,,,,,,,,,,,,,
2026-09-24,zone,Ituri,Ariwara,133,https://ebola-tracker.org/reports/SITREP_MVE_133.pdf,,8,0,1,2,0,25.0,,,,,,,,,,,,,,,
2026-09-24,zone,Ituri,Aru,133,https://ebola-tracker.org/reports/SITREP_MVE_133.pdf,,8,0,1,6,0,75.0,,,,,,,,,,,,,,,
2026-09-24,zone,Ituri,Aungba,133,https://ebola-tracker.org/reports/SITREP_MVE_133.pdf,,12,0,1,5,0,41.7,,,,,,,,,,,,,,,
2026-09-24,zone,Ituri,Bambu,133,https://ebola-tracker.org/reports/SITREP_MVE_133.pdf,,197,0,1,42,0,21.3,,,,,,,,,,,,,,,
2026-09-24,zone,Ituri,Boga,133,https://ebola-tracker.org/reports/SITREP_MVE_133.pdf,,2,0,1,2,0,100.0,,,,,,,,,,,,,,,
2026-09-24,zone,Ituri,Bunia,133,https://ebola-tracker.org/reports/SITREP_MVE_133.pdf,,1692,9,1,535,6,31.6,,,,,,,,,,,,,,,
2026-09-24,zone,Ituri,Damas,133,https://ebola-tracker.org/reports/SITREP_MVE_133.pdf,,40,0,1,9,0,22.5,,,,,,,,,,,,,,,
2026-09-24,zone,Ituri,Drodro,133,https://ebola-tracker.org/reports/SITREP_MVE_133.pdf,,15,0,1,7,0,46.7,,,,,,,,,,,,,,,
2026-09-24,zone,Ituri,Fataki,133,https://ebola-tracker.org/reports/SITREP_MVE_133.pdf,,81,0,1,30,0,37.0,,,,,,,,,,,,,,,
2026-09-24,zone,Ituri,Gethy,133,https://ebola-tracker.org/reports/SITREP_MVE_133.pdf,,7,0,1,3,0,42.9,,,,,,,,,,,,,,,
2026-09-24,zone,Ituri,Kambala,133,https://ebola-tracker.org/reports/SITREP_MVE_133.pdf,,2,0,1,0,0,0.0,,,,,,,,,,,,,,,
2026-09-24,zone,Ituri,Kilo,133,https://ebola-tracker.org/reports/SITREP_MVE_133.pdf,,34,0,1,12,0,35.3,,,,,,,,,,,,,,,
2026-09-24,zone,Ituri,Komanda,133,https://ebola-tracker.org/reports/SITREP_MVE_133.pdf,,162,3,1,96,2,59.3,,,,,,,,,,,,,,,
2026-09-24,zone,Ituri,Lita,133,https://ebola-tracker.org/reports/SITREP_MVE_133.pdf,,280,3,1,140,1,50.0,,,,,,,,,,,,,,,
2026-09-24,zone,Ituri,Logo,133,https://ebola-tracker.org/reports/SITREP_MVE_133.pdf,,13,0,1,5,0,38.5,,,,,,,,,,,,,,,
2026-09-24,zone,Ituri,Lolwa,133,https://ebola-tracker.org/reports/SITREP_MVE_133.pdf,,33,1,1,8,0,24.2,,,,,,,,,,,,,,,
2026-09-24,zone,Ituri,Mahagi,133,https://ebola-tracker.org/reports/SITREP_MVE_133.pdf,,4,0,1,1,0,25.0,,,,,,,,,,,,,,,
2026-09-24,zone,Ituri,Mambasa,133,https://ebola-tracker.org/reports/SITREP_MVE_133.pdf,,25,1,1,9,0,36.0,,,,,,,,,,,,,,,
2026-09-24,zone,Ituri,Mandima,133,https://ebola-tracker.org/reports/SITREP_MVE_133.pdf,,84,9,1,45,9,53.6,,,,,,,,,,,,,,,
2026-09-24,zone,Ituri,Mangala,133,https://ebola-tracker.org/reports/SITREP_MVE_133.pdf,,342,1,1,153,0,44.7,,,,,,,,,,,,,,,
2026-09-24,zone,Ituri,Mongbwalu,133,https://ebola-tracker.org/reports/SITREP_MVE_133.pdf,,696,2,1,325,1,46.7,,,,,,,,,,,,,,,
2026-09-24,zone,Ituri,Nia-Nia,133,https://ebola-tracker.org/reports/SITREP_MVE_133.pdf,,275,1,1,152,0,55.3,,,,,,,,,,,,,,,
2026-09-24,zone,Ituri,Nizi,133,https://ebola-tracker.org/reports/SITREP_MVE_133.pdf,,763,1,1,276,0,36.2,,,,,,,,,,,,,,,
2026-09-24,zone,Ituri,Nyankunde,133,https://ebola-tracker.org/reports/SITREP_MVE_133.pdf,,127,0,1,37,0,29.1,,,,,,,,,,,,,,,
2026-09-24,zone,Ituri,Rimba,133,https://ebola-tracker.org/reports/SITREP_MVE_133.pdf,,12,0,1,4,0,33.3,,,,,,,,,,,,,,,
2026-09-24,zone,Ituri,Rwampara,133,https://ebola-tracker.org/reports/SITREP_MVE_133.pdf,,1066,4,1,361,1,33.9,,,,,,,,,,,,,,,
2026-09-24,zone,Ituri,Tchomia,133,https://ebola-tracker.org/reports/SITREP_MVE_133.pdf,,76,0,1,25,0,32.9,,,,,,,,,,,,,,,
2026-09-24,zone,Nord-Kivu,Beni,133,https://ebola-tracker.org/reports/SITREP_MVE_133.pdf,,318,12,1,213,7,67.0,,,,,,,,,,,,,,,
2026-09-24,zone,Nord-Kivu,Biena,133,https://ebola-tracker.org/reports/SITREP_MVE_133.pdf,,18,0,1,7,0,38.9,,,,,,,,,,,,,,,
2026-09-24,zone,Nord-Kivu,Butembo,133,https://ebola-tracker.org/reports/SITREP_MVE_133.pdf,,254,0,1,163,0,64.2,,,,,,,,,,,,,,,
2026-09-24,zone,Nord-Kivu,Goma,133,https://ebola-tracker.org/reports/SITREP_MVE_133.pdf,,1,0,1,0,0,0.0,,,,,,,,,,,,,,,
2026-09-24,zone,Nord-Kivu,Kalunguta,133,https://ebola-tracker.org/reports/SITREP_MVE_133.pdf,,50,0,1,16,0,32.0,,,,,,,,,,,,,,,
2026-09-24,zone,Nord-Kivu,Katwa,133,https://ebola-tracker.org/reports/SITREP_MVE_133.pdf,,551,1,1,352,3,63.9,,,,,,,,,,,,,,,
2026-09-24,zone,Nord-Kivu,Kayna,133,https://ebola-tracker.org/reports/SITREP_MVE_133.pdf,,1,0,1,0,0,0.0,,,,,,,,,,,,,,,
2026-09-24,zone,Nord-Kivu,Kyondo,133,https://ebola-tracker.org/reports/SITREP_MVE_133.pdf,,33,0,1,20,0,60.6,,,,,,,,,,,,,,,
2026-09-24,zone,Nord-Kivu,Lubero,133,https://ebola-tracker.org/reports/SITREP_MVE_133.pdf,,21,0,1,11,0,52.4,,,,,,,,,,,,,,,
2026-09-24,zone,Nord-Kivu,Mabalako,133,https://ebola-tracker.org/reports/SITREP_MVE_133.pdf,,25,0,1,11,0,44.0,,,,,,,,,,,,,,,
2026-09-24,zone,Nord-Kivu,Manguredjipa,133,https://ebola-tracker.org/reports/SITREP_MVE_133.pdf,,13,0,1,5,1,38.5,,,,,,,,,,,,,,,
2026-09-24,zone,Nord-Kivu,Masereka,133,https://ebola-tracker.org/reports/SITREP_MVE_133.pdf,,28,0,1,9,0,32.1,,,,,,,,,,,,,,,
2026-09-24,zone,Nord-Kivu,Musienene,133,https://ebola-tracker.org/reports/SITREP_MVE_133.pdf,,121,0,1,65,0,53.7,,,,,,,,,,,,,,,
2026-09-24,zone,Nord-Kivu,Mutwanga,133,https://ebola-tracker.org/reports/SITREP_MVE_133.pdf,,11,0,1,2,0,18.2,,,,,,,,,,,,,,,
2026-09-24,zone,Nord-Kivu,Oicha,133,https://ebola-tracker.org/reports/SITREP_MVE_133.pdf,,23,4,1,14,1,60.9,,,,,,,,,,,,,,,
2026-09-24,zone,Nord-Kivu,Vuhovi,133,https://ebola-tracker.org/reports/SITREP_MVE_133.pdf,,29,0,1,8,0,27.6,,,,,,,,,,,,,,,
2026-09-24,zone,Sud-Kivu,Miti-Murhesa,133,https://ebola-tracker.org/reports/SITREP_MVE_133.pdf,,3,0,1,1,0,33.3,,,,,,,,,,,,,,,
2026-09-24,zone,Sud-Ubangi,Bulu,133,https://ebola-tracker.org/reports/SITREP_MVE_133.pdf,,2,0,1,1,0,50.0,,,,,,,,,,,,,,,
2026-09-24,zone,Tshopo,Bafwasende,133,https://ebola-tracker.org/reports/SITREP_MVE_133.pdf,,7,0,1,1,0,14.3,,,,,,,,,,,,,,,
2026-09-24,zone,Tshopo,Kabondo,133,https://ebola-tracker.org/reports/SITREP_MVE_133.pdf,,5,0,1,1,0,20.0,,,,,,,,,,,,,,,
2026-09-24,zone,Tshopo,Lubunga,133,https://ebola-tracker.org/reports/SITREP_MVE_133.pdf,,1,0,1,0,0,0.0,,,,,,,,,,,,,,,
2026-09-24,zone,Tshopo,Makiso-Kisangani,133,https://ebola-tracker.org/reports/SITREP_MVE_133.pdf,,23,0,1,10,1,43.5,,,,,,,,,,,,,,,
2026-09-24,zone,Tshopo,Mangobo,133,https://ebola-tracker.org/reports/SITREP_MVE_133.pdf,,5,0,1,3,0,60.0,,,,,,,,,,,,,,,
2026-09-24,zone,Tshopo,Tshopo,133,https://ebola-tracker.org/reports/SITREP_MVE_133.pdf,,1,0,1,0,0,0.0,,,,,,,,,,,,,,,
2026-09-24,zone,Tshopo,Wanie-Rukula,133,https://ebola-tracker.org/reports/SITREP_MVE_133.pdf,,1,0,1,1,0,100.0,,,,,,,,,,,,,,,
2026-09-25,pays,,,134,https://ebola-tracker.org/reports/SITREP_MVE_134.pdf,,7989,43,1,3852,19,48.2,2033,10,9,1924,321,474,43,9.1,805,1507,53.4,30018,23364,77.8,
2026-09-25,province,Bas-Uélé,,134,https://ebola-tracker.org/reports/SITREP_MVE_134.pdf,,9,0,1,4,0,44.4,,0,0,85,9,1,0,0.0,,,,142,121,85.2,1000
2026-09-25,province,Haut-Uélé,,134,https://ebola-tracker.org/reports/SITREP_MVE_134.pdf,,328,3,1,135,4,41.2,,1,3,18,15,10,3,30.0,69,138,50.0,1742,1388,79.7,
2026-09-25,province,Ituri,,134,https://ebola-tracker.org/reports/SITREP_MVE_134.pdf,,6098,31,1,2794,10,45.8,,5,5,993,164,315,31,9.8,385,1015,37.9,12123,9182,75.7,
2026-09-25,province,Nord-Kivu,,134,https://ebola-tracker.org/reports/SITREP_MVE_134.pdf,,1506,9,1,901,5,59.8,,4,1,719,121,135,9,6.7,351,354,99.2,15138,11981,79.1,
2026-09-25,province,Sud-Kivu,,134,https://ebola-tracker.org/reports/SITREP_MVE_134.pdf,,3,0,1,1,0,33.3,,0,0,,,,,,,,,,,,
2026-09-25,province,Sud-Ubangi,,134,https://ebola-tracker.org/reports/SITREP_MVE_134.pdf,,2,0,1,1,0,50.0,,0,0,30,2,,,,,,,98,91,92.9,
2026-09-25,province,Tshopo,,134,https://ebola-tracker.org/reports/SITREP_MVE_134.pdf,,43,0,1,16,0,37.2,,0,0,79,10,13,0,0.0,,,,775,601,77.5,4628
2026-09-25,zone,Bas-Uélé,Buta,134,https://ebola-tracker.org/reports/SITREP_MVE_134.pdf,,1,0,1,1,0,100.0,,,,,,,,,,,,,,,
2026-09-25,zone,Bas-Uélé,Ganga,134,https://ebola-tracker.org/reports/SITREP_MVE_134.pdf,,3,0,1,2,0,66.7,,,,,,,,,,,,,,,
2026-09-25,zone,Bas-Uélé,Viadana,134,https://ebola-tracker.org/reports/SITREP_MVE_134.pdf,,5,0,1,1,0,20.0,,,,,,,,,,,,,,,
2026-09-25,zone,Haut-Uélé,Boma-Mangbetu,134,https://ebola-tracker.org/reports/SITREP_MVE_134.pdf,,39,0,1,16,0,41.0,,,,,,,,,,,,,,,
2026-09-25,zone,Haut-Uélé,Dungu,134,https://ebola-tracker.org/reports/SITREP_MVE_134.pdf,,1,0,1,1,0,100.0,,,,,,,,,,,,,,,
2026-09-25,zone,Haut-Uélé,Gombari,134,https://ebola-tracker.org/reports/SITREP_MVE_134.pdf,,3,0,1,1,0,33.3,,,,,,,,,,,,,,,
2026-09-25,zone,Haut-Uélé,Isiro,134,https://ebola-tracker.org/reports/SITREP_MVE_134.pdf,,100,0,1,43,0,43.0,,,,,,,,,,,,,,,
2026-09-25,zone,Haut-Uélé,Pawa,134,https://ebola-tracker.org/reports/SITREP_MVE_134.pdf,,76,2,1,35,2,46.1,,,,,,,,,,,,,,,
2026-09-25,zone,Haut-Uélé,Rungu,134,https://ebola-tracker.org/reports/SITREP_MVE_134.pdf,,2,0,1,1,0,50.0,,,,,,,,,,,,,,,
2026-09-25,zone,Haut-Uélé,Wamba,134,https://ebola-tracker.org/reports/SITREP_MVE_134.pdf,,107,1,1,38,2,35.5,,,,,,,,,,,,,,,
2026-09-25,zone,Ituri,Adja,134,https://ebola-tracker.org/reports/SITREP_MVE_134.pdf,,11,0,1,1,0,9.1,,,,,,,,,,,,,,,
2026-09-25,zone,Ituri,Ariwara,134,https://ebola-tracker.org/reports/SITREP_MVE_134.pdf,,8,0,1,2,0,25.0,,,,,,,,,,,,,,,
2026-09-25,zone,Ituri,Aru,134,https://ebola-tracker.org/reports/SITREP_MVE_134.pdf,,8,0,1,6,0,75.0,,,,,,,,,,,,,,,
2026-09-25,zone,Ituri,Aungba,134,https://ebola-tracker.org/reports/SITREP_MVE_134.pdf,,12,0,1,5,0,41.7,,,,,,,,,,,,,,,
2026-09-25,zone,Ituri,Bambu,134,https://ebola-tracker.org/reports/SITREP_MVE_134.pdf,,201,4,1,46,4,22.9,,,,,,,,,,,,,,,
2026-09-25,zone,Ituri,Boga,134,https://ebola-tracker.org/reports/SITREP_MVE_134.pdf,,2,0,1,2,0,100.0,,,,,,,,,,,,,,,
2026-09-25,zone,Ituri,Bunia,134,https://ebola-tracker.org/reports/SITREP_MVE_134.pdf,,1692,0,1,538,3,31.8,,,,,,,,,,,,,,,
2026-09-25,zone,Ituri,Damas,134,https://ebola-tracker.org/reports/SITREP_MVE_134.pdf,,40,0,1,9,0,22.5,,,,,,,,,,,,,,,
2026-09-25,zone,Ituri,Drodro,134,https://ebola-tracker.org/reports/SITREP_MVE_134.pdf,,15,0,1,7,0,46.7,,,,,,,,,,,,,,,
2026-09-25,zone,Ituri,Fataki,134,https://ebola-tracker.org/reports/SITREP_MVE_134.pdf,,82,1,1,31,1,37.8,,,,,,,,,,,,,,,
2026-09-25,zone,Ituri,Gethy,134,https://ebola-tracker.org/reports/SITREP_MVE_134.pdf,,7,0,1,3,0,42.9,,,,,,,,,,,,,,,
2026-09-25,zone,Ituri,Kambala,134,https://ebola-tracker.org/reports/SITREP_MVE_134.pdf,,2,0,1,0,0,0.0,,,,,,,,,,,,,,,
2026-09-25,zone,Ituri,Kilo,134,https://ebola-tracker.org/reports/SITREP_MVE_134.pdf,,34,0,1,12,0,35.3,,,,,,,,,,,,,,,
2026-09-25,zone,Ituri,Komanda,134,https://ebola-tracker.org/reports/SITREP_MVE_134.pdf,,162,0,1,96,0,59.3,,,,,,,,,,,,,,,
2026-09-25,zone,Ituri,Lita,134,https://ebola-tracker.org/reports/SITREP_MVE_134.pdf,,282,2,1,140,0,49.6,,,,,,,,,,,,,,,
2026-09-25,zone,Ituri,Logo,134,https://ebola-tracker.org/reports/SITREP_MVE_134.pdf,,13,0,1,5,0,38.5,,,,,,,,,,,,,,,
2026-09-25,zone,Ituri,Lolwa,134,https://ebola-tracker.org/reports/SITREP_MVE_134.pdf,,33,0,1,8,0,24.2,,,,,,,,,,,,,,,
2026-09-25,zone,Ituri,Mahagi,134,https://ebola-tracker.org/reports/SITREP_MVE_134.pdf,,4,0,1,1,0,25.0,,,,,,,,,,,,,,,
2026-09-25,zone,Ituri,Mambasa,134,https://ebola-tracker.org/reports/SITREP_MVE_134.pdf,,27,2,1,9,0,33.3,,,,,,,,,,,,,,,
2026-09-25,zone,Ituri,Mandima,134,https://ebola-tracker.org/reports/SITREP_MVE_134.pdf,,93,9,1,45,0,48.4,,,,,,,,,,,,,,,
2026-09-25,zone,Ituri,Mangala,134,https://ebola-tracker.org/reports/SITREP_MVE_134.pdf,,346,4,1,153,0,44.2,,,,,,,,,,,,,,,
2026-09-25,zone,Ituri,Mongbwalu,134,https://ebola-tracker.org/reports/SITREP_MVE_134.pdf,,697,1,1,326,1,46.8,,,,,,,,,,,,,,,
2026-09-25,zone,Ituri,Nia-Nia,134,https://ebola-tracker.org/reports/SITREP_MVE_134.pdf,,277,2,1,152,0,54.9,,,,,,,,,,,,,,,
2026-09-25,zone,Ituri,Nizi,134,https://ebola-tracker.org/reports/SITREP_MVE_134.pdf,,765,2,1,276,0,36.1,,,,,,,,,,,,,,,
2026-09-25,zone,Ituri,Nyankunde,134,https://ebola-tracker.org/reports/SITREP_MVE_134.pdf,,127,0,1,37,0,29.1,,,,,,,,,,,,,,,
2026-09-25,zone,Ituri,Rimba,134,https://ebola-tracker.org/reports/SITREP_MVE_134.pdf,,12,0,1,4,0,33.3,,,,,,,,,,,,,,,
2026-09-25,zone,Ituri,Rwampara,134,https://ebola-tracker.org/reports/SITREP_MVE_134.pdf,,1070,4,1,362,1,33.8,,,,,,,,,,,,,,,
2026-09-25,zone,Ituri,Tchomia,134,https://ebola-tracker.org/reports/SITREP_MVE_134.pdf,,76,0,1,25,0,32.9,,,,,,,,,,,,,,,
2026-09-25,zone,Nord-Kivu,Beni,134,https://ebola-tracker.org/reports/SITREP_MVE_134.pdf,,323,5,1,216,3,66.9,,,,,,,,,,,,,,,
2026-09-25,zone,Nord-Kivu,Biena,134,https://ebola-tracker.org/reports/SITREP_MVE_134.pdf,,18,0,1,7,0,38.9,,,,,,,,,,,,,,,
2026-09-25,zone,Nord-Kivu,Butembo,134,https://ebola-tracker.org/reports/SITREP_MVE_134.pdf,,256,2,1,165,2,64.5,,,,,,,,,,,,,,,
2026-09-25,zone,Nord-Kivu,Goma,134,https://ebola-tracker.org/reports/SITREP_MVE_134.pdf,,1,0,1,0,0,0.0,,,,,,,,,,,,,,,
2026-09-25,zone,Nord-Kivu,Kalunguta,134,https://ebola-tracker.org/reports/SITREP_MVE_134.pdf,,50,0,1,16,0,32.0,,,,,,,,,,,,,,,
2026-09-25,zone,Nord-Kivu,Katwa,134,https://ebola-tracker.org/reports/SITREP_MVE_134.pdf,,553,2,1,352,0,63.7,,,,,,,,,,,,,,,
2026-09-25,zone,Nord-Kivu,Kayna,134,https://ebola-tracker.org/reports/SITREP_MVE_134.pdf,,1,0,1,0,0,0.0,,,,,,,,,,,,,,,
2026-09-25,zone,Nord-Kivu,Kyondo,134,https://ebola-tracker.org/reports/SITREP_MVE_134.pdf,,33,0,1,20,0,60.6,,,,,,,,,,,,,,,
2026-09-25,zone,Nord-Kivu,Lubero,134,https://ebola-tracker.org/reports/SITREP_MVE_134.pdf,,21,0,1,11,0,52.4,,,,,,,,,,,,,,,
2026-09-25,zone,Nord-Kivu,Mabalako,134,https://ebola-tracker.org/reports/SITREP_MVE_134.pdf,,25,0,1,11,0,44.0,,,,,,,,,,,,,,,
2026-09-25,zone,Nord-Kivu,Manguredjipa,134,https://ebola-tracker.org/reports/SITREP_MVE_134.pdf,,13,0,1,5,0,38.5,,,,,,,,,,,,,,,
2026-09-25,zone,Nord-Kivu,Masereka,134,https://ebola-tracker.org/reports/SITREP_MVE_134.pdf,,28,0,1,9,0,32.1,,,,,,,,,,,,,,,
2026-09-25,zone,Nord-Kivu,Musienene,134,https://ebola-tracker.org/reports/SITREP_MVE_134.pdf,,121,0,1,65,0,53.7,,,,,,,,,,,,,,,
2026-09-25,zone,Nord-Kivu,Mutwanga,134,https://ebola-tracker.org/reports/SITREP_MVE_134.pdf,,11,0,1,2,0,18.2,,,,,,,,,,,,,,,
2026-09-25,zone,Nord-Kivu,Oicha,134,https://ebola-tracker.org/reports/SITREP_MVE_134.pdf,,23,0,1,14,0,60.9,,,,,,,,,,,,,,,
2026-09-25,zone,Nord-Kivu,Vuhovi,134,https://ebola-tracker.org/reports/SITREP_MVE_134.pdf,,29,0,1,8,0,27.6,,,,,,,,,,,,,,,
2026-09-25,zone,Sud-Kivu,Miti-Murhesa,134,https://ebola-tracker.org/reports/SITREP_MVE_134.pdf,,3,0,1,1,0,33.3,,,,,,,,,,,,,,,
2026-09-25,zone,Sud-Ubangi,Bulu,134,https://ebola-tracker.org/reports/SITREP_MVE_134.pdf,,2,0,1,1,0,50.0,,,,,,,,,,,,,,,
2026-09-25,zone,Tshopo,Bafwasende,134,https://ebola-tracker.org/reports/SITREP_MVE_134.pdf,,7,0,1,1,0,14.3,,,,,,,,,,,,,,,
2026-09-25,zone,Tshopo,Kabondo,134,https://ebola-tracker.org/reports/SITREP_MVE_134.pdf,,5,0,1,1,0,20.0,,,,,,,,,,,,,,,
2026-09-25,zone,Tshopo,Lubunga,134,https://ebola-tracker.org/reports/SITREP_MVE_134.pdf,,1,0,1,0,0,0.0,,,,,,,,,,,,,,,
2026-09-25,zone,Tshopo,Makiso-Kisangani,134,https://ebola-tracker.org/reports/SITREP_MVE_134.pdf,,23,0,1,10,0,43.5,,,,,,,,,,,,,,,
2026-09-25,zone,Tshopo,Mangobo,134,https://ebola-tracker.org/reports/SITREP_MVE_134.pdf,,5,0,1,3,0,60.0,,,,,,,,,,,,,,,
2026-09-25,zone,Tshopo,Tshopo,134,https://ebola-tracker.org/reports/SITREP_MVE_134.pdf,,1,0,1,0,0,0.0,,,,,,,,,,,,,,,
2026-09-25,zone,Tshopo,Wanie-Rukula,134,https://ebola-tracker.org/reports/SITREP_MVE_134.pdf,,1,0,1,1,0,100.0,,,,,,,,,,,,,,,
2026-09-26,pays,,,135,https://ebola-tracker.org/reports/SITREP_MVE_135.pdf,,8067,78,1,3901,49,48.4,2070,34,15,2340,355,422,78,18.5,768,1507,51.0,31034,23187,74.7,
2026-09-26,province,Bas-Uélé,,135,https://ebola-tracker.org/reports/SITREP_MVE_135.pdf,,10,1,1,4,0,40.0,,0,0,84,13,15,1,6.7,,,,142,123,86.6,
2026-09-26,province,Haut-Uélé,,135,https://ebola-tracker.org/reports/SITREP_MVE_135.pdf,,331,3,1,139,4,42.0,,3,1,56,12,9,3,33.3,60,138,43.5,984,778,79.1,
2026-09-26,province,Ituri,,135,https://ebola-tracker.org/reports/SITREP_MVE_135.pdf,,6155,57,1,2834,40,46.0,,27,13,1246,196,212,57,26.9,380,1015,37.4,13424,9829,73.2,436
2026-09-26,province,Nord-Kivu,,135,https://ebola-tracker.org/reports/SITREP_MVE_135.pdf,,1523,17,1,906,5,59.5,,4,1,845,127,179,17,9.5,328,354,92.7,15611,11819,75.7,
2026-09-26,province,Sud-Kivu,,135,https://ebola-tracker.org/reports/SITREP_MVE_135.pdf,,3,0,1,1,0,33.3,,0,0,,,,,,,,,,,,
2026-09-26,province,Sud-Ubangi,,135,https://ebola-tracker.org/reports/SITREP_MVE_135.pdf,,2,0,1,1,0,50.0,,0,0,9,1,,,,,,,98,87,88.8,
2026-09-26,province,Tshopo,,135,https://ebola-tracker.org/reports/SITREP_MVE_135.pdf,,43,0,1,16,0,37.2,,0,0,100,6,7,0,0.0,,,,775,551,71.1,4953
2026-09-26,zone,Bas-Uélé,Buta,135,https://ebola-tracker.org/reports/SITREP_MVE_135.pdf,,1,0,1,1,0,100.0,,,,,,,,,,,,,,,
2026-09-26,zone,Bas-Uélé,Ganga,135,https://ebola-tracker.org/reports/SITREP_MVE_135.pdf,,3,0,1,2,0,66.7,,,,,,,,,,,,,,,
2026-09-26,zone,Bas-Uélé,Viadana,135,https://ebola-tracker.org/reports/SITREP_MVE_135.pdf,,6,1,1,1,0,16.7,,,,,,,,,,,,,,,
2026-09-26,zone,Haut-Uélé,Boma-Mangbetu,135,https://ebola-tracker.org/reports/SITREP_MVE_135.pdf,,39,0,1,17,1,43.6,,,,,,,,,,,,,,,
2026-09-26,zone,Haut-Uélé,Dungu,135,https://ebola-tracker.org/reports/SITREP_MVE_135.pdf,,1,0,1,1,0,100.0,,,,,,,,,,,,,,,
2026-09-26,zone,Haut-Uélé,Gombari,135,https://ebola-tracker.org/reports/SITREP_MVE_135.pdf,,3,0,1,1,0,33.3,,,,,,,,,,,,,,,
2026-09-26,zone,Haut-Uélé,Isiro,135,https://ebola-tracker.org/reports/SITREP_MVE_135.pdf,,100,0,1,43,0,43.0,,,,,,,,,,,,,,,
2026-09-26,zone,Haut-Uélé,Pawa,135,https://ebola-tracker.org/reports/SITREP_MVE_135.pdf,,77,1,1,36,1,46.8,,,,,,,,,,,,,,,
2026-09-26,zone,Haut-Uélé,Rungu,135,https://ebola-tracker.org/reports/SITREP_MVE_135.pdf,,2,0,1,1,0,50.0,,,,,,,,,,,,,,,
2026-09-26,zone,Haut-Uélé,Wamba,135,https://ebola-tracker.org/reports/SITREP_MVE_135.pdf,,109,2,1,40,2,36.7,,,,,,,,,,,,,,,
2026-09-26,zone,Ituri,Adja,135,https://ebola-tracker.org/reports/SITREP_MVE_135.pdf,,11,0,1,1,0,9.1,,,,,,,,,,,,,,,
2026-09-26,zone,Ituri,Ariwara,135,https://ebola-tracker.org/reports/SITREP_MVE_135.pdf,,8,0,1,2,0,25.0,,,,,,,,,,,,,,,
2026-09-26,zone,Ituri,Aru,135,https://ebola-tracker.org/reports/SITREP_MVE_135.pdf,,8,0,1,6,0,75.0,,,,,,,,,,,,,,,
2026-09-26,zone,Ituri,Aungba,135,https://ebola-tracker.org/reports/SITREP_MVE_135.pdf,,12,0,1,5,0,41.7,,,,,,,,,,,,,,,
2026-09-26,zone,Ituri,Bambu,135,https://ebola-tracker.org/reports/SITREP_MVE_135.pdf,,201,0,1,46,0,22.9,,,,,,,,,,,,,,,
2026-09-26,zone,Ituri,Boga,135,https://ebola-tracker.org/reports/SITREP_MVE_135.pdf,,2,0,1,2,0,100.0,,,,,,,,,,,,,,,
2026-09-26,zone,Ituri,Bunia,135,https://ebola-tracker.org/reports/SITREP_MVE_135.pdf,,1697,5,1,543,5,32.0,,,,,,,,,,,,,,,
2026-09-26,zone,Ituri,Damas,135,https://ebola-tracker.org/reports/SITREP_MVE_135.pdf,,40,0,1,9,0,22.5,,,,,,,,,,,,,,,
2026-09-26,zone,Ituri,Drodro,135,https://ebola-tracker.org/reports/SITREP_MVE_135.pdf,,15,0,1,7,0,46.7,,,,,,,,,,,,,,,
2026-09-26,zone,Ituri,Fataki,135,https://ebola-tracker.org/reports/SITREP_MVE_135.pdf,,82,0,1,31,0,37.8,,,,,,,,,,,,,,,
2026-09-26,zone,Ituri,Gethy,135,https://ebola-tracker.org/reports/SITREP_MVE_135.pdf,,7,0,1,3,0,42.9,,,,,,,,,,,,,,,
2026-09-26,zone,Ituri,Kambala,135,https://ebola-tracker.org/reports/SITREP_MVE_135.pdf,,2,0,1,0,0,0.0,,,,,,,,,,,,,,,
2026-09-26,zone,Ituri,Kilo,135,https://ebola-tracker.org/reports/SITREP_MVE_135.pdf,,35,1,1,12,0,34.3,,,,,,,,,,,,,,,
2026-09-26,zone,Ituri,Komanda,135,https://ebola-tracker.org/reports/SITREP_MVE_135.pdf,,166,4,1,100,4,60.2,,,,,,,,,,,,,,,
2026-09-26,zone,Ituri,Lita,135,https://ebola-tracker.org/reports/SITREP_MVE_135.pdf,,283,1,1,140,0,49.5,,,,,,,,,,,,,,,
2026-09-26,zone,Ituri,Logo,135,https://ebola-tracker.org/reports/SITREP_MVE_135.pdf,,13,0,1,5,0,38.5,,,,,,,,,,,,,,,
2026-09-26,zone,Ituri,Lolwa,135,https://ebola-tracker.org/reports/SITREP_MVE_135.pdf,,33,0,1,8,0,24.2,,,,,,,,,,,,,,,
2026-09-26,zone,Ituri,Mahagi,135,https://ebola-tracker.org/reports/SITREP_MVE_135.pdf,,4,0,1,1,0,25.0,,,,,,,,,,,,,,,
2026-09-26,zone,Ituri,Mambasa,135,https://ebola-tracker.org/reports/SITREP_MVE_135.pdf,,27,0,1,9,0,33.3,,,,,,,,,,,,,,,
2026-09-26,zone,Ituri,Mandima,135,https://ebola-tracker.org/reports/SITREP_MVE_135.pdf,,118,25,1,65,20,55.1,,,,,,,,,,,,,,,
2026-09-26,zone,Ituri,Mangala,135,https://ebola-tracker.org/reports/SITREP_MVE_135.pdf,,346,0,1,153,0,44.2,,,,,,,,,,,,,,,
2026-09-26,zone,Ituri,Mongbwalu,135,https://ebola-tracker.org/reports/SITREP_MVE_135.pdf,,697,0,1,328,2,47.1,,,,,,,,,,,,,,,
2026-09-26,zone,Ituri,Nia-Nia,135,https://ebola-tracker.org/reports/SITREP_MVE_135.pdf,,284,7,1,159,7,56.0,,,,,,,,,,,,,,,
2026-09-26,zone,Ituri,Nizi,135,https://ebola-tracker.org/reports/SITREP_MVE_135.pdf,,771,6,1,277,1,35.9,,,,,,,,,,,,,,,
2026-09-26,zone,Ituri,Nyankunde,135,https://ebola-tracker.org/reports/SITREP_MVE_135.pdf,,127,0,1,37,0,29.1,,,,,,,,,,,,,,,
2026-09-26,zone,Ituri,Rimba,135,https://ebola-tracker.org/reports/SITREP_MVE_135.pdf,,12,0,1,4,0,33.3,,,,,,,,,,,,,,,
2026-09-26,zone,Ituri,Rwampara,135,https://ebola-tracker.org/reports/SITREP_MVE_135.pdf,,1078,8,1,363,1,33.7,,,,,,,,,,,,,,,
2026-09-26,zone,Ituri,Tchomia,135,https://ebola-tracker.org/reports/SITREP_MVE_135.pdf,,76,0,1,25,0,32.9,,,,,,,,,,,,,,,
2026-09-26,zone,Nord-Kivu,Beni,135,https://ebola-tracker.org/reports/SITREP_MVE_135.pdf,,329,6,1,220,4,66.9,,,,,,,,,,,,,,,
2026-09-26,zone,Nord-Kivu,Biena,135,https://ebola-tracker.org/reports/SITREP_MVE_135.pdf,,18,0,1,7,0,38.9,,,,,,,,,,,,,,,
2026-09-26,zone,Nord-Kivu,Butembo,135,https://ebola-tracker.org/reports/SITREP_MVE_135.pdf,,256,0,1,165,0,64.5,,,,,,,,,,,,,,,
2026-09-26,zone,Nord-Kivu,Goma,135,https://ebola-tracker.org/reports/SITREP_MVE_135.pdf,,1,0,1,0,0,0.0,,,,,,,,,,,,,,,
2026-09-26,zone,Nord-Kivu,Kalunguta,135,https://ebola-tracker.org/reports/SITREP_MVE_135.pdf,,51,1,1,16,0,31.4,,,,,,,,,,,,,,,
2026-09-26,zone,Nord-Kivu,Katwa,135,https://ebola-tracker.org/reports/SITREP_MVE_135.pdf,,555,2,1,353,1,63.6,,,,,,,,,,,,,,,
2026-09-26,zone,Nord-Kivu,Kayna,135,https://ebola-tracker.org/reports/SITREP_MVE_135.pdf,,1,0,1,0,0,0.0,,,,,,,,,,,,,,,
2026-09-26,zone,Nord-Kivu,Kyondo,135,https://ebola-tracker.org/reports/SITREP_MVE_135.pdf,,33,0,1,20,0,60.6,,,,,,,,,,,,,,,
2026-09-26,zone,Nord-Kivu,Lubero,135,https://ebola-tracker.org/reports/SITREP_MVE_135.pdf,,21,0,1,11,0,52.4,,,,,,,,,,,,,,,
2026-09-26,zone,Nord-Kivu,Mabalako,135,https://ebola-tracker.org/reports/SITREP_MVE_135.pdf,,31,6,1,11,0,35.5,,,,,,,,,,,,,,,
2026-09-26,zone,Nord-Kivu,Manguredjipa,135,https://ebola-tracker.org/reports/SITREP_MVE_135.pdf,,13,0,1,5,0,38.5,,,,,,,,,,,,,,,
2026-09-26,zone,Nord-Kivu,Masereka,135,https://ebola-tracker.org/reports/SITREP_MVE_135.pdf,,28,0,1,9,0,32.1,,,,,,,,,,,,,,,
2026-09-26,zone,Nord-Kivu,Musienene,135,https://ebola-tracker.org/reports/SITREP_MVE_135.pdf,,121,0,1,65,0,53.7,,,,,,,,,,,,,,,
2026-09-26,zone,Nord-Kivu,Mutwanga,135,https://ebola-tracker.org/reports/SITREP_MVE_135.pdf,,12,1,1,2,0,16.7,,,,,,,,,,,,,,,
2026-09-26,zone,Nord-Kivu,Oicha,135,https://ebola-tracker.org/reports/SITREP_MVE_135.pdf,,24,1,1,14,0,58.3,,,,,,,,,,,,,,,
2026-09-26,zone,Nord-Kivu,Vuhovi,135,https://ebola-tracker.org/reports/SITREP_MVE_135.pdf,,29,0,1,8,0,27.6,,,,,,,,,,,,,,,
2026-09-26,zone,Sud-Kivu,Miti-Murhesa,135,https://ebola-tracker.org/reports/SITREP_MVE_135.pdf,,3,0,1,1,0,33.3,,,,,,,,,,,,,,,
2026-09-26,zone,Sud-Ubangi,Bulu,135,https://ebola-tracker.org/reports/SITREP_MVE_135.pdf,,2,0,1,1,0,50.0,,,,,,,,,,,,,,,
2026-09-26,zone,Tshopo,Bafwasende,135,https://ebola-tracker.org/reports/SITREP_MVE_135.pdf,,7,0,1,1,0,14.3,,,,,,,,,,,,,,,
2026-09-26,zone,Tshopo,Kabondo,135,https://ebola-tracker.org/reports/SITREP_MVE_135.pdf,,5,0,1,1,0,20.0,,,,,,,,,,,,,,,
2026-09-26,zone,Tshopo,Lubunga,135,https://ebola-tracker.org/reports/SITREP_MVE_135.pdf,,1,0,1,0,0,0.0,,,,,,,,,,,,,,,
2026-09-26,zone,Tshopo,Makiso-Kisangani,135,https://ebola-tracker.org/reports/SITREP_MVE_135.pdf,,23,0,1,10,0,43.5,,,,,,,,,,,,,,,
2026-09-26,zone,Tshopo,Mangobo,135,https://ebola-tracker.org/reports/SITREP_MVE_135.pdf,,5,0,1,3,0,60.0,,,,,,,,,,,,,,,
2026-09-26,zone,Tshopo,Tshopo,135,https://ebola-tracker.org/reports/SITREP_MVE_135.pdf,,1,0,1,0,0,0.0,,,,,,,,,,,,,,,
2026-09-26,zone,Tshopo,Wanie-Rukula,135,https://ebola-tracker.org/reports/SITREP_MVE_135.pdf,,1,0,1,1,0,100.0,,,,,,,,,,,,,,,
2026-09-27,pays,,,136,https://ebola-tracker.org/reports/SITREP_MVE_136.pdf,,8116,49,1,3924,23,48.3,2088,18,5,1812,283,270,49,18.1,781,,,,,75.9,
2026-09-27,province,Bas-Uélé,,136,https://ebola-tracker.org/reports/SITREP_MVE_136.pdf,,10,0,1,4,0,40.0,,0,0,115,9,2,0,0.0,,,,,,,1000
2026-09-27,province,Haut-Uélé,,136,https://ebola-tracker.org/reports/SITREP_MVE_136.pdf,,335,4,1,140,1,41.8,,1,0,11,11,21,4,19.0,68,,49.3,,,,
2026-09-27,province,Ituri,,136,https://ebola-tracker.org/reports/SITREP_MVE_136.pdf,,6182,27,1,2848,14,46.1,,10,4,854,160,137,27,19.7,368,,36.3,,,,536
2026-09-27,province,Nord-Kivu,,136,https://ebola-tracker.org/reports/SITREP_MVE_136.pdf,,1541,18,1,914,8,59.3,,7,1,761,98,109,18,16.5,345,,63.0,,,,
2026-09-27,province,Sud-Kivu,,136,https://ebola-tracker.org/reports/SITREP_MVE_136.pdf,,3,0,1,1,0,33.3,,0,0,,,,,,,,,,,,
2026-09-27,province,Sud-Ubangi,,136,https://ebola-tracker.org/reports/SITREP_MVE_136.pdf,,2,0,1,1,0,50.0,,0,0,14,4,,,,,,,,,,
2026-09-27,province,Tshopo,,136,https://ebola-tracker.org/reports/SITREP_MVE_136.pdf,,43,0,1,16,0,37.2,,0,0,57,1,1,0,0.0,,,,,,,4953
2026-09-27,zone,Bas-Uélé,Buta,136,https://ebola-tracker.org/reports/SITREP_MVE_136.pdf,,1,0,1,1,0,100.0,,,,,,,,,,,,,,,
2026-09-27,zone,Bas-Uélé,Ganga,136,https://ebola-tracker.org/reports/SITREP_MVE_136.pdf,,3,0,1,2,0,66.7,,,,,,,,,,,,,,,
2026-09-27,zone,Bas-Uélé,Viadana,136,https://ebola-tracker.org/reports/SITREP_MVE_136.pdf,,6,0,1,1,0,16.7,,,,,,,,,,,,,,,
2026-09-27,zone,Haut-Uélé,Boma-Mangbetu,136,https://ebola-tracker.org/reports/SITREP_MVE_136.pdf,,39,0,1,17,0,43.6,,,,,,,,,,,,,,,
2026-09-27,zone,Haut-Uélé,Dungu,136,https://ebola-tracker.org/reports/SITREP_MVE_136.pdf,,1,0,1,1,0,100.0,,,,,,,,,,,,,,,
2026-09-27,zone,Haut-Uélé,Gombari,136,https://ebola-tracker.org/reports/SITREP_MVE_136.pdf,,3,0,1,1,0,33.3,,,,,,,,,,,,,,,
2026-09-27,zone,Haut-Uélé,Isiro,136,https://ebola-tracker.org/reports/SITREP_MVE_136.pdf,,101,1,1,43,0,42.6,,,,,,,,,,,,,,,
2026-09-27,zone,Haut-Uélé,Pawa,136,https://ebola-tracker.org/reports/SITREP_MVE_136.pdf,,80,3,1,37,1,46.2,,,,,,,,,,,,,,,
2026-09-27,zone,Haut-Uélé,Rungu,136,https://ebola-tracker.org/reports/SITREP_MVE_136.pdf,,2,0,1,1,0,50.0,,,,,,,,,,,,,,,
2026-09-27,zone,Haut-Uélé,Wamba,136,https://ebola-tracker.org/reports/SITREP_MVE_136.pdf,,109,0,1,40,0,36.7,,,,,,,,,,,,,,,
2026-09-27,zone,Ituri,Adja,136,https://ebola-tracker.org/reports/SITREP_MVE_136.pdf,,11,0,1,1,0,9.1,,,,,,,,,,,,,,,
2026-09-27,zone,Ituri,Ariwara,136,https://ebola-tracker.org/reports/SITREP_MVE_136.pdf,,8,0,1,2,0,25.0,,,,,,,,,,,,,,,
2026-09-27,zone,Ituri,Aru,136,https://ebola-tracker.org/reports/SITREP_MVE_136.pdf,,8,0,1,6,0,75.0,,,,,,,,,,,,,,,
2026-09-27,zone,Ituri,Aungba,136,https://ebola-tracker.org/reports/SITREP_MVE_136.pdf,,12,0,1,5,0,41.7,,,,,,,,,,,,,,,
2026-09-27,zone,Ituri,Bambu,136,https://ebola-tracker.org/reports/SITREP_MVE_136.pdf,,202,1,1,46,0,22.8,,,,,,,,,,,,,,,
2026-09-27,zone,Ituri,Boga,136,https://ebola-tracker.org/reports/SITREP_MVE_136.pdf,,2,0,1,2,0,100.0,,,,,,,,,,,,,,,
2026-09-27,zone,Ituri,Bunia,136,https://ebola-tracker.org/reports/SITREP_MVE_136.pdf,,1705,8,1,550,7,32.3,,,,,,,,,,,,,,,
2026-09-27,zone,Ituri,Damas,136,https://ebola-tracker.org/reports/SITREP_MVE_136.pdf,,40,0,1,9,0,22.5,,,,,,,,,,,,,,,
2026-09-27,zone,Ituri,Drodro,136,https://ebola-tracker.org/reports/SITREP_MVE_136.pdf,,15,0,1,7,0,46.7,,,,,,,,,,,,,,,
2026-09-27,zone,Ituri,Fataki,136,https://ebola-tracker.org/reports/SITREP_MVE_136.pdf,,82,0,1,31,0,37.8,,,,,,,,,,,,,,,
2026-09-27,zone,Ituri,Gethy,136,https://ebola-tracker.org/reports/SITREP_MVE_136.pdf,,7,0,1,3,0,42.9,,,,,,,,,,,,,,,
2026-09-27,zone,Ituri,Kambala,136,https://ebola-tracker.org/reports/SITREP_MVE_136.pdf,,2,0,1,0,0,0.0,,,,,,,,,,,,,,,
2026-09-27,zone,Ituri,Kilo,136,https://ebola-tracker.org/reports/SITREP_MVE_136.pdf,,35,0,1,12,0,34.3,,,,,,,,,,,,,,,
2026-09-27,zone,Ituri,Komanda,136,https://ebola-tracker.org/reports/SITREP_MVE_136.pdf,,167,1,1,101,1,60.5,,,,,,,,,,,,,,,
2026-09-27,zone,Ituri,Lita,136,https://ebola-tracker.org/reports/SITREP_MVE_136.pdf,,283,0,1,141,1,49.8,,,,,,,,,,,,,,,
2026-09-27,zone,Ituri,Logo,136,https://ebola-tracker.org/reports/SITREP_MVE_136.pdf,,13,0,1,5,0,38.5,,,,,,,,,,,,,,,
2026-09-27,zone,Ituri,Lolwa,136,https://ebola-tracker.org/reports/SITREP_MVE_136.pdf,,33,0,1,8,0,24.2,,,,,,,,,,,,,,,
2026-09-27,zone,Ituri,Mahagi,136,https://ebola-tracker.org/reports/SITREP_MVE_136.pdf,,4,0,1,1,0,25.0,,,,,,,,,,,,,,,
2026-09-27,zone,Ituri,Mambasa,136,https://ebola-tracker.org/reports/SITREP_MVE_136.pdf,,29,2,1,11,2,37.9,,,,,,,,,,,,,,,
2026-09-27,zone,Ituri,Mandima,136,https://ebola-tracker.org/reports/SITREP_MVE_136.pdf,,120,2,1,67,2,55.8,,,,,,,,,,,,,,,
2026-09-27,zone,Ituri,Mangala,136,https://ebola-tracker.org/reports/SITREP_MVE_136.pdf,,346,0,1,153,0,44.2,,,,,,,,,,,,,,,
2026-09-27,zone,Ituri,Mongbwalu,136,https://ebola-tracker.org/reports/SITREP_MVE_136.pdf,,698,1,1,328,0,47.0,,,,,,,,,,,,,,,
2026-09-27,zone,Ituri,Nia-Nia,136,https://ebola-tracker.org/reports/SITREP_MVE_136.pdf,,293,9,1,159,0,54.3,,,,,,,,,,,,,,,
2026-09-27,zone,Ituri,Nizi,136,https://ebola-tracker.org/reports/SITREP_MVE_136.pdf,,772,1,1,278,1,36.0,,,,,,,,,,,,,,,
2026-09-27,zone,Ituri,Nyankunde,136,https://ebola-tracker.org/reports/SITREP_MVE_136.pdf,,128,1,1,37,0,28.9,,,,,,,,,,,,,,,
2026-09-27,zone,Ituri,Rimba,136,https://ebola-tracker.org/reports/SITREP_MVE_136.pdf,,12,0,1,4,0,33.3,,,,,,,,,,,,,,,
2026-09-27,zone,Ituri,Rwampara,136,https://ebola-tracker.org/reports/SITREP_MVE_136.pdf,,1079,1,1,363,0,33.6,,,,,,,,,,,,,,,
2026-09-27,zone,Ituri,Tchomia,136,https://ebola-tracker.org/reports/SITREP_MVE_136.pdf,,76,0,1,25,0,32.9,,,,,,,,,,,,,,,
2026-09-27,zone,Nord-Kivu,Beni,136,https://ebola-tracker.org/reports/SITREP_MVE_136.pdf,,337,8,1,222,2,65.9,,,,,,,,,,,,,,,
2026-09-27,zone,Nord-Kivu,Biena,136,https://ebola-tracker.org/reports/SITREP_MVE_136.pdf,,18,0,1,7,0,38.9,,,,,,,,,,,,,,,
2026-09-27,zone,Nord-Kivu,Butembo,136,https://ebola-tracker.org/reports/SITREP_MVE_136.pdf,,257,1,1,166,1,64.6,,,,,,,,,,,,,,,
2026-09-27,zone,Nord-Kivu,Goma,136,https://ebola-tracker.org/reports/SITREP_MVE_136.pdf,,1,0,1,0,0,0.0,,,,,,,,,,,,,,,
2026-09-27,zone,Nord-Kivu,Kalunguta,136,https://ebola-tracker.org/reports/SITREP_MVE_136.pdf,,53,2,1,18,2,34.0,,,,,,,,,,,,,,,
2026-09-27,zone,Nord-Kivu,Katwa,136,https://ebola-tracker.org/reports/SITREP_MVE_136.pdf,,559,4,1,355,2,63.5,,,,,,,,,,,,,,,
2026-09-27,zone,Nord-Kivu,Kayna,136,https://ebola-tracker.org/reports/SITREP_MVE_136.pdf,,1,0,1,0,0,0.0,,,,,,,,,,,,,,,
2026-09-27,zone,Nord-Kivu,Kyondo,136,https://ebola-tracker.org/reports/SITREP_MVE_136.pdf,,33,0,1,20,0,60.6,,,,,,,,,,,,,,,
2026-09-27,zone,Nord-Kivu,Lubero,136,https://ebola-tracker.org/reports/SITREP_MVE_136.pdf,,21,0,1,11,0,52.4,,,,,,,,,,,,,,,
2026-09-27,zone,Nord-Kivu,Mabalako,136,https://ebola-tracker.org/reports/SITREP_MVE_136.pdf,,31,0,1,11,0,35.5,,,,,,,,,,,,,,,
2026-09-27,zone,Nord-Kivu,Manguredjipa,136,https://ebola-tracker.org/reports/SITREP_MVE_136.pdf,,13,0,1,5,0,38.5,,,,,,,,,,,,,,,
2026-09-27,zone,Nord-Kivu,Masereka,136,https://ebola-tracker.org/reports/SITREP_MVE_136.pdf,,28,0,1,9,0,32.1,,,,,,,,,,,,,,,
2026-09-27,zone,Nord-Kivu,Musienene,136,https://ebola-tracker.org/reports/SITREP_MVE_136.pdf,,122,1,1,66,1,54.1,,,,,,,,,,,,,,,
2026-09-27,zone,Nord-Kivu,Mutwanga,136,https://ebola-tracker.org/reports/SITREP_MVE_136.pdf,,12,0,1,2,0,16.7,,,,,,,,,,,,,,,
2026-09-27,zone,Nord-Kivu,Oicha,136,https://ebola-tracker.org/reports/SITREP_MVE_136.pdf,,26,2,1,14,0,53.8,,,,,,,,,,,,,,,
2026-09-27,zone,Nord-Kivu,Vuhovi,136,https://ebola-tracker.org/reports/SITREP_MVE_136.pdf,,29,0,1,8,0,27.6,,,,,,,,,,,,,,,
2026-09-27,zone,Sud-Kivu,Miti-Murhesa,136,https://ebola-tracker.org/reports/SITREP_MVE_136.pdf,,3,0,1,1,0,33.3,,,,,,,,,,,,,,,
2026-09-27,zone,Sud-Ubangi,Bulu,136,https://ebola-tracker.org/reports/SITREP_MVE_136.pdf,,2,0,1,1,0,50.0,,,,,,,,,,,,,,,
2026-09-27,zone,Tshopo,Bafwasende,136,https://ebola-tracker.org/reports/SITREP_MVE_136.pdf,,7,0,1,1,0,14.3,,,,,,,,,,,,,,,
2026-09-27,zone,Tshopo,Kabondo,136,https://ebola-tracker.org/reports/SITREP_MVE_136.pdf,,5,0,1,1,0,20.0,,,,,,,,,,,,,,,
2026-09-27,zone,Tshopo,Lubunga,136,https://ebola-tracker.org/reports/SITREP_MVE_136.pdf,,1,0,1,0,0,0.0,,,,,,,,,,,,,,,
2026-09-27,zone,Tshopo,Makiso-Kisangani,136,https://ebola-tracker.org/reports/SITREP_MVE_136.pdf,,23,0,1,10,0,43.5,,,,,,,,,,,,,,,
2026-09-27,zone,Tshopo,Mangobo,136,https://ebola-tracker.org/reports/SITREP_MVE_136.pdf,,5,0,1,3,0,60.0,,,,,,,,,,,,,,,
2026-09-27,zone,Tshopo,Tshopo,136,https://ebola-tracker.org/reports/SITREP_MVE_136.pdf,,1,0,1,0,0,0.0,,,,,,,,,,,,,,,
2026-09-27,zone,Tshopo,Wanie-Rukula,136,https://ebola-tracker.org/reports/SITREP_MVE_136.pdf,,1,0,1,1,0,100.0,,,,,,,,,,,,,,,
2026-09-28,pays,,,137,https://ebola-tracker.org/reports/SITREP_MVE_137.pdf,,8171,55,1,3954,30,48.4,2105,17,13,2621,420,380,55,14.5,747,354,103.4,30159,24717,82.0,
2026-09-28,province,Bas-Uélé,,137,https://ebola-tracker.org/reports/SITREP_MVE_137.pdf,,10,0,1,4,0,40.0,,0,0,153,13,10,0,0.0,,,,185,159,85.9,1019
2026-09-28,province,Haut-Uélé,,137,https://ebola-tracker.org/reports/SITREP_MVE_137.pdf,,340,5,1,142,2,41.8,,1,1,34,23,20,5,25.0,,,,1762,1377,78.1,
2026-09-28,province,Ituri,,137,https://ebola-tracker.org/reports/SITREP_MVE_137.pdf,,6218,36,1,2868,20,46.1,,9,11,1200,202,200,36,18.0,381,,37.5,12476,10534,84.4,602
2026-09-28,province,Nord-Kivu,,137,https://ebola-tracker.org/reports/SITREP_MVE_137.pdf,,1553,12,1,922,8,59.4,,7,1,1005,170,140,12,8.6,366,354,103.4,14876,11921,80.1,
2026-09-28,province,Sud-Kivu,,137,https://ebola-tracker.org/reports/SITREP_MVE_137.pdf,,3,0,1,1,0,33.3,,0,0,,,,,,,,,,,,
2026-09-28,province,Sud-Ubangi,,137,https://ebola-tracker.org/reports/SITREP_MVE_137.pdf,,2,0,1,1,0,50.0,,0,0,56,3,,,,,,,98,92,93.9,
2026-09-28,province,Tshopo,,137,https://ebola-tracker.org/reports/SITREP_MVE_137.pdf,,45,2,1,16,0,35.6,,0,0,173,9,10,2,20.0,,,,762,634,83.2,
2026-09-28,zone,Bas-Uélé,Buta,137,https://ebola-tracker.org/reports/SITREP_MVE_137.pdf,,1,0,1,1,0,100.0,,,,,,,,,,,,,,,
2026-09-28,zone,Bas-Uélé,Ganga,137,https://ebola-tracker.org/reports/SITREP_MVE_137.pdf,,3,0,1,2,0,66.7,,,,,,,,,,,,,,,
2026-09-28,zone,Bas-Uélé,Viadana,137,https://ebola-tracker.org/reports/SITREP_MVE_137.pdf,,6,0,1,1,0,16.7,,,,,,,,,,,,,,,
2026-09-28,zone,Haut-Uélé,Boma-Mangbetu,137,https://ebola-tracker.org/reports/SITREP_MVE_137.pdf,,39,0,1,17,0,43.6,,,,,,,,,,,,,,,
2026-09-28,zone,Haut-Uélé,Dungu,137,https://ebola-tracker.org/reports/SITREP_MVE_137.pdf,,1,0,1,1,0,100.0,,,,,,,,,,,,,,,
2026-09-28,zone,Haut-Uélé,Gombari,137,https://ebola-tracker.org/reports/SITREP_MVE_137.pdf,,3,0,1,1,0,33.3,,,,,,,,,,,,,,,
2026-09-28,zone,Haut-Uélé,Isiro,137,https://ebola-tracker.org/reports/SITREP_MVE_137.pdf,,102,1,1,44,1,43.1,,,,,,,,,,,,,,,
2026-09-28,zone,Haut-Uélé,Pawa,137,https://ebola-tracker.org/reports/SITREP_MVE_137.pdf,,83,3,1,38,1,45.8,,,,,,,,,,,,,,,
2026-09-28,zone,Haut-Uélé,Rungu,137,https://ebola-tracker.org/reports/SITREP_MVE_137.pdf,,2,0,1,1,0,50.0,,,,,,,,,,,,,,,
2026-09-28,zone,Haut-Uélé,Wamba,137,https://ebola-tracker.org/reports/SITREP_MVE_137.pdf,,110,1,1,40,0,36.4,,,,,,,,,,,,,,,
2026-09-28,zone,Ituri,Adja,137,https://ebola-tracker.org/reports/SITREP_MVE_137.pdf,,11,0,1,1,0,9.1,,,,,,,,,,,,,,,
2026-09-28,zone,Ituri,Ariwara,137,https://ebola-tracker.org/reports/SITREP_MVE_137.pdf,,8,0,1,2,0,25.0,,,,,,,,,,,,,,,
2026-09-28,zone,Ituri,Aru,137,https://ebola-tracker.org/reports/SITREP_MVE_137.pdf,,8,0,1,6,0,75.0,,,,,,,,,,,,,,,
2026-09-28,zone,Ituri,Aungba,137,https://ebola-tracker.org/reports/SITREP_MVE_137.pdf,,12,0,1,5,0,41.7,,,,,,,,,,,,,,,
2026-09-28,zone,Ituri,Bambu,137,https://ebola-tracker.org/reports/SITREP_MVE_137.pdf,,202,0,1,46,0,22.8,,,,,,,,,,,,,,,
2026-09-28,zone,Ituri,Boga,137,https://ebola-tracker.org/reports/SITREP_MVE_137.pdf,,2,0,1,2,0,100.0,,,,,,,,,,,,,,,
2026-09-28,zone,Ituri,Bunia,137,https://ebola-tracker.org/reports/SITREP_MVE_137.pdf,,1714,9,1,557,7,32.5,,,,,,,,,,,,,,,
2026-09-28,zone,Ituri,Damas,137,https://ebola-tracker.org/reports/SITREP_MVE_137.pdf,,40,0,1,9,0,22.5,,,,,,,,,,,,,,,
2026-09-28,zone,Ituri,Drodro,137,https://ebola-tracker.org/reports/SITREP_MVE_137.pdf,,15,0,1,7,0,46.7,,,,,,,,,,,,,,,
2026-09-28,zone,Ituri,Fataki,137,https://ebola-tracker.org/reports/SITREP_MVE_137.pdf,,82,0,1,31,0,37.8,,,,,,,,,,,,,,,
2026-09-28,zone,Ituri,Gethy,137,https://ebola-tracker.org/reports/SITREP_MVE_137.pdf,,7,0,1,3,0,42.9,,,,,,,,,,,,,,,
2026-09-28,zone,Ituri,Kambala,137,https://ebola-tracker.org/reports/SITREP_MVE_137.pdf,,2,0,1,0,0,0.0,,,,,,,,,,,,,,,
2026-09-28,zone,Ituri,Kilo,137,https://ebola-tracker.org/reports/SITREP_MVE_137.pdf,,35,0,1,12,0,34.3,,,,,,,,,,,,,,,
2026-09-28,zone,Ituri,Komanda,137,https://ebola-tracker.org/reports/SITREP_MVE_137.pdf,,168,1,1,101,0,60.1,,,,,,,,,,,,,,,
2026-09-28,zone,Ituri,Lita,137,https://ebola-tracker.org/reports/SITREP_MVE_137.pdf,,284,1,1,143,2,50.4,,,,,,,,,,,,,,,
2026-09-28,zone,Ituri,Logo,137,https://ebola-tracker.org/reports/SITREP_MVE_137.pdf,,13,0,1,5,0,38.5,,,,,,,,,,,,,,,
2026-09-28,zone,Ituri,Lolwa,137,https://ebola-tracker.org/reports/SITREP_MVE_137.pdf,,33,0,1,8,0,24.2,,,,,,,,,,,,,,,
2026-09-28,zone,Ituri,Mahagi,137,https://ebola-tracker.org/reports/SITREP_MVE_137.pdf,,4,0,1,1,0,25.0,,,,,,,,,,,,,,,
2026-09-28,zone,Ituri,Mambasa,137,https://ebola-tracker.org/reports/SITREP_MVE_137.pdf,,29,0,1,11,0,37.9,,,,,,,,,,,,,,,
2026-09-28,zone,Ituri,Mandima,137,https://ebola-tracker.org/reports/SITREP_MVE_137.pdf,,131,11,1,71,4,54.2,,,,,,,,,,,,,,,
2026-09-28,zone,Ituri,Mangala,137,https://ebola-tracker.org/reports/SITREP_MVE_137.pdf,,350,4,1,153,0,43.7,,,,,,,,,,,,,,,
2026-09-28,zone,Ituri,Mongbwalu,137,https://ebola-tracker.org/reports/SITREP_MVE_137.pdf,,700,2,1,330,2,47.1,,,,,,,,,,,,,,,
2026-09-28,zone,Ituri,Nia-Nia,137,https://ebola-tracker.org/reports/SITREP_MVE_137.pdf,,295,2,1,161,2,54.6,,,,,,,,,,,,,,,
2026-09-28,zone,Ituri,Nizi,137,https://ebola-tracker.org/reports/SITREP_MVE_137.pdf,,775,3,1,279,1,36.0,,,,,,,,,,,,,,,
2026-09-28,zone,Ituri,Nyankunde,137,https://ebola-tracker.org/reports/SITREP_MVE_137.pdf,,128,0,1,37,0,28.9,,,,,,,,,,,,,,,
2026-09-28,zone,Ituri,Rimba,137,https://ebola-tracker.org/reports/SITREP_MVE_137.pdf,,12,0,1,4,0,33.3,,,,,,,,,,,,,,,
2026-09-28,zone,Ituri,Rwampara,137,https://ebola-tracker.org/reports/SITREP_MVE_137.pdf,,1082,3,1,365,2,33.7,,,,,,,,,,,,,,,
2026-09-28,zone,Ituri,Tchomia,137,https://ebola-tracker.org/reports/SITREP_MVE_137.pdf,,76,0,1,25,0,32.9,,,,,,,,,,,,,,,
2026-09-28,zone,Nord-Kivu,Beni,137,https://ebola-tracker.org/reports/SITREP_MVE_137.pdf,,343,6,1,228,6,66.5,,,,,,,,,,,,,,,
2026-09-28,zone,Nord-Kivu,Biena,137,https://ebola-tracker.org/reports/SITREP_MVE_137.pdf,,18,0,1,7,0,38.9,,,,,,,,,,,,,,,
2026-09-28,zone,Nord-Kivu,Butembo,137,https://ebola-tracker.org/reports/SITREP_MVE_137.pdf,,258,1,1,167,1,64.7,,,,,,,,,,,,,,,
2026-09-28,zone,Nord-Kivu,Goma,137,https://ebola-tracker.org/reports/SITREP_MVE_137.pdf,,1,0,1,0,0,0.0,,,,,,,,,,,,,,,
2026-09-28,zone,Nord-Kivu,Kalunguta,137,https://ebola-tracker.org/reports/SITREP_MVE_137.pdf,,54,1,1,18,0,33.3,,,,,,,,,,,,,,,
2026-09-28,zone,Nord-Kivu,Katwa,137,https://ebola-tracker.org/reports/SITREP_MVE_137.pdf,,559,0,1,355,0,63.5,,,,,,,,,,,,,,,
2026-09-28,zone,Nord-Kivu,Kayna,137,https://ebola-tracker.org/reports/SITREP_MVE_137.pdf,,1,0,1,0,0,0.0,,,,,,,,,,,,,,,
2026-09-28,zone,Nord-Kivu,Kyondo,137,https://ebola-tracker.org/reports/SITREP_MVE_137.pdf,,33,0,1,20,0,60.6,,,,,,,,,,,,,,,
2026-09-28,zone,Nord-Kivu,Lubero,137,https://ebola-tracker.org/reports/SITREP_MVE_137.pdf,,21,0,1,11,0,52.4,,,,,,,,,,,,,,,
2026-09-28,zone,Nord-Kivu,Mabalako,137,https://ebola-tracker.org/reports/SITREP_MVE_137.pdf,,32,1,1,11,0,34.4,,,,,,,,,,,,,,,
2026-09-28,zone,Nord-Kivu,Manguredjipa,137,https://ebola-tracker.org/reports/SITREP_MVE_137.pdf,,13,0,1,5,0,38.5,,,,,,,,,,,,,,,
2026-09-28,zone,Nord-Kivu,Masereka,137,https://ebola-tracker.org/reports/SITREP_MVE_137.pdf,,28,0,1,9,0,32.1,,,,,,,,,,,,,,,
2026-09-28,zone,Nord-Kivu,Musienene,137,https://ebola-tracker.org/reports/SITREP_MVE_137.pdf,,123,1,1,66,0,53.7,,,,,,,,,,,,,,,
2026-09-28,zone,Nord-Kivu,Mutwanga,137,https://ebola-tracker.org/reports/SITREP_MVE_137.pdf,,12,0,1,2,0,16.7,,,,,,,,,,,,,,,
2026-09-28,zone,Nord-Kivu,Oicha,137,https://ebola-tracker.org/reports/SITREP_MVE_137.pdf,,26,0,1,14,0,53.8,,,,,,,,,,,,,,,
2026-09-28,zone,Nord-Kivu,Vuhovi,137,https://ebola-tracker.org/reports/SITREP_MVE_137.pdf,,31,2,1,9,1,29.0,,,,,,,,,,,,,,,
2026-09-28,zone,Sud-Kivu,Miti-Murhesa,137,https://ebola-tracker.org/reports/SITREP_MVE_137.pdf,,3,0,1,1,0,33.3,,,,,,,,,,,,,,,
2026-09-28,zone,Sud-Ubangi,Bulu,137,https://ebola-tracker.org/reports/SITREP_MVE_137.pdf,,2,0,1,1,0,50.0,,,,,,,,,,,,,,,
2026-09-28,zone,Tshopo,Bafwasende,137,https://ebola-tracker.org/reports/SITREP_MVE_137.pdf,,7,0,1,1,0,14.3,,,,,,,,,,,,,,,
2026-09-28,zone,Tshopo,Kabondo,137,https://ebola-tracker.org/reports/SITREP_MVE_137.pdf,,5,0,1,1,0,20.0,,,,,,,,,,,,,,,
2026-09-28,zone,Tshopo,Lubunga,137,https://ebola-tracker.org/reports/SITREP_MVE_137.pdf,,1,0,1,0,0,0.0,,,,,,,,,,,,,,,
2026-09-28,zone,Tshopo,Makiso-Kisangani,137,https://ebola-tracker.org/reports/SITREP_MVE_137.pdf,,24,1,1,10,0,41.7,,,,,,,,,,,,,,,
2026-09-28,zone,Tshopo,Mangobo,137,https://ebola-tracker.org/reports/SITREP_MVE_137.pdf,,6,1,1,3,0,50.0,,,,,,,,,,,,,,,
2026-09-28,zone,Tshopo,Tshopo,137,https://ebola-tracker.org/reports/SITREP_MVE_137.pdf,,1,0,1,0,0,0.0,,,,,,,,,,,,,,,
2026-09-28,zone,Tshopo,Wanie-Rukula,137,https://ebola-tracker.org/reports/SITREP_MVE_137.pdf,,1,0,1,1,0,100.0,,,,,,,,,,,,,,,
2026-09-29,pays,,,138,https://ebola-tracker.org/reports/SITREP_MVE_138.pdf,,8224,53,1,3982,28,48.4,2121,22,6,1971,347,328,53,16.2,827,354,103.1,,,73.5,
2026-09-29,province,Bas-Uélé,,138,https://ebola-tracker.org/reports/SITREP_MVE_138.pdf,,10,0,1,4,0,40.0,,0,0,120,13,2,0,0.0,,,,185,161,87.0,1022
2026-09-29,province,Haut-Uélé,,138,https://ebola-tracker.org/reports/SITREP_MVE_138.pdf,,344,4,1,144,2,41.9,,1,1,0,0,21,4,19.0,70,,50.7,976,807,82.7,
2026-09-29,province,Ituri,,138,https://ebola-tracker.org/reports/SITREP_MVE_138.pdf,,6250,32,1,2885,17,46.2,,13,4,1199,210,175,32,18.3,392,,38.6,14363,12248,85.3,731
2026-09-29,province,Nord-Kivu,,138,https://ebola-tracker.org/reports/SITREP_MVE_138.pdf,,1570,17,1,931,9,59.3,,8,1,459,112,124,17,13.7,365,354,103.1,,,,
2026-09-29,province,Sud-Kivu,,138,https://ebola-tracker.org/reports/SITREP_MVE_138.pdf,,3,0,1,1,0,33.3,,0,0,,,,,,,,,,,,
2026-09-29,province,Sud-Ubangi,,138,https://ebola-tracker.org/reports/SITREP_MVE_138.pdf,,2,0,1,1,0,50.0,,0,0,42,0,,,,,,,98,92,93.9,
2026-09-29,province,Tshopo,,138,https://ebola-tracker.org/reports/SITREP_MVE_138.pdf,,45,0,1,16,0,35.6,,0,0,151,12,6,0,0.0,,,,762,638,83.7,
2026-09-29,zone,Bas-Uélé,Buta,138,https://ebola-tracker.org/reports/SITREP_MVE_138.pdf,,1,0,1,1,0,100.0,,,,,,,,,,,,,,,
2026-09-29,zone,Bas-Uélé,Ganga,138,https://ebola-tracker.org/reports/SITREP_MVE_138.pdf,,3,0,1,2,0,66.7,,,,,,,,,,,,,,,
2026-09-29,zone,Bas-Uélé,Viadana,138,https://ebola-tracker.org/reports/SITREP_MVE_138.pdf,,6,0,1,1,0,16.7,,,,,,,,,,,,,,,
2026-09-29,zone,Haut-Uélé,Boma-Mangbetu,138,https://ebola-tracker.org/reports/SITREP_MVE_138.pdf,,39,0,1,17,0,43.6,,,,,,,,,,,,,,,
2026-09-29,zone,Haut-Uélé,Dungu,138,https://ebola-tracker.org/reports/SITREP_MVE_138.pdf,,1,0,1,1,0,100.0,,,,,,,,,,,,,,,
2026-09-29,zone,Haut-Uélé,Gombari,138,https://ebola-tracker.org/reports/SITREP_MVE_138.pdf,,3,0,1,1,0,33.3,,,,,,,,,,,,,,,
2026-09-29,zone,Haut-Uélé,Isiro,138,https://ebola-tracker.org/reports/SITREP_MVE_138.pdf,,102,0,1,44,0,43.1,,,,,,,,,,,,,,,
2026-09-29,zone,Haut-Uélé,Pawa,138,https://ebola-tracker.org/reports/SITREP_MVE_138.pdf,,85,2,1,39,1,45.9,,,,,,,,,,,,,,,
2026-09-29,zone,Haut-Uélé,Rungu,138,https://ebola-tracker.org/reports/SITREP_MVE_138.pdf,,2,0,1,1,0,50.0,,,,,,,,,,,,,,,
2026-09-29,zone,Haut-Uélé,Wamba,138,https://ebola-tracker.org/reports/SITREP_MVE_138.pdf,,112,2,1,41,1,36.6,,,,,,,,,,,,,,,
2026-09-29,zone,Ituri,Adja,138,https://ebola-tracker.org/reports/SITREP_MVE_138.pdf,,11,0,1,1,0,9.1,,,,,,,,,,,,,,,
2026-09-29,zone,Ituri,Ariwara,138,https://ebola-tracker.org/reports/SITREP_MVE_138.pdf,,8,0,1,2,0,25.0,,,,,,,,,,,,,,,
2026-09-29,zone,Ituri,Aru,138,https://ebola-tracker.org/reports/SITREP_MVE_138.pdf,,8,0,1,6,0,75.0,,,,,,,,,,,,,,,
2026-09-29,zone,Ituri,Aungba,138,https://ebola-tracker.org/reports/SITREP_MVE_138.pdf,,12,0,1,5,0,41.7,,,,,,,,,,,,,,,
2026-09-29,zone,Ituri,Bambu,138,https://ebola-tracker.org/reports/SITREP_MVE_138.pdf,,202,0,1,46,0,22.8,,,,,,,,,,,,,,,
2026-09-29,zone,Ituri,Boga,138,https://ebola-tracker.org/reports/SITREP_MVE_138.pdf,,2,0,1,2,0,100.0,,,,,,,,,,,,,,,
2026-09-29,zone,Ituri,Bunia,138,https://ebola-tracker.org/reports/SITREP_MVE_138.pdf,,1728,14,1,561,4,32.5,,,,,,,,,,,,,,,
2026-09-29,zone,Ituri,Damas,138,https://ebola-tracker.org/reports/SITREP_MVE_138.pdf,,40,0,1,9,0,22.5,,,,,,,,,,,,,,,
2026-09-29,zone,Ituri,Drodro,138,https://ebola-tracker.org/reports/SITREP_MVE_138.pdf,,15,0,1,7,0,46.7,,,,,,,,,,,,,,,
2026-09-29,zone,Ituri,Fataki,138,https://ebola-tracker.org/reports/SITREP_MVE_138.pdf,,82,0,1,31,0,37.8,,,,,,,,,,,,,,,
2026-09-29,zone,Ituri,Gethy,138,https://ebola-tracker.org/reports/SITREP_MVE_138.pdf,,7,0,1,3,0,42.9,,,,,,,,,,,,,,,
2026-09-29,zone,Ituri,Kambala,138,https://ebola-tracker.org/reports/SITREP_MVE_138.pdf,,2,0,1,0,0,0.0,,,,,,,,,,,,,,,
2026-09-29,zone,Ituri,Kilo,138,https://ebola-tracker.org/reports/SITREP_MVE_138.pdf,,35,0,1,12,0,34.3,,,,,,,,,,,,,,,
2026-09-29,zone,Ituri,Komanda,138,https://ebola-tracker.org/reports/SITREP_MVE_138.pdf,,169,1,1,102,1,60.4,,,,,,,,,,,,,,,
2026-09-29,zone,Ituri,Lita,138,https://ebola-tracker.org/reports/SITREP_MVE_138.pdf,,284,0,1,143,0,50.4,,,,,,,,,,,,,,,
2026-09-29,zone,Ituri,Logo,138,https://ebola-tracker.org/reports/SITREP_MVE_138.pdf,,13,0,1,5,0,38.5,,,,,,,,,,,,,,,
2026-09-29,zone,Ituri,Lolwa,138,https://ebola-tracker.org/reports/SITREP_MVE_138.pdf,,34,1,1,9,1,26.5,,,,,,,,,,,,,,,
2026-09-29,zone,Ituri,Mahagi,138,https://ebola-tracker.org/reports/SITREP_MVE_138.pdf,,4,0,1,1,0,25.0,,,,,,,,,,,,,,,
2026-09-29,zone,Ituri,Mambasa,138,https://ebola-tracker.org/reports/SITREP_MVE_138.pdf,,29,0,1,11,0,37.9,,,,,,,,,,,,,,,
2026-09-29,zone,Ituri,Mandima,138,https://ebola-tracker.org/reports/SITREP_MVE_138.pdf,,137,6,1,75,4,54.7,,,,,,,,,,,,,,,
2026-09-29,zone,Ituri,Mangala,138,https://ebola-tracker.org/reports/SITREP_MVE_138.pdf,,351,1,1,154,1,43.9,,,,,,,,,,,,,,,
2026-09-29,zone,Ituri,Mongbwalu,138,https://ebola-tracker.org/reports/SITREP_MVE_138.pdf,,701,1,1,331,1,47.2,,,,,,,,,,,,,,,
2026-09-29,zone,Ituri,Nia-Nia,138,https://ebola-tracker.org/reports/SITREP_MVE_138.pdf,,298,3,1,162,1,54.4,,,,,,,,,,,,,,,
2026-09-29,zone,Ituri,Nizi,138,https://ebola-tracker.org/reports/SITREP_MVE_138.pdf,,778,3,1,279,0,35.9,,,,,,,,,,,,,,,
2026-09-29,zone,Ituri,Nyankunde,138,https://ebola-tracker.org/reports/SITREP_MVE_138.pdf,,129,1,1,37,0,28.7,,,,,,,,,,,,,,,
2026-09-29,zone,Ituri,Rimba,138,https://ebola-tracker.org/reports/SITREP_MVE_138.pdf,,12,0,1,4,0,33.3,,,,,,,,,,,,,,,
2026-09-29,zone,Ituri,Rwampara,138,https://ebola-tracker.org/reports/SITREP_MVE_138.pdf,,1083,1,1,369,4,34.1,,,,,,,,,,,,,,,
2026-09-29,zone,Ituri,Tchomia,138,https://ebola-tracker.org/reports/SITREP_MVE_138.pdf,,76,0,1,25,0,32.9,,,,,,,,,,,,,,,
2026-09-29,zone,Nord-Kivu,Beni,138,https://ebola-tracker.org/reports/SITREP_MVE_138.pdf,,348,5,1,229,1,65.8,,,,,,,,,,,,,,,
2026-09-29,zone,Nord-Kivu,Biena,138,https://ebola-tracker.org/reports/SITREP_MVE_138.pdf,,19,1,1,7,0,36.8,,,,,,,,,,,,,,,
2026-09-29,zone,Nord-Kivu,Butembo,138,https://ebola-tracker.org/reports/SITREP_MVE_138.pdf,,263,5,1,170,3,64.6,,,,,,,,,,,,,,,
2026-09-29,zone,Nord-Kivu,Goma,138,https://ebola-tracker.org/reports/SITREP_MVE_138.pdf,,1,0,1,0,0,0.0,,,,,,,,,,,,,,,
2026-09-29,zone,Nord-Kivu,Kalunguta,138,https://ebola-tracker.org/reports/SITREP_MVE_138.pdf,,54,0,1,18,0,33.3,,,,,,,,,,,,,,,
2026-09-29,zone,Nord-Kivu,Katwa,138,https://ebola-tracker.org/reports/SITREP_MVE_138.pdf,,562,3,1,357,2,63.5,,,,,,,,,,,,,,,
2026-09-29,zone,Nord-Kivu,Kayna,138,https://ebola-tracker.org/reports/SITREP_MVE_138.pdf,,1,0,1,0,0,0.0,,,,,,,,,,,,,,,
2026-09-29,zone,Nord-Kivu,Kyondo,138,https://ebola-tracker.org/reports/SITREP_MVE_138.pdf,,33,0,1,20,0,60.6,,,,,,,,,,,,,,,
2026-09-29,zone,Nord-Kivu,Lubero,138,https://ebola-tracker.org/reports/SITREP_MVE_138.pdf,,21,0,1,11,0,52.4,,,,,,,,,,,,,,,
2026-09-29,zone,Nord-Kivu,Mabalako,138,https://ebola-tracker.org/reports/SITREP_MVE_138.pdf,,33,1,1,12,1,36.4,,,,,,,,,,,,,,,
2026-09-29,zone,Nord-Kivu,Manguredjipa,138,https://ebola-tracker.org/reports/SITREP_MVE_138.pdf,,13,0,1,5,0,38.5,,,,,,,,,,,,,,,
2026-09-29,zone,Nord-Kivu,Masereka,138,https://ebola-tracker.org/reports/SITREP_MVE_138.pdf,,29,1,1,9,0,31.0,,,,,,,,,,,,,,,
2026-09-29,zone,Nord-Kivu,Musienene,138,https://ebola-tracker.org/reports/SITREP_MVE_138.pdf,,124,1,1,67,1,54.0,,,,,,,,,,,,,,,
2026-09-29,zone,Nord-Kivu,Mutwanga,138,https://ebola-tracker.org/reports/SITREP_MVE_138.pdf,,12,0,1,2,0,16.7,,,,,,,,,,,,,,,
2026-09-29,zone,Nord-Kivu,Oicha,138,https://ebola-tracker.org/reports/SITREP_MVE_138.pdf,,26,0,1,14,0,53.8,,,,,,,,,,,,,,,
2026-09-29,zone,Nord-Kivu,Vuhovi,138,https://ebola-tracker.org/reports/SITREP_MVE_138.pdf,,31,0,1,10,1,32.3,,,,,,,,,,,,,,,
2026-09-29,zone,Sud-Kivu,Miti-Murhesa,138,https://ebola-tracker.org/reports/SITREP_MVE_138.pdf,,3,0,1,1,0,33.3,,,,,,,,,,,,,,,
2026-09-29,zone,Sud-Ubangi,Bulu,138,https://ebola-tracker.org/reports/SITREP_MVE_138.pdf,,2,0,1,1,0,50.0,,,,,,,,,,,,,,,
2026-09-29,zone,Tshopo,Bafwasende,138,https://ebola-tracker.org/reports/SITREP_MVE_138.pdf,,7,0,1,1,0,14.3,,,,,,,,,,,,,,,
2026-09-29,zone,Tshopo,Kabondo,138,https://ebola-tracker.org/reports/SITREP_MVE_138.pdf,,5,0,1,1,0,20.0,,,,,,,,,,,,,,,
2026-09-29,zone,Tshopo,Lubunga,138,https://ebola-tracker.org/reports/SITREP_MVE_138.pdf,,1,0,1,0,0,0.0,,,,,,,,,,,,,,,
2026-09-29,zone,Tshopo,Makiso-Kisangani,138,https://ebola-tracker.org/reports/SITREP_MVE_138.pdf,,24,0,1,10,0,41.7,,,,,,,,,,,,,,,
2026-09-29,zone,Tshopo,Mangobo,138,https://ebola-tracker.org/reports/SITREP_MVE_138.pdf,,6,0,1,3,0,50.0,,,,,,,,,,,,,,,
2026-09-29,zone,Tshopo,Tshopo,138,https://ebola-tracker.org/reports/SITREP_MVE_138.pdf,,1,0,1,0,0,0.0,,,,,,,,,,,,,,,
2026-09-29,zone,Tshopo,Wanie-Rukula,138,https://ebola-tracker.org/reports/SITREP_MVE_138.pdf,,1,0,1,1,0,100.0,,,,,,,,,,,,,,,
2026-09-30,pays,,,139,https://ebola-tracker.org/reports/SITREP_MVE_139.pdf,,8300,76,1,4018,36,48.4,2162,28,8,2688,425,474,76,16.0,827,354,101.7,32363,26089,80.6,
2026-09-30,province,Bas-Uélé,,139,https://ebola-tracker.org/reports/SITREP_MVE_139.pdf,,10,0,1,4,0,40.0,,0,0,138,18,7,0,0.0,,,,185,161,87.0,1034
2026-09-30,province,Haut-Uélé,,139,https://ebola-tracker.org/reports/SITREP_MVE_139.pdf,,346,2,1,144,0,41.6,,0,0,35,21,18,2,11.1,69,,50.0,2082,1616,77.6,
2026-09-30,province,Ituri,,139,https://ebola-tracker.org/reports/SITREP_MVE_139.pdf,,6293,43,1,2902,17,46.1,,11,6,1048,192,209,43,20.6,398,,39.2,14577,11965,82.1,817
2026-09-30,province,Nord-Kivu,,139,https://ebola-tracker.org/reports/SITREP_MVE_139.pdf,,1601,31,1,950,19,59.3,,17,2,1281,185,230,31,13.5,360,354,101.7,14665,11595,79.1,
2026-09-30,province,Sud-Kivu,,139,https://ebola-tracker.org/reports/SITREP_MVE_139.pdf,,3,0,1,1,0,33.3,,0,0,,,,,,,,,,,,
2026-09-30,province,Sud-Ubangi,,139,https://ebola-tracker.org/reports/SITREP_MVE_139.pdf,,2,0,1,1,0,50.0,,0,0,53,1,,,,,,,98,92,93.9,
2026-09-30,province,Tshopo,,139,https://ebola-tracker.org/reports/SITREP_MVE_139.pdf,,45,0,1,16,0,35.6,,0,0,133,8,10,0,0.0,,,,756,660,87.3,
2026-09-30,zone,Bas-Uélé,Buta,139,https://ebola-tracker.org/reports/SITREP_MVE_139.pdf,,1,0,1,1,0,100.0,,,,,,,,,,,,,,,
2026-09-30,zone,Bas-Uélé,Ganga,139,https://ebola-tracker.org/reports/SITREP_MVE_139.pdf,,3,0,1,2,0,66.7,,,,,,,,,,,,,,,
2026-09-30,zone,Bas-Uélé,Viadana,139,https://ebola-tracker.org/reports/SITREP_MVE_139.pdf,,6,0,1,1,0,16.7,,,,,,,,,,,,,,,
2026-09-30,zone,Haut-Uélé,Boma-Mangbetu,139,https://ebola-tracker.org/reports/SITREP_MVE_139.pdf,,39,0,1,17,0,43.6,,,,,,,,,,,,,,,
2026-09-30,zone,Haut-Uélé,Dungu,139,https://ebola-tracker.org/reports/SITREP_MVE_139.pdf,,1,0,1,1,0,100.0,,,,,,,,,,,,,,,
2026-09-30,zone,Haut-Uélé,Gombari,139,https://ebola-tracker.org/reports/SITREP_MVE_139.pdf,,3,0,1,1,0,33.3,,,,,,,,,,,,,,,
2026-09-30,zone,Haut-Uélé,Isiro,139,https://ebola-tracker.org/reports/SITREP_MVE_139.pdf,,102,0,1,44,0,43.1,,,,,,,,,,,,,,,
2026-09-30,zone,Haut-Uélé,Pawa,139,https://ebola-tracker.org/reports/SITREP_MVE_139.pdf,,87,2,1,39,0,44.8,,,,,,,,,,,,,,,
2026-09-30,zone,Haut-Uélé,Rungu,139,https://ebola-tracker.org/reports/SITREP_MVE_139.pdf,,2,0,1,1,0,50.0,,,,,,,,,,,,,,,
2026-09-30,zone,Haut-Uélé,Wamba,139,https://ebola-tracker.org/reports/SITREP_MVE_139.pdf,,112,0,1,41,0,36.6,,,,,,,,,,,,,,,
2026-09-30,zone,Ituri,Adja,139,https://ebola-tracker.org/reports/SITREP_MVE_139.pdf,,11,0,1,1,0,9.1,,,,,,,,,,,,,,,
2026-09-30,zone,Ituri,Ariwara,139,https://ebola-tracker.org/reports/SITREP_MVE_139.pdf,,8,0,1,2,0,25.0,,,,,,,,,,,,,,,
2026-09-30,zone,Ituri,Aru,139,https://ebola-tracker.org/reports/SITREP_MVE_139.pdf,,8,0,1,6,0,75.0,,,,,,,,,,,,,,,
2026-09-30,zone,Ituri,Aungba,139,https://ebola-tracker.org/reports/SITREP_MVE_139.pdf,,12,0,1,5,0,41.7,,,,,,,,,,,,,,,
2026-09-30,zone,Ituri,Bambu,139,https://ebola-tracker.org/reports/SITREP_MVE_139.pdf,,202,0,1,46,0,22.8,,,,,,,,,,,,,,,
2026-09-30,zone,Ituri,Boga,139,https://ebola-tracker.org/reports/SITREP_MVE_139.pdf,,2,0,1,2,0,100.0,,,,,,,,,,,,,,,
2026-09-30,zone,Ituri,Bunia,139,https://ebola-tracker.org/reports/SITREP_MVE_139.pdf,,1739,11,1,571,10,32.8,,,,,,,,,,,,,,,
2026-09-30,zone,Ituri,Damas,139,https://ebola-tracker.org/reports/SITREP_MVE_139.pdf,,40,0,1,9,0,22.5,,,,,,,,,,,,,,,
2026-09-30,zone,Ituri,Drodro,139,https://ebola-tracker.org/reports/SITREP_MVE_139.pdf,,15,0,1,7,0,46.7,,,,,,,,,,,,,,,
2026-09-30,zone,Ituri,Fataki,139,https://ebola-tracker.org/reports/SITREP_MVE_139.pdf,,82,0,1,31,0,37.8,,,,,,,,,,,,,,,
2026-09-30,zone,Ituri,Gethy,139,https://ebola-tracker.org/reports/SITREP_MVE_139.pdf,,7,0,1,3,0,42.9,,,,,,,,,,,,,,,
2026-09-30,zone,Ituri,Kambala,139,https://ebola-tracker.org/reports/SITREP_MVE_139.pdf,,2,0,1,0,0,0.0,,,,,,,,,,,,,,,
2026-09-30,zone,Ituri,Kilo,139,https://ebola-tracker.org/reports/SITREP_MVE_139.pdf,,37,2,1,12,0,32.4,,,,,,,,,,,,,,,
2026-09-30,zone,Ituri,Komanda,139,https://ebola-tracker.org/reports/SITREP_MVE_139.pdf,,169,0,1,103,1,60.9,,,,,,,,,,,,,,,
2026-09-30,zone,Ituri,Lita,139,https://ebola-tracker.org/reports/SITREP_MVE_139.pdf,,287,3,1,145,2,50.5,,,,,,,,,,,,,,,
2026-09-30,zone,Ituri,Logo,139,https://ebola-tracker.org/reports/SITREP_MVE_139.pdf,,13,0,1,5,0,38.5,,,,,,,,,,,,,,,
2026-09-30,zone,Ituri,Lolwa,139,https://ebola-tracker.org/reports/SITREP_MVE_139.pdf,,34,0,1,9,0,26.5,,,,,,,,,,,,,,,
2026-09-30,zone,Ituri,Mahagi,139,https://ebola-tracker.org/reports/SITREP_MVE_139.pdf,,4,0,1,1,0,25.0,,,,,,,,,,,,,,,
2026-09-30,zone,Ituri,Mambasa,139,https://ebola-tracker.org/reports/SITREP_MVE_139.pdf,,32,3,1,11,0,34.4,,,,,,,,,,,,,,,
2026-09-30,zone,Ituri,Mandima,139,https://ebola-tracker.org/reports/SITREP_MVE_139.pdf,,138,1,1,75,0,54.3,,,,,,,,,,,,,,,
2026-09-30,zone,Ituri,Mangala,139,https://ebola-tracker.org/reports/SITREP_MVE_139.pdf,,357,6,1,154,0,43.1,,,,,,,,,,,,,,,
2026-09-30,zone,Ituri,Mongbwalu,139,https://ebola-tracker.org/reports/SITREP_MVE_139.pdf,,703,2,1,333,2,47.4,,,,,,,,,,,,,,,
2026-09-30,zone,Ituri,Nia-Nia,139,https://ebola-tracker.org/reports/SITREP_MVE_139.pdf,,305,7,1,167,5,54.8,,,,,,,,,,,,,,,
2026-09-30,zone,Ituri,Nizi,139,https://ebola-tracker.org/reports/SITREP_MVE_139.pdf,,781,3,1,279,0,35.7,,,,,,,,,,,,,,,
2026-09-30,zone,Ituri,Nyankunde,139,https://ebola-tracker.org/reports/SITREP_MVE_139.pdf,,129,0,1,37,0,28.7,,,,,,,,,,,,,,,
2026-09-30,zone,Ituri,Rimba,139,https://ebola-tracker.org/reports/SITREP_MVE_139.pdf,,12,0,1,4,0,33.3,,,,,,,,,,,,,,,
2026-09-30,zone,Ituri,Rwampara,139,https://ebola-tracker.org/reports/SITREP_MVE_139.pdf,,1088,5,1,366,-3,33.6,,,,,,,,,,,,,,,
2026-09-30,zone,Ituri,Tchomia,139,https://ebola-tracker.org/reports/SITREP_MVE_139.pdf,,76,0,1,25,0,32.9,,,,,,,,,,,,,,,
2026-09-30,zone,Nord-Kivu,Beni,139,https://ebola-tracker.org/reports/SITREP_MVE_139.pdf,,361,13,1,239,10,66.2,,,,,,,,,,,,,,,
2026-09-30,zone,Nord-Kivu,Biena,139,https://ebola-tracker.org/reports/SITREP_MVE_139.pdf,,19,0,1,7,0,36.8,,,,,,,,,,,,,,,
2026-09-30,zone,Nord-Kivu,Butembo,139,https://ebola-tracker.org/reports/SITREP_MVE_139.pdf,,267,4,1,171,1,64.0,,,,,,,,,,,,,,,
2026-09-30,zone,Nord-Kivu,Goma,139,https://ebola-tracker.org/reports/SITREP_MVE_139.pdf,,1,0,1,0,0,0.0,,,,,,,,,,,,,,,
2026-09-30,zone,Nord-Kivu,Kalunguta,139,https://ebola-tracker.org/reports/SITREP_MVE_139.pdf,,56,2,1,19,1,33.9,,,,,,,,,,,,,,,
2026-09-30,zone,Nord-Kivu,Katwa,139,https://ebola-tracker.org/reports/SITREP_MVE_139.pdf,,566,4,1,359,2,63.4,,,,,,,,,,,,,,,
2026-09-30,zone,Nord-Kivu,Kayna,139,https://ebola-tracker.org/reports/SITREP_MVE_139.pdf,,1,0,1,0,0,0.0,,,,,,,,,,,,,,,
2026-09-30,zone,Nord-Kivu,Kyondo,139,https://ebola-tracker.org/reports/SITREP_MVE_139.pdf,,33,0,1,20,0,60.6,,,,,,,,,,,,,,,
2026-09-30,zone,Nord-Kivu,Lubero,139,https://ebola-tracker.org/reports/SITREP_MVE_139.pdf,,21,0,1,11,0,52.4,,,,,,,,,,,,,,,
2026-09-30,zone,Nord-Kivu,Mabalako,139,https://ebola-tracker.org/reports/SITREP_MVE_139.pdf,,36,3,1,14,2,38.9,,,,,,,,,,,,,,,
2026-09-30,zone,Nord-Kivu,Manguredjipa,139,https://ebola-tracker.org/reports/SITREP_MVE_139.pdf,,13,0,1,5,0,38.5,,,,,,,,,,,,,,,
2026-09-30,zone,Nord-Kivu,Masereka,139,https://ebola-tracker.org/reports/SITREP_MVE_139.pdf,,29,0,1,10,1,34.5,,,,,,,,,,,,,,,
2026-09-30,zone,Nord-Kivu,Musienene,139,https://ebola-tracker.org/reports/SITREP_MVE_139.pdf,,126,2,1,68,1,54.0,,,,,,,,,,,,,,,
2026-09-30,zone,Nord-Kivu,Mutwanga,139,https://ebola-tracker.org/reports/SITREP_MVE_139.pdf,,14,2,1,2,0,14.3,,,,,,,,,,,,,,,
2026-09-30,zone,Nord-Kivu,Oicha,139,https://ebola-tracker.org/reports/SITREP_MVE_139.pdf,,27,1,1,15,1,55.6,,,,,,,,,,,,,,,
2026-09-30,zone,Nord-Kivu,Vuhovi,139,https://ebola-tracker.org/reports/SITREP_MVE_139.pdf,,31,0,1,10,0,32.3,,,,,,,,,,,,,,,
2026-09-30,zone,Sud-Kivu,Miti-Murhesa,139,https://ebola-tracker.org/reports/SITREP_MVE_139.pdf,,3,0,1,1,0,33.3,,,,,,,,,,,,,,,
2026-09-30,zone,Sud-Ubangi,Bulu,139,https://ebola-tracker.org/reports/SITREP_MVE_139.pdf,,2,0,1,1,0,50.0,,,,,,,,,,,,,,,
2026-09-30,zone,Tshopo,Bafwasende,139,https://ebola-tracker.org/reports/SITREP_MVE_139.pdf,,7,0,1,1,0,14.3,,,,,,,,,,,,,,,
2026-09-30,zone,Tshopo,Kabondo,139,https://ebola-tracker.org/reports/SITREP_MVE_139.pdf,,5,0,1,1,0,20.0,,,,,,,,,,,,,,,
2026-09-30,zone,Tshopo,Lubunga,139,https://ebola-tracker.org/reports/SITREP_MVE_139.pdf,,1,0,1,0,0,0.0,,,,,,,,,,,,,,,
2026-09-30,zone,Tshopo,Makiso-Kisangani,139,https://ebola-tracker.org/reports/SITREP_MVE_139.pdf,,24,0,1,10,0,41.7,,,,,,,,,,,,,,,
2026-09-30,zone,Tshopo,Mangobo,139,https://ebola-tracker.org/reports/SITREP_MVE_139.pdf,,6,0,1,3,0,50.0,,,,,,,,,,,,,,,
2026-09-30,zone,Tshopo,Tshopo,139,https://ebola-tracker.org/reports/SITREP_MVE_139.pdf,,1,0,1,0,0,0.0,,,,,,,,,,,,,,,
2026-09-30,zone,Tshopo,Wanie-Rukula,139,https://ebola-tracker.org/reports/SITREP_MVE_139.pdf,,1,0,1,1,0,100.0,,,,,,,,,,,,,,,
2026-10-01,pays,,,140,https://ebola-tracker.org/reports/SITREP_MVE_140.pdf,,8376,76,1,4042,24,48.3,2182,19,5,2441,514,452,76,16.8,851,,,31092,25277,81.3,
2026-10-01,province,Bas-Uélé,,140,https://ebola-tracker.org/reports/SITREP_MVE_140.pdf,,10,0,1,4,0,40.0,,0,0,161,32,,,,,,,,,,1071
2026-10-01,province,Haut-Uélé,,140,https://ebola-tracker.org/reports/SITREP_MVE_140.pdf,,349,3,1,144,0,41.3,,0,0,43,31,8,3,37.5,74,,53.6,,,,
2026-10-01,province,Ituri,,140,https://ebola-tracker.org/reports/SITREP_MVE_140.pdf,,6342,49,1,2918,16,46.0,,12,4,1008,255,291,49,16.8,394,,38.8,14591,12169,83.4,
2026-10-01,province,Nord-Kivu,,140,https://ebola-tracker.org/reports/SITREP_MVE_140.pdf,,1624,23,1,958,8,59.0,,7,1,1080,179,142,23,16.2,383,,63.0,14480,11365,78.5,
2026-10-01,province,Sud-Kivu,,140,https://ebola-tracker.org/reports/SITREP_MVE_140.pdf,,3,0,1,1,0,33.3,,0,0,,,,,,,,,,,,
2026-10-01,province,Sud-Ubangi,,140,https://ebola-tracker.org/reports/SITREP_MVE_140.pdf,,2,0,1,1,0,50.0,,0,0,57,4,,,,,,,39,34,87.2,
2026-10-01,province,Tshopo,,140,https://ebola-tracker.org/reports/SITREP_MVE_140.pdf,,46,1,1,16,0,34.8,,0,0,92,13,11,1,9.1,,,,758,660,87.1,
2026-10-01,zone,Bas-Uélé,Buta,140,https://ebola-tracker.org/reports/SITREP_MVE_140.pdf,,1,0,1,1,0,100.0,,,,,,,,,,,,,,,
2026-10-01,zone,Bas-Uélé,Ganga,140,https://ebola-tracker.org/reports/SITREP_MVE_140.pdf,,3,0,1,2,0,66.7,,,,,,,,,,,,,,,
2026-10-01,zone,Bas-Uélé,Viadana,140,https://ebola-tracker.org/reports/SITREP_MVE_140.pdf,,6,0,1,1,0,16.7,,,,,,,,,,,,,,,
2026-10-01,zone,Haut-Uélé,Boma-Mangbetu,140,https://ebola-tracker.org/reports/SITREP_MVE_140.pdf,,41,2,1,17,0,41.5,,,,,,,,,,,,,,,
2026-10-01,zone,Haut-Uélé,Dungu,140,https://ebola-tracker.org/reports/SITREP_MVE_140.pdf,,1,0,1,1,0,100.0,,,,,,,,,,,,,,,
2026-10-01,zone,Haut-Uélé,Gombari,140,https://ebola-tracker.org/reports/SITREP_MVE_140.pdf,,3,0,1,1,0,33.3,,,,,,,,,,,,,,,
2026-10-01,zone,Haut-Uélé,Isiro,140,https://ebola-tracker.org/reports/SITREP_MVE_140.pdf,,102,0,1,44,0,43.1,,,,,,,,,,,,,,,
2026-10-01,zone,Haut-Uélé,Pawa,140,https://ebola-tracker.org/reports/SITREP_MVE_140.pdf,,87,0,1,39,0,44.8,,,,,,,,,,,,,,,
2026-10-01,zone,Haut-Uélé,Rungu,140,https://ebola-tracker.org/reports/SITREP_MVE_140.pdf,,3,1,1,1,0,33.3,,,,,,,,,,,,,,,
2026-10-01,zone,Haut-Uélé,Wamba,140,https://ebola-tracker.org/reports/SITREP_MVE_140.pdf,,112,0,1,41,0,36.6,,,,,,,,,,,,,,,
2026-10-01,zone,Ituri,Adja,140,https://ebola-tracker.org/reports/SITREP_MVE_140.pdf,,11,0,1,1,0,9.1,,,,,,,,,,,,,,,
2026-10-01,zone,Ituri,Ariwara,140,https://ebola-tracker.org/reports/SITREP_MVE_140.pdf,,8,0,1,2,0,25.0,,,,,,,,,,,,,,,
2026-10-01,zone,Ituri,Aru,140,https://ebola-tracker.org/reports/SITREP_MVE_140.pdf,,8,0,1,6,0,75.0,,,,,,,,,,,,,,,
2026-10-01,zone,Ituri,Aungba,140,https://ebola-tracker.org/reports/SITREP_MVE_140.pdf,,12,0,1,5,0,41.7,,,,,,,,,,,,,,,
2026-10-01,zone,Ituri,Bambu,140,https://ebola-tracker.org/reports/SITREP_MVE_140.pdf,,202,0,1,46,0,22.8,,,,,,,,,,,,,,,
2026-10-01,zone,Ituri,Boga,140,https://ebola-tracker.org/reports/SITREP_MVE_140.pdf,,2,0,1,2,0,100.0,,,,,,,,,,,,,,,
2026-10-01,zone,Ituri,Bunia,140,https://ebola-tracker.org/reports/SITREP_MVE_140.pdf,,1754,15,1,572,1,32.6,,,,,,,,,,,,,,,
2026-10-01,zone,Ituri,Damas,140,https://ebola-tracker.org/reports/SITREP_MVE_140.pdf,,40,0,1,9,0,22.5,,,,,,,,,,,,,,,
2026-10-01,zone,Ituri,Drodro,140,https://ebola-tracker.org/reports/SITREP_MVE_140.pdf,,15,0,1,7,0,46.7,,,,,,,,,,,,,,,
2026-10-01,zone,Ituri,Fataki,140,https://ebola-tracker.org/reports/SITREP_MVE_140.pdf,,82,0,1,31,0,37.8,,,,,,,,,,,,,,,
2026-10-01,zone,Ituri,Gethy,140,https://ebola-tracker.org/reports/SITREP_MVE_140.pdf,,7,0,1,3,0,42.9,,,,,,,,,,,,,,,
2026-10-01,zone,Ituri,Kambala,140,https://ebola-tracker.org/reports/SITREP_MVE_140.pdf,,2,0,1,0,0,0.0,,,,,,,,,,,,,,,
2026-10-01,zone,Ituri,Kilo,140,https://ebola-tracker.org/reports/SITREP_MVE_140.pdf,,37,0,1,12,0,32.4,,,,,,,,,,,,,,,
2026-10-01,zone,Ituri,Komanda,140,https://ebola-tracker.org/reports/SITREP_MVE_140.pdf,,170,1,1,104,1,61.2,,,,,,,,,,,,,,,
2026-10-01,zone,Ituri,Lita,140,https://ebola-tracker.org/reports/SITREP_MVE_140.pdf,,288,1,1,145,0,50.3,,,,,,,,,,,,,,,
2026-10-01,zone,Ituri,Logo,140,https://ebola-tracker.org/reports/SITREP_MVE_140.pdf,,13,0,1,5,0,38.5,,,,,,,,,,,,,,,
2026-10-01,zone,Ituri,Lolwa,140,https://ebola-tracker.org/reports/SITREP_MVE_140.pdf,,34,0,1,9,0,26.5,,,,,,,,,,,,,,,
2026-10-01,zone,Ituri,Mahagi,140,https://ebola-tracker.org/reports/SITREP_MVE_140.pdf,,4,0,1,1,0,25.0,,,,,,,,,,,,,,,
2026-10-01,zone,Ituri,Mambasa,140,https://ebola-tracker.org/reports/SITREP_MVE_140.pdf,,32,0,1,12,1,37.5,,,,,,,,,,,,,,,
2026-10-01,zone,Ituri,Mandima,140,https://ebola-tracker.org/reports/SITREP_MVE_140.pdf,,152,14,1,79,4,52.0,,,,,,,,,,,,,,,
2026-10-01,zone,Ituri,Mangala,140,https://ebola-tracker.org/reports/SITREP_MVE_140.pdf,,362,5,1,156,2,43.1,,,,,,,,,,,,,,,
2026-10-01,zone,Ituri,Mongbwalu,140,https://ebola-tracker.org/reports/SITREP_MVE_140.pdf,,705,2,1,333,0,47.2,,,,,,,,,,,,,,,
2026-10-01,zone,Ituri,Nia-Nia,140,https://ebola-tracker.org/reports/SITREP_MVE_140.pdf,,305,0,1,167,0,54.8,,,,,,,,,,,,,,,
2026-10-01,zone,Ituri,Nizi,140,https://ebola-tracker.org/reports/SITREP_MVE_140.pdf,,783,2,1,280,1,35.8,,,,,,,,,,,,,,,
2026-10-01,zone,Ituri,Nyankunde,140,https://ebola-tracker.org/reports/SITREP_MVE_140.pdf,,129,0,1,37,0,28.7,,,,,,,,,,,,,,,
2026-10-01,zone,Ituri,Rimba,140,https://ebola-tracker.org/reports/SITREP_MVE_140.pdf,,12,0,1,4,0,33.3,,,,,,,,,,,,,,,
2026-10-01,zone,Ituri,Rwampara,140,https://ebola-tracker.org/reports/SITREP_MVE_140.pdf,,1097,9,1,372,6,33.9,,,,,,,,,,,,,,,
2026-10-01,zone,Ituri,Tchomia,140,https://ebola-tracker.org/reports/SITREP_MVE_140.pdf,,76,0,1,25,0,32.9,,,,,,,,,,,,,,,
2026-10-01,zone,Nord-Kivu,Beni,140,https://ebola-tracker.org/reports/SITREP_MVE_140.pdf,,367,6,1,243,4,66.2,,,,,,,,,,,,,,,
2026-10-01,zone,Nord-Kivu,Biena,140,https://ebola-tracker.org/reports/SITREP_MVE_140.pdf,,19,0,1,7,0,36.8,,,,,,,,,,,,,,,
2026-10-01,zone,Nord-Kivu,Butembo,140,https://ebola-tracker.org/reports/SITREP_MVE_140.pdf,,270,3,1,173,2,64.1,,,,,,,,,,,,,,,
2026-10-01,zone,Nord-Kivu,Goma,140,https://ebola-tracker.org/reports/SITREP_MVE_140.pdf,,1,0,1,0,0,0.0,,,,,,,,,,,,,,,
2026-10-01,zone,Nord-Kivu,Kalunguta,140,https://ebola-tracker.org/reports/SITREP_MVE_140.pdf,,57,1,1,19,0,33.3,,,,,,,,,,,,,,,
2026-10-01,zone,Nord-Kivu,Katwa,140,https://ebola-tracker.org/reports/SITREP_MVE_140.pdf,,571,5,1,359,0,62.9,,,,,,,,,,,,,,,
2026-10-01,zone,Nord-Kivu,Kayna,140,https://ebola-tracker.org/reports/SITREP_MVE_140.pdf,,1,0,1,0,0,0.0,,,,,,,,,,,,,,,
2026-10-01,zone,Nord-Kivu,Kyondo,140,https://ebola-tracker.org/reports/SITREP_MVE_140.pdf,,33,0,1,20,0,60.6,,,,,,,,,,,,,,,
2026-10-01,zone,Nord-Kivu,Lubero,140,https://ebola-tracker.org/reports/SITREP_MVE_140.pdf,,21,0,1,11,0,52.4,,,,,,,,,,,,,,,
2026-10-01,zone,Nord-Kivu,Mabalako,140,https://ebola-tracker.org/reports/SITREP_MVE_140.pdf,,38,2,1,14,0,36.8,,,,,,,,,,,,,,,
2026-10-01,zone,Nord-Kivu,Manguredjipa,140,https://ebola-tracker.org/reports/SITREP_MVE_140.pdf,,13,0,1,5,0,38.5,,,,,,,,,,,,,,,
2026-10-01,zone,Nord-Kivu,Masereka,140,https://ebola-tracker.org/reports/SITREP_MVE_140.pdf,,31,2,1,10,0,32.3,,,,,,,,,,,,,,,
2026-10-01,zone,Nord-Kivu,Musienene,140,https://ebola-tracker.org/reports/SITREP_MVE_140.pdf,,126,0,1,68,0,54.0,,,,,,,,,,,,,,,
2026-10-01,zone,Nord-Kivu,Mutwanga,140,https://ebola-tracker.org/reports/SITREP_MVE_140.pdf,,15,1,1,3,1,20.0,,,,,,,,,,,,,,,
2026-10-01,zone,Nord-Kivu,Oicha,140,https://ebola-tracker.org/reports/SITREP_MVE_140.pdf,,29,2,1,16,1,55.2,,,,,,,,,,,,,,,
2026-10-01,zone,Nord-Kivu,Vuhovi,140,https://ebola-tracker.org/reports/SITREP_MVE_140.pdf,,32,1,1,10,0,31.2,,,,,,,,,,,,,,,
2026-10-01,zone,Sud-Kivu,Miti-Murhesa,140,https://ebola-tracker.org/reports/SITREP_MVE_140.pdf,,3,0,1,1,0,33.3,,,,,,,,,,,,,,,
2026-10-01,zone,Sud-Ubangi,Bulu,140,https://ebola-tracker.org/reports/SITREP_MVE_140.pdf,,2,0,1,1,0,50.0,,,,,,,,,,,,,,,
2026-10-01,zone,Tshopo,Bafwasende,140,https://ebola-tracker.org/reports/SITREP_MVE_140.pdf,,7,0,1,1,0,14.3,,,,,,,,,,,,,,,
2026-10-01,zone,Tshopo,Kabondo,140,https://ebola-tracker.org/reports/SITREP_MVE_140.pdf,,5,0,1,1,0,20.0,,,,,,,,,,,,,,,
2026-10-01,zone,Tshopo,Lubunga,140,https://ebola-tracker.org/reports/SITREP_MVE_140.pdf,,1,0,1,0,0,0.0,,,,,,,,,,,,,,,
2026-10-01,zone,Tshopo,Makiso-Kisangani,140,https://ebola-tracker.org/reports/SITREP_MVE_140.pdf,,25,1,1,10,0,40.0,,,,,,,,,,,,,,,
2026-10-01,zone,Tshopo,Mangobo,140,https://ebola-tracker.org/reports/SITREP_MVE_140.pdf,,6,0,1,3,0,50.0,,,,,,,,,,,,,,,
2026-10-01,zone,Tshopo,Tshopo,140,https://ebola-tracker.org/reports/SITREP_MVE_140.pdf,,1,0,1,0,0,0.0,,,,,,,,,,,,,,,
2026-10-01,zone,Tshopo,Wanie-Rukula,140,https://ebola-tracker.org/reports/SITREP_MVE_140.pdf,,1,0,1,1,0,100.0,,,,,,,,,,,,,,,
2026-10-02,pays,,,141,https://ebola-tracker.org/reports/SITREP_MVE_141.pdf,,8442,66,1,4080,38,48.3,2213,22,16,2493,405,,66,,830,,,32654,23876,73.1,
2026-10-02,province,Bas-Uélé,,141,https://ebola-tracker.org/reports/SITREP_MVE_141.pdf,,10,0,1,4,0,40.0,,0,0,156,20,,0,,,,,,,,1147
2026-10-02,province,Haut-Uélé,,141,https://ebola-tracker.org/reports/SITREP_MVE_141.pdf,,352,3,1,146,2,41.5,,1,1,25,23,20,3,15.0,74,,53.6,1874,1631,87.0,
2026-10-02,province,Ituri,,141,https://ebola-tracker.org/reports/SITREP_MVE_141.pdf,,6370,28,1,2933,15,46.0,,5,10,1164,204,171,28,16.4,378,,37.2,15275,12660,82.9,
2026-10-02,province,Nord-Kivu,,141,https://ebola-tracker.org/reports/SITREP_MVE_141.pdf,,1657,33,1,979,21,59.1,,16,5,976,147,116,33,28.4,364,,63.0,14595,8793,60.2,
2026-10-02,province,Sud-Kivu,,141,https://ebola-tracker.org/reports/SITREP_MVE_141.pdf,,3,0,1,1,0,33.3,,0,0,,,,,,,,,,,,
2026-10-02,province,Sud-Ubangi,,141,https://ebola-tracker.org/reports/SITREP_MVE_141.pdf,,2,0,1,1,0,50.0,,0,0,57,1,,,,,,,44,34,77.3,
2026-10-02,province,Tshopo,,141,https://ebola-tracker.org/reports/SITREP_MVE_141.pdf,,48,2,1,16,0,33.3,,0,0,115,10,9,2,22.2,14,,45.2,678,583,86.0,
2026-10-02,zone,Bas-Uélé,Buta,141,https://ebola-tracker.org/reports/SITREP_MVE_141.pdf,,1,0,1,1,0,100.0,,,,,,,,,,,,,,,
2026-10-02,zone,Bas-Uélé,Ganga,141,https://ebola-tracker.org/reports/SITREP_MVE_141.pdf,,3,0,1,2,0,66.7,,,,,,,,,,,,,,,
2026-10-02,zone,Bas-Uélé,Viadana,141,https://ebola-tracker.org/reports/SITREP_MVE_141.pdf,,6,0,1,1,0,16.7,,,,,,,,,,,,,,,
2026-10-02,zone,Haut-Uélé,Boma-Mangbetu,141,https://ebola-tracker.org/reports/SITREP_MVE_141.pdf,,41,0,1,17,0,41.5,,,,,,,,,,,,,,,
2026-10-02,zone,Haut-Uélé,Dungu,141,https://ebola-tracker.org/reports/SITREP_MVE_141.pdf,,1,0,1,1,0,100.0,,,,,,,,,,,,,,,
2026-10-02,zone,Haut-Uélé,Gombari,141,https://ebola-tracker.org/reports/SITREP_MVE_141.pdf,,3,0,1,1,0,33.3,,,,,,,,,,,,,,,
2026-10-02,zone,Haut-Uélé,Isiro,141,https://ebola-tracker.org/reports/SITREP_MVE_141.pdf,,102,0,1,44,0,43.1,,,,,,,,,,,,,,,
2026-10-02,zone,Haut-Uélé,Pawa,141,https://ebola-tracker.org/reports/SITREP_MVE_141.pdf,,87,0,1,40,1,46.0,,,,,,,,,,,,,,,
2026-10-02,zone,Haut-Uélé,Rungu,141,https://ebola-tracker.org/reports/SITREP_MVE_141.pdf,,4,1,1,1,0,25.0,,,,,,,,,,,,,,,
2026-10-02,zone,Haut-Uélé,Wamba,141,https://ebola-tracker.org/reports/SITREP_MVE_141.pdf,,114,2,1,42,1,36.8,,,,,,,,,,,,,,,
2026-10-02,zone,Ituri,Adja,141,https://ebola-tracker.org/reports/SITREP_MVE_141.pdf,,11,0,1,1,0,9.1,,,,,,,,,,,,,,,
2026-10-02,zone,Ituri,Ariwara,141,https://ebola-tracker.org/reports/SITREP_MVE_141.pdf,,8,0,1,2,0,25.0,,,,,,,,,,,,,,,
2026-10-02,zone,Ituri,Aru,141,https://ebola-tracker.org/reports/SITREP_MVE_141.pdf,,8,0,1,6,0,75.0,,,,,,,,,,,,,,,
2026-10-02,zone,Ituri,Aungba,141,https://ebola-tracker.org/reports/SITREP_MVE_141.pdf,,12,0,1,5,0,41.7,,,,,,,,,,,,,,,
2026-10-02,zone,Ituri,Bambu,141,https://ebola-tracker.org/reports/SITREP_MVE_141.pdf,,203,1,1,46,0,22.7,,,,,,,,,,,,,,,
2026-10-02,zone,Ituri,Boga,141,https://ebola-tracker.org/reports/SITREP_MVE_141.pdf,,2,0,1,2,0,100.0,,,,,,,,,,,,,,,
2026-10-02,zone,Ituri,Bunia,141,https://ebola-tracker.org/reports/SITREP_MVE_141.pdf,,1759,5,1,574,2,32.6,,,,,,,,,,,,,,,
2026-10-02,zone,Ituri,Damas,141,https://ebola-tracker.org/reports/SITREP_MVE_141.pdf,,40,0,1,9,0,22.5,,,,,,,,,,,,,,,
2026-10-02,zone,Ituri,Drodro,141,https://ebola-tracker.org/reports/SITREP_MVE_141.pdf,,15,0,1,7,0,46.7,,,,,,,,,,,,,,,
2026-10-02,zone,Ituri,Fataki,141,https://ebola-tracker.org/reports/SITREP_MVE_141.pdf,,82,0,1,31,0,37.8,,,,,,,,,,,,,,,
2026-10-02,zone,Ituri,Gethy,141,https://ebola-tracker.org/reports/SITREP_MVE_141.pdf,,7,0,1,3,0,42.9,,,,,,,,,,,,,,,
2026-10-02,zone,Ituri,Kambala,141,https://ebola-tracker.org/reports/SITREP_MVE_141.pdf,,2,0,1,0,0,0.0,,,,,,,,,,,,,,,
2026-10-02,zone,Ituri,Kilo,141,https://ebola-tracker.org/reports/SITREP_MVE_141.pdf,,37,0,1,12,0,32.4,,,,,,,,,,,,,,,
2026-10-02,zone,Ituri,Komanda,141,https://ebola-tracker.org/reports/SITREP_MVE_141.pdf,,173,3,1,106,2,61.3,,,,,,,,,,,,,,,
2026-10-02,zone,Ituri,Lita,141,https://ebola-tracker.org/reports/SITREP_MVE_141.pdf,,289,1,1,145,0,50.2,,,,,,,,,,,,,,,
2026-10-02,zone,Ituri,Logo,141,https://ebola-tracker.org/reports/SITREP_MVE_141.pdf,,13,0,1,5,0,38.5,,,,,,,,,,,,,,,
2026-10-02,zone,Ituri,Lolwa,141,https://ebola-tracker.org/reports/SITREP_MVE_141.pdf,,34,0,1,9,0,26.5,,,,,,,,,,,,,,,
2026-10-02,zone,Ituri,Mahagi,141,https://ebola-tracker.org/reports/SITREP_MVE_141.pdf,,4,0,1,1,0,25.0,,,,,,,,,,,,,,,
2026-10-02,zone,Ituri,Mambasa,141,https://ebola-tracker.org/reports/SITREP_MVE_141.pdf,,32,0,1,12,0,37.5,,,,,,,,,,,,,,,
2026-10-02,zone,Ituri,Mandima,141,https://ebola-tracker.org/reports/SITREP_MVE_141.pdf,,156,4,1,79,0,50.6,,,,,,,,,,,,,,,
2026-10-02,zone,Ituri,Mangala,141,https://ebola-tracker.org/reports/SITREP_MVE_141.pdf,,362,0,1,156,0,43.1,,,,,,,,,,,,,,,
2026-10-02,zone,Ituri,Mongbwalu,141,https://ebola-tracker.org/reports/SITREP_MVE_141.pdf,,706,1,1,333,0,47.2,,,,,,,,,,,,,,,
2026-10-02,zone,Ituri,Nia-Nia,141,https://ebola-tracker.org/reports/SITREP_MVE_141.pdf,,309,4,1,173,6,56.0,,,,,,,,,,,,,,,
2026-10-02,zone,Ituri,Nizi,141,https://ebola-tracker.org/reports/SITREP_MVE_141.pdf,,784,1,1,281,1,35.8,,,,,,,,,,,,,,,
2026-10-02,zone,Ituri,Nyankunde,141,https://ebola-tracker.org/reports/SITREP_MVE_141.pdf,,130,1,1,37,0,28.5,,,,,,,,,,,,,,,
2026-10-02,zone,Ituri,Rimba,141,https://ebola-tracker.org/reports/SITREP_MVE_141.pdf,,12,0,1,4,0,33.3,,,,,,,,,,,,,,,
2026-10-02,zone,Ituri,Rwampara,141,https://ebola-tracker.org/reports/SITREP_MVE_141.pdf,,1104,7,1,376,4,34.1,,,,,,,,,,,,,,,
2026-10-02,zone,Ituri,Tchomia,141,https://ebola-tracker.org/reports/SITREP_MVE_141.pdf,,76,0,1,25,0,32.9,,,,,,,,,,,,,,,
2026-10-02,zone,Nord-Kivu,Alimbongo,141,https://ebola-tracker.org/reports/SITREP_MVE_141.pdf,,4,,,2,,50.0,,,,,,,,,,,,,,,
2026-10-02,zone,Nord-Kivu,Beni,141,https://ebola-tracker.org/reports/SITREP_MVE_141.pdf,,376,9,1,252,9,67.0,,,,,,,,,,,,,,,
2026-10-02,zone,Nord-Kivu,Biena,141,https://ebola-tracker.org/reports/SITREP_MVE_141.pdf,,19,0,1,7,0,36.8,,,,,,,,,,,,,,,
2026-10-02,zone,Nord-Kivu,Butembo,141,https://ebola-tracker.org/reports/SITREP_MVE_141.pdf,,272,2,1,174,1,64.0,,,,,,,,,,,,,,,
2026-10-02,zone,Nord-Kivu,Goma,141,https://ebola-tracker.org/reports/SITREP_MVE_141.pdf,,1,0,1,0,0,0.0,,,,,,,,,,,,,,,
2026-10-02,zone,Nord-Kivu,Kalunguta,141,https://ebola-tracker.org/reports/SITREP_MVE_141.pdf,,59,2,1,21,2,35.6,,,,,,,,,,,,,,,
2026-10-02,zone,Nord-Kivu,Katwa,141,https://ebola-tracker.org/reports/SITREP_MVE_141.pdf,,579,8,1,362,3,62.5,,,,,,,,,,,,,,,
2026-10-02,zone,Nord-Kivu,Kayna,141,https://ebola-tracker.org/reports/SITREP_MVE_141.pdf,,3,2,1,2,2,66.7,,,,,,,,,,,,,,,
2026-10-02,zone,Nord-Kivu,Kyondo,141,https://ebola-tracker.org/reports/SITREP_MVE_141.pdf,,34,1,1,20,0,58.8,,,,,,,,,,,,,,,
2026-10-02,zone,Nord-Kivu,Lubero,141,https://ebola-tracker.org/reports/SITREP_MVE_141.pdf,,22,1,1,11,0,50.0,,,,,,,,,,,,,,,
2026-10-02,zone,Nord-Kivu,Mabalako,141,https://ebola-tracker.org/reports/SITREP_MVE_141.pdf,,41,3,1,15,1,36.6,,,,,,,,,,,,,,,
2026-10-02,zone,Nord-Kivu,Manguredjipa,141,https://ebola-tracker.org/reports/SITREP_MVE_141.pdf,,13,0,1,5,0,38.5,,,,,,,,,,,,,,,
2026-10-02,zone,Nord-Kivu,Masereka,141,https://ebola-tracker.org/reports/SITREP_MVE_141.pdf,,31,0,1,11,1,35.5,,,,,,,,,,,,,,,
2026-10-02,zone,Nord-Kivu,Musienene,141,https://ebola-tracker.org/reports/SITREP_MVE_141.pdf,,127,1,1,68,0,53.5,,,,,,,,,,,,,,,
2026-10-02,zone,Nord-Kivu,Mutwanga,141,https://ebola-tracker.org/reports/SITREP_MVE_141.pdf,,15,0,1,3,0,20.0,,,,,,,,,,,,,,,
2026-10-02,zone,Nord-Kivu,Oicha,141,https://ebola-tracker.org/reports/SITREP_MVE_141.pdf,,29,0,1,16,0,55.2,,,,,,,,,,,,,,,
2026-10-02,zone,Nord-Kivu,Vuhovi,141,https://ebola-tracker.org/reports/SITREP_MVE_141.pdf,,32,0,1,10,0,31.2,,,,,,,,,,,,,,,
2026-10-02,zone,Sud-Kivu,Miti-Murhesa,141,https://ebola-tracker.org/reports/SITREP_MVE_141.pdf,,3,0,1,1,0,33.3,,,,,,,,,,,,,,,
2026-10-02,zone,Sud-Ubangi,Bulu,141,https://ebola-tracker.org/reports/SITREP_MVE_141.pdf,,2,0,1,1,0,50.0,,,,,,,,,,,,,,,
2026-10-02,zone,Tshopo,Bafwasende,141,https://ebola-tracker.org/reports/SITREP_MVE_141.pdf,,7,0,1,1,0,14.3,,,,,,,,,,,,,,,
2026-10-02,zone,Tshopo,Kabondo,141,https://ebola-tracker.org/reports/SITREP_MVE_141.pdf,,5,0,1,1,0,20.0,,,,,,,,,,,,,,,
2026-10-02,zone,Tshopo,Lubunga,141,https://ebola-tracker.org/reports/SITREP_MVE_141.pdf,,1,0,1,0,0,0.0,,,,,,,,,,,,,,,
2026-10-02,zone,Tshopo,Makiso-Kisangani,141,https://ebola-tracker.org/reports/SITREP_MVE_141.pdf,,27,2,1,10,0,37.0,,,,,,,,,,,,,,,
2026-10-02,zone,Tshopo,Mangobo,141,https://ebola-tracker.org/reports/SITREP_MVE_141.pdf,,6,0,1,3,0,50.0,,,,,,,,,,,,,,,
2026-10-02,zone,Tshopo,Tshopo,141,https://ebola-tracker.org/reports/SITREP_MVE_141.pdf,,1,0,1,0,0,0.0,,,,,,,,,,,,,,,
2026-10-02,zone,Tshopo,Wanie-Rukula,141,https://ebola-tracker.org/reports/SITREP_MVE_141.pdf,,1,0,1,1,0,100.0,,,,,,,,,,,,,,,
2026-10-03,pays,,,142,,reconstitue,8544,102,1,4114,34,48.2,2230,,,,,,,,,,,,,,
2026-10-03,province,Bas-Uélé,,142,,reconstitue,10,0,1,4,0,40.0,,,,,,,,,,,,,,,
2026-10-03,province,Haut-Uélé,,142,,reconstitue,357,5,1,148,2,41.5,,,,,,,,,,,,,,,
2026-10-03,province,Ituri,,142,,reconstitue,6427,57,1,2952,19,45.9,,,,,,,,,,,,,,,
2026-10-03,province,Nord-Kivu,,142,,reconstitue,1696,39,1,992,13,58.5,,,,,,,,,,,,,,,
2026-10-03,province,Sud-Kivu,,142,,reconstitue,3,0,1,1,0,33.3,,,,,,,,,,,,,,,
2026-10-03,province,Sud-Ubangi,,142,,reconstitue,2,0,1,1,0,50.0,,,,,,,,,,,,,,,
2026-10-03,province,Tshopo,,142,,reconstitue,49,1,1,16,0,32.7,,,,,,,,,,,,,,,
2026-10-03,zone,Bas-Uélé,Buta,142,,reconstitue,1,0,1,1,0,100.0,,,,,,,,,,,,,,,
2026-10-03,zone,Bas-Uélé,Ganga,142,,reconstitue,3,0,1,2,0,66.7,,,,,,,,,,,,,,,
2026-10-03,zone,Bas-Uélé,Viadana,142,,reconstitue,6,0,1,1,0,16.7,,,,,,,,,,,,,,,
2026-10-03,zone,Haut-Uélé,Boma-Mangbetu,142,,reconstitue,43,2,1,18,1,41.9,,,,,,,,,,,,,,,
2026-10-03,zone,Haut-Uélé,Dungu,142,,reconstitue,1,0,1,1,0,100.0,,,,,,,,,,,,,,,
2026-10-03,zone,Haut-Uélé,Gombari,142,,reconstitue,3,0,1,1,0,33.3,,,,,,,,,,,,,,,
2026-10-03,zone,Haut-Uélé,Isiro,142,,reconstitue,102,0,1,44,0,43.1,,,,,,,,,,,,,,,
2026-10-03,zone,Haut-Uélé,Pawa,142,,reconstitue,90,3,1,40,0,44.4,,,,,,,,,,,,,,,
2026-10-03,zone,Haut-Uélé,Rungu,142,,reconstitue,4,0,1,2,1,50.0,,,,,,,,,,,,,,,
2026-10-03,zone,Haut-Uélé,Wamba,142,,reconstitue,114,0,1,42,0,36.8,,,,,,,,,,,,,,,
2026-10-03,zone,Ituri,Adja,142,,reconstitue,11,0,1,1,0,9.1,,,,,,,,,,,,,,,
2026-10-03,zone,Ituri,Ariwara,142,,reconstitue,8,0,1,2,0,25.0,,,,,,,,,,,,,,,
2026-10-03,zone,Ituri,Aru,142,,reconstitue,8,0,1,6,0,75.0,,,,,,,,,,,,,,,
2026-10-03,zone,Ituri,Aungba,142,,reconstitue,12,0,1,5,0,41.7,,,,,,,,,,,,,,,
2026-10-03,zone,Ituri,Bambu,142,,reconstitue,204,1,1,46,0,22.5,,,,,,,,,,,,,,,
2026-10-03,zone,Ituri,Boga,142,,reconstitue,2,0,1,2,0,100.0,,,,,,,,,,,,,,,
2026-10-03,zone,Ituri,Bunia,142,,reconstitue,1769,10,1,577,3,32.6,,,,,,,,,,,,,,,
2026-10-03,zone,Ituri,Damas,142,,reconstitue,40,0,1,9,0,22.5,,,,,,,,,,,,,,,
2026-10-03,zone,Ituri,Drodro,142,,reconstitue,15,0,1,7,0,46.7,,,,,,,,,,,,,,,
2026-10-03,zone,Ituri,Fataki,142,,reconstitue,83,1,1,31,0,37.3,,,,,,,,,,,,,,,
2026-10-03,zone,Ituri,Gethy,142,,reconstitue,7,0,1,3,0,42.9,,,,,,,,,,,,,,,
2026-10-03,zone,Ituri,Kambala,142,,reconstitue,2,0,1,0,0,0.0,,,,,,,,,,,,,,,
2026-10-03,zone,Ituri,Kilo,142,,reconstitue,38,1,1,12,0,31.6,,,,,,,,,,,,,,,
2026-10-03,zone,Ituri,Komanda,142,,reconstitue,175,2,1,107,1,61.1,,,,,,,,,,,,,,,
2026-10-03,zone,Ituri,Lita,142,,reconstitue,291,2,1,146,1,50.2,,,,,,,,,,,,,,,
2026-10-03,zone,Ituri,Logo,142,,reconstitue,13,0,1,5,0,38.5,,,,,,,,,,,,,,,
2026-10-03,zone,Ituri,Lolwa,142,,reconstitue,34,0,1,9,0,26.5,,,,,,,,,,,,,,,
2026-10-03,zone,Ituri,Mahagi,142,,reconstitue,4,0,1,1,0,25.0,,,,,,,,,,,,,,,
2026-10-03,zone,Ituri,Mambasa,142,,reconstitue,36,4,1,15,3,41.7,,,,,,,,,,,,,,,
2026-10-03,zone,Ituri,Mandima,142,,reconstitue,176,20,1,84,5,47.7,,,,,,,,,,,,,,,
2026-10-03,zone,Ituri,Mangala,142,,reconstitue,365,3,1,156,0,42.7,,,,,,,,,,,,,,,
2026-10-03,zone,Ituri,Mongbwalu,142,,reconstitue,706,0,1,334,1,47.3,,,,,,,,,,,,,,,
2026-10-03,zone,Ituri,Nia-Nia,142,,reconstitue,310,1,1,174,1,56.1,,,,,,,,,,,,,,,
2026-10-03,zone,Ituri,Nizi,142,,reconstitue,786,2,1,282,1,35.9,,,,,,,,,,,,,,,
2026-10-03,zone,Ituri,Nyankunde,142,,reconstitue,130,0,1,37,0,28.5,,,,,,,,,,,,,,,
2026-10-03,zone,Ituri,Rimba,142,,reconstitue,13,1,1,5,1,38.5,,,,,,,,,,,,,,,
2026-10-03,zone,Ituri,Rwampara,142,,reconstitue,1112,8,1,378,2,34.0,,,,,,,,,,,,,,,
2026-10-03,zone,Ituri,Tchomia,142,,reconstitue,76,0,1,25,0,32.9,,,,,,,,,,,,,,,
2026-10-03,zone,Nord-Kivu,Alimbongo,142,,reconstitue,4,0,1,2,0,50.0,,,,,,,,,,,,,,,
2026-10-03,zone,Nord-Kivu,Beni,142,,reconstitue,385,9,1,256,4,66.5,,,,,,,,,,,,,,,
2026-10-03,zone,Nord-Kivu,Biena,142,,reconstitue,20,1,1,7,0,35.0,,,,,,,,,,,,,,,
2026-10-03,zone,Nord-Kivu,Butembo,142,,reconstitue,275,3,1,176,2,64.0,,,,,,,,,,,,,,,
2026-10-03,zone,Nord-Kivu,Goma,142,,reconstitue,1,0,1,0,0,0.0,,,,,,,,,,,,,,,
2026-10-03,zone,Nord-Kivu,Kalunguta,142,,reconstitue,60,1,1,21,0,35.0,,,,,,,,,,,,,,,
2026-10-03,zone,Nord-Kivu,Katwa,142,,reconstitue,594,15,1,367,5,61.8,,,,,,,,,,,,,,,
2026-10-03,zone,Nord-Kivu,Kayna,142,,reconstitue,3,0,1,2,0,66.7,,,,,,,,,,,,,,,
2026-10-03,zone,Nord-Kivu,Kyondo,142,,reconstitue,36,2,1,20,0,55.6,,,,,,,,,,,,,,,
2026-10-03,zone,Nord-Kivu,Lubero,142,,reconstitue,22,0,1,11,0,50.0,,,,,,,,,,,,,,,
2026-10-03,zone,Nord-Kivu,Mabalako,142,,reconstitue,45,4,1,17,2,37.8,,,,,,,,,,,,,,,
2026-10-03,zone,Nord-Kivu,Manguredjipa,142,,reconstitue,13,0,1,5,0,38.5,,,,,,,,,,,,,,,
2026-10-03,zone,Nord-Kivu,Masereka,142,,reconstitue,31,0,1,11,0,35.5,,,,,,,,,,,,,,,
2026-10-03,zone,Nord-Kivu,Musienene,142,,reconstitue,128,1,1,68,0,53.1,,,,,,,,,,,,,,,
2026-10-03,zone,Nord-Kivu,Mutwanga,142,,reconstitue,16,1,1,3,0,18.8,,,,,,,,,,,,,,,
2026-10-03,zone,Nord-Kivu,Oicha,142,,reconstitue,31,2,1,16,0,51.6,,,,,,,,,,,,,,,
2026-10-03,zone,Nord-Kivu,Vuhovi,142,,reconstitue,32,0,1,10,0,31.2,,,,,,,,,,,,,,,
2026-10-03,zone,Sud-Kivu,Miti-Murhesa,142,,reconstitue,3,0,1,1,0,33.3,,,,,,,,,,,,,,,
2026-10-03,zone,Sud-Ubangi,Bulu,142,,reconstitue,2,0,1,1,0,50.0,,,,,,,,,,,,,,,
2026-10-03,zone,Tshopo,Bafwasende,142,,reconstitue,7,0,1,1,0,14.3,,,,,,,,,,,,,,,
2026-10-03,zone,Tshopo,Kabondo,142,,reconstitue,5,0,1,1,0,20.0,,,,,,,,,,,,,,,
2026-10-03,zone,Tshopo,Lubunga,142,,reconstitue,1,0,1,0,0,0.0,,,,,,,,,,,,,,,
2026-10-03,zone,Tshopo,Makiso-Kisangani,142,,reconstitue,27,0,1,10,0,37.0,,,,,,,,,,,,,,,
2026-10-03,zone,Tshopo,Mangobo,142,,reconstitue,7,1,1,3,0,42.9,,,,,,,,,,,,,,,
2026-10-03,zone,Tshopo,Tshopo,142,,reconstitue,1,0,1,0,0,0.0,,,,,,,,,,,,,,,
2026-10-03,zone,Tshopo,Wanie-Rukula,142,,reconstitue,1,0,1,1,0,100.0,,,,,,,,,,,,,,,
2026-10-04,pays,,,143,https://ebola-tracker.org/reports/SITREP_MVE_143.pdf,,8603,59,1,4148,34,48.2,2235,23,11,1955,256,,59,,844,,,30973,24673,79.7,
2026-10-04,province,Bas-Uélé,,143,https://ebola-tracker.org/reports/SITREP_MVE_143.pdf,,10,0,1,4,0,40.0,,0,0,93,7,,0,,,,,142,120,84.5,1280
2026-10-04,province,Haut-Uélé,,143,https://ebola-tracker.org/reports/SITREP_MVE_143.pdf,,359,2,1,152,4,42.3,,1,3,19,17,15,2,13.3,70,,50.7,1900,1584,83.4,
2026-10-04,province,Ituri,,143,https://ebola-tracker.org/reports/SITREP_MVE_143.pdf,,6450,23,1,2968,16,46.0,,12,4,1107,136,146,23,15.8,372,,36.7,14299,11701,81.8,
2026-10-04,province,Nord-Kivu,,143,https://ebola-tracker.org/reports/SITREP_MVE_143.pdf,,1729,33,1,1005,13,58.1,,10,3,687,91,161,33,20.5,382,,63.0,13790,10560,76.8,
2026-10-04,province,Sud-Kivu,,143,https://ebola-tracker.org/reports/SITREP_MVE_143.pdf,,3,0,1,1,0,33.3,,0,0,,,,,,,,,,,,
2026-10-04,province,Sud-Ubangi,,143,https://ebola-tracker.org/reports/SITREP_MVE_143.pdf,,2,0,1,1,0,50.0,,0,0,,,,,,,,,44,43,97.7,
2026-10-04,province,Tshopo,,143,https://ebola-tracker.org/reports/SITREP_MVE_143.pdf,,50,1,1,17,1,34.0,,0,1,49,5,4,1,25.0,20,,64.5,798,665,83.3,
2026-10-04,zone,Bas-Uélé,Buta,143,https://ebola-tracker.org/reports/SITREP_MVE_143.pdf,,1,0,1,1,0,100.0,,,,,,,,,,,,,,,
2026-10-04,zone,Bas-Uélé,Ganga,143,https://ebola-tracker.org/reports/SITREP_MVE_143.pdf,,3,0,1,2,0,66.7,,,,,,,,,,,,,,,
2026-10-04,zone,Bas-Uélé,Viadana,143,https://ebola-tracker.org/reports/SITREP_MVE_143.pdf,,6,0,1,1,0,16.7,,,,,,,,,,,,,,,
2026-10-04,zone,Haut-Uélé,Boma-Mangbetu,143,https://ebola-tracker.org/reports/SITREP_MVE_143.pdf,,43,0,1,18,0,41.9,,,,,,,,,,,,,,,
2026-10-04,zone,Haut-Uélé,Dungu,143,https://ebola-tracker.org/reports/SITREP_MVE_143.pdf,,1,0,1,1,0,100.0,,,,,,,,,,,,,,,
2026-10-04,zone,Haut-Uélé,Gombari,143,https://ebola-tracker.org/reports/SITREP_MVE_143.pdf,,3,0,1,1,0,33.3,,,,,,,,,,,,,,,
2026-10-04,zone,Haut-Uélé,Isiro,143,https://ebola-tracker.org/reports/SITREP_MVE_143.pdf,,102,0,1,44,0,43.1,,,,,,,,,,,,,,,
2026-10-04,zone,Haut-Uélé,Pawa,143,https://ebola-tracker.org/reports/SITREP_MVE_143.pdf,,90,0,1,43,3,47.8,,,,,,,,,,,,,,,
2026-10-04,zone,Haut-Uélé,Rungu,143,https://ebola-tracker.org/reports/SITREP_MVE_143.pdf,,4,0,1,2,0,50.0,,,,,,,,,,,,,,,
2026-10-04,zone,Haut-Uélé,Wamba,143,https://ebola-tracker.org/reports/SITREP_MVE_143.pdf,,116,2,1,43,1,37.1,,,,,,,,,,,,,,,
2026-10-04,zone,Ituri,Adja,143,https://ebola-tracker.org/reports/SITREP_MVE_143.pdf,,11,0,1,1,0,9.1,,,,,,,,,,,,,,,
2026-10-04,zone,Ituri,Ariwara,143,https://ebola-tracker.org/reports/SITREP_MVE_143.pdf,,8,0,1,2,0,25.0,,,,,,,,,,,,,,,
2026-10-04,zone,Ituri,Aru,143,https://ebola-tracker.org/reports/SITREP_MVE_143.pdf,,8,0,1,6,0,75.0,,,,,,,,,,,,,,,
2026-10-04,zone,Ituri,Aungba,143,https://ebola-tracker.org/reports/SITREP_MVE_143.pdf,,12,0,1,5,0,41.7,,,,,,,,,,,,,,,
2026-10-04,zone,Ituri,Bambu,143,https://ebola-tracker.org/reports/SITREP_MVE_143.pdf,,208,4,1,46,0,22.1,,,,,,,,,,,,,,,
2026-10-04,zone,Ituri,Boga,143,https://ebola-tracker.org/reports/SITREP_MVE_143.pdf,,2,0,1,2,0,100.0,,,,,,,,,,,,,,,
2026-10-04,zone,Ituri,Bunia,143,https://ebola-tracker.org/reports/SITREP_MVE_143.pdf,,1779,10,1,584,7,32.8,,,,,,,,,,,,,,,
2026-10-04,zone,Ituri,Damas,143,https://ebola-tracker.org/reports/SITREP_MVE_143.pdf,,40,0,1,9,0,22.5,,,,,,,,,,,,,,,
2026-10-04,zone,Ituri,Drodro,143,https://ebola-tracker.org/reports/SITREP_MVE_143.pdf,,15,0,1,7,0,46.7,,,,,,,,,,,,,,,
2026-10-04,zone,Ituri,Fataki,143,https://ebola-tracker.org/reports/SITREP_MVE_143.pdf,,83,0,1,31,0,37.3,,,,,,,,,,,,,,,
2026-10-04,zone,Ituri,Gethy,143,https://ebola-tracker.org/reports/SITREP_MVE_143.pdf,,9,2,1,5,2,55.6,,,,,,,,,,,,,,,
2026-10-04,zone,Ituri,Kambala,143,https://ebola-tracker.org/reports/SITREP_MVE_143.pdf,,2,0,1,0,0,0.0,,,,,,,,,,,,,,,
2026-10-04,zone,Ituri,Kilo,143,https://ebola-tracker.org/reports/SITREP_MVE_143.pdf,,38,0,1,12,0,31.6,,,,,,,,,,,,,,,
2026-10-04,zone,Ituri,Komanda,143,https://ebola-tracker.org/reports/SITREP_MVE_143.pdf,,175,0,1,107,0,61.1,,,,,,,,,,,,,,,
2026-10-04,zone,Ituri,Lita,143,https://ebola-tracker.org/reports/SITREP_MVE_143.pdf,,294,3,1,147,1,50.0,,,,,,,,,,,,,,,
2026-10-04,zone,Ituri,Logo,143,https://ebola-tracker.org/reports/SITREP_MVE_143.pdf,,13,0,1,5,0,38.5,,,,,,,,,,,,,,,
2026-10-04,zone,Ituri,Lolwa,143,https://ebola-tracker.org/reports/SITREP_MVE_143.pdf,,34,0,1,9,0,26.5,,,,,,,,,,,,,,,
2026-10-04,zone,Ituri,Mahagi,143,https://ebola-tracker.org/reports/SITREP_MVE_143.pdf,,4,0,1,1,0,25.0,,,,,,,,,,,,,,,
2026-10-04,zone,Ituri,Mambasa,143,https://ebola-tracker.org/reports/SITREP_MVE_143.pdf,,37,1,1,16,1,43.2,,,,,,,,,,,,,,,
2026-10-04,zone,Ituri,Mandima,143,https://ebola-tracker.org/reports/SITREP_MVE_143.pdf,,176,0,1,84,0,47.7,,,,,,,,,,,,,,,
2026-10-04,zone,Ituri,Mangala,143,https://ebola-tracker.org/reports/SITREP_MVE_143.pdf,,365,0,1,157,1,43.0,,,,,,,,,,,,,,,
2026-10-04,zone,Ituri,Mongbwalu,143,https://ebola-tracker.org/reports/SITREP_MVE_143.pdf,,707,1,1,335,1,47.4,,,,,,,,,,,,,,,
2026-10-04,zone,Ituri,Nia-Nia,143,https://ebola-tracker.org/reports/SITREP_MVE_143.pdf,,311,1,1,175,1,56.3,,,,,,,,,,,,,,,
2026-10-04,zone,Ituri,Nizi,143,https://ebola-tracker.org/reports/SITREP_MVE_143.pdf,,786,0,1,282,0,35.9,,,,,,,,,,,,,,,
2026-10-04,zone,Ituri,Nyankunde,143,https://ebola-tracker.org/reports/SITREP_MVE_143.pdf,,130,0,1,37,0,28.5,,,,,,,,,,,,,,,
2026-10-04,zone,Ituri,Rimba,143,https://ebola-tracker.org/reports/SITREP_MVE_143.pdf,,13,0,1,5,0,38.5,,,,,,,,,,,,,,,
2026-10-04,zone,Ituri,Rwampara,143,https://ebola-tracker.org/reports/SITREP_MVE_143.pdf,,1114,2,1,380,2,34.1,,,,,,,,,,,,,,,
2026-10-04,zone,Ituri,Tchomia,143,https://ebola-tracker.org/reports/SITREP_MVE_143.pdf,,76,0,1,25,0,32.9,,,,,,,,,,,,,,,
2026-10-04,zone,Nord-Kivu,Alimbongo,143,https://ebola-tracker.org/reports/SITREP_MVE_143.pdf,,4,0,1,2,0,50.0,,,,,,,,,,,,,,,
2026-10-04,zone,Nord-Kivu,Beni,143,https://ebola-tracker.org/reports/SITREP_MVE_143.pdf,,393,8,1,260,4,66.2,,,,,,,,,,,,,,,
2026-10-04,zone,Nord-Kivu,Biena,143,https://ebola-tracker.org/reports/SITREP_MVE_143.pdf,,20,0,1,7,0,35.0,,,,,,,,,,,,,,,
2026-10-04,zone,Nord-Kivu,Butembo,143,https://ebola-tracker.org/reports/SITREP_MVE_143.pdf,,280,5,1,180,4,64.3,,,,,,,,,,,,,,,
2026-10-04,zone,Nord-Kivu,Goma,143,https://ebola-tracker.org/reports/SITREP_MVE_143.pdf,,1,0,1,0,0,0.0,,,,,,,,,,,,,,,
2026-10-04,zone,Nord-Kivu,Kalunguta,143,https://ebola-tracker.org/reports/SITREP_MVE_143.pdf,,60,0,1,21,0,35.0,,,,,,,,,,,,,,,
2026-10-04,zone,Nord-Kivu,Katwa,143,https://ebola-tracker.org/reports/SITREP_MVE_143.pdf,,600,6,1,370,3,61.7,,,,,,,,,,,,,,,
2026-10-04,zone,Nord-Kivu,Kayna,143,https://ebola-tracker.org/reports/SITREP_MVE_143.pdf,,3,0,1,2,0,66.7,,,,,,,,,,,,,,,
2026-10-04,zone,Nord-Kivu,Kyondo,143,https://ebola-tracker.org/reports/SITREP_MVE_143.pdf,,36,0,1,20,0,55.6,,,,,,,,,,,,,,,
2026-10-04,zone,Nord-Kivu,Lubero,143,https://ebola-tracker.org/reports/SITREP_MVE_143.pdf,,22,0,1,11,0,50.0,,,,,,,,,,,,,,,
2026-10-04,zone,Nord-Kivu,Mabalako,143,https://ebola-tracker.org/reports/SITREP_MVE_143.pdf,,46,1,1,18,1,39.1,,,,,,,,,,,,,,,
2026-10-04,zone,Nord-Kivu,Manguredjipa,143,https://ebola-tracker.org/reports/SITREP_MVE_143.pdf,,13,0,1,5,0,38.5,,,,,,,,,,,,,,,
2026-10-04,zone,Nord-Kivu,Masereka,143,https://ebola-tracker.org/reports/SITREP_MVE_143.pdf,,32,1,1,11,0,34.4,,,,,,,,,,,,,,,
2026-10-04,zone,Nord-Kivu,Musienene,143,https://ebola-tracker.org/reports/SITREP_MVE_143.pdf,,138,10,1,69,1,50.0,,,,,,,,,,,,,,,
2026-10-04,zone,Nord-Kivu,Mutwanga,143,https://ebola-tracker.org/reports/SITREP_MVE_143.pdf,,16,0,1,3,0,18.8,,,,,,,,,,,,,,,
2026-10-04,zone,Nord-Kivu,Oicha,143,https://ebola-tracker.org/reports/SITREP_MVE_143.pdf,,31,0,1,16,0,51.6,,,,,,,,,,,,,,,
2026-10-04,zone,Nord-Kivu,Vuhovi,143,https://ebola-tracker.org/reports/SITREP_MVE_143.pdf,,34,2,1,10,0,29.4,,,,,,,,,,,,,,,
2026-10-04,zone,Sud-Kivu,Miti-Murhesa,143,https://ebola-tracker.org/reports/SITREP_MVE_143.pdf,,3,0,1,1,0,33.3,,,,,,,,,,,,,,,
2026-10-04,zone,Sud-Ubangi,Bulu,143,https://ebola-tracker.org/reports/SITREP_MVE_143.pdf,,2,0,1,1,0,50.0,,,,,,,,,,,,,,,
2026-10-04,zone,Tshopo,Bafwasende,143,https://ebola-tracker.org/reports/SITREP_MVE_143.pdf,,7,0,1,1,0,14.3,,,,,,,,,,,,,,,
2026-10-04,zone,Tshopo,Kabondo,143,https://ebola-tracker.org/reports/SITREP_MVE_143.pdf,,5,0,1,1,0,20.0,,,,,,,,,,,,,,,
2026-10-04,zone,Tshopo,Lubunga,143,https://ebola-tracker.org/reports/SITREP_MVE_143.pdf,,1,0,1,0,0,0.0,,,,,,,,,,,,,,,
2026-10-04,zone,Tshopo,Makiso-Kisangani,143,https://ebola-tracker.org/reports/SITREP_MVE_143.pdf,,27,0,1,11,1,40.7,,,,,,,,,,,,,,,
2026-10-04,zone,Tshopo,Mangobo,143,https://ebola-tracker.org/reports/SITREP_MVE_143.pdf,,8,1,1,3,0,37.5,,,,,,,,,,,,,,,
2026-10-04,zone,Tshopo,Tshopo,143,https://ebola-tracker.org/reports/SITREP_MVE_143.pdf,,1,0,1,0,0,0.0,,,,,,,,,,,,,,,
2026-10-04,zone,Tshopo,Wanie-Rukula,143,https://ebola-tracker.org/reports/SITREP_MVE_143.pdf,,1,0,1,1,0,100.0,,,,,,,,,,,,,,,
2026-10-05,pays,,,144,https://ebola-tracker.org/reports/SITREP_MVE_144.pdf,,8665,62,1,4178,30,48.2,2259,20,10,3093,498,,62,,861,1569,54.9,29535,23741,80.4,
2026-10-05,province,Bas-Uélé,,144,https://ebola-tracker.org/reports/SITREP_MVE_144.pdf,,10,0,1,4,0,40.0,,0,0,190,32,,0,,,,,136,118,86.8,1333
2026-10-05,province,Haut-Uélé,,144,https://ebola-tracker.org/reports/SITREP_MVE_144.pdf,,364,5,1,153,1,42.0,,0,1,67,15,25,5,20.0,60,153,39.2,1888,1616,85.6,
2026-10-05,province,Ituri,,144,https://ebola-tracker.org/reports/SITREP_MVE_144.pdf,,6480,30,1,2989,21,46.1,,15,6,1508,239,146,30,20.5,366,1015,36.1,12830,10703,83.4,
2026-10-05,province,Nord-Kivu,,144,https://ebola-tracker.org/reports/SITREP_MVE_144.pdf,,1755,26,1,1013,8,57.7,,5,3,1119,200,116,26,22.4,417,365,114.2,13790,10584,76.8,
2026-10-05,province,Sud-Kivu,,144,https://ebola-tracker.org/reports/SITREP_MVE_144.pdf,,3,0,1,1,0,33.3,,0,0,,,,,,,,,,,,
2026-10-05,province,Sud-Ubangi,,144,https://ebola-tracker.org/reports/SITREP_MVE_144.pdf,,2,0,1,1,0,50.0,,0,0,31,0,,,,,,,44,41,93.2,
2026-10-05,province,Tshopo,,144,https://ebola-tracker.org/reports/SITREP_MVE_144.pdf,,51,1,1,17,0,33.3,,0,0,178,12,14,1,7.1,18,36,50.0,847,679,80.2,
2026-10-05,zone,Bas-Uélé,Buta,144,https://ebola-tracker.org/reports/SITREP_MVE_144.pdf,,1,0,1,1,0,100.0,,,,,,,,,,,,,,,
2026-10-05,zone,Bas-Uélé,Ganga,144,https://ebola-tracker.org/reports/SITREP_MVE_144.pdf,,3,0,1,2,0,66.7,,,,,,,,,,,,,,,
2026-10-05,zone,Bas-Uélé,Viadana,144,https://ebola-tracker.org/reports/SITREP_MVE_144.pdf,,6,0,1,1,0,16.7,,,,,,,,,,,,,,,
2026-10-05,zone,Haut-Uélé,Boma-Mangbetu,144,https://ebola-tracker.org/reports/SITREP_MVE_144.pdf,,43,0,1,19,1,44.2,,,,,,,,,,,,,,,
2026-10-05,zone,Haut-Uélé,Dungu,144,https://ebola-tracker.org/reports/SITREP_MVE_144.pdf,,1,0,1,1,0,100.0,,,,,,,,,,,,,,,
2026-10-05,zone,Haut-Uélé,Gombari,144,https://ebola-tracker.org/reports/SITREP_MVE_144.pdf,,3,0,1,1,0,33.3,,,,,,,,,,,,,,,
2026-10-05,zone,Haut-Uélé,Isiro,144,https://ebola-tracker.org/reports/SITREP_MVE_144.pdf,,102,0,1,44,0,43.1,,,,,,,,,,,,,,,
2026-10-05,zone,Haut-Uélé,Pawa,144,https://ebola-tracker.org/reports/SITREP_MVE_144.pdf,,92,2,1,43,0,46.7,,,,,,,,,,,,,,,
2026-10-05,zone,Haut-Uélé,Rungu,144,https://ebola-tracker.org/reports/SITREP_MVE_144.pdf,,4,0,1,2,0,50.0,,,,,,,,,,,,,,,
2026-10-05,zone,Haut-Uélé,Wamba,144,https://ebola-tracker.org/reports/SITREP_MVE_144.pdf,,119,3,1,43,0,36.1,,,,,,,,,,,,,,,
2026-10-05,zone,Ituri,Adja,144,https://ebola-tracker.org/reports/SITREP_MVE_144.pdf,,11,0,1,1,0,9.1,,,,,,,,,,,,,,,
2026-10-05,zone,Ituri,Ariwara,144,https://ebola-tracker.org/reports/SITREP_MVE_144.pdf,,8,0,1,2,0,25.0,,,,,,,,,,,,,,,
2026-10-05,zone,Ituri,Aru,144,https://ebola-tracker.org/reports/SITREP_MVE_144.pdf,,8,0,1,6,0,75.0,,,,,,,,,,,,,,,
2026-10-05,zone,Ituri,Aungba,144,https://ebola-tracker.org/reports/SITREP_MVE_144.pdf,,12,0,1,5,0,41.7,,,,,,,,,,,,,,,
2026-10-05,zone,Ituri,Bambu,144,https://ebola-tracker.org/reports/SITREP_MVE_144.pdf,,210,2,1,46,0,21.9,,,,,,,,,,,,,,,
2026-10-05,zone,Ituri,Boga,144,https://ebola-tracker.org/reports/SITREP_MVE_144.pdf,,2,0,1,2,0,100.0,,,,,,,,,,,,,,,
2026-10-05,zone,Ituri,Bunia,144,https://ebola-tracker.org/reports/SITREP_MVE_144.pdf,,1783,4,1,588,4,33.0,,,,,,,,,,,,,,,
2026-10-05,zone,Ituri,Damas,144,https://ebola-tracker.org/reports/SITREP_MVE_144.pdf,,40,0,1,9,0,22.5,,,,,,,,,,,,,,,
2026-10-05,zone,Ituri,Drodro,144,https://ebola-tracker.org/reports/SITREP_MVE_144.pdf,,15,0,1,7,0,46.7,,,,,,,,,,,,,,,
2026-10-05,zone,Ituri,Fataki,144,https://ebola-tracker.org/reports/SITREP_MVE_144.pdf,,83,0,1,31,0,37.3,,,,,,,,,,,,,,,
2026-10-05,zone,Ituri,Gethy,144,https://ebola-tracker.org/reports/SITREP_MVE_144.pdf,,9,0,1,5,0,55.6,,,,,,,,,,,,,,,
2026-10-05,zone,Ituri,Kambala,144,https://ebola-tracker.org/reports/SITREP_MVE_144.pdf,,2,0,1,0,0,0.0,,,,,,,,,,,,,,,
2026-10-05,zone,Ituri,Kilo,144,https://ebola-tracker.org/reports/SITREP_MVE_144.pdf,,38,0,1,12,0,31.6,,,,,,,,,,,,,,,
2026-10-05,zone,Ituri,Komanda,144,https://ebola-tracker.org/reports/SITREP_MVE_144.pdf,,175,0,1,107,0,61.1,,,,,,,,,,,,,,,
2026-10-05,zone,Ituri,Lita,144,https://ebola-tracker.org/reports/SITREP_MVE_144.pdf,,294,0,1,147,0,50.0,,,,,,,,,,,,,,,
2026-10-05,zone,Ituri,Logo,144,https://ebola-tracker.org/reports/SITREP_MVE_144.pdf,,14,1,1,5,0,35.7,,,,,,,,,,,,,,,
2026-10-05,zone,Ituri,Lolwa,144,https://ebola-tracker.org/reports/SITREP_MVE_144.pdf,,34,0,1,9,0,26.5,,,,,,,,,,,,,,,
2026-10-05,zone,Ituri,Mahagi,144,https://ebola-tracker.org/reports/SITREP_MVE_144.pdf,,4,0,1,1,0,25.0,,,,,,,,,,,,,,,
2026-10-05,zone,Ituri,Mambasa,144,https://ebola-tracker.org/reports/SITREP_MVE_144.pdf,,37,0,1,16,0,43.2,,,,,,,,,,,,,,,
2026-10-05,zone,Ituri,Mandima,144,https://ebola-tracker.org/reports/SITREP_MVE_144.pdf,,195,19,1,97,13,49.7,,,,,,,,,,,,,,,
2026-10-05,zone,Ituri,Mangala,144,https://ebola-tracker.org/reports/SITREP_MVE_144.pdf,,365,0,1,157,0,43.0,,,,,,,,,,,,,,,
2026-10-05,zone,Ituri,Mongbwalu,144,https://ebola-tracker.org/reports/SITREP_MVE_144.pdf,,707,0,1,336,1,47.5,,,,,,,,,,,,,,,
2026-10-05,zone,Ituri,Nia-Nia,144,https://ebola-tracker.org/reports/SITREP_MVE_144.pdf,,311,0,1,175,0,56.3,,,,,,,,,,,,,,,
2026-10-05,zone,Ituri,Nizi,144,https://ebola-tracker.org/reports/SITREP_MVE_144.pdf,,788,2,1,282,0,35.8,,,,,,,,,,,,,,,
2026-10-05,zone,Ituri,Nyankunde,144,https://ebola-tracker.org/reports/SITREP_MVE_144.pdf,,130,0,1,37,0,28.5,,,,,,,,,,,,,,,
2026-10-05,zone,Ituri,Rimba,144,https://ebola-tracker.org/reports/SITREP_MVE_144.pdf,,14,1,1,5,0,35.7,,,,,,,,,,,,,,,
2026-10-05,zone,Ituri,Rwampara,144,https://ebola-tracker.org/reports/SITREP_MVE_144.pdf,,1115,1,1,383,3,34.3,,,,,,,,,,,,,,,
2026-10-05,zone,Ituri,Tchomia,144,https://ebola-tracker.org/reports/SITREP_MVE_144.pdf,,76,0,1,25,0,32.9,,,,,,,,,,,,,,,
2026-10-05,zone,Nord-Kivu,Alimbongo,144,https://ebola-tracker.org/reports/SITREP_MVE_144.pdf,,4,0,1,2,0,50.0,,,,,,,,,,,,,,,
2026-10-05,zone,Nord-Kivu,Beni,144,https://ebola-tracker.org/reports/SITREP_MVE_144.pdf,,400,7,1,264,4,66.0,,,,,,,,,,,,,,,
2026-10-05,zone,Nord-Kivu,Biena,144,https://ebola-tracker.org/reports/SITREP_MVE_144.pdf,,20,0,1,7,0,35.0,,,,,,,,,,,,,,,
2026-10-05,zone,Nord-Kivu,Butembo,144,https://ebola-tracker.org/reports/SITREP_MVE_144.pdf,,283,3,1,180,0,63.6,,,,,,,,,,,,,,,
2026-10-05,zone,Nord-Kivu,Goma,144,https://ebola-tracker.org/reports/SITREP_MVE_144.pdf,,1,0,1,0,0,0.0,,,,,,,,,,,,,,,
2026-10-05,zone,Nord-Kivu,Kalunguta,144,https://ebola-tracker.org/reports/SITREP_MVE_144.pdf,,61,1,1,21,0,34.4,,,,,,,,,,,,,,,
2026-10-05,zone,Nord-Kivu,Katwa,144,https://ebola-tracker.org/reports/SITREP_MVE_144.pdf,,606,6,1,372,2,61.4,,,,,,,,,,,,,,,
2026-10-05,zone,Nord-Kivu,Kayna,144,https://ebola-tracker.org/reports/SITREP_MVE_144.pdf,,3,0,1,2,0,66.7,,,,,,,,,,,,,,,
2026-10-05,zone,Nord-Kivu,Kyondo,144,https://ebola-tracker.org/reports/SITREP_MVE_144.pdf,,36,0,1,20,0,55.6,,,,,,,,,,,,,,,
2026-10-05,zone,Nord-Kivu,Lubero,144,https://ebola-tracker.org/reports/SITREP_MVE_144.pdf,,22,0,1,11,0,50.0,,,,,,,,,,,,,,,
2026-10-05,zone,Nord-Kivu,Mabalako,144,https://ebola-tracker.org/reports/SITREP_MVE_144.pdf,,51,5,1,20,2,39.2,,,,,,,,,,,,,,,
2026-10-05,zone,Nord-Kivu,Manguredjipa,144,https://ebola-tracker.org/reports/SITREP_MVE_144.pdf,,13,0,1,5,0,38.5,,,,,,,,,,,,,,,
2026-10-05,zone,Nord-Kivu,Masereka,144,https://ebola-tracker.org/reports/SITREP_MVE_144.pdf,,32,0,1,11,0,34.4,,,,,,,,,,,,,,,
2026-10-05,zone,Nord-Kivu,Musienene,144,https://ebola-tracker.org/reports/SITREP_MVE_144.pdf,,138,0,1,69,0,50.0,,,,,,,,,,,,,,,
2026-10-05,zone,Nord-Kivu,Mutwanga,144,https://ebola-tracker.org/reports/SITREP_MVE_144.pdf,,17,1,1,3,0,17.6,,,,,,,,,,,,,,,
2026-10-05,zone,Nord-Kivu,Oicha,144,https://ebola-tracker.org/reports/SITREP_MVE_144.pdf,,33,2,1,16,0,48.5,,,,,,,,,,,,,,,
2026-10-05,zone,Nord-Kivu,Vuhovi,144,https://ebola-tracker.org/reports/SITREP_MVE_144.pdf,,35,1,1,10,0,28.6,,,,,,,,,,,,,,,
2026-10-05,zone,Sud-Kivu,Miti-Murhesa,144,https://ebola-tracker.org/reports/SITREP_MVE_144.pdf,,3,0,1,1,0,33.3,,,,,,,,,,,,,,,
2026-10-05,zone,Sud-Ubangi,Bulu,144,https://ebola-tracker.org/reports/SITREP_MVE_144.pdf,,2,0,1,1,0,50.0,,,,,,,,,,,,,,,
2026-10-05,zone,Tshopo,Bafwasende,144,https://ebola-tracker.org/reports/SITREP_MVE_144.pdf,,7,0,1,1,0,14.3,,,,,,,,,,,,,,,
2026-10-05,zone,Tshopo,Kabondo,144,https://ebola-tracker.org/reports/SITREP_MVE_144.pdf,,5,0,1,1,0,20.0,,,,,,,,,,,,,,,
2026-10-05,zone,Tshopo,Lubunga,144,https://ebola-tracker.org/reports/SITREP_MVE_144.pdf,,1,0,1,0,0,0.0,,,,,,,,,,,,,,,
2026-10-05,zone,Tshopo,Makiso-Kisangani,144,https://ebola-tracker.org/reports/SITREP_MVE_144.pdf,,27,0,1,11,0,40.7,,,,,,,,,,,,,,,
2026-10-05,zone,Tshopo,Mangobo,144,https://ebola-tracker.org/reports/SITREP_MVE_144.pdf,,8,0,1,3,0,37.5,,,,,,,,,,,,,,,
2026-10-05,zone,Tshopo,Tshopo,144,https://ebola-tracker.org/reports/SITREP_MVE_144.pdf,,2,1,1,0,0,0.0,,,,,,,,,,,,,,,
2026-10-05,zone,Tshopo,Wanie-Rukula,144,https://ebola-tracker.org/reports/SITREP_MVE_144.pdf,,1,0,1,1,0,100.0,,,,,,,,,,,,,,,
2026-10-06,pays,,,145,https://ebola-tracker.org/reports/SITREP_MVE_145.pdf,,8728,63,1,4205,27,48.2,2269,17,10,3035,494,,63,,,,,31832,26105,82.0,
2026-10-06,province,Bas-Uélé,,145,https://ebola-tracker.org/reports/SITREP_MVE_145.pdf,,10,0,1,4,0,40.0,,0,0,167,15,,0,,,,,136,122,89.7,1412
2026-10-06,province,Haut-Uélé,,145,https://ebola-tracker.org/reports/SITREP_MVE_145.pdf,,364,0,1,153,0,42.0,,0,0,133,27,,0,,,,,1944,1698,87.3,
2026-10-06,province,Ituri,,145,https://ebola-tracker.org/reports/SITREP_MVE_145.pdf,,6513,33,1,3007,18,46.2,,10,8,1307,218,221,33,14.9,,,,15145,12569,83.0,
2026-10-06,province,Nord-Kivu,,145,https://ebola-tracker.org/reports/SITREP_MVE_145.pdf,,1785,30,1,1021,8,57.2,,7,1,1320,229,265,30,11.3,,,,14281,11452,80.2,
2026-10-06,province,Sud-Kivu,,145,https://ebola-tracker.org/reports/SITREP_MVE_145.pdf,,3,0,1,1,0,33.3,,0,0,,,,,,,,,,,,
2026-10-06,province,Sud-Ubangi,,145,https://ebola-tracker.org/reports/SITREP_MVE_145.pdf,,2,0,1,1,0,50.0,,0,0,43,2,,,,,,,44,39,88.6,
2026-10-06,province,Tshopo,,145,https://ebola-tracker.org/reports/SITREP_MVE_145.pdf,,51,0,1,18,1,35.3,,0,1,65,3,,0,,,,,282,225,79.8,
2026-10-06,zone,Bas-Uélé,Buta,145,https://ebola-tracker.org/reports/SITREP_MVE_145.pdf,,1,0,1,1,0,100.0,,,,,,,,,,,,,,,
2026-10-06,zone,Bas-Uélé,Ganga,145,https://ebola-tracker.org/reports/SITREP_MVE_145.pdf,,3,0,1,2,0,66.7,,,,,,,,,,,,,,,
2026-10-06,zone,Bas-Uélé,Viadana,145,https://ebola-tracker.org/reports/SITREP_MVE_145.pdf,,6,0,1,1,0,16.7,,,,,,,,,,,,,,,
2026-10-06,zone,Haut-Uélé,Boma-Mangbetu,145,https://ebola-tracker.org/reports/SITREP_MVE_145.pdf,,43,0,1,19,0,44.2,,,,,,,,,,,,,,,
2026-10-06,zone,Haut-Uélé,Dungu,145,https://ebola-tracker.org/reports/SITREP_MVE_145.pdf,,1,0,1,1,0,100.0,,,,,,,,,,,,,,,
2026-10-06,zone,Haut-Uélé,Gombari,145,https://ebola-tracker.org/reports/SITREP_MVE_145.pdf,,3,0,1,1,0,33.3,,,,,,,,,,,,,,,
2026-10-06,zone,Haut-Uélé,Isiro,145,https://ebola-tracker.org/reports/SITREP_MVE_145.pdf,,102,0,1,44,0,43.1,,,,,,,,,,,,,,,
2026-10-06,zone,Haut-Uélé,Pawa,145,https://ebola-tracker.org/reports/SITREP_MVE_145.pdf,,92,0,1,43,0,46.7,,,,,,,,,,,,,,,
2026-10-06,zone,Haut-Uélé,Rungu,145,https://ebola-tracker.org/reports/SITREP_MVE_145.pdf,,4,0,1,2,0,50.0,,,,,,,,,,,,,,,
2026-10-06,zone,Haut-Uélé,Wamba,145,https://ebola-tracker.org/reports/SITREP_MVE_145.pdf,,119,0,1,43,0,36.1,,,,,,,,,,,,,,,
2026-10-06,zone,Ituri,Adja,145,https://ebola-tracker.org/reports/SITREP_MVE_145.pdf,,12,1,1,1,0,8.3,,,,,,,,,,,,,,,
2026-10-06,zone,Ituri,Ariwara,145,https://ebola-tracker.org/reports/SITREP_MVE_145.pdf,,8,0,1,2,0,25.0,,,,,,,,,,,,,,,
2026-10-06,zone,Ituri,Aru,145,https://ebola-tracker.org/reports/SITREP_MVE_145.pdf,,8,0,1,6,0,75.0,,,,,,,,,,,,,,,
2026-10-06,zone,Ituri,Aungba,145,https://ebola-tracker.org/reports/SITREP_MVE_145.pdf,,12,0,1,5,0,41.7,,,,,,,,,,,,,,,
2026-10-06,zone,Ituri,Bambu,145,https://ebola-tracker.org/reports/SITREP_MVE_145.pdf,,210,0,1,47,1,22.4,,,,,,,,,,,,,,,
2026-10-06,zone,Ituri,Boga,145,https://ebola-tracker.org/reports/SITREP_MVE_145.pdf,,2,0,1,2,0,100.0,,,,,,,,,,,,,,,
2026-10-06,zone,Ituri,Bunia,145,https://ebola-tracker.org/reports/SITREP_MVE_145.pdf,,1790,7,1,594,6,33.2,,,,,,,,,,,,,,,
2026-10-06,zone,Ituri,Damas,145,https://ebola-tracker.org/reports/SITREP_MVE_145.pdf,,40,0,1,9,0,22.5,,,,,,,,,,,,,,,
2026-10-06,zone,Ituri,Drodro,145,https://ebola-tracker.org/reports/SITREP_MVE_145.pdf,,15,0,1,7,0,46.7,,,,,,,,,,,,,,,
2026-10-06,zone,Ituri,Fataki,145,https://ebola-tracker.org/reports/SITREP_MVE_145.pdf,,84,1,1,31,0,36.9,,,,,,,,,,,,,,,
2026-10-06,zone,Ituri,Gethy,145,https://ebola-tracker.org/reports/SITREP_MVE_145.pdf,,9,0,1,5,0,55.6,,,,,,,,,,,,,,,
2026-10-06,zone,Ituri,Kambala,145,https://ebola-tracker.org/reports/SITREP_MVE_145.pdf,,2,0,1,0,0,0.0,,,,,,,,,,,,,,,
2026-10-06,zone,Ituri,Kilo,145,https://ebola-tracker.org/reports/SITREP_MVE_145.pdf,,38,0,1,12,0,31.6,,,,,,,,,,,,,,,
2026-10-06,zone,Ituri,Komanda,145,https://ebola-tracker.org/reports/SITREP_MVE_145.pdf,,176,1,1,107,0,60.8,,,,,,,,,,,,,,,
2026-10-06,zone,Ituri,Lita,145,https://ebola-tracker.org/reports/SITREP_MVE_145.pdf,,295,1,1,148,1,50.2,,,,,,,,,,,,,,,
2026-10-06,zone,Ituri,Logo,145,https://ebola-tracker.org/reports/SITREP_MVE_145.pdf,,14,0,1,6,1,42.9,,,,,,,,,,,,,,,
2026-10-06,zone,Ituri,Lolwa,145,https://ebola-tracker.org/reports/SITREP_MVE_145.pdf,,35,1,1,9,0,25.7,,,,,,,,,,,,,,,
2026-10-06,zone,Ituri,Mahagi,145,https://ebola-tracker.org/reports/SITREP_MVE_145.pdf,,4,0,1,1,0,25.0,,,,,,,,,,,,,,,
2026-10-06,zone,Ituri,Mambasa,145,https://ebola-tracker.org/reports/SITREP_MVE_145.pdf,,41,4,1,17,1,41.5,,,,,,,,,,,,,,,
2026-10-06,zone,Ituri,Mandima,145,https://ebola-tracker.org/reports/SITREP_MVE_145.pdf,,198,3,1,98,1,49.5,,,,,,,,,,,,,,,
2026-10-06,zone,Ituri,Mangala,145,https://ebola-tracker.org/reports/SITREP_MVE_145.pdf,,366,1,1,157,0,42.9,,,,,,,,,,,,,,,
2026-10-06,zone,Ituri,Mongbwalu,145,https://ebola-tracker.org/reports/SITREP_MVE_145.pdf,,710,3,1,337,1,47.5,,,,,,,,,,,,,,,
2026-10-06,zone,Ituri,Nia-Nia,145,https://ebola-tracker.org/reports/SITREP_MVE_145.pdf,,314,3,1,175,0,55.7,,,,,,,,,,,,,,,
2026-10-06,zone,Ituri,Nizi,145,https://ebola-tracker.org/reports/SITREP_MVE_145.pdf,,792,4,1,286,4,36.1,,,,,,,,,,,,,,,
2026-10-06,zone,Ituri,Nyankunde,145,https://ebola-tracker.org/reports/SITREP_MVE_145.pdf,,130,0,1,37,0,28.5,,,,,,,,,,,,,,,
2026-10-06,zone,Ituri,Rimba,145,https://ebola-tracker.org/reports/SITREP_MVE_145.pdf,,14,0,1,5,0,35.7,,,,,,,,,,,,,,,
2026-10-06,zone,Ituri,Rwampara,145,https://ebola-tracker.org/reports/SITREP_MVE_145.pdf,,1118,3,1,385,2,34.4,,,,,,,,,,,,,,,
2026-10-06,zone,Ituri,Tchomia,145,https://ebola-tracker.org/reports/SITREP_MVE_145.pdf,,76,0,1,25,0,32.9,,,,,,,,,,,,,,,
2026-10-06,zone,Nord-Kivu,Alimbongo,145,https://ebola-tracker.org/reports/SITREP_MVE_145.pdf,,5,1,1,3,1,60.0,,,,,,,,,,,,,,,
2026-10-06,zone,Nord-Kivu,Beni,145,https://ebola-tracker.org/reports/SITREP_MVE_145.pdf,,409,9,1,268,4,65.5,,,,,,,,,,,,,,,
2026-10-06,zone,Nord-Kivu,Biena,145,https://ebola-tracker.org/reports/SITREP_MVE_145.pdf,,23,3,1,7,0,30.4,,,,,,,,,,,,,,,
2026-10-06,zone,Nord-Kivu,Butembo,145,https://ebola-tracker.org/reports/SITREP_MVE_145.pdf,,286,3,1,180,0,62.9,,,,,,,,,,,,,,,
2026-10-06,zone,Nord-Kivu,Goma,145,https://ebola-tracker.org/reports/SITREP_MVE_145.pdf,,1,0,1,0,0,0.0,,,,,,,,,,,,,,,
2026-10-06,zone,Nord-Kivu,Kalunguta,145,https://ebola-tracker.org/reports/SITREP_MVE_145.pdf,,63,2,1,22,1,34.9,,,,,,,,,,,,,,,
2026-10-06,zone,Nord-Kivu,Katwa,145,https://ebola-tracker.org/reports/SITREP_MVE_145.pdf,,608,2,1,373,1,61.3,,,,,,,,,,,,,,,
2026-10-06,zone,Nord-Kivu,Kayna,145,https://ebola-tracker.org/reports/SITREP_MVE_145.pdf,,3,0,1,2,0,66.7,,,,,,,,,,,,,,,
2026-10-06,zone,Nord-Kivu,Kyondo,145,https://ebola-tracker.org/reports/SITREP_MVE_145.pdf,,37,1,1,20,0,54.1,,,,,,,,,,,,,,,
2026-10-06,zone,Nord-Kivu,Lubero,145,https://ebola-tracker.org/reports/SITREP_MVE_145.pdf,,23,1,1,11,0,47.8,,,,,,,,,,,,,,,
2026-10-06,zone,Nord-Kivu,Mabalako,145,https://ebola-tracker.org/reports/SITREP_MVE_145.pdf,,51,0,1,20,0,39.2,,,,,,,,,,,,,,,
2026-10-06,zone,Nord-Kivu,Manguredjipa,145,https://ebola-tracker.org/reports/SITREP_MVE_145.pdf,,13,0,1,5,0,38.5,,,,,,,,,,,,,,,
2026-10-06,zone,Nord-Kivu,Masereka,145,https://ebola-tracker.org/reports/SITREP_MVE_145.pdf,,34,2,1,11,0,32.4,,,,,,,,,,,,,,,
2026-10-06,zone,Nord-Kivu,Musienene,145,https://ebola-tracker.org/reports/SITREP_MVE_145.pdf,,140,2,1,69,0,49.3,,,,,,,,,,,,,,,
2026-10-06,zone,Nord-Kivu,Mutwanga,145,https://ebola-tracker.org/reports/SITREP_MVE_145.pdf,,20,3,1,4,1,20.0,,,,,,,,,,,,,,,
2026-10-06,zone,Nord-Kivu,Oicha,145,https://ebola-tracker.org/reports/SITREP_MVE_145.pdf,,34,1,1,16,0,47.1,,,,,,,,,,,,,,,
2026-10-06,zone,Nord-Kivu,Vuhovi,145,https://ebola-tracker.org/reports/SITREP_MVE_145.pdf,,35,0,1,10,0,28.6,,,,,,,,,,,,,,,
2026-10-06,zone,Sud-Kivu,Miti-Murhesa,145,https://ebola-tracker.org/reports/SITREP_MVE_145.pdf,,3,0,1,1,0,33.3,,,,,,,,,,,,,,,
2026-10-06,zone,Sud-Ubangi,Bulu,145,https://ebola-tracker.org/reports/SITREP_MVE_145.pdf,,2,0,1,1,0,50.0,,,,,,,,,,,,,,,
2026-10-06,zone,Tshopo,Bafwasende,145,https://ebola-tracker.org/reports/SITREP_MVE_145.pdf,,7,0,1,1,0,14.3,,,,,,,,,,,,,,,
2026-10-06,zone,Tshopo,Kabondo,145,https://ebola-tracker.org/reports/SITREP_MVE_145.pdf,,5,0,1,1,0,20.0,,,,,,,,,,,,,,,
2026-10-06,zone,Tshopo,Lubunga,145,https://ebola-tracker.org/reports/SITREP_MVE_145.pdf,,1,0,1,0,0,0.0,,,,,,,,,,,,,,,
2026-10-06,zone,Tshopo,Makiso-Kisangani,145,https://ebola-tracker.org/reports/SITREP_MVE_145.pdf,,27,0,1,11,0,40.7,,,,,,,,,,,,,,,
2026-10-06,zone,Tshopo,Mangobo,145,https://ebola-tracker.org/reports/SITREP_MVE_145.pdf,,8,0,1,4,1,50.0,,,,,,,,,,,,,,,
2026-10-06,zone,Tshopo,Tshopo,145,https://ebola-tracker.org/reports/SITREP_MVE_145.pdf,,2,0,1,0,0,0.0,,,,,,,,,,,,,,,
2026-10-06,zone,Tshopo,Wanie-Rukula,145,https://ebola-tracker.org/reports/SITREP_MVE_145.pdf,,1,0,1,1,0,100.0,,,,,,,,,,,,,,,
