{"type":"FeatureCollection","note":"Zones de santé des provinces touchées, simplifiées à ~500 m. Source HDX/OCHA, produit par scripts/build_geo.py.","features":[{"type":"Feature","properties":{"name":"Viadana","province":"Bas-Uele","key":"viadana"},"geometry":{"type":"Polygon","coordinates":[[[27.1966,3.8235],[27.2394,3.8307],[27.2545,3.8567],[27.288,3.8441],[27.3226,3.7946],[27.3424,3.7316],[27.3216,3.6547],[27.3673,3.6233],[27.374,3.5485],[27.3191,3.4785],[27.3135,3.4575],[27.2983,3.451],[27.2945,3.4271],[27.2803,3.413],[27.2861,3.3727],[27.2729,3.3317],[27.2539,3.3205],[27.2435,3.2967],[27.2464,3.2775],[27.2834,3.2788],[27.3004,3.2272],[27.3093,3.2256],[27.3269,3.2401],[27.3329,3.2217],[27.3526,3.2298],[27.3647,3.2494],[27.3915,3.246],[27.383,3.2618],[27.3953,3.2713],[27.4038,3.274],[27.404,3.2575],[27.421,3.2529],[27.4219,3.2828],[27.4571,3.2865],[27.4622,3.295],[27.456,3.3033],[27.4624,3.3066],[27.4709,3.3015],[27.4764,3.278],[27.4899,3.2803],[27.491,3.29],[27.5059,3.299],[27.5178,3.299],[27.5288,3.2873],[27.5451,3.2965],[27.5531,3.2891],[27.5586,3.2967],[27.5808,3.2938],[27.5924,3.3177],[27.6089,3.3041],[27.6245,3.3127],[27.6453,3.2986],[27.6577,3.3028],[27.6655,3.2769],[27.6551,3.2474],[27.6609,3.186],[27.6467,3.1421],[27.6601,3.1026],[27.6478,3.0779],[27.7057,3.0798],[27.6735,3.0132],[27.5785,2.9849],[27.5682,2.9922],[27.5458,2.9897],[27.552,2.9584],[27.6609,2.9128],[27.6558,2.8798],[27.6444,2.8675],[27.6026,2.8596],[27.6046,2.8188],[27.5666,2.8309],[27.5367,2.8506],[27.5225,2.8417],[27.5182,2.8164],[27.4997,2.8152],[27.504,2.7888],[27.4751,2.7826],[27.4609,2.7612],[27.44,2.7683],[27.3949,2.7498],[27.384,2.7366],[27.3274,2.7538],[27.286,2.7878],[27.2468,2.8439],[27.1966,2.8717],[27.2155,2.8768],[27.2202,3.0008],[27.1924,3.0511],[27.2152,3.1094],[27.1807,3.175],[27.0699,3.232],[27.0998,3.2901],[27.0961,3.3527],[27.1291,3.3983],[27.1189,3.4668],[27.0834,3.5175],[27.0758,3.5631],[27.0809,3.5949],[27.0512,3.6326],[27.0626,3.6395],[27.0962,3.7054],[27.1227,3.7182],[27.1552,3.6965],[27.1723,3.7056],[27.1625,3.7427],[27.1688,3.777],[27.1393,3.8136],[27.1428,3.8505],[27.1542,3.8572],[27.1966,3.8235]]]}},{"type":"Feature","properties":{"name":"Poko","province":"Bas-Uele","key":"poko"},"geometry":{"type":"Polygon","coordinates":[[[26.1418,3.6542],[26.1381,3.6553],[26.1381,3.6553],[26.1418,3.6542]],[[26.1418,3.6542],[26.1626,3.6763],[26.2014,3.6601],[26.2195,3.664],[26.2277,3.6905],[26.264,3.7208],[26.2917,3.722],[26.2979,3.736],[26.3448,3.7716],[26.3787,3.7809],[26.4041,3.7734],[26.4061,3.7881],[26.4329,3.8162],[26.4269,3.8296],[26.4363,3.8248],[26.452,3.8549],[26.4406,3.848],[26.4461,3.8595],[26.4623,3.8584],[26.4957,3.9082],[26.5396,3.9348],[26.6034,4.0113],[26.6355,4.0236],[26.6965,4.0161],[26.7281,4.0],[26.7375,3.9856],[26.7296,3.9568],[26.7738,3.8415],[26.8059,3.8354],[26.8144,3.8181],[26.8121,3.8011],[26.83,3.7983],[26.8404,3.7661],[26.8603,3.7544],[26.9018,3.7437],[26.9327,3.7469],[26.9474,3.7548],[26.945,3.7794],[26.951,3.7856],[27.0188,3.7777],[27.0513,3.8056],[27.0908,3.8218],[27.0998,3.8217],[27.1155,3.7968],[27.1371,3.8338],[27.1423,3.804],[27.1634,3.7888],[27.171,3.7028],[27.1552,3.6965],[27.1265,3.7182],[27.0962,3.7054],[27.0626,3.6395],[27.0512,3.6326],[27.0809,3.5949],[27.0758,3.5631],[27.0834,3.5175],[27.1189,3.4668],[27.1291,3.3983],[27.0961,3.3527],[27.0998,3.2901],[27.0699,3.232],[27.1807,3.175],[27.2152,3.1094],[27.1924,3.0511],[27.2202,3.0008],[27.2155,2.8768],[27.1863,2.8706],[27.1813,2.883],[27.1396,2.9103],[27.1227,2.8558],[27.1248,2.8284],[27.0977,2.7731],[27.0452,2.7224],[27.0105,2.7259],[27.0001,2.7217],[27.0039,2.703],[26.9948,2.6961],[26.987,2.7044],[26.9756,2.7014],[26.958,2.679],[26.9624,2.6514],[26.9333,2.6405],[26.935,2.6189],[26.9101,2.5887],[26.9033,2.55],[26.8932,2.5348],[26.9196,2.5289],[26.942,2.5379],[27.0138,2.5353],[27.0332,2.5657],[27.1018,2.5651],[27.1355,2.5755],[27.1442,2.5631],[27.1484,2.4844],[27.167,2.4407],[27.1643,2.414],[27.1514,2.4188],[27.1371,2.4068],[27.1883,2.3601],[27.1885,2.328],[27.1779,2.29],[27.1637,2.2867],[27.1261,2.2197],[27.1141,2.1654],[27.0949,2.1592],[27.085,2.1364],[27.072,2.1361],[27.0558,2.1221],[27.0593,2.0625],[27.0354,1.9677],[27.0451,1.9552],[27.044,1.9412],[27.0348,1.9414],[27.0286,1.9529],[27.0078,1.9453],[26.9996,1.9547],[26.984,1.9552],[26.9826,1.9671],[26.9421,1.9981],[26.9386,2.0464],[26.9265,2.0712],[26.9294,2.092],[26.895,2.1363],[26.8817,2.1701],[26.8689,2.1731],[26.8593,2.146],[26.8262,2.15],[26.8091,2.1274],[26.775,2.1563],[26.7747,2.1789],[26.7638,2.1938],[26.7455,2.1931],[26.7191,2.174],[26.6422,2.1025],[26.6263,2.0967],[26.6221,2.1204],[26.6026,2.1163],[26.5972,2.1103],[26.604,2.095],[26.5999,2.0677],[26.5843,2.0532],[26.4956,2.0513],[26.4825,2.113],[26.4752,2.1157],[26.4352,2.0851],[26.4248,2.0653],[26.3978,2.0594],[26.3562,2.0685],[26.3241,2.1209],[26.3164,2.21],[26.3299,2.2256],[26.3288,2.2392],[26.3132,2.25],[26.3132,2.27],[26.3266,2.3181],[26.3077,2.4067],[26.2755,2.3956],[26.212,2.4166],[26.1245,2.4696],[26.125,2.5074],[26.1452,2.5591],[26.1507,2.6488],[26.1494,2.6762],[26.1282,2.7227],[26.1369,2.7275],[26.1689,2.7175],[26.181,2.7288],[26.2048,2.7281],[26.2085,2.7341],[26.1978,2.7921],[26.2037,2.8151],[26.198,2.8577],[26.2423,2.8743],[26.254,2.8901],[26.308,2.8958],[26.3549,2.8794],[26.3939,2.8787],[26.4272,2.8567],[26.4416,2.8822],[26.4997,2.9187],[26.4882,2.9578],[26.4933,2.964],[26.5449,2.9641],[26.5553,2.9812],[26.5386,2.9998],[26.5171,3.0053],[26.4997,3.0004],[26.481,3.0733],[26.4663,3.0811],[26.4516,3.1115],[26.4611,3.1851],[26.4127,3.2115],[26.3758,3.2429],[26.4035,3.3121],[26.3862,3.3666],[26.3691,3.3617],[26.3645,3.3739],[26.3692,3.3948],[26.3912,3.4059],[26.393,3.4142],[26.3724,3.4243],[26.36,3.4208],[26.3554,3.4289],[26.324,3.4311],[26.3075,3.4677],[26.2737,3.495],[26.2462,3.5099],[26.2219,3.5114],[26.2159,3.5356],[26.1927,3.5498],[26.1776,3.5442],[26.1526,3.5631],[26.1527,3.6114],[26.135,3.65],[26.1418,3.6542]]]}},{"type":"Feature","properties":{"name":"Basali","province":"Tshopo","key":"basali"},"geometry":{"type":"Polygon","coordinates":[[[24.8784,2.2652],[24.897,2.24],[24.9259,2.2663],[24.9509,2.2644],[24.9526,2.2471],[24.9623,2.2598],[24.9747,2.2525],[24.9861,2.2601],[25.006,2.2575],[25.0126,2.2655],[25.0179,2.2566],[25.0259,2.2624],[25.0465,2.2473],[25.0591,2.2567],[25.0988,2.2088],[25.1352,2.2119],[25.1556,2.2019],[25.1505,2.1581],[25.1701,1.909],[25.1639,1.8958],[25.1515,1.8868],[25.0754,1.8745],[25.0294,1.8742],[24.9581,1.8407],[24.9006,1.8288],[24.7808,1.7828],[24.7014,1.7348],[24.6843,1.7203],[24.6607,1.667],[24.6161,1.601],[24.551,1.5317],[24.5351,1.4606],[24.4896,1.4108],[24.4102,1.3527],[24.4082,1.3466],[24.4402,1.317],[24.3762,1.2176],[24.3524,1.2],[24.3323,1.1401],[24.3205,1.1323],[24.3022,1.0898],[24.2668,1.0516],[24.1459,0.9581],[24.1157,0.9756],[24.0437,0.9865],[24.0169,1.0056],[23.9964,1.1918],[23.9213,1.2449],[23.8799,1.2349],[23.8549,1.2202],[23.8383,1.2233],[23.8199,1.2409],[23.8194,1.2965],[23.8265,1.3607],[23.9259,1.5991],[23.8554,1.6029],[23.885,1.6373],[23.9364,1.6675],[23.8936,1.732],[24.1799,2.1487],[24.1389,2.1572],[24.0579,2.1953],[24.0656,2.2064],[24.0598,2.2106],[24.0755,2.2158],[24.1044,2.2057],[24.1722,2.22],[24.1955,2.2287],[24.2153,2.2602],[24.2732,2.26],[24.3104,2.2808],[24.337,2.2749],[24.3647,2.2397],[24.425,2.2593],[24.4483,2.2814],[24.8445,2.2634],[24.8616,2.2642],[24.8666,2.2827],[24.8784,2.2652]]]}},{"type":"Feature","properties":{"name":"Basoko","province":"Tshopo","key":"basoko"},"geometry":{"type":"Polygon","coordinates":[[[23.8194,1.2965],[23.8199,1.2409],[23.8383,1.2233],[23.8549,1.2202],[23.8799,1.2349],[23.9213,1.2449],[23.9964,1.1918],[24.0169,1.0056],[23.8855,1.0698],[23.8682,1.0652],[23.8236,1.0711],[23.6957,1.1096],[23.7042,1.1032],[23.7044,1.0781],[23.6737,1.043],[23.6209,1.0454],[23.5824,1.0832],[23.5368,1.0795],[23.5339,1.1388],[23.4386,1.2709],[23.4911,1.3175],[23.5223,1.2801],[23.5603,1.3105],[23.6106,1.3361],[23.64,1.2935],[23.671,1.3405],[23.7475,1.3749],[23.7802,1.4124],[23.8236,1.489],[23.8558,1.6045],[23.9259,1.5991],[23.8265,1.3607],[23.8194,1.2965]]]}},{"type":"Feature","properties":{"name":"Bengamisa","province":"Tshopo","key":"bengamisa"},"geometry":{"type":"Polygon","coordinates":[[[25.1084,1.4632],[25.1315,1.4483],[25.1555,1.4518],[25.2158,1.439],[25.2459,1.4572],[25.2787,1.4627],[25.2955,1.4541],[25.3517,1.4541],[25.4348,1.3528],[25.5172,1.2935],[25.5498,1.0494],[25.5322,1.036],[25.487,1.0335],[25.4408,1.0613],[25.433,1.0552],[25.4042,0.9953],[25.3492,0.957],[25.2815,0.7967],[25.2575,0.7788],[25.2541,0.7456],[25.2278,0.6878],[25.1919,0.6595],[25.14,0.6409],[25.0752,0.6302],[25.0179,0.6306],[24.985,0.6165],[24.8986,0.9831],[24.9005,1.0639],[24.3022,1.0898],[24.3205,1.1323],[24.3323,1.1401],[24.3524,1.2],[24.3762,1.2176],[24.4402,1.317],[24.4954,1.2717],[24.5655,1.2733],[24.665,1.3113],[24.7257,1.3145],[24.837,1.3692],[24.8612,1.3897],[24.9009,1.4487],[24.9324,1.4745],[25.0112,1.463],[25.0345,1.4702],[25.0714,1.4993],[25.0953,1.4916],[25.1084,1.4632]]]}},{"type":"Feature","properties":{"name":"Yakusu","province":"Tshopo","key":"yakusu"},"geometry":{"type":"Polygon","coordinates":[[[24.8986,0.9831],[24.985,0.6165],[25.0072,0.6278],[25.0115,0.6133],[25.038,0.5931],[25.0438,0.5857],[25.0378,0.5557],[24.9333,0.5373],[24.8962,0.5472],[24.8731,0.5403],[24.862,0.529],[24.8642,0.4892],[24.7579,0.5322],[24.7217,0.5609],[24.6998,0.509],[24.6382,0.4059],[24.5431,0.346],[24.521,0.3432],[24.4942,0.3466],[24.516,0.3915],[24.5402,0.415],[24.5968,0.4281],[24.6238,0.454],[24.6065,0.5396],[24.5344,0.4864],[24.4573,0.4792],[24.4322,0.4206],[24.4143,0.2998],[24.4007,0.3008],[24.3634,0.3371],[24.3411,0.3822],[24.3337,0.3389],[24.3216,0.36],[24.3217,0.3835],[24.3047,0.4075],[24.2972,0.4503],[24.184,0.5174],[24.1843,0.5564],[24.1679,0.5803],[24.2015,0.6165],[24.201,0.6361],[24.2228,0.6623],[24.2444,0.6531],[24.3089,0.6506],[24.323,0.6835],[24.4653,0.7191],[24.5207,0.7139],[24.6187,0.835],[24.65,0.9471],[24.7246,1.0715],[24.9005,1.0639],[24.8986,0.9831]]]}},{"type":"Feature","properties":{"name":"Yahisuli","province":"Tshopo","key":"yahisuli"},"geometry":{"type":"Polygon","coordinates":[[[23.7716,0.2948],[23.8357,0.2739],[23.8818,0.2749],[23.9117,0.2511],[23.962,0.239],[24.0014,0.2107],[24.0434,0.1949],[24.0662,0.1992],[24.0703,0.2231],[24.0814,0.2296],[24.1091,0.2125],[24.135,0.2114],[24.1448,0.2355],[24.144,0.2611],[24.18,0.263],[24.2167,0.2327],[24.2392,0.1989],[24.2573,0.1909],[24.1696,0.105],[24.2305,0.0288],[24.2625,0.003],[24.2728,-0.0411],[24.1674,-0.1242],[24.1343,-0.1622],[24.1113,-0.1726],[24.0828,-0.1558],[24.0377,-0.1651],[24.0219,-0.177],[24.0478,-0.2563],[23.9399,-0.2705],[23.8691,-0.2991],[23.8295,-0.2883],[23.7403,-0.3761],[23.6882,-0.3896],[23.7211,-0.2658],[23.7189,-0.2599],[23.662,-0.2586],[23.6778,-0.2424],[23.7524,-0.2119],[23.7543,-0.2014],[23.7414,-0.1915],[23.7081,-0.1901],[23.6788,-0.1593],[23.673,-0.1432],[23.6763,-0.1177],[23.7164,-0.0922],[23.7228,-0.0226],[23.5762,-0.0436],[23.6494,0.041],[23.6578,0.0819],[23.7716,0.2948]]]}},{"type":"Feature","properties":{"name":"Yabaondo","province":"Tshopo","key":"yabaondo"},"geometry":{"type":"Polygon","coordinates":[[[23.7099,1.1036],[23.8236,1.0711],[23.8682,1.0652],[23.8855,1.0698],[23.9084,1.0543],[23.9608,1.0376],[24.0437,0.9865],[24.124,0.9716],[24.1357,0.9487],[24.1367,0.9258],[24.1066,0.8788],[24.2391,0.7656],[24.1971,0.7317],[24.1996,0.678],[24.1707,0.6901],[24.1572,0.6788],[24.2078,0.6442],[24.2015,0.6165],[24.1679,0.5803],[24.1843,0.5564],[24.184,0.5174],[24.2972,0.4503],[24.3047,0.4075],[24.3217,0.3835],[24.3216,0.36],[24.3337,0.3389],[24.3172,0.2311],[24.3014,0.1964],[24.3047,0.1734],[24.2985,0.166],[24.2766,0.1852],[24.2392,0.1989],[24.2167,0.2327],[24.1688,0.2664],[24.144,0.2611],[24.1448,0.2355],[24.135,0.2114],[24.1091,0.2125],[24.0814,0.2296],[24.0703,0.2231],[24.0662,0.1992],[24.0434,0.1949],[24.0014,0.2107],[23.962,0.239],[23.9117,0.2511],[23.8818,0.2749],[23.8357,0.2739],[23.7711,0.2951],[23.7891,0.3449],[23.7851,0.3638],[23.8037,0.3879],[23.8038,0.4001],[23.7748,0.4279],[23.7713,0.4469],[23.7856,0.5035],[23.7966,0.6031],[23.7927,0.6279],[23.7816,0.6395],[23.7794,0.6682],[23.7543,0.6623],[23.6799,0.6695],[23.6755,0.6826],[23.6441,0.7104],[23.6301,0.7394],[23.6346,0.8171],[23.6836,0.8864],[23.6937,0.9904],[23.703,0.9724],[23.7361,0.9548],[23.7585,0.9949],[23.7559,1.0138],[23.6952,1.1084],[23.7099,1.1036]]]}},{"type":"Feature","properties":{"name":"Isangi","province":"Tshopo","key":"isangi"},"geometry":{"type":"Polygon","coordinates":[[[24.7032,1.0359],[24.65,0.9471],[24.6187,0.835],[24.5207,0.7139],[24.4653,0.7191],[24.323,0.6835],[24.3089,0.6506],[24.2444,0.6531],[24.2228,0.6623],[24.2078,0.6442],[24.1572,0.6788],[24.1707,0.6901],[24.1996,0.678],[24.1971,0.7317],[24.2391,0.7656],[24.1066,0.8788],[24.1367,0.9258],[24.1357,0.9487],[24.124,0.9716],[24.1459,0.9581],[24.2668,1.0516],[24.3022,1.0898],[24.7246,1.0715],[24.7032,1.0359]]]}},{"type":"Feature","properties":{"name":"Yaleko","province":"Tshopo","key":"yaleko"},"geometry":{"type":"Polygon","coordinates":[[[24.7296,0.5532],[24.7579,0.5322],[24.9003,0.4675],[24.9685,0.4583],[24.9943,0.421],[25.005,0.363],[25.0255,0.3409],[25.0327,0.2747],[25.0269,0.1381],[24.771,-0.3276],[24.7448,-0.3065],[24.4843,-0.2666],[24.4012,-0.2733],[24.3994,-0.2882],[24.3705,-0.2899],[24.3813,-0.3163],[24.4121,-0.3523],[24.4229,-0.4138],[24.5034,-0.5114],[24.5621,-0.6914],[24.6101,-0.7451],[24.6489,-0.8145],[24.7484,-0.8752],[24.8144,-0.9272],[24.9202,-1.052],[25.0657,-1.1734],[25.0856,-1.2095],[25.1154,-1.3218],[25.1487,-1.354],[25.0745,-1.418],[25.0156,-1.4346],[25.008,-1.4348],[25.001,-1.4201],[25.0009,-1.4008],[24.9807,-1.3836],[24.9854,-1.3645],[25.0014,-1.3501],[25.0006,-1.3289],[24.9888,-1.3133],[24.9904,-1.2939],[24.9657,-1.2752],[24.9582,-1.2483],[24.9278,-1.2352],[24.8991,-1.2016],[24.8674,-1.2069],[24.8577,-1.1595],[24.8207,-1.1454],[24.8163,-1.1035],[24.8009,-1.1078],[24.7752,-1.1327],[24.7638,-1.1099],[24.7469,-1.1014],[24.7307,-1.0643],[24.7482,-1.0356],[24.7453,-1.0224],[24.7064,-1.0214],[24.6542,-0.959],[24.6222,-0.9497],[24.6125,-0.93],[24.5736,-0.8956],[24.5382,-0.8511],[24.5326,-0.8188],[24.5079,-0.8052],[24.4765,-0.8034],[24.4573,-0.7874],[24.4306,-0.7076],[24.4352,-0.6941],[24.4544,-0.6801],[24.4556,-0.6688],[24.4008,-0.6545],[24.3843,-0.6347],[24.3802,-0.6162],[24.3912,-0.6032],[24.4302,-0.5977],[24.4329,-0.5821],[24.4007,-0.5712],[24.3415,-0.604],[24.3261,-0.5983],[24.3276,-0.5535],[24.3167,-0.5274],[24.3587,-0.4826],[24.3459,-0.4783],[24.299,-0.5059],[24.2932,-0.4935],[24.3193,-0.4512],[24.2839,-0.4268],[24.2934,-0.4126],[24.327,-0.3973],[24.3348,-0.3827],[24.3267,-0.3712],[24.2872,-0.3593],[24.2603,-0.3722],[24.2387,-0.36],[24.2445,-0.3424],[24.282,-0.3225],[24.2888,-0.3059],[24.2605,-0.2991],[24.2254,-0.2755],[24.2199,-0.2587],[24.228,-0.2176],[24.2152,-0.1953],[24.1904,-0.1755],[24.198,-0.1455],[24.1933,-0.1304],[24.1714,-0.121],[24.2728,-0.0411],[24.2727,-0.0278],[24.2625,0.003],[24.2305,0.0288],[24.1696,0.105],[24.2539,0.1896],[24.2766,0.1852],[24.2985,0.166],[24.3047,0.1734],[24.3014,0.1964],[24.3172,0.2311],[24.3411,0.3822],[24.3634,0.3371],[24.4007,0.3008],[24.4143,0.2998],[24.4322,0.4206],[24.4573,0.4792],[24.5344,0.4864],[24.6065,0.5396],[24.6238,0.454],[24.5968,0.4281],[24.5402,0.415],[24.4964,0.3609],[24.4942,0.3466],[24.5431,0.346],[24.6382,0.4059],[24.6998,0.509],[24.7179,0.556],[24.7217,0.5609],[24.7296,0.5532]]]}},{"type":"Feature","properties":{"name":"Banalia","province":"Tshopo","key":"banalia"},"geometry":{"type":"Polygon","coordinates":[[[26.3169,2.3644],[26.3266,2.3055],[26.3183,2.2962],[26.3132,2.25],[26.3288,2.2392],[26.3299,2.2256],[26.3164,2.21],[26.3241,2.1209],[26.3562,2.0685],[26.3978,2.0594],[26.4248,2.0653],[26.4352,2.0851],[26.4716,2.1139],[26.4825,2.113],[26.4956,2.0513],[26.5764,2.0521],[26.5584,2.0232],[26.5647,2.0002],[26.5859,2.0014],[26.6189,1.9817],[26.6262,1.9665],[26.5913,1.9017],[26.5361,1.8521],[26.5289,1.827],[26.5383,1.7952],[26.5155,1.7617],[26.5222,1.7027],[26.4892,1.6866],[26.4634,1.6955],[26.4583,1.6906],[26.4612,1.6577],[26.4513,1.627],[26.4281,1.6238],[26.387,1.6414],[26.0135,1.4396],[25.9892,1.4719],[25.8979,1.5099],[25.8515,1.5011],[25.7918,1.461],[25.7906,1.3745],[25.772,1.3016],[25.7892,1.2837],[25.7813,1.2577],[25.8158,1.1948],[25.8076,1.181],[25.8233,1.1127],[25.8482,1.1027],[25.8546,1.1073],[25.8711,1.083],[25.915,1.0622],[25.9381,1.0684],[25.9541,1.0611],[25.9857,1.021],[25.6818,1.0419],[25.6599,1.0463],[25.6317,1.0673],[25.5724,1.0664],[25.5498,1.0494],[25.5172,1.2935],[25.4348,1.3528],[25.3517,1.4541],[25.2955,1.4541],[25.2787,1.4627],[25.2459,1.4572],[25.2158,1.439],[25.1555,1.4518],[25.1315,1.4483],[25.1029,1.4677],[25.0953,1.4916],[25.0714,1.4993],[25.0345,1.4702],[25.0112,1.463],[24.9324,1.4745],[24.9009,1.4487],[24.8612,1.3897],[24.837,1.3692],[24.7257,1.3145],[24.665,1.3113],[24.5655,1.2733],[24.4879,1.2745],[24.4082,1.3466],[24.4896,1.4108],[24.5351,1.4606],[24.551,1.5317],[24.6161,1.601],[24.6607,1.667],[24.6843,1.7203],[24.7014,1.7348],[24.7808,1.7828],[24.9006,1.8288],[24.9581,1.8407],[25.0294,1.8742],[25.0754,1.8745],[25.1515,1.8868],[25.1639,1.8958],[25.1701,1.909],[25.1505,2.1581],[25.1577,2.192],[25.1503,2.2069],[25.112,2.211],[25.1295,2.2529],[25.1556,2.2654],[25.1717,2.2914],[25.192,2.3065],[25.2114,2.3082],[25.2827,2.2794],[25.3053,2.2846],[25.3332,2.275],[25.3532,2.2442],[25.4364,2.1992],[25.4888,2.1998],[25.5069,2.1953],[25.5275,2.174],[25.5842,2.1774],[25.607,2.1677],[25.6598,2.1785],[25.7405,2.2266],[25.7622,2.2581],[25.807,2.2783],[25.8205,2.2644],[25.88,2.2515],[25.8941,2.2555],[25.9161,2.2188],[25.9582,2.2029],[25.9905,2.2701],[26.0394,2.2848],[26.0875,2.2791],[26.1051,2.284],[26.1135,2.3008],[26.1537,2.3276],[26.1651,2.3295],[26.1931,2.3125],[26.2177,2.3416],[26.246,2.3436],[26.2713,2.3626],[26.3169,2.3644]]]}},{"type":"Feature","properties":{"name":"Bafwasende","province":"Tshopo","key":"bafwasende"},"geometry":{"type":"Polygon","coordinates":[[[27.3703,1.5832],[27.3756,1.5651],[27.3982,1.5642],[27.4195,1.5738],[27.443,1.5621],[27.4492,1.5352],[27.4803,1.4877],[27.484,1.4463],[27.4943,1.426],[27.5163,1.4152],[27.5339,1.3895],[27.5572,1.3737],[27.5723,1.3399],[27.5992,1.341],[27.6127,1.3624],[27.6335,1.3411],[27.7002,1.3487],[27.7114,1.3356],[27.7826,1.3015],[27.7651,1.2566],[27.7835,1.2288],[27.7555,1.2117],[27.7709,1.1496],[27.7394,1.1215],[27.7408,1.0684],[27.6377,1.0529],[27.576,1.0269],[27.4349,0.988],[27.4281,0.9557],[27.466,0.925],[27.3893,0.8461],[27.3769,0.7848],[27.3783,0.75],[27.4024,0.6823],[27.4038,0.6238],[27.3276,0.5475],[27.2854,0.5421],[27.2648,0.5603],[27.2538,0.5544],[27.2311,0.5255],[27.2277,0.491],[27.2109,0.4775],[27.1938,0.4748],[27.1621,0.5066],[27.1364,0.5096],[26.8655,0.4579],[26.8483,0.4672],[26.8363,0.4854],[26.7791,0.4614],[26.705,0.4903],[26.6724,0.4744],[26.6046,0.4859],[26.568,0.4784],[26.5615,0.482],[26.573,0.5173],[26.5636,0.5297],[26.563,0.5513],[26.5466,0.5621],[26.5426,0.6002],[26.5097,0.6801],[26.4581,0.7217],[26.4139,0.7304],[26.3798,0.7816],[26.3515,0.805],[26.3186,0.8152],[26.2666,0.7954],[26.1852,0.8098],[26.1628,0.8072],[26.2248,0.6826],[26.2113,0.5427],[26.1787,0.584],[26.1317,0.591],[26.1447,0.6204],[26.147,0.7168],[26.1055,0.7232],[26.0927,0.7176],[26.0948,0.7057],[26.0866,0.7004],[26.0785,0.7279],[26.0676,0.7201],[26.0447,0.7246],[26.0607,0.726],[26.0684,0.7422],[26.0844,0.7364],[26.0901,0.7447],[26.0798,0.7431],[26.0707,0.7527],[26.0588,0.7493],[26.0615,0.7596],[26.0394,0.7657],[26.0439,0.7752],[26.04,0.7851],[26.0325,0.7823],[26.0311,0.7949],[26.0375,0.8002],[26.0459,0.7929],[26.055,0.8021],[26.0245,0.8768],[25.9988,0.9154],[25.9815,0.9215],[25.9213,0.8784],[25.8692,0.8707],[25.8451,0.8374],[25.8206,0.8405],[25.7943,0.7878],[25.6932,0.7919],[25.6927,0.7443],[25.6511,0.7536],[25.6262,0.745],[25.6101,0.7222],[25.6003,0.7224],[25.5989,0.7332],[25.5722,0.7239],[25.5661,0.7166],[25.5714,0.6862],[25.5418,0.6632],[25.5328,0.7075],[25.5204,0.7104],[25.5077,0.6893],[25.4801,0.6896],[25.4702,0.7174],[25.4604,0.7215],[25.4323,0.7101],[25.422,0.7248],[25.4013,0.7013],[25.359,0.7222],[25.3513,0.7595],[25.3795,0.7906],[25.37,0.8543],[25.3566,0.882],[25.3804,0.9295],[25.3684,0.962],[25.3592,0.9633],[25.4042,0.9953],[25.4408,1.0613],[25.487,1.0335],[25.5322,1.036],[25.5724,1.0664],[25.5904,1.0685],[25.6317,1.0673],[25.6599,1.0463],[25.6818,1.0419],[25.9857,1.021],[25.9541,1.0611],[25.9381,1.0684],[25.915,1.0622],[25.8711,1.083],[25.8546,1.1073],[25.8482,1.1027],[25.8233,1.1127],[25.8076,1.181],[25.8158,1.1948],[25.7813,1.2577],[25.7892,1.2837],[25.772,1.3016],[25.78,1.3328],[25.8617,1.3043],[25.8891,1.3026],[25.893,1.3134],[25.8847,1.3336],[25.89,1.3418],[25.937,1.3295],[25.9902,1.3423],[26.0219,1.3251],[26.0355,1.2959],[26.0789,1.2785],[26.1183,1.2467],[26.2032,1.3182],[26.2544,1.327],[26.3047,1.3136],[26.3503,1.3623],[26.3656,1.3669],[26.4108,1.3402],[26.4685,1.3238],[26.4848,1.3048],[26.5142,1.2885],[26.548,1.3143],[26.5742,1.317],[26.5913,1.2754],[26.6021,1.2675],[26.6497,1.2926],[26.808,1.2232],[26.8362,1.2489],[26.8641,1.2463],[26.8875,1.2536],[26.9445,1.2207],[26.9612,1.2023],[26.9889,1.2058],[27.0023,1.1918],[27.007,1.1684],[27.0281,1.185],[27.0,1.3183],[27.0358,1.3627],[26.9945,1.4607],[27.269,1.4175],[27.269,1.5875],[27.31,1.577],[27.3513,1.5924],[27.3703,1.5832]]]}},{"type":"Feature","properties":{"name":"Bafwagbogbo","province":"Tshopo","key":"bafwagbogbo"},"geometry":{"type":"Polygon","coordinates":[[[26.8008,2.1294],[26.8154,2.1304],[26.8262,2.15],[26.8593,2.146],[26.8689,2.1731],[26.8817,2.1701],[26.895,2.1363],[26.9294,2.092],[26.9265,2.0712],[26.9386,2.0464],[26.9421,1.9981],[26.9826,1.9671],[26.984,1.9552],[26.9996,1.9547],[27.0078,1.9453],[27.0286,1.9529],[27.0348,1.9414],[27.044,1.9412],[27.0479,1.924],[27.0746,1.9084],[27.111,1.9153],[27.143,1.896],[27.1926,1.9124],[27.2102,1.9113],[27.2248,1.9396],[27.2247,1.9584],[27.2462,1.9617],[27.2485,1.976],[27.227,2.0089],[27.2288,2.0238],[27.2473,2.0319],[27.2537,2.048],[27.2667,2.0472],[27.2941,2.0238],[27.3138,2.0365],[27.327,2.029],[27.3285,2.0148],[27.3572,1.9955],[27.357,1.9625],[27.3786,1.9465],[27.3821,1.9271],[27.4098,1.8852],[27.3951,1.8722],[27.3499,1.876],[27.3657,1.8588],[27.3527,1.8404],[27.3719,1.7902],[27.3687,1.7829],[27.34,1.7734],[27.3062,1.7283],[27.3085,1.7113],[27.2868,1.6721],[27.2853,1.6326],[27.2622,1.6227],[27.2473,1.6289],[27.2448,1.6401],[27.227,1.6238],[27.2144,1.6311],[27.2158,1.6148],[27.1947,1.6034],[27.269,1.5875],[27.2713,1.4194],[26.9945,1.4607],[27.0358,1.3627],[27.0,1.3183],[27.0281,1.185],[27.007,1.1684],[27.0023,1.1918],[26.9889,1.2058],[26.9612,1.2023],[26.9445,1.2207],[26.8875,1.2536],[26.8641,1.2463],[26.8362,1.2489],[26.808,1.2232],[26.6497,1.2926],[26.6021,1.2675],[26.5913,1.2754],[26.5742,1.317],[26.548,1.3143],[26.5142,1.2885],[26.4848,1.3048],[26.4685,1.3238],[26.4108,1.3402],[26.3656,1.3669],[26.3503,1.3623],[26.3047,1.3136],[26.2544,1.327],[26.2032,1.3182],[26.1183,1.2467],[26.0789,1.2785],[26.0355,1.2959],[26.0219,1.3251],[25.9902,1.3423],[25.937,1.3295],[25.89,1.3418],[25.8847,1.3336],[25.893,1.3134],[25.8891,1.3026],[25.8617,1.3043],[25.78,1.3328],[25.7906,1.3745],[25.7918,1.461],[25.8515,1.5011],[25.8979,1.5099],[25.9185,1.5061],[25.9892,1.4719],[26.0135,1.4396],[26.387,1.6414],[26.4281,1.6238],[26.4513,1.627],[26.4612,1.6577],[26.4583,1.6906],[26.4634,1.6955],[26.4892,1.6866],[26.5222,1.7027],[26.5155,1.7617],[26.5383,1.7952],[26.5289,1.827],[26.5361,1.8521],[26.5913,1.9017],[26.6262,1.9665],[26.6189,1.9817],[26.5859,2.0014],[26.5647,2.0002],[26.5584,2.0232],[26.5764,2.0521],[26.5999,2.0677],[26.604,2.095],[26.5972,2.1103],[26.6221,2.1204],[26.6263,2.0967],[26.6422,2.1025],[26.7191,2.174],[26.7559,2.1942],[26.7695,2.1919],[26.775,2.1563],[26.8008,2.1294]]]}},{"type":"Feature","properties":{"name":"Buta","province":"Bas-Uele","key":"buta"},"geometry":{"type":"Polygon","coordinates":[[[24.8012,3.5024],[24.8049,3.4939],[24.842,3.4943],[24.9085,3.4704],[24.9308,3.4024],[24.9333,3.3334],[24.9597,3.289],[24.948,3.2637],[24.9133,3.2619],[24.9303,3.2239],[24.965,3.1871],[24.9536,3.1529],[24.9659,3.1299],[24.9862,3.102],[25.0198,3.1145],[25.0432,3.0913],[25.06,3.0599],[25.0694,2.9791],[25.0094,2.8758],[25.0701,2.8913],[25.1034,2.9131],[25.1562,2.9286],[25.2086,2.9576],[25.2782,2.9447],[25.3748,2.9423],[25.3982,2.9297],[25.4368,2.8785],[25.4522,2.815],[25.4656,2.8075],[25.471,2.7925],[25.4772,2.7187],[25.4969,2.7056],[25.5064,2.684],[25.4954,2.6242],[25.4705,2.6025],[25.471,2.5952],[25.4905,2.58],[25.545,2.5012],[25.5587,2.4396],[25.6173,2.4135],[25.5962,2.3956],[25.597,2.3837],[25.6147,2.3753],[25.6212,2.3574],[25.6405,2.3395],[25.6524,2.3396],[25.6569,2.3528],[25.6684,2.3533],[25.7079,2.3147],[25.7105,2.2907],[25.7405,2.2266],[25.6419,2.1732],[25.607,2.1677],[25.5842,2.1774],[25.5275,2.174],[25.5069,2.1953],[25.4153,2.2067],[25.4128,2.2166],[25.3846,2.2241],[25.3532,2.2442],[25.3332,2.275],[25.3053,2.2846],[25.2827,2.2794],[25.2114,2.3082],[25.1827,2.3002],[25.1556,2.2654],[25.1295,2.2529],[25.1071,2.2091],[25.0965,2.2106],[25.0591,2.2567],[25.0465,2.2473],[25.0259,2.2624],[25.0179,2.2566],[25.0126,2.2655],[25.006,2.2575],[24.9861,2.2601],[24.9747,2.2525],[24.9623,2.2598],[24.9526,2.2471],[24.9509,2.2644],[24.9259,2.2663],[24.897,2.24],[24.8556,2.2999],[24.852,2.2888],[24.8364,2.2883],[24.8421,2.3051],[24.8301,2.3274],[24.8203,2.3306],[24.8195,2.3425],[24.8127,2.3377],[24.7909,2.3498],[24.7709,2.3745],[24.7641,2.3669],[24.757,2.3708],[24.7525,2.3924],[24.7222,2.422],[24.7228,2.4367],[24.7132,2.439],[24.7166,2.4509],[24.6976,2.461],[24.6941,2.4778],[24.6853,2.4819],[24.6871,2.4927],[24.6778,2.4883],[24.6681,2.4963],[24.6653,2.5152],[24.6589,2.508],[24.639,2.5185],[24.626,2.5143],[24.621,2.5428],[24.6011,2.5413],[24.601,2.568],[24.5928,2.5671],[24.5815,2.5854],[24.5639,2.5778],[24.5595,2.5858],[24.5702,2.5937],[24.5358,2.6246],[24.5421,2.6412],[24.528,2.634],[24.5206,2.6445],[24.5089,2.6417],[24.5041,2.655],[24.4979,2.646],[24.4899,2.6559],[24.484,2.6455],[24.4716,2.6581],[24.4645,2.651],[24.4466,2.6716],[24.4201,2.6611],[24.4081,2.667],[24.4007,2.6539],[24.3136,2.673],[24.2893,2.6902],[24.2701,2.6887],[24.2635,2.6804],[24.2416,2.6975],[24.2302,2.6952],[24.2267,2.7053],[24.1867,2.7134],[24.172,2.7323],[24.1674,2.7651],[24.1947,2.7644],[24.1941,2.8186],[24.1849,2.8397],[24.2118,2.8638],[24.2222,2.8401],[24.2304,2.8379],[24.2594,2.8555],[24.2618,2.8383],[24.2769,2.8319],[24.2947,2.846],[24.2971,2.863],[24.3061,2.8511],[24.3224,2.8554],[24.3174,2.8307],[24.3289,2.8183],[24.3462,2.8354],[24.3619,2.8245],[24.3998,2.8311],[24.4163,2.8423],[24.4159,2.8289],[24.4422,2.8191],[24.4222,2.787],[24.4229,2.7799],[24.4427,2.7705],[24.455,2.775],[24.4654,2.7962],[24.4993,2.8],[24.5011,2.8092],[24.5131,2.814],[24.5221,2.8618],[24.4934,2.898],[24.482,2.9277],[24.4941,2.9924],[24.4969,3.0732],[24.5302,3.0989],[24.5922,3.1183],[24.6049,3.131],[24.6661,3.1336],[24.677,3.1428],[24.6691,3.1584],[24.6924,3.1912],[24.7047,3.1544],[24.719,3.1569],[24.7192,3.1904],[24.7035,3.2193],[24.6967,3.2559],[24.6955,3.3061],[24.7043,3.3379],[24.699,3.3514],[24.6504,3.4194],[24.5978,3.4458],[24.5792,3.4635],[24.6025,3.4673],[24.6068,3.477],[24.6491,3.5004],[24.6704,3.4933],[24.6868,3.4674],[24.7237,3.4609],[24.7316,3.483],[24.8012,3.5024]]]}},{"type":"Feature","properties":{"name":"Titule","province":"Bas-Uele","key":"titule"},"geometry":{"type":"Polygon","coordinates":[[[24.981,3.4536],[24.9874,3.4428],[24.9848,3.4141],[24.997,3.3954],[25.0197,3.3942],[25.0585,3.4231],[25.1217,3.4151],[25.1282,3.3882],[25.1771,3.3579],[25.1896,3.3347],[25.2038,3.3318],[25.223,3.342],[25.2462,3.3221],[25.2562,3.3331],[25.2762,3.3293],[25.2828,3.3201],[25.3039,3.3223],[25.3279,3.338],[25.3477,3.3668],[25.3694,3.375],[25.3915,3.3645],[25.4113,3.376],[25.4867,3.2888],[25.5105,3.2981],[25.5509,3.2713],[25.5848,3.2717],[25.5931,3.2627],[25.5949,3.2735],[25.6244,3.266],[25.6328,3.2854],[25.6368,3.278],[25.6565,3.2746],[25.6659,3.2572],[25.692,3.2568],[25.7011,3.2697],[25.6871,3.2931],[25.6994,3.3019],[25.6934,3.3229],[25.7062,3.3314],[25.718,3.3563],[25.7188,3.3453],[25.7401,3.3209],[25.7497,3.321],[25.7487,3.2979],[25.7831,3.2757],[25.8203,3.2277],[25.8442,3.2133],[25.8442,3.19],[25.8539,3.1862],[25.8491,3.1792],[25.8362,3.1829],[25.8358,3.1741],[25.8877,3.1312],[25.8646,3.1213],[25.8692,3.0994],[25.8537,3.0773],[25.8554,3.0676],[25.8437,3.0584],[25.8481,3.045],[25.8635,3.0223],[25.921,2.9962],[25.9135,2.9884],[25.892,2.9918],[25.8927,2.9819],[25.9094,2.97],[25.8417,2.8979],[25.79,2.8822],[25.7841,2.8591],[25.7661,2.845],[25.8084,2.7883],[25.8093,2.7768],[25.777,2.6628],[25.7655,2.6518],[25.8301,2.5243],[25.8314,2.5102],[25.8134,2.4813],[25.8198,2.4168],[25.8749,2.3179],[25.8941,2.2555],[25.88,2.2515],[25.8205,2.2644],[25.807,2.2783],[25.7622,2.2581],[25.7405,2.2266],[25.7105,2.2907],[25.7079,2.3147],[25.6684,2.3533],[25.6569,2.3528],[25.6524,2.3396],[25.6405,2.3395],[25.6212,2.3574],[25.6147,2.3753],[25.597,2.3837],[25.5962,2.3956],[25.6173,2.4135],[25.5587,2.4396],[25.545,2.5012],[25.4905,2.58],[25.471,2.5952],[25.4705,2.6025],[25.4954,2.6242],[25.5064,2.684],[25.4969,2.7056],[25.4772,2.7187],[25.471,2.7925],[25.4656,2.8075],[25.4522,2.815],[25.4368,2.8785],[25.3982,2.9297],[25.3748,2.9423],[25.2782,2.9447],[25.2086,2.9576],[25.1562,2.9286],[25.1034,2.9131],[25.0701,2.8913],[25.0094,2.8758],[25.0694,2.9791],[25.0621,3.016],[25.0662,3.0386],[25.0565,3.0691],[25.0248,3.1101],[25.0092,3.1144],[24.9862,3.102],[24.9659,3.1299],[24.9536,3.1529],[24.965,3.1871],[24.9303,3.2239],[24.9128,3.2668],[24.948,3.2637],[24.9597,3.289],[24.9333,3.3334],[24.9308,3.4024],[24.9085,3.4704],[24.9174,3.487],[24.9265,3.488],[24.958,3.4602],[24.981,3.4536]]]}},{"type":"Feature","properties":{"name":"Ganga","province":"Bas-Uele","key":"ganga"},"geometry":{"type":"Polygon","coordinates":[[[26.0356,3.7354],[26.0516,3.7196],[26.0665,3.7214],[26.075,3.7139],[26.0902,3.6782],[26.1065,3.6764],[26.1219,3.6599],[26.1418,3.6542],[26.135,3.65],[26.1527,3.6114],[26.1526,3.5631],[26.1776,3.5442],[26.1927,3.5498],[26.2159,3.5356],[26.2219,3.5114],[26.2462,3.5099],[26.2737,3.495],[26.3075,3.4677],[26.324,3.4311],[26.3554,3.4289],[26.36,3.4208],[26.3724,3.4243],[26.393,3.4142],[26.3912,3.4059],[26.3692,3.3948],[26.3645,3.3739],[26.3691,3.3617],[26.3862,3.3666],[26.4035,3.3121],[26.3758,3.2429],[26.4127,3.2115],[26.4611,3.1851],[26.4516,3.1115],[26.4663,3.0811],[26.481,3.0733],[26.4997,3.0004],[26.5171,3.0053],[26.5386,2.9998],[26.5553,2.9812],[26.5449,2.9641],[26.4933,2.964],[26.4882,2.9578],[26.4997,2.9187],[26.4416,2.8822],[26.4272,2.8567],[26.3939,2.8787],[26.3549,2.8794],[26.308,2.8958],[26.254,2.8901],[26.2423,2.8743],[26.198,2.8577],[26.2037,2.8151],[26.1978,2.7921],[26.2085,2.7341],[26.2048,2.7281],[26.181,2.7288],[26.1689,2.7175],[26.1369,2.7275],[26.1282,2.7227],[26.1494,2.6762],[26.1507,2.6488],[26.1452,2.5591],[26.125,2.5074],[26.1245,2.4696],[26.212,2.4166],[26.2755,2.3956],[26.3077,2.4067],[26.3168,2.3644],[26.2713,2.3626],[26.246,2.3436],[26.2177,2.3416],[26.1931,2.3125],[26.1651,2.3295],[26.1537,2.3276],[26.1135,2.3008],[26.1051,2.284],[26.0875,2.2791],[26.0394,2.2848],[25.9905,2.2701],[25.9582,2.2029],[25.9161,2.2188],[25.8941,2.2555],[25.8749,2.3179],[25.8288,2.3958],[25.8141,2.4417],[25.8134,2.4813],[25.8314,2.5102],[25.8301,2.5243],[25.7655,2.6518],[25.777,2.6628],[25.8093,2.7768],[25.8084,2.7883],[25.7661,2.845],[25.7841,2.8591],[25.79,2.8822],[25.8417,2.8979],[25.9094,2.97],[25.8927,2.9819],[25.892,2.9918],[25.9135,2.9884],[25.921,2.9962],[25.8635,3.0223],[25.8481,3.045],[25.8437,3.0584],[25.8554,3.0676],[25.8537,3.0773],[25.8692,3.0994],[25.8646,3.1213],[25.8877,3.1312],[25.8358,3.1741],[25.8362,3.1829],[25.8491,3.1792],[25.8539,3.1862],[25.8442,3.19],[25.8442,3.2133],[25.8203,3.2277],[25.7831,3.2757],[25.7487,3.2979],[25.7497,3.321],[25.7401,3.3209],[25.7188,3.3453],[25.718,3.3563],[25.7062,3.3314],[25.6934,3.3229],[25.6994,3.3019],[25.6871,3.2931],[25.7011,3.2697],[25.692,3.2568],[25.6659,3.2572],[25.6565,3.2746],[25.6368,3.278],[25.6328,3.2854],[25.6244,3.266],[25.5949,3.2735],[25.5931,3.2627],[25.5848,3.2717],[25.5509,3.2713],[25.5105,3.2981],[25.4867,3.2888],[25.4113,3.376],[25.3915,3.3645],[25.3694,3.375],[25.3477,3.3668],[25.3279,3.338],[25.3039,3.3223],[25.2828,3.3201],[25.2762,3.3293],[25.2562,3.3331],[25.2462,3.3221],[25.223,3.342],[25.2038,3.3318],[25.1896,3.3347],[25.1771,3.3579],[25.1282,3.3882],[25.1217,3.4151],[25.162,3.4233],[25.1663,3.4389],[25.1786,3.4427],[25.1802,3.465],[25.2071,3.492],[25.2204,3.4939],[25.2561,3.5504],[25.2727,3.539],[25.2859,3.5409],[25.3074,3.5046],[25.333,3.5217],[25.4133,3.5415],[25.4422,3.5288],[25.4569,3.5127],[25.5032,3.5064],[25.5301,3.5465],[25.5727,3.546],[25.6037,3.5838],[25.6419,3.5994],[25.6804,3.597],[25.7033,3.606],[25.7355,3.5713],[25.7563,3.5677],[25.789,3.528],[25.8128,3.5306],[25.8416,3.551],[25.8529,3.6083],[25.8443,3.6288],[25.8546,3.6532],[25.8563,3.6928],[25.8853,3.7069],[25.8986,3.7051],[25.9082,3.7187],[25.9422,3.7052],[25.9479,3.7177],[25.9721,3.7269],[25.9859,3.7224],[26.02,3.7406],[26.0356,3.7354]]]}},{"type":"Feature","properties":{"name":"Makiso-Kisangani","province":"Tshopo","key":"makisokisangani"},"geometry":{"type":"Polygon","coordinates":[[[25.2751,0.5968],[25.295,0.5709],[25.4331,0.5659],[25.396,0.5156],[25.3716,0.5171],[25.3617,0.4652],[25.3223,0.4558],[25.3374,0.4345],[25.3566,0.3726],[25.3417,0.3804],[25.3293,0.4049],[25.1957,0.4843],[25.1735,0.4901],[25.0745,0.4857],[24.9891,0.5507],[25.0378,0.5557],[25.0438,0.5857],[25.1152,0.5528],[25.1218,0.5706],[25.1464,0.5693],[25.1654,0.5886],[25.2751,0.5968]]]}},{"type":"Feature","properties":{"name":"Mangobo","province":"Tshopo","key":"mangobo"},"geometry":{"type":"Polygon","coordinates":[[[25.1612,0.6394],[25.16,0.614],[25.1709,0.5879],[25.1464,0.5693],[25.1218,0.5706],[25.1152,0.5528],[25.0438,0.5857],[25.0115,0.6133],[25.0072,0.6278],[25.0752,0.6302],[25.1594,0.6478],[25.1612,0.6394]]]}},{"type":"Feature","properties":{"name":"Kabondo","province":"Tshopo","key":"kabondo"},"geometry":{"type":"Polygon","coordinates":[[[25.4316,0.7122],[25.4604,0.7215],[25.4702,0.7174],[25.4758,0.691],[25.5077,0.6893],[25.5189,0.6983],[25.521,0.6796],[25.4697,0.6289],[25.4331,0.5659],[25.295,0.5709],[25.3033,0.6153],[25.363,0.6926],[25.3878,0.7051],[25.4075,0.7039],[25.422,0.7248],[25.4316,0.7122]]]}},{"type":"Feature","properties":{"name":"Tshopo","province":"Tshopo","key":"tshopo"},"geometry":{"type":"Polygon","coordinates":[[[25.3711,0.8474],[25.3795,0.7906],[25.3513,0.7595],[25.359,0.7222],[25.3878,0.7051],[25.363,0.6926],[25.3319,0.6575],[25.3033,0.6153],[25.295,0.5709],[25.2751,0.5968],[25.1709,0.5879],[25.16,0.614],[25.1594,0.6478],[25.1919,0.6595],[25.2278,0.6878],[25.2541,0.7456],[25.2575,0.7788],[25.2815,0.7967],[25.3492,0.957],[25.3684,0.962],[25.3804,0.9295],[25.3566,0.882],[25.3711,0.8474]]]}},{"type":"Feature","properties":{"name":"Yalimbongo","province":"Tshopo","key":"yalimbongo"},"geometry":{"type":"Polygon","coordinates":[[[24.058,2.1967],[24.0579,2.1953],[24.0579,2.1953],[24.058,2.1967]],[[23.6006,2.2051],[23.594,2.1911],[23.6649,2.1888],[23.6981,2.1761],[23.7738,2.1252],[23.8763,2.1243],[23.8996,2.0876],[23.92,2.0781],[23.9602,2.0774],[23.9749,2.112],[24.0121,2.1278],[24.0322,2.1242],[24.0857,2.1543],[24.0608,2.1761],[24.0579,2.1952],[24.1389,2.1572],[24.1799,2.1487],[23.8936,1.732],[23.9345,1.6788],[23.9359,1.6659],[23.885,1.6373],[23.8601,1.6139],[23.8236,1.489],[23.7802,1.4124],[23.7475,1.3749],[23.671,1.3405],[23.64,1.2935],[23.6106,1.3361],[23.5603,1.3105],[23.5223,1.2801],[23.4911,1.3175],[23.4386,1.2709],[23.4035,1.3062],[23.3261,1.3436],[23.287,1.3438],[23.225,1.305],[23.208,1.3199],[23.224,1.3457],[23.2155,1.3643],[23.1277,1.5103],[23.1516,1.5314],[23.1674,1.5901],[23.1841,1.6042],[23.1492,1.661],[23.1148,1.6921],[23.1084,1.7286],[23.0658,1.7815],[23.0564,1.8086],[23.0038,1.8492],[22.9902,1.8728],[22.8471,1.9149],[22.8267,1.9108],[22.759,1.9539],[22.7318,1.9599],[22.6851,2.036],[22.6865,2.0659],[22.6936,2.0694],[22.7271,2.0491],[22.7481,2.0477],[22.7801,2.0177],[22.8019,2.0344],[22.8267,2.0279],[22.8419,2.0441],[22.8597,2.0491],[22.8735,2.0703],[22.8886,2.069],[22.8977,2.1029],[22.9239,2.0912],[22.9489,2.118],[22.9341,2.1425],[22.9584,2.1602],[22.9742,2.1584],[22.9711,2.1757],[22.9781,2.1861],[23.0045,2.1752],[23.0073,2.2063],[23.0209,2.219],[23.0487,2.2116],[23.0496,2.204],[23.1049,2.1717],[23.1308,2.1366],[23.1672,2.1187],[23.188,2.093],[23.2328,2.086],[23.2712,2.1061],[23.3126,2.0899],[23.3265,2.141],[23.3144,2.1679],[23.312,2.1948],[23.3209,2.2236],[23.3134,2.259],[23.3291,2.2821],[23.3704,2.2504],[23.4254,2.2297],[23.4849,2.185],[23.5798,2.1931],[23.5612,2.36],[23.5726,2.3962],[23.5696,2.377],[23.5852,2.3227],[23.6071,2.286],[23.6117,2.2543],[23.6006,2.2051]]]}},{"type":"Feature","properties":{"name":"Aketi","province":"Bas-Uele","key":"aketi"},"geometry":{"type":"Polygon","coordinates":[[[23.1059,2.5624],[23.0984,2.5531],[23.0472,2.5745],[22.8988,2.7245],[22.879,2.7574],[22.8849,2.7948],[22.9058,2.8099],[22.9324,2.8028],[22.9486,2.7746],[22.9541,2.853],[22.9832,2.8897],[23.0597,3.0334],[23.028,3.0503],[23.0197,3.0714],[22.9913,3.0534],[22.9659,3.0775],[22.9238,3.0807],[22.8917,3.0678],[22.8579,3.02],[22.8278,3.019],[22.7884,3.0402],[22.7816,3.0852],[22.798,3.042],[22.8221,3.0379],[22.8815,3.0877],[22.947,3.1049],[22.9692,3.1321],[23.0585,3.1873],[23.0912,3.1989],[23.1609,3.2011],[23.1986,3.2167],[23.2398,3.2128],[23.3144,3.2351],[23.3412,3.2342],[23.3884,3.2784],[23.42,3.2851],[23.4681,3.2568],[23.4681,3.232],[23.4349,3.2028],[23.4388,3.1789],[23.4533,3.1711],[23.4796,3.1763],[23.5142,3.1594],[23.5544,3.1202],[23.6115,3.1431],[23.6815,3.1098],[23.6942,3.1248],[23.7143,3.1085],[23.7424,3.0995],[23.7532,3.0853],[23.7787,3.0821],[23.7856,3.0712],[23.7977,3.0859],[23.866,3.0916],[23.9257,3.0101],[24.0436,3.0059],[24.0643,2.9849],[24.1025,2.9742],[24.105,2.9074],[24.1236,2.8511],[24.1601,2.8455],[24.1663,2.8633],[24.1829,2.8722],[24.2052,2.8601],[24.1849,2.8397],[24.1941,2.8186],[24.1947,2.7644],[24.1663,2.7622],[24.1668,2.7434],[24.1867,2.7134],[24.2267,2.7053],[24.2302,2.6952],[24.2416,2.6975],[24.2635,2.6804],[24.2701,2.6887],[24.2893,2.6902],[24.3136,2.673],[24.4007,2.6539],[24.4081,2.667],[24.4201,2.6611],[24.4466,2.6716],[24.4645,2.651],[24.4716,2.6581],[24.484,2.6455],[24.4899,2.6559],[24.4979,2.646],[24.5041,2.655],[24.5089,2.6417],[24.5206,2.6445],[24.528,2.634],[24.5421,2.6412],[24.5358,2.6246],[24.5702,2.5937],[24.5595,2.5858],[24.5639,2.5778],[24.5815,2.5854],[24.5928,2.5671],[24.601,2.568],[24.6011,2.5413],[24.621,2.5428],[24.626,2.5143],[24.639,2.5185],[24.6589,2.508],[24.6653,2.5152],[24.6681,2.4963],[24.6778,2.4883],[24.6871,2.4927],[24.6853,2.4819],[24.6941,2.4778],[24.6976,2.461],[24.7166,2.4509],[24.7132,2.439],[24.7228,2.4367],[24.7222,2.422],[24.7525,2.3924],[24.757,2.3708],[24.7641,2.3669],[24.7709,2.3745],[24.7909,2.3498],[24.8127,2.3377],[24.8195,2.3425],[24.8203,2.3306],[24.8301,2.3274],[24.8421,2.3051],[24.8364,2.2883],[24.852,2.2888],[24.8556,2.2999],[24.8666,2.2827],[24.8616,2.2642],[24.8445,2.2634],[24.4483,2.2814],[24.425,2.2593],[24.3647,2.2397],[24.337,2.2749],[24.3196,2.2808],[24.2732,2.26],[24.2246,2.2637],[24.1955,2.2287],[24.1722,2.22],[24.1044,2.2057],[24.0755,2.2158],[24.0598,2.2106],[24.0656,2.2064],[24.058,2.1971],[24.0608,2.1761],[24.0857,2.1543],[24.0322,2.1242],[24.0121,2.1278],[23.9749,2.112],[23.9602,2.0774],[23.92,2.0781],[23.8996,2.0876],[23.8763,2.1243],[23.7738,2.1252],[23.6981,2.1761],[23.6649,2.1888],[23.594,2.1911],[23.6117,2.2543],[23.6064,2.2901],[23.5852,2.3227],[23.5696,2.377],[23.5669,2.4162],[23.5364,2.4513],[23.4876,2.4758],[23.4519,2.5111],[23.4327,2.5117],[23.4273,2.5029],[23.4132,2.5265],[23.4001,2.5336],[23.3911,2.5295],[23.3594,2.5651],[23.3386,2.5175],[23.3427,2.4927],[23.3159,2.4919],[23.3145,2.4564],[23.2938,2.4503],[23.2742,2.4702],[23.2936,2.4667],[23.2979,2.4775],[23.2566,2.5099],[23.1059,2.5624]],[[23.1059,2.5624],[23.1083,2.5598],[23.1059,2.5624],[23.1059,2.5624]]]}},{"type":"Feature","properties":{"name":"Opienge","province":"Tshopo","key":"opienge"},"geometry":{"type":"Polygon","coordinates":[[[27.757,1.0735],[27.773,1.0583],[27.7828,1.0652],[27.8244,1.0634],[27.853,1.0388],[27.8751,1.0508],[27.9333,1.0428],[27.9225,1.0043],[27.8777,0.9464],[27.8861,0.9315],[27.9071,0.9251],[27.9197,0.9327],[27.9293,0.9225],[27.9457,0.9202],[27.9742,0.9403],[27.988,0.9308],[28.0007,0.9331],[27.9545,0.8464],[27.9362,0.7899],[27.9387,0.7656],[27.9462,0.7618],[27.9345,0.7489],[28.0179,0.6362],[27.9931,0.6127],[27.9552,0.6219],[27.9227,0.5984],[27.8931,0.5617],[27.8552,0.5576],[27.7966,0.5297],[27.8541,0.4879],[27.8856,0.4806],[27.9011,0.4914],[27.9107,0.4804],[27.921,0.4919],[27.9411,0.4785],[28.0041,0.474],[28.013,0.4611],[28.0267,0.4634],[28.026,0.4363],[28.0479,0.4278],[28.0527,0.4127],[28.0344,0.4027],[28.044,0.3947],[28.042,0.3775],[28.0591,0.3766],[28.062,0.332],[28.0545,0.3074],[28.0662,0.2697],[28.1018,0.2334],[28.12,0.2341],[28.1342,0.2208],[28.1203,0.1868],[28.1376,0.1836],[28.154,0.151],[28.1278,0.1246],[28.128,0.1158],[28.1025,0.103],[28.1068,0.0938],[28.0995,0.0791],[28.1066,0.063],[28.097,0.0224],[28.1023,0.0127],[28.0913,-0.0051],[28.1163,-0.0984],[28.1186,-0.1539],[28.138,-0.1988],[28.1531,-0.2654],[28.1336,-0.2797],[28.1135,-0.2777],[28.0732,-0.308],[28.0094,-0.3169],[27.9962,-0.3287],[27.9856,-0.3609],[27.9515,-0.3877],[27.942,-0.4065],[27.9693,-0.4443],[27.9781,-0.47],[27.9787,-0.5132],[27.9704,-0.5447],[27.9474,-0.5498],[27.9356,-0.5763],[27.9038,-0.594],[27.6605,-0.5954],[27.6353,-0.5868],[27.6208,-0.5724],[27.6014,-0.5729],[27.5595,-0.5345],[27.5422,-0.532],[27.5191,-0.5415],[27.4985,-0.5285],[27.4952,-0.4927],[27.4598,-0.4942],[27.4198,-0.5166],[27.3586,-0.5156],[27.3445,-0.4762],[27.3089,-0.4639],[27.3004,-0.4527],[27.1931,-0.4466],[27.1357,-0.4238],[27.1206,-0.4057],[27.1178,-0.388],[27.0822,-0.3881],[27.0728,-0.3801],[27.0728,-0.3516],[27.0632,-0.3452],[27.0702,-0.3293],[27.0482,-0.3085],[27.0288,-0.3042],[27.0107,-0.2868],[27.0095,-0.2739],[26.9563,-0.266],[26.9058,-0.229],[26.889,-0.2405],[26.8857,-0.2304],[26.8572,-0.2107],[26.8458,-0.2142],[26.846,-0.2057],[26.828,-0.2179],[26.831,-0.2345],[26.8472,-0.2454],[26.8409,-0.2592],[26.8165,-0.2669],[26.7906,-0.2525],[26.7091,-0.3161],[26.666,-0.327],[26.6168,-0.357],[26.6297,-0.3119],[26.6103,-0.2917],[26.6033,-0.235],[26.6322,-0.2051],[26.6614,-0.2023],[26.6912,-0.1875],[26.6875,-0.1746],[26.7011,-0.1438],[26.7305,-0.1178],[26.7544,-0.016],[26.7587,0.1034],[26.7514,0.1049],[26.7548,0.1249],[26.7637,0.1293],[26.7578,0.1687],[26.7178,0.1747],[26.7212,0.1614],[26.7117,0.1393],[26.662,0.1145],[26.6232,0.105],[26.6152,0.0942],[26.6165,0.06],[26.5859,0.0518],[26.5743,0.038],[26.5595,0.0952],[26.5265,0.1044],[26.5065,0.1619],[26.4641,0.162],[26.4561,0.1681],[26.4334,0.2249],[26.4266,0.2102],[26.404,0.2051],[26.3979,0.1966],[26.3706,0.2252],[26.3677,0.239],[26.3371,0.2417],[26.3222,0.2569],[26.3215,0.2699],[26.3001,0.265],[26.2474,0.2841],[26.2665,0.3245],[26.2723,0.3588],[26.2647,0.3798],[26.2534,0.3822],[26.2039,0.3635],[26.1698,0.3794],[26.1382,0.3812],[26.1184,0.4011],[26.1095,0.4273],[26.0809,0.4435],[26.0959,0.4642],[26.1148,0.4541],[26.128,0.4638],[26.1342,0.5348],[26.1197,0.5456],[26.1317,0.591],[26.1787,0.584],[26.2131,0.5447],[26.2167,0.6488],[26.2248,0.6826],[26.1628,0.8072],[26.1852,0.8098],[26.2666,0.7954],[26.2844,0.798],[26.3054,0.8143],[26.3419,0.8097],[26.3798,0.7816],[26.4139,0.7304],[26.4405,0.7296],[26.4882,0.7026],[26.5097,0.6801],[26.5372,0.6155],[26.5487,0.5572],[26.563,0.5513],[26.5636,0.5297],[26.5739,0.5122],[26.5615,0.482],[26.568,0.4784],[26.6046,0.4859],[26.6724,0.4744],[26.705,0.4903],[26.7791,0.4614],[26.8363,0.4854],[26.8483,0.4672],[26.8655,0.4579],[27.1364,0.5096],[27.1621,0.5066],[27.1997,0.4736],[27.2256,0.4876],[27.2311,0.5255],[27.2538,0.5544],[27.2648,0.5603],[27.2854,0.5421],[27.3276,0.5475],[27.4038,0.6238],[27.4024,0.6823],[27.3783,0.75],[27.3769,0.7848],[27.3893,0.8461],[27.466,0.925],[27.4281,0.9557],[27.4349,0.988],[27.576,1.0269],[27.6377,1.0529],[27.757,1.0735]]]}},{"type":"Feature","properties":{"name":"Lowa","province":"Tshopo","key":"lowa"},"geometry":{"type":"Polygon","coordinates":[[[26.2709,-0.4965],[26.2566,-0.6248],[26.2302,-0.668],[26.2376,-0.6877],[26.237,-0.7745],[26.245,-0.8269],[26.2597,-0.8555],[26.2437,-0.8943],[26.2096,-0.9227],[26.1701,-0.9298],[26.1461,-0.9491],[26.0736,-0.9625],[26.0829,-1.0907],[26.1323,-1.1167],[26.141,-1.1329],[26.0803,-1.1554],[26.0589,-1.2596],[26.0796,-1.2648],[26.0819,-1.2813],[26.0694,-1.288],[26.0659,-1.394],[26.0237,-1.3989],[26.0173,-1.4113],[26.0342,-1.4297],[26.0341,-1.4582],[26.0142,-1.4686],[26.0154,-1.4881],[25.9994,-1.5008],[25.982,-1.5026],[25.9306,-1.4937],[25.929,-1.4786],[25.8928,-1.4543],[25.8896,-1.432],[25.861,-1.4115],[25.8663,-1.4649],[25.8548,-1.506],[25.8687,-1.6394],[25.848,-1.7088],[25.852,-1.7661],[25.8434,-1.833],[25.7902,-1.8425],[25.7604,-1.8177],[25.7133,-1.8247],[25.6775,-1.8507],[25.6565,-1.8923],[25.6015,-1.9218],[25.5564,-1.9299],[25.5345,-1.9515],[25.4961,-1.9642],[25.4399,-2.0199],[25.4226,-2.0547],[25.2401,-2.112],[25.2321,-2.0759],[25.2004,-2.088],[25.1759,-2.0777],[25.1786,-2.0514],[25.209,-2.0277],[25.1971,-2.0098],[25.1971,-1.9828],[25.135,-1.9853],[25.1184,-1.9763],[25.0858,-1.9749],[25.0557,-1.9806],[25.0491,-1.9703],[25.0245,-1.9686],[25.0125,-1.9505],[25.0326,-1.9208],[25.0328,-1.8872],[25.0193,-1.8811],[25.009,-1.8633],[25.0115,-1.8305],[25.0521,-1.7022],[25.0261,-1.6185],[25.0125,-1.6024],[25.0196,-1.5851],[25.0381,-1.5716],[25.0394,-1.544],[25.0481,-1.5318],[25.0165,-1.5067],[25.0037,-1.4651],[25.0068,-1.4347],[25.0745,-1.418],[25.0901,-1.4076],[25.1487,-1.354],[25.174,-1.3114],[25.1459,-0.8295],[25.2129,-0.773],[25.2471,-0.7528],[25.3161,-0.7289],[25.3772,-0.8083],[25.4101,-0.7768],[25.4351,-0.7652],[25.431,-0.7601],[25.5223,-0.7489],[25.528,-0.7397],[25.5195,-0.7255],[25.5253,-0.721],[25.6177,-0.6828],[25.6416,-0.6589],[25.6489,-0.565],[25.6755,-0.5674],[25.6923,-0.6089],[25.7061,-0.5996],[25.7169,-0.6015],[25.7131,-0.639],[25.724,-0.6281],[25.7362,-0.6338],[25.7426,-0.6195],[25.7535,-0.6238],[25.7508,-0.6555],[25.766,-0.6581],[25.7696,-0.6468],[25.7969,-0.6273],[25.805,-0.636],[25.829,-0.6324],[25.8208,-0.6181],[25.8347,-0.6117],[25.8469,-0.6207],[25.8452,-0.642],[25.8797,-0.6501],[25.924,-0.6344],[25.9495,-0.6344],[25.9416,-0.5885],[25.9651,-0.5531],[26.0798,-0.5364],[26.1333,-0.4975],[26.1663,-0.4898],[26.1996,-0.4612],[26.2238,-0.4626],[26.2709,-0.4965]]]}},{"type":"Feature","properties":{"name":"Wanierukula","province":"Tshopo","key":"wanierukula"},"geometry":{"type":"Polygon","coordinates":[[[26.0245,0.8768],[26.055,0.8021],[26.0459,0.7929],[26.0375,0.8002],[26.0311,0.7949],[26.0325,0.7823],[26.04,0.7851],[26.0439,0.7752],[26.0394,0.7657],[26.0615,0.7596],[26.0588,0.7493],[26.0707,0.7527],[26.0798,0.7431],[26.0901,0.7447],[26.0844,0.7364],[26.0684,0.7422],[26.0607,0.726],[26.0447,0.7246],[26.0676,0.7201],[26.0785,0.7279],[26.0866,0.7004],[26.0948,0.7057],[26.0927,0.7176],[26.1055,0.7232],[26.147,0.7168],[26.1447,0.6204],[26.1197,0.5456],[26.1342,0.5348],[26.128,0.4638],[26.1148,0.4541],[26.0959,0.4642],[26.0809,0.4435],[26.1095,0.4273],[26.1184,0.4011],[26.1382,0.3812],[26.1698,0.3794],[26.2039,0.3635],[26.2534,0.3822],[26.2647,0.3798],[26.2723,0.3588],[26.2665,0.3245],[26.2474,0.2841],[26.3001,0.265],[26.3215,0.2699],[26.3222,0.2569],[26.3371,0.2417],[26.3677,0.239],[26.3706,0.2252],[26.3979,0.1966],[26.404,0.2051],[26.4266,0.2102],[26.4334,0.2249],[26.4561,0.1681],[26.4641,0.162],[26.5065,0.1619],[26.5265,0.1044],[26.5595,0.0952],[26.5743,0.038],[26.5859,0.0518],[26.6165,0.06],[26.6152,0.0942],[26.6232,0.105],[26.662,0.1145],[26.7117,0.1393],[26.7212,0.1614],[26.7178,0.1747],[26.7578,0.1687],[26.7637,0.1293],[26.7548,0.1249],[26.7514,0.1049],[26.7587,0.1034],[26.7544,-0.016],[26.7305,-0.1178],[26.7011,-0.1438],[26.6875,-0.1746],[26.6912,-0.1875],[26.6614,-0.2023],[26.6322,-0.2051],[26.6033,-0.235],[26.6103,-0.2917],[26.6297,-0.3119],[26.6307,-0.3252],[26.6148,-0.3521],[26.5599,-0.3784],[26.4708,-0.3843],[26.4544,-0.3798],[26.4317,-0.3364],[26.4307,-0.3192],[26.386,-0.3046],[26.3629,-0.2732],[26.3265,-0.2587],[26.3217,-0.2281],[26.3013,-0.192],[26.273,-0.1995],[26.2546,-0.1623],[26.2263,-0.137],[26.2157,-0.1428],[26.2122,-0.1295],[26.1926,-0.1323],[26.1945,-0.1062],[26.1832,-0.1109],[26.1736,-0.0942],[26.166,-0.0995],[26.1432,-0.0933],[26.1402,-0.0773],[26.1322,-0.087],[26.1014,-0.0765],[26.095,-0.0542],[26.0784,-0.0498],[26.0911,-0.0321],[26.065,-0.034],[26.0721,-0.0228],[26.0571,-0.0138],[26.0564,-0.0297],[26.0336,-0.049],[26.065,-0.1613],[26.0997,-0.2199],[26.1708,-0.2841],[26.151,-0.3218],[26.1091,-0.3726],[26.1523,-0.415],[26.2238,-0.4626],[26.195,-0.463],[26.1663,-0.4898],[26.1333,-0.4975],[26.0659,-0.5416],[25.9651,-0.5531],[25.9416,-0.5885],[25.9495,-0.6344],[25.924,-0.6344],[25.8843,-0.6493],[25.8463,-0.6429],[25.8469,-0.6207],[25.8347,-0.6117],[25.8208,-0.6181],[25.829,-0.6324],[25.805,-0.636],[25.7969,-0.6273],[25.7696,-0.6468],[25.766,-0.6581],[25.7508,-0.6555],[25.7535,-0.6238],[25.7426,-0.6195],[25.7362,-0.6338],[25.724,-0.6281],[25.7131,-0.639],[25.7169,-0.6015],[25.7061,-0.5996],[25.6923,-0.6089],[25.6755,-0.5674],[25.6489,-0.565],[25.6416,-0.6589],[25.6336,-0.6695],[25.5968,-0.6938],[25.5195,-0.7255],[25.4778,-0.6256],[25.4698,-0.4669],[25.5142,-0.4423],[25.5386,-0.4403],[25.5017,-0.4146],[25.4834,-0.3749],[25.5272,-0.3347],[25.52,-0.3343],[25.5241,-0.3291],[25.5123,-0.3158],[25.5292,-0.2917],[25.5651,-0.2782],[25.5663,-0.2526],[25.5985,-0.1693],[25.6016,-0.1176],[25.5542,0.068],[25.54,0.1638],[25.5489,0.197],[25.5364,0.2489],[25.5157,0.2889],[25.4545,0.3545],[25.4284,0.3532],[25.4256,0.332],[25.3566,0.3726],[25.3374,0.4345],[25.3223,0.4558],[25.3617,0.4652],[25.3716,0.5171],[25.396,0.5156],[25.4151,0.5354],[25.4697,0.6289],[25.521,0.6796],[25.5204,0.7104],[25.5328,0.7075],[25.5388,0.665],[25.5555,0.6694],[25.5714,0.6862],[25.5661,0.7166],[25.5722,0.7239],[25.5989,0.7332],[25.6003,0.7224],[25.6101,0.7222],[25.6262,0.745],[25.6511,0.7536],[25.6927,0.7443],[25.6932,0.7919],[25.7943,0.7878],[25.8206,0.8405],[25.8451,0.8374],[25.8692,0.8707],[25.9213,0.8784],[25.9815,0.9215],[25.9988,0.9154],[26.0245,0.8768]]]}},{"type":"Feature","properties":{"name":"Monga","province":"Bas-Uele","key":"monga"},"geometry":{"type":"Polygon","coordinates":[[[23.4071,4.6004],[23.3937,4.5736],[23.443,4.5119],[23.525,4.4347],[23.5281,4.4122],[23.4727,4.3352],[23.4505,4.2585],[23.403,4.2195],[23.3836,4.1742],[23.3606,4.1634],[23.3449,4.1434],[23.322,4.1428],[23.3053,4.1026],[23.2995,4.0967],[23.2862,4.1006],[23.2734,4.0429],[23.2985,4.042],[23.3217,4.0056],[23.3695,4.0176],[23.3822,4.0142],[23.3891,4.0022],[23.3825,3.9883],[23.3963,3.9183],[23.2892,3.9164],[23.2978,3.8316],[23.269,3.8366],[23.2151,3.8651],[23.1784,3.8451],[23.1545,3.8477],[23.1487,3.8555],[23.1536,3.8776],[23.1409,3.8649],[23.1065,3.873],[23.0773,3.8548],[23.069,3.8608],[23.0585,3.8543],[23.0495,3.8618],[23.0215,3.86],[22.9901,3.8382],[22.9694,3.8596],[22.9288,3.8505],[22.9014,3.8346],[22.8818,3.8501],[22.8686,3.8436],[22.8546,3.8493],[22.8442,3.8616],[22.8289,3.8516],[22.8263,3.8597],[22.814,3.8559],[22.7821,3.8856],[22.7839,3.9047],[22.8005,3.9115],[22.7985,3.9368],[22.8095,3.9651],[22.8221,3.9819],[22.837,3.9871],[22.8117,4.0188],[22.7868,4.0338],[22.7601,4.0302],[22.7475,4.0737],[22.7222,4.0831],[22.7143,4.1027],[22.6941,4.084],[22.6803,4.0924],[22.6735,4.1222],[22.6676,4.1232],[22.6485,4.1137],[22.6291,4.1281],[22.5853,4.122],[22.5469,4.1363],[22.4989,4.1144],[22.4452,4.1243],[22.4937,4.1596],[22.5504,4.2154],[22.5561,4.2347],[22.5444,4.2615],[22.5692,4.3209],[22.6194,4.3505],[22.62,4.3776],[22.59,4.3893],[22.5859,4.4015],[22.5981,4.4214],[22.5992,4.4717],[22.6272,4.4847],[22.6627,4.4806],[22.681,4.4617],[22.699,4.4717],[22.7094,4.5202],[22.7328,4.5517],[22.739,4.6192],[22.778,4.6804],[22.7833,4.7044],[22.819,4.7354],[22.8518,4.7045],[22.8658,4.7078],[22.8766,4.7391],[22.9043,4.76],[22.8891,4.7797],[22.9067,4.8179],[22.9413,4.8154],[22.9748,4.847],[23.0323,4.7658],[23.0631,4.7523],[23.1134,4.7079],[23.1595,4.7361],[23.1883,4.7358],[23.2328,4.6896],[23.2692,4.6813],[23.286,4.6519],[23.3065,4.6436],[23.323,4.6222],[23.3834,4.6189],[23.4071,4.6004]]]}},{"type":"Feature","properties":{"name":"Bondo","province":"Bas-Uele","key":"bondo"},"geometry":{"type":"Polygon","coordinates":[[[23.8341,4.8292],[23.8331,4.8186],[23.8512,4.8108],[23.8731,4.8212],[23.8977,4.7924],[23.892,4.7277],[23.9258,4.6645],[23.9903,4.5887],[24.0186,4.4393],[23.9687,4.4013],[23.9571,4.38],[23.9423,4.3711],[23.917,4.324],[23.8845,4.3281],[23.8693,4.3159],[23.8555,4.3223],[23.8415,4.2921],[23.8067,4.2711],[23.8067,4.26],[23.7818,4.2276],[23.7716,4.2495],[23.7636,4.2492],[23.7563,4.2356],[23.7596,4.2167],[23.7497,4.21],[23.7348,4.2066],[23.7154,4.223],[23.6884,4.2071],[23.6695,4.207],[23.6487,4.1617],[23.6279,4.181],[23.6153,4.1349],[23.6368,4.1345],[23.6437,4.0911],[23.7151,4.0591],[23.7558,4.0699],[23.8181,4.0568],[23.8604,4.0731],[23.8871,4.0697],[23.9443,4.0833],[23.967,4.0721],[24.0004,4.0742],[24.0265,4.0365],[24.0547,4.0366],[24.0795,4.026],[24.1417,4.0484],[24.1955,4.0396],[24.2315,4.0565],[24.2694,4.0555],[24.3093,4.0657],[24.3543,4.0575],[24.3402,4.0279],[24.3185,3.9358],[24.299,3.8987],[24.2968,3.8284],[24.2703,3.7988],[24.2484,3.795],[24.2782,3.7532],[24.2634,3.7131],[24.258,3.6668],[24.2477,3.6721],[24.2347,3.6999],[24.1884,3.7142],[24.1393,3.7162],[24.1124,3.7034],[24.071,3.7214],[24.0548,3.7156],[24.035,3.7272],[24.0195,3.7195],[23.992,3.7302],[23.9514,3.7226],[23.9428,3.7063],[23.945,3.6622],[23.8994,3.6172],[23.878,3.6227],[23.8571,3.59],[23.8269,3.6204],[23.7918,3.5774],[23.769,3.567],[23.7487,3.5708],[23.7258,3.5878],[23.714,3.5847],[23.704,3.5569],[23.6404,3.5769],[23.619,3.5565],[23.5973,3.5092],[23.5198,3.5345],[23.3681,3.5334],[23.3426,3.5901],[23.3187,3.6008],[23.3233,3.6294],[23.2916,3.6471],[23.2768,3.674],[23.2692,3.6735],[23.2737,3.6951],[23.2896,3.7095],[23.2769,3.726],[23.24,3.7332],[23.2556,3.7611],[23.2367,3.7856],[23.2431,3.7923],[23.2852,3.7777],[23.3232,3.7487],[23.3518,3.7128],[23.4073,3.6883],[23.4224,3.6903],[23.434,3.7074],[23.5052,3.7478],[23.5305,3.7765],[23.5331,3.8062],[23.5291,3.8186],[23.4826,3.8131],[23.4611,3.818],[23.4557,3.8284],[23.4333,3.8225],[23.4023,3.8333],[23.3931,3.808],[23.3697,3.7977],[23.3366,3.827],[23.3251,3.8246],[23.3242,3.8354],[23.2994,3.8331],[23.289,3.8821],[23.2892,3.9164],[23.3963,3.9183],[23.3825,3.9883],[23.3891,4.0022],[23.3822,4.0142],[23.3695,4.0176],[23.3217,4.0056],[23.2985,4.042],[23.2734,4.0429],[23.2862,4.1006],[23.2995,4.0967],[23.3053,4.1026],[23.322,4.1428],[23.3449,4.1434],[23.3606,4.1634],[23.3836,4.1742],[23.403,4.2195],[23.4505,4.2585],[23.4727,4.3352],[23.5281,4.4122],[23.525,4.4347],[23.443,4.5119],[23.3915,4.5795],[23.4071,4.6004],[23.4297,4.597],[23.4301,4.6479],[23.4573,4.6695],[23.5007,4.6733],[23.5888,4.7282],[23.6077,4.7198],[23.62,4.7328],[23.6429,4.7283],[23.6717,4.7614],[23.7092,4.7824],[23.7803,4.7836],[23.8341,4.8292]]]}},{"type":"Feature","properties":{"name":"Bili","province":"Bas-Uele","key":"bili"},"geometry":{"type":"Polygon","coordinates":[[[24.4081,5.1092],[24.436,5.0594],[24.4486,5.0695],[24.4388,5.0971],[24.4544,5.1045],[24.5344,5.0805],[24.5483,5.049],[24.5653,5.0362],[24.614,5.03],[24.633,4.975],[24.6739,4.9695],[24.658,4.919],[24.6932,4.921],[24.7065,4.8693],[24.7302,4.8554],[24.7286,4.8434],[24.7559,4.7965],[24.7906,4.7757],[24.828,4.7103],[24.8561,4.6793],[24.8511,4.6123],[24.8594,4.6057],[24.907,4.5824],[24.9233,4.5654],[25.0263,4.523],[25.0597,4.4845],[25.1318,4.441],[25.1548,4.4349],[25.2297,4.4538],[25.288,4.4904],[25.3196,4.4854],[25.3158,4.4258],[25.323,4.3876],[25.3096,4.3517],[25.3063,4.3098],[25.3209,4.2801],[25.3666,4.2448],[25.3726,4.2357],[25.366,4.2257],[25.3956,4.2233],[25.4062,4.2077],[25.4115,4.1149],[25.4422,4.0755],[25.4415,4.0165],[25.3946,4.0073],[25.3872,3.9953],[25.3905,3.9751],[25.4286,3.9571],[25.484,3.9163],[25.5105,3.871],[25.5449,3.864],[25.5346,3.8451],[25.5342,3.8219],[25.5116,3.7944],[25.5018,3.8001],[25.4832,3.786],[25.4577,3.7475],[25.4653,3.7293],[25.458,3.7252],[25.4442,3.7387],[25.4335,3.7269],[25.426,3.6951],[25.4193,3.7105],[25.41,3.7075],[25.3845,3.6549],[25.368,3.6586],[25.3623,3.6461],[25.3447,3.6463],[25.3344,3.6352],[25.3096,3.6505],[25.2908,3.6523],[25.2806,3.6332],[25.3065,3.6181],[25.3036,3.5996],[25.3117,3.5817],[25.3058,3.5676],[25.2798,3.5949],[25.2336,3.5094],[25.1802,3.465],[25.1786,3.4427],[25.1663,3.4389],[25.1579,3.4209],[25.1217,3.4151],[25.0585,3.4231],[25.0197,3.3942],[25.0027,3.3936],[24.9848,3.4141],[24.986,3.4477],[24.9548,3.4625],[24.935,3.4845],[24.9174,3.487],[24.9032,3.4697],[24.842,3.4943],[24.8049,3.4939],[24.8012,3.5024],[24.7316,3.483],[24.7237,3.4609],[24.6868,3.4674],[24.6704,3.4933],[24.6491,3.5004],[24.6068,3.477],[24.6025,3.4673],[24.5751,3.4642],[24.5367,3.4888],[24.496,3.5299],[24.4806,3.5277],[24.4685,3.5396],[24.4435,3.5319],[24.4214,3.5479],[24.4105,3.5437],[24.3607,3.5536],[24.3563,3.5697],[24.3253,3.5901],[24.3155,3.616],[24.3002,3.6206],[24.258,3.6668],[24.2634,3.7131],[24.2782,3.7532],[24.2484,3.795],[24.2835,3.8083],[24.2987,3.8336],[24.299,3.8987],[24.3297,3.9691],[24.3402,4.0279],[24.3546,4.056],[24.3462,4.0619],[24.3093,4.0657],[24.2694,4.0555],[24.2315,4.0565],[24.1955,4.0396],[24.1417,4.0484],[24.0795,4.026],[24.0547,4.0366],[24.0265,4.0365],[24.0004,4.0742],[23.967,4.0721],[23.9443,4.0833],[23.8871,4.0697],[23.8604,4.0731],[23.8181,4.0568],[23.7558,4.0699],[23.7151,4.0591],[23.6437,4.0911],[23.6368,4.1345],[23.6153,4.1349],[23.6279,4.181],[23.6487,4.1617],[23.6695,4.207],[23.6884,4.2071],[23.7154,4.223],[23.7348,4.2066],[23.7497,4.21],[23.7596,4.2167],[23.7563,4.2356],[23.7636,4.2492],[23.7716,4.2495],[23.7818,4.2276],[23.8067,4.26],[23.8067,4.2711],[23.8415,4.2921],[23.8555,4.3223],[23.8693,4.3159],[23.8845,4.3281],[23.917,4.324],[23.9423,4.3711],[23.9571,4.38],[23.9687,4.4013],[24.0186,4.4393],[23.9903,4.5887],[23.9258,4.6645],[23.9022,4.7056],[23.891,4.7326],[23.8991,4.7889],[23.8731,4.8212],[23.8847,4.831],[23.9174,4.8371],[23.9589,4.8082],[23.9577,4.8632],[23.9722,4.8814],[23.9888,4.8813],[24.0083,4.8695],[24.0409,4.8759],[24.0842,4.9075],[24.1054,4.9135],[24.1362,4.8975],[24.1688,4.8986],[24.1913,4.9305],[24.2363,4.9595],[24.252,4.9561],[24.2528,4.9349],[24.2801,4.9392],[24.2844,4.9502],[24.2735,4.9783],[24.2991,5.0039],[24.3739,5.0083],[24.411,5.0318],[24.4028,5.0514],[24.3689,5.0462],[24.3573,5.0599],[24.3761,5.0738],[24.3897,5.1088],[24.4081,5.1092]]]}},{"type":"Feature","properties":{"name":"Ango","province":"Bas-Uele","key":"ango"},"geometry":{"type":"Polygon","coordinates":[[[25.555,5.3765],[25.5815,5.3752],[25.5972,5.3455],[25.6226,5.3475],[25.6245,5.3378],[25.6018,5.3228],[25.6239,5.3215],[25.6306,5.3035],[25.64,5.3029],[25.6372,5.3169],[25.645,5.327],[25.6587,5.328],[25.6609,5.3061],[25.6744,5.3122],[25.7089,5.2971],[25.7202,5.267],[25.74,5.265],[25.7492,5.2367],[25.7834,5.2515],[25.785,5.2591],[25.77,5.2637],[25.7925,5.2727],[25.8008,5.2532],[25.7901,5.2377],[25.8201,5.2459],[25.809,5.2152],[25.8207,5.2171],[25.8359,5.1868],[25.8471,5.2119],[25.862,5.2198],[25.8838,5.2187],[25.8948,5.2055],[25.9501,5.2046],[25.964,5.1917],[25.9666,5.223],[25.9852,5.2397],[25.9926,5.2201],[26.0093,5.2284],[26.011,5.2082],[26.0383,5.2023],[26.0536,5.2134],[26.0539,5.2021],[26.0679,5.1941],[26.0768,5.2132],[26.0996,5.2082],[26.1009,5.2252],[26.0928,5.2379],[26.1167,5.2299],[26.1364,5.264],[26.1609,5.2585],[26.1601,5.2321],[26.169,5.2291],[26.1869,5.2416],[26.1915,5.2271],[26.1844,5.2199],[26.1906,5.2176],[26.208,5.237],[26.2184,5.2143],[26.2097,5.2085],[26.2212,5.194],[26.2233,5.2069],[26.2375,5.2085],[26.2322,5.1982],[26.2433,5.1835],[26.2458,5.1957],[26.2538,5.198],[26.2605,5.1858],[26.2546,5.1715],[26.2856,5.1693],[26.2831,5.156],[26.2952,5.1608],[26.3033,5.1408],[26.3159,5.1533],[26.3272,5.1363],[26.3283,5.1485],[26.3421,5.1469],[26.3512,5.1554],[26.3664,5.1428],[26.3909,5.1474],[26.3995,5.1212],[26.4054,5.1328],[26.4142,5.133],[26.4119,5.1236],[26.4224,5.1224],[26.4241,5.113],[26.441,5.114],[26.4409,5.0912],[26.459,5.0951],[26.4558,5.0657],[26.4637,5.0585],[26.4848,5.0616],[26.488,5.0464],[26.4997,5.0559],[26.5091,5.0439],[26.5153,5.0504],[26.5268,5.0442],[26.5339,5.0672],[26.5417,5.0679],[26.5403,5.0465],[26.5545,5.0585],[26.5572,5.0765],[26.5644,5.0636],[26.5745,5.0634],[26.5751,5.0809],[26.5896,5.0825],[26.5965,5.0738],[26.6194,5.0881],[26.6146,5.0802],[26.6289,5.0635],[26.6334,5.069],[26.6275,5.0803],[26.641,5.0886],[26.6555,5.0762],[26.6697,5.0774],[26.6812,5.0841],[26.6814,5.0963],[26.6972,5.0882],[26.7094,5.0935],[26.7109,5.1025],[26.7215,5.0917],[26.7252,5.1],[26.7325,5.0947],[26.75,5.1035],[26.7539,5.0973],[26.7725,5.1017],[26.7713,5.0856],[26.7865,5.0861],[26.7837,5.0755],[26.8081,5.0491],[26.8212,5.0477],[26.8315,5.0592],[26.8722,5.0338],[26.885,5.0455],[26.8911,5.0736],[26.9122,5.0801],[26.9251,5.1137],[26.936,5.1213],[26.9351,5.1342],[26.9701,5.1521],[26.9883,5.1219],[26.9875,5.0955],[26.9364,5.0815],[26.9409,5.0437],[26.9314,5.034],[26.9293,5.0108],[26.947,4.9973],[26.9661,4.9948],[26.9504,4.9758],[26.9823,4.9376],[26.9888,4.8848],[26.9988,4.8642],[27.0468,4.8384],[27.0464,4.8179],[27.0354,4.7972],[26.9774,4.7849],[26.9889,4.7522],[27.0278,4.6931],[26.9767,4.636],[26.9811,4.6042],[26.9683,4.5849],[26.9805,4.5621],[26.9599,4.51],[27.0168,4.511],[27.0308,4.5019],[27.0402,4.5074],[27.0779,4.4819],[27.1327,4.4716],[27.1884,4.4445],[27.2728,4.4706],[27.2947,4.4595],[27.2669,4.4178],[27.2655,4.3664],[27.2409,4.3117],[27.2405,4.2248],[27.2279,4.2218],[27.2136,4.1347],[27.2008,4.1216],[27.1912,4.079],[27.2009,4.0544],[27.221,4.0475],[27.2293,4.0109],[27.2271,3.9679],[27.256,3.937],[27.2583,3.9143],[27.2774,3.8793],[27.2565,3.8701],[27.2465,3.8371],[27.2293,3.8254],[27.2021,3.8221],[27.1487,3.858],[27.127,3.8075],[27.1155,3.7968],[27.0998,3.8217],[27.0908,3.8218],[27.0513,3.8056],[27.0188,3.7777],[26.951,3.7856],[26.945,3.7794],[26.9474,3.7548],[26.9327,3.7469],[26.9018,3.7437],[26.8603,3.7544],[26.8404,3.7661],[26.83,3.7983],[26.8121,3.8011],[26.8144,3.8181],[26.8059,3.8354],[26.7738,3.8415],[26.7296,3.9568],[26.7375,3.9856],[26.7281,4.0],[26.6965,4.0161],[26.6355,4.0236],[26.6034,4.0113],[26.5396,3.9348],[26.4957,3.9082],[26.4623,3.8584],[26.4461,3.8595],[26.4406,3.848],[26.452,3.8549],[26.4363,3.8248],[26.4269,3.8296],[26.4329,3.8162],[26.4061,3.7881],[26.4041,3.7734],[26.3787,3.7809],[26.3448,3.7716],[26.2979,3.736],[26.2917,3.722],[26.264,3.7208],[26.2277,3.6905],[26.2231,3.6684],[26.2108,3.6608],[26.1626,3.6763],[26.1418,3.6542],[26.1219,3.6599],[26.1065,3.6764],[26.0902,3.6782],[26.0665,3.7214],[26.0558,3.7175],[26.02,3.7406],[26.0047,3.7282],[25.9859,3.7224],[25.9772,3.7283],[25.9479,3.7177],[25.9422,3.7052],[25.9082,3.7187],[25.8986,3.7051],[25.8853,3.7069],[25.8563,3.6928],[25.8546,3.6532],[25.8443,3.6288],[25.8529,3.6083],[25.8416,3.551],[25.8128,3.5306],[25.789,3.528],[25.7563,3.5677],[25.7355,3.5713],[25.7033,3.606],[25.6804,3.597],[25.6419,3.5994],[25.6037,3.5838],[25.5727,3.546],[25.5301,3.5465],[25.5032,3.5064],[25.4569,3.5127],[25.4422,3.5288],[25.4133,3.5415],[25.333,3.5217],[25.3074,3.5046],[25.2859,3.5409],[25.2727,3.539],[25.2561,3.5504],[25.2798,3.5949],[25.3037,3.5665],[25.3117,3.5817],[25.3049,3.6217],[25.2806,3.6332],[25.2908,3.6523],[25.3096,3.6505],[25.3344,3.6352],[25.3447,3.6463],[25.3623,3.6461],[25.368,3.6586],[25.3845,3.6549],[25.41,3.7075],[25.4193,3.7105],[25.426,3.6951],[25.4335,3.7269],[25.4442,3.7387],[25.458,3.7252],[25.4653,3.7293],[25.4577,3.7475],[25.4832,3.786],[25.5018,3.8001],[25.5116,3.7944],[25.5342,3.8219],[25.5346,3.8451],[25.5449,3.864],[25.5105,3.871],[25.484,3.9163],[25.4286,3.9571],[25.3905,3.9751],[25.3872,3.9953],[25.3946,4.0073],[25.4415,4.0165],[25.4422,4.0755],[25.4115,4.1149],[25.4062,4.2077],[25.3956,4.2233],[25.366,4.2257],[25.3726,4.2357],[25.3666,4.2448],[25.3209,4.2801],[25.3063,4.3098],[25.3096,4.3517],[25.323,4.3876],[25.3158,4.4258],[25.3196,4.4854],[25.288,4.4904],[25.2297,4.4538],[25.1548,4.4349],[25.1318,4.441],[25.0597,4.4845],[25.0263,4.523],[24.9233,4.5654],[24.907,4.5824],[24.8594,4.6057],[24.8511,4.6123],[24.8561,4.6793],[24.828,4.7103],[24.7906,4.7757],[24.7559,4.7965],[24.7286,4.8434],[24.7302,4.8554],[24.7065,4.8693],[24.6932,4.921],[24.7209,4.9239],[24.7348,4.9062],[24.7598,4.9089],[24.7774,4.9232],[24.7799,4.908],[24.7917,4.9069],[24.8229,4.9393],[24.8785,4.9377],[24.8908,4.9617],[24.9337,4.9611],[24.9533,4.9863],[24.9833,4.9931],[25.0106,4.9893],[25.0227,4.9686],[25.0466,4.9657],[25.0884,4.9378],[25.1101,4.9885],[25.1336,4.9971],[25.1542,5.0283],[25.1636,5.0269],[25.1839,5.0033],[25.2017,5.0174],[25.2313,5.0143],[25.2476,5.0247],[25.318,5.0362],[25.3305,5.0519],[25.3295,5.0818],[25.3512,5.1141],[25.3552,5.1491],[25.3322,5.1564],[25.322,5.195],[25.3359,5.2105],[25.344,5.2605],[25.3573,5.2863],[25.371,5.2852],[25.3843,5.3],[25.3815,5.308],[25.3696,5.305],[25.3677,5.3155],[25.395,5.3223],[25.4041,5.3426],[25.415,5.321],[25.4292,5.3206],[25.4603,5.349],[25.4764,5.3477],[25.4869,5.3659],[25.4975,5.3641],[25.5113,5.3439],[25.5475,5.3546],[25.5369,5.3828],[25.5461,5.3861],[25.555,5.3765]]]}},{"type":"Feature","properties":{"name":"Opala","province":"Tshopo","key":"opala"},"geometry":{"type":"Polygon","coordinates":[[[23.2724,-2.0776],[23.2744,-2.0798],[23.2724,-2.0776],[23.2724,-2.0776]],[[24.5984,-1.9808],[24.5984,-1.9808],[24.5984,-1.9808],[24.5984,-1.9808]],[[24.5984,-1.9808],[24.5733,-1.9434],[24.5151,-1.904],[24.4894,-1.8187],[24.4228,-1.6677],[24.4056,-1.6524],[24.4092,-1.6258],[24.3853,-1.4214],[24.3684,-1.3934],[24.3599,-1.3248],[24.126,-1.3228],[24.0719,-1.3074],[24.0468,-1.3267],[24.0176,-1.335],[24.005,-1.3517],[23.9748,-1.3524],[23.9554,-1.3742],[23.9344,-1.3788],[23.8983,-1.3109],[23.8417,-1.2788],[23.8367,-1.2467],[23.8037,-1.2145],[23.8,-1.1879],[23.7024,-1.1502],[23.651,-1.1492],[23.6483,-1.138],[23.6706,-1.0749],[23.6655,-1.0469],[23.6385,-1.0106],[23.5812,-1.0094],[23.5609,-0.9968],[23.5097,-0.9858],[23.4392,-0.9272],[23.4016,-0.9007],[23.3855,-0.8979],[23.3558,-0.8532],[23.3081,-0.8197],[23.2986,-0.7904],[23.2553,-0.7611],[23.257,-0.7513],[23.2777,-0.7456],[23.3131,-0.7568],[23.3335,-0.6915],[23.3824,-0.6728],[23.3977,-0.6498],[23.4271,-0.6492],[23.5344,-0.6128],[23.5393,-0.5946],[23.4744,-0.5443],[23.4567,-0.4919],[23.455,-0.4524],[23.4112,-0.4091],[23.482,-0.3996],[23.5051,-0.3874],[23.5542,-0.3942],[23.6498,-0.3925],[23.7403,-0.3761],[23.8295,-0.2883],[23.8691,-0.2991],[23.9399,-0.2705],[24.0478,-0.2563],[24.0202,-0.1868],[24.0377,-0.1651],[24.0828,-0.1558],[24.1113,-0.1726],[24.1411,-0.1574],[24.1714,-0.121],[24.1933,-0.1304],[24.198,-0.1455],[24.1904,-0.1755],[24.2152,-0.1953],[24.2285,-0.2196],[24.2199,-0.2587],[24.2244,-0.2737],[24.2594,-0.2985],[24.2888,-0.3059],[24.282,-0.3225],[24.2445,-0.3424],[24.2387,-0.36],[24.2603,-0.3722],[24.2872,-0.3593],[24.3267,-0.3712],[24.3348,-0.3827],[24.327,-0.3973],[24.2934,-0.4126],[24.2839,-0.4268],[24.3193,-0.4512],[24.2932,-0.4935],[24.299,-0.5059],[24.3459,-0.4783],[24.3587,-0.4826],[24.3167,-0.5274],[24.3276,-0.5535],[24.3251,-0.5966],[24.3415,-0.604],[24.4007,-0.5712],[24.432,-0.5811],[24.4302,-0.5977],[24.3912,-0.6032],[24.3802,-0.6162],[24.3843,-0.6347],[24.4008,-0.6545],[24.4556,-0.6688],[24.4544,-0.6801],[24.4352,-0.6941],[24.4306,-0.7076],[24.46,-0.7912],[24.4765,-0.8034],[24.5079,-0.8052],[24.5302,-0.8167],[24.5404,-0.8552],[24.6125,-0.93],[24.6195,-0.9472],[24.6542,-0.959],[24.665,-0.9795],[24.6926,-0.9973],[24.7085,-1.0227],[24.7453,-1.0224],[24.7482,-1.0356],[24.7307,-1.0643],[24.7469,-1.1014],[24.7638,-1.1099],[24.7752,-1.1327],[24.8009,-1.1078],[24.8163,-1.1035],[24.8207,-1.1454],[24.8577,-1.1595],[24.8674,-1.2069],[24.8991,-1.2016],[24.9278,-1.2352],[24.9582,-1.2483],[24.9657,-1.2752],[24.9904,-1.2939],[24.9888,-1.3133],[25.0006,-1.3289],[25.0014,-1.3501],[24.9854,-1.3645],[24.9806,-1.3823],[25.0009,-1.4008],[25.0062,-1.4798],[25.0188,-1.512],[25.0481,-1.5318],[25.0394,-1.544],[25.0381,-1.5716],[25.0196,-1.5851],[25.0125,-1.6024],[25.0261,-1.6185],[25.0521,-1.7022],[25.0115,-1.8305],[25.009,-1.8633],[25.0193,-1.8811],[25.0328,-1.8872],[25.0326,-1.9208],[25.0125,-1.9505],[25.0245,-1.9686],[24.9782,-1.9816],[24.5984,-1.9808]]]}},{"type":"Feature","properties":{"name":"Rwampara","province":"Ituri","key":"rwampara"},"geometry":{"type":"Polygon","coordinates":[[[29.9909,1.6644],[30.0008,1.6532],[30.0591,1.6607],[30.0809,1.6398],[30.1273,1.7028],[30.1445,1.6901],[30.1691,1.6861],[30.1879,1.6629],[30.1821,1.6446],[30.1151,1.5915],[30.1059,1.5664],[30.1225,1.5425],[30.1662,1.5084],[30.2658,1.4991],[30.2777,1.5115],[30.2958,1.4541],[30.289,1.4337],[30.2951,1.4],[30.273,1.3986],[30.148,1.465],[30.0631,1.5399],[30.0017,1.5628],[29.9467,1.622],[29.936,1.6529],[29.9481,1.657],[30.0,1.7238],[30.0,1.7451],[30.0207,1.7427],[30.0382,1.7299],[30.0381,1.7218],[29.998,1.6862],[29.9909,1.6644]]]}},{"type":"Feature","properties":{"name":"Bunia","province":"Ituri","key":"bunia"},"geometry":{"type":"Polygon","coordinates":[[[30.2701,1.6711],[30.3131,1.6666],[30.3373,1.6144],[30.2987,1.586],[30.2961,1.5514],[30.2791,1.5328],[30.2777,1.5115],[30.2658,1.4991],[30.1662,1.5084],[30.1225,1.5425],[30.1059,1.5664],[30.1059,1.5796],[30.1821,1.6446],[30.1879,1.6629],[30.1691,1.6861],[30.2025,1.7069],[30.2051,1.6993],[30.2466,1.6994],[30.2701,1.6711]]]}},{"type":"Feature","properties":{"name":"Jiba","province":"Ituri","key":"jiba"},"geometry":{"type":"Polygon","coordinates":[[[30.7336,1.8915],[30.7515,1.8694],[30.7707,1.8822],[30.7793,1.8801],[30.7929,1.8544],[30.8602,1.8275],[30.9869,1.7188],[30.8189,1.585],[30.7506,1.6462],[30.7028,1.7014],[30.7022,1.7337],[30.6879,1.773],[30.6772,1.7759],[30.6544,1.8051],[30.6472,1.808],[30.6372,1.7973],[30.6287,1.803],[30.6187,1.8508],[30.5909,1.8644],[30.6251,1.8965],[30.6372,1.8872],[30.6729,1.8829],[30.6808,1.9022],[30.7151,1.9158],[30.7202,1.9331],[30.7479,1.9015],[30.7336,1.8915]]]}},{"type":"Feature","properties":{"name":"Linga","province":"Ituri","key":"linga"},"geometry":{"type":"Polygon","coordinates":[[[30.9144,1.9255],[30.9962,1.796],[31.0349,1.759],[30.9869,1.7188],[30.8602,1.8275],[30.7929,1.8544],[30.7793,1.8801],[30.7707,1.8822],[30.7515,1.8694],[30.7336,1.8915],[30.7479,1.9015],[30.7436,1.9115],[30.7322,1.9151],[30.7086,1.9579],[30.6265,2.0043],[30.6051,2.0021],[30.5974,2.0131],[30.6008,2.02],[30.6551,2.0371],[30.6772,2.0635],[30.7179,2.0521],[30.7329,2.0635],[30.7458,2.0614],[30.7557,2.0457],[30.7886,2.0457],[30.8057,2.0328],[30.8079,2.0114],[30.8371,1.965],[30.9144,1.9255]]]}},{"type":"Feature","properties":{"name":"Mangala","province":"Ituri","key":"mangala"},"geometry":{"type":"Polygon","coordinates":[[[30.4978,2.1486],[30.523,2.1167],[30.523,2.0839],[30.548,2.0261],[30.5479,2.0029],[30.5229,1.9821],[30.5221,1.9646],[30.5013,1.9404],[30.4713,1.9321],[30.4446,1.8913],[30.4437,1.8712],[30.4129,1.8487],[30.4088,1.8321],[30.3912,1.8221],[30.3721,1.7929],[30.3617,1.7951],[30.3439,1.8371],[30.3246,1.8379],[30.3082,1.8229],[30.3004,1.8343],[30.2825,1.8357],[30.2529,1.8212],[30.2487,1.8421],[30.2587,1.8704],[30.2438,1.8913],[30.2421,1.9096],[30.2512,1.9179],[30.2721,1.8996],[30.2971,1.9046],[30.3054,1.9646],[30.3237,1.9838],[30.3563,1.9929],[30.3679,2.0438],[30.3779,2.0529],[30.3971,2.0512],[30.4188,2.0696],[30.4304,2.1146],[30.4529,2.1371],[30.4546,2.1488],[30.4698,2.1541],[30.4978,2.1486]]]}},{"type":"Feature","properties":{"name":"Damas","province":"Ituri","key":"damas"},"geometry":{"type":"Polygon","coordinates":[[[30.2349,2.3815],[30.2523,2.3791],[30.2628,2.3401],[30.2732,2.3281],[30.269,2.3111],[30.2747,2.3021],[30.3152,2.3166],[30.314,2.2804],[30.3506,2.2708],[30.3867,2.2884],[30.4423,2.2244],[30.4301,2.2102],[30.3968,2.2022],[30.3979,2.1839],[30.4466,2.193],[30.4494,2.156],[30.4634,2.1531],[30.4304,2.1146],[30.4188,2.0696],[30.3971,2.0512],[30.3779,2.0529],[30.3679,2.0438],[30.3546,1.9912],[30.3237,1.9838],[30.2725,2.0311],[30.2475,2.0282],[30.2261,2.0382],[30.1932,2.0296],[30.1633,1.9939],[30.1556,2.0273],[30.1457,2.0365],[30.0932,2.0448],[30.0449,2.0906],[29.9591,2.0731],[29.9374,2.0873],[29.9225,2.0714],[29.9066,2.0914],[29.8973,2.0903],[29.9035,2.1095],[29.8713,2.1197],[29.869,2.1467],[29.8514,2.1483],[29.8706,2.1837],[29.875,2.1756],[29.8792,2.186],[29.9144,2.1866],[29.9298,2.2498],[29.9468,2.2675],[29.9667,2.2447],[29.9712,2.2514],[29.9824,2.2488],[29.9875,2.2713],[29.9978,2.2794],[30.0273,2.283],[30.0572,2.3689],[30.0792,2.3608],[30.1146,2.3714],[30.1361,2.3695],[30.1656,2.3886],[30.1726,2.3812],[30.181,2.4107],[30.1894,2.4168],[30.2349,2.3815]]]}},{"type":"Feature","properties":{"name":"Fataki","province":"Ituri","key":"fataki"},"geometry":{"type":"Polygon","coordinates":[[[30.5787,2.025],[30.6051,2.0021],[30.6265,2.0043],[30.7086,1.9579],[30.7208,1.935],[30.7151,1.9158],[30.6808,1.9022],[30.6729,1.8829],[30.6372,1.8872],[30.6251,1.8965],[30.5854,1.8638],[30.5804,1.8821],[30.5663,1.8813],[30.5521,1.8962],[30.5462,1.8913],[30.5113,1.8987],[30.5004,1.8821],[30.4854,1.8763],[30.5073,1.8394],[30.4931,1.8151],[30.4631,1.8116],[30.4509,1.833],[30.4402,1.8194],[30.4409,1.7987],[30.3942,1.7642],[30.3646,1.7954],[30.3771,1.7962],[30.3838,1.8138],[30.4088,1.8321],[30.4129,1.8487],[30.4437,1.8712],[30.4446,1.8913],[30.4713,1.9321],[30.5013,1.9404],[30.5221,1.9646],[30.5229,1.9821],[30.5479,2.0029],[30.5461,2.0362],[30.5787,2.025]]]}},{"type":"Feature","properties":{"name":"Drodro","province":"Ituri","key":"drodro"},"geometry":{"type":"Polygon","coordinates":[[[30.5892,1.8643],[30.6187,1.8508],[30.6287,1.803],[30.6372,1.7973],[30.6472,1.808],[30.6544,1.8051],[30.6772,1.7759],[30.6879,1.773],[30.7022,1.7337],[30.7008,1.7152],[30.6922,1.7201],[30.6451,1.6872],[30.588,1.6194],[30.5538,1.598],[30.4886,1.5937],[30.4921,1.6054],[30.4564,1.6512],[30.4711,1.6865],[30.4395,1.7009],[30.4245,1.7387],[30.4055,1.7477],[30.3942,1.7642],[30.4409,1.7987],[30.4402,1.8194],[30.4509,1.833],[30.4631,1.8116],[30.4931,1.8151],[30.5073,1.8394],[30.4854,1.8763],[30.5004,1.8821],[30.5113,1.8987],[30.5462,1.8913],[30.5521,1.8962],[30.5663,1.8813],[30.5804,1.8821],[30.5804,1.8688],[30.5892,1.8643]]]}},{"type":"Feature","properties":{"name":"Tchomia","province":"Ituri","key":"tchomia"},"geometry":{"type":"Polygon","coordinates":[[[30.5252,1.3783],[30.4615,1.4123],[30.4218,1.4477],[30.3517,1.4502],[30.3746,1.4859],[30.416,1.5059],[30.4281,1.5373],[30.461,1.5687],[30.4688,1.5866],[30.4795,1.5944],[30.5538,1.598],[30.588,1.6194],[30.6323,1.6751],[30.6922,1.7201],[30.7506,1.6462],[30.8189,1.585],[30.701,1.496],[30.6325,1.411],[30.6,1.3484],[30.5252,1.3783]]]}},{"type":"Feature","properties":{"name":"Rethy","province":"Ituri","key":"rethy"},"geometry":{"type":"Polygon","coordinates":[[[30.65,2.1374],[30.6992,2.1404],[30.7164,2.1296],[30.7302,2.1316],[30.7708,2.1565],[30.812,2.1455],[30.8708,2.112],[30.8868,2.1478],[30.9018,2.1487],[30.9192,2.1295],[30.9074,2.074],[30.9649,2.0027],[30.9237,1.9595],[30.9144,1.9255],[30.8371,1.965],[30.8079,2.0114],[30.8057,2.0328],[30.7886,2.0457],[30.7557,2.0457],[30.7458,2.0614],[30.7329,2.0635],[30.7179,2.0521],[30.6772,2.0635],[30.6551,2.0371],[30.6008,2.02],[30.5973,2.0129],[30.5461,2.0362],[30.523,2.0839],[30.523,2.1167],[30.4978,2.1486],[30.5126,2.1736],[30.5397,2.1923],[30.65,2.1374]]]}},{"type":"Feature","properties":{"name":"Nyakunde","province":"Ituri","key":"nyakunde"},"geometry":{"type":"Polygon","coordinates":[[[29.9467,1.622],[30.0017,1.5628],[30.0631,1.5399],[30.154,1.4614],[30.1017,1.4066],[30.0902,1.3459],[30.0753,1.3473],[30.0653,1.338],[30.0303,1.3573],[29.9867,1.3587],[29.9853,1.3288],[29.971,1.3188],[29.9332,1.3409],[29.8925,1.3959],[29.8347,1.4394],[29.8204,1.4296],[29.8104,1.4512],[29.8004,1.4429],[29.7862,1.4604],[29.7729,1.4604],[29.7396,1.4354],[29.7396,1.4421],[29.7248,1.4366],[29.7687,1.5646],[29.782,1.5637],[29.8177,1.5912],[29.8905,1.5775],[29.902,1.5821],[29.9343,1.6528],[29.9467,1.622]]]}},{"type":"Feature","properties":{"name":"Nizi","province":"Ituri","key":"nizi"},"geometry":{"type":"Polygon","coordinates":[[[30.3439,1.8371],[30.3617,1.7951],[30.3989,1.7593],[30.4188,1.7229],[30.3195,1.6569],[30.3032,1.6722],[30.271,1.6705],[30.2768,1.6872],[30.2532,1.7857],[30.2597,1.8072],[30.2529,1.8212],[30.2825,1.8357],[30.3004,1.8343],[30.3082,1.8229],[30.3246,1.8379],[30.3439,1.8371]]]}},{"type":"Feature","properties":{"name":"Bambu","province":"Ituri","key":"bambu"},"geometry":{"type":"Polygon","coordinates":[[[30.2475,2.0282],[30.2725,2.0311],[30.3237,1.9838],[30.2996,1.9504],[30.2971,1.9046],[30.2721,1.8996],[30.2512,1.9179],[30.2421,1.9096],[30.2438,1.8913],[30.2587,1.8704],[30.2487,1.8421],[30.2597,1.8072],[30.2532,1.7857],[30.2768,1.6872],[30.2701,1.6711],[30.2466,1.6994],[30.2051,1.6993],[30.2025,1.7069],[30.1598,1.6853],[30.1273,1.7028],[30.1296,1.72],[30.1492,1.7206],[30.1641,1.7432],[30.1796,1.7973],[30.1487,1.8788],[30.164,1.9457],[30.1623,1.9923],[30.1797,2.0196],[30.2097,2.0375],[30.2475,2.0282]]]}},{"type":"Feature","properties":{"name":"Kilo","province":"Ituri","key":"kilo"},"geometry":{"type":"Polygon","coordinates":[[[30.1683,1.8306],[30.1796,1.7973],[30.1641,1.7432],[30.1492,1.7206],[30.1296,1.72],[30.1228,1.6938],[30.0908,1.6502],[30.0809,1.6398],[30.0591,1.6607],[30.0008,1.6532],[29.9909,1.6644],[29.998,1.6862],[30.0381,1.7218],[30.0382,1.7299],[30.0207,1.7427],[30.0,1.7451],[30.0,1.7591],[29.9892,1.7606],[29.9869,1.7714],[29.9971,1.7913],[30.0121,1.7913],[30.0113,1.8129],[30.0221,1.8263],[30.0468,1.8452],[30.1032,1.8524],[30.1487,1.8788],[30.1683,1.8306]]]}},{"type":"Feature","properties":{"name":"Mongbalu","province":"Ituri","key":"mongbalu"},"geometry":{"type":"Polygon","coordinates":[[[29.8973,2.0903],[29.9066,2.0914],[29.9225,2.0714],[29.9374,2.0873],[29.9591,2.0731],[30.0449,2.0906],[30.0932,2.0448],[30.1457,2.0365],[30.1556,2.0273],[30.1633,1.9939],[30.164,1.9457],[30.1523,1.8824],[30.1032,1.8524],[30.0468,1.8452],[30.0113,1.8129],[30.0121,1.7913],[29.9971,1.7913],[29.9892,1.779],[29.8869,1.8375],[29.7284,1.9617],[29.7251,1.9781],[29.7083,1.997],[29.7179,1.9982],[29.722,2.0096],[29.6906,2.0764],[29.6718,2.0768],[29.6503,2.1255],[29.6239,2.1558],[29.6228,2.1872],[29.7027,2.1951],[29.765,2.1526],[29.8088,2.0916],[29.8399,2.0782],[29.8687,2.0804],[29.8951,2.0557],[29.9018,2.073],[29.8973,2.0903]]]}},{"type":"Feature","properties":{"name":"Komanda","province":"Ituri","key":"komanda"},"geometry":{"type":"Polygon","coordinates":[[[29.7913,1.4546],[29.8004,1.4429],[29.8104,1.4512],[29.8204,1.4296],[29.8347,1.4394],[29.8925,1.3959],[29.9332,1.3409],[29.971,1.3188],[29.9529,1.2905],[29.9597,1.2698],[29.9419,1.2373],[29.9376,1.2086],[29.9175,1.1908],[29.9082,1.1651],[29.8779,1.1479],[29.8646,1.1271],[29.8485,1.1229],[29.8694,1.0874],[29.8489,0.9852],[29.816,0.9471],[29.7501,0.9294],[29.7014,0.8847],[29.7178,0.8839],[29.7325,0.8716],[29.7268,0.8655],[29.696,0.8683],[29.6591,0.9077],[29.6409,0.901],[29.6274,0.8816],[29.6232,0.8535],[29.5598,0.8748],[29.5229,0.8612],[29.5369,0.7887],[29.5096,0.7902],[29.4946,0.801],[29.4861,0.842],[29.4581,0.8602],[29.442,0.834],[29.3986,0.8116],[29.3715,0.8447],[29.3683,0.8709],[29.3369,0.9048],[29.3136,0.9147],[29.3127,0.9326],[29.2988,0.9388],[29.2974,0.9533],[29.2899,0.9575],[29.313,0.991],[29.337,0.9877],[29.35,0.9951],[29.3603,1.0362],[29.3743,1.0436],[29.3739,1.1116],[29.3952,1.127],[29.3986,1.1458],[29.414,1.1653],[29.4053,1.1711],[29.4126,1.1833],[29.4416,1.1846],[29.4359,1.2014],[29.4494,1.1878],[29.4604,1.1919],[29.4739,1.2096],[29.4806,1.2795],[29.5295,1.3153],[29.5284,1.3468],[29.5451,1.3613],[29.5846,1.368],[29.5875,1.4074],[29.6205,1.4497],[29.6552,1.4563],[29.667,1.4363],[29.6954,1.4323],[29.7379,1.4421],[29.7396,1.4354],[29.7729,1.4604],[29.7913,1.4546]]]}},{"type":"Feature","properties":{"name":"Gethy","province":"Ituri","key":"gethy"},"geometry":{"type":"Polygon","coordinates":[[[30.2544,1.4107],[30.273,1.3986],[30.2951,1.4],[30.2959,1.4131],[30.341,1.4138],[30.3412,1.4404],[30.3513,1.4485],[30.4218,1.4477],[30.4615,1.4123],[30.6,1.3484],[30.5108,1.2081],[30.4728,1.2118],[30.4248,1.1942],[30.3892,1.1909],[30.363,1.2005],[30.3402,1.1761],[30.3327,1.1519],[30.32,1.157],[30.2711,1.1195],[30.2527,1.1371],[30.2344,1.1352],[30.2194,1.0781],[30.1994,1.0545],[30.1787,1.0645],[30.1273,1.0459],[30.0874,1.0595],[30.011,1.1159],[29.9674,1.1173],[29.9389,1.133],[29.9082,1.1651],[29.9175,1.1908],[29.9376,1.2086],[29.9419,1.2373],[29.9597,1.2698],[29.9529,1.2905],[29.9631,1.3143],[29.9853,1.3288],[29.9867,1.3587],[30.0303,1.3573],[30.0653,1.338],[30.0753,1.3473],[30.0902,1.3459],[30.1017,1.4066],[30.154,1.4614],[30.2544,1.4107]]]}},{"type":"Feature","properties":{"name":"Boga","province":"Ituri","key":"boga"},"geometry":{"type":"Polygon","coordinates":[[[29.9596,1.1252],[29.9674,1.1173],[30.0188,1.1123],[30.0874,1.0595],[30.1273,1.0459],[30.1787,1.0645],[30.1994,1.0545],[30.2194,1.0781],[30.2344,1.1352],[30.2527,1.1371],[30.2665,1.1276],[30.2711,1.1195],[30.2439,1.0806],[30.2227,1.0105],[30.2245,0.9949],[30.1946,0.9679],[30.1914,0.9518],[30.1782,0.945],[30.1717,0.9157],[30.1489,0.8893],[30.1045,0.8934],[30.0727,0.882],[30.0634,0.8708],[30.0199,0.8616],[29.9868,0.8372],[29.9646,0.8319],[29.9538,0.8133],[29.945,0.817],[29.9237,0.7987],[29.907,0.8051],[29.8952,0.8438],[29.875,0.8666],[29.8768,0.8882],[29.8602,0.8974],[29.8612,0.9542],[29.8515,0.9399],[29.8381,0.9414],[29.8216,0.9308],[29.8078,0.9105],[29.7561,0.908],[29.7435,0.897],[29.741,0.8749],[29.7282,0.8718],[29.7178,0.8839],[29.7014,0.8847],[29.7501,0.9294],[29.816,0.9471],[29.8489,0.9852],[29.8694,1.0874],[29.8485,1.1229],[29.8646,1.1271],[29.8779,1.1479],[29.9046,1.1655],[29.9389,1.133],[29.9596,1.1252]]]}},{"type":"Feature","properties":{"name":"Nia-Nia","province":"Ituri","key":"niania"},"geometry":{"type":"Polygon","coordinates":[[[27.8038,1.8285],[27.8472,1.8277],[27.8783,1.7787],[27.9009,1.7942],[27.9382,1.7211],[27.9461,1.7262],[27.9413,1.7485],[27.9817,1.7557],[28.1803,1.6901],[28.2297,1.6839],[28.2213,1.6271],[28.171,1.5525],[28.2117,1.485],[28.2714,1.4103],[28.3121,1.2947],[28.3527,1.2224],[28.3913,1.1729],[28.4146,1.1679],[28.4146,1.1546],[28.4317,1.1362],[28.4316,1.1067],[28.3694,1.0176],[28.3478,1.0345],[28.2425,0.9912],[28.1659,0.8635],[28.1799,0.6846],[28.096,0.6734],[28.0739,0.6789],[28.0681,0.6642],[28.0275,0.633],[28.0179,0.6362],[27.9345,0.7489],[27.9462,0.7618],[27.9387,0.7656],[27.9362,0.7899],[27.9545,0.8464],[28.0007,0.9331],[27.988,0.9308],[27.9742,0.9403],[27.9457,0.9202],[27.9293,0.9225],[27.9197,0.9327],[27.9071,0.9251],[27.8861,0.9315],[27.8777,0.9464],[27.9225,1.0043],[27.9333,1.0428],[27.8751,1.0508],[27.853,1.0388],[27.8244,1.0634],[27.7828,1.0652],[27.773,1.0583],[27.757,1.0735],[27.7408,1.0684],[27.7394,1.1215],[27.7709,1.1496],[27.7555,1.2117],[27.7835,1.2288],[27.7651,1.2566],[27.7826,1.3015],[27.7114,1.3356],[27.7002,1.3487],[27.6335,1.3411],[27.6127,1.3624],[27.5992,1.341],[27.5723,1.3399],[27.5572,1.3737],[27.5339,1.3895],[27.5163,1.4152],[27.4943,1.426],[27.484,1.4463],[27.4783,1.4929],[27.4492,1.5352],[27.447,1.5546],[27.5047,1.5702],[27.5516,1.5546],[27.5808,1.5298],[27.5872,1.5126],[27.5839,1.4619],[27.6183,1.4534],[27.6358,1.4754],[27.6505,1.4779],[27.6915,1.4581],[27.7735,1.4432],[27.768,1.4598],[27.7506,1.4644],[27.7509,1.4736],[27.7968,1.4899],[27.8112,1.5249],[27.8066,1.5445],[27.7562,1.612],[27.7399,1.6048],[27.7156,1.609],[27.7073,1.5942],[27.6658,1.5908],[27.6415,1.5716],[27.6431,1.6545],[27.5961,1.7056],[27.5533,1.7734],[27.5667,1.828],[27.5851,1.8473],[27.6278,1.8214],[27.6823,1.8083],[27.7165,1.8458],[27.7391,1.8575],[27.7634,1.8525],[27.7827,1.8288],[27.8038,1.8285]]]}},{"type":"Feature","properties":{"name":"Mandima","province":"Ituri","key":"mandima"},"geometry":{"type":"Polygon","coordinates":[[[29.1463,1.2361],[29.1707,1.1689],[29.3118,0.9891],[29.2899,0.9575],[29.2974,0.9533],[29.2988,0.9388],[29.3127,0.9326],[29.3136,0.9147],[29.3369,0.9048],[29.3697,0.8684],[29.3715,0.8447],[29.3827,0.8256],[29.3697,0.8221],[29.3643,0.7638],[29.3701,0.747],[29.347,0.7098],[29.3629,0.6931],[29.3768,0.697],[29.3943,0.6714],[29.4319,0.6513],[29.4695,0.6487],[29.4739,0.6253],[29.4569,0.6154],[29.3813,0.5963],[29.3662,0.6167],[29.3281,0.6283],[29.3395,0.6561],[29.3254,0.6869],[29.3044,0.6756],[29.2807,0.6179],[29.2905,0.5867],[29.2536,0.6188],[29.2222,0.6169],[29.1818,0.6549],[29.177,0.6482],[29.1625,0.6617],[29.1629,0.6768],[29.1177,0.6518],[29.104,0.6536],[29.1133,0.6657],[29.1229,0.7138],[29.1061,0.7596],[29.0727,0.7837],[29.0345,0.9137],[29.0321,1.0197],[29.0586,1.085],[29.0379,1.0804],[29.0246,1.0929],[29.0346,1.1129],[29.0096,1.1304],[29.0095,1.1415],[29.036,1.1536],[29.0874,1.2348],[29.1002,1.2334],[29.0893,1.2444],[29.0731,1.2985],[29.0682,1.3461],[29.0764,1.3756],[29.0852,1.382],[29.1431,1.3247],[29.1349,1.2689],[29.1463,1.2361]]]}},{"type":"Feature","properties":{"name":"Lolwa","province":"Ituri","key":"lolwa"},"geometry":{"type":"Polygon","coordinates":[[[29.3103,2.418],[29.3336,2.414],[29.4103,2.4236],[29.4215,2.4353],[29.4439,2.4362],[29.4529,2.4524],[29.4794,2.4601],[29.4792,2.4674],[29.549,2.4929],[29.6316,2.4913],[29.65,2.4253],[29.6392,2.3735],[29.6476,2.3331],[29.6412,2.3246],[29.6651,2.2862],[29.6455,2.2707],[29.6074,2.2837],[29.6212,2.2141],[29.6101,2.2106],[29.61,2.2007],[29.6133,2.1894],[29.6228,2.1872],[29.6239,2.1558],[29.6503,2.1255],[29.6718,2.0768],[29.6906,2.0764],[29.722,2.0096],[29.7179,1.9982],[29.7083,1.997],[29.7251,1.9781],[29.7284,1.9617],[29.8869,1.8375],[29.9892,1.779],[29.9892,1.7606],[30.0,1.7591],[30.0,1.7238],[29.9481,1.657],[29.9307,1.6496],[29.902,1.5821],[29.8905,1.5775],[29.8177,1.5912],[29.782,1.5637],[29.7687,1.5646],[29.7248,1.4366],[29.6739,1.4333],[29.6552,1.4563],[29.633,1.457],[29.5875,1.4074],[29.5846,1.368],[29.56,1.3672],[29.5284,1.3468],[29.5295,1.3153],[29.4806,1.2795],[29.4739,1.2096],[29.4494,1.1878],[29.4359,1.2014],[29.4416,1.1846],[29.4126,1.1833],[29.4053,1.1711],[29.414,1.1653],[29.3986,1.1458],[29.3991,1.1343],[29.3739,1.1116],[29.3743,1.0436],[29.3603,1.0362],[29.3484,0.993],[29.3251,0.9873],[29.3118,0.9891],[29.1707,1.1689],[29.1349,1.2689],[29.1431,1.3247],[29.0852,1.382],[29.1083,1.3986],[29.1102,1.4088],[29.1296,1.4096],[29.1363,1.4013],[29.1562,1.4079],[29.1638,1.4304],[29.1787,1.4304],[29.1954,1.4538],[29.1979,1.4671],[29.1912,1.4721],[29.2246,1.4796],[29.2204,1.4996],[29.2404,1.5262],[29.2413,1.5438],[29.2304,1.5512],[29.2263,1.5762],[29.2121,1.5971],[29.2187,1.6204],[29.2288,1.6254],[29.2229,1.6338],[29.2496,1.6479],[29.2242,1.7852],[29.1908,1.8599],[29.1766,1.9754],[29.1361,2.1248],[29.0116,2.3086],[28.9957,2.2923],[28.9811,2.2983],[29.0005,2.3571],[28.9674,2.4232],[28.9697,2.4292],[28.9825,2.4204],[28.9903,2.4066],[29.0191,2.4188],[29.0317,2.3948],[29.0439,2.4041],[29.0399,2.4218],[29.0721,2.4372],[29.0955,2.4258],[29.0867,2.4436],[29.0938,2.452],[29.1104,2.4456],[29.1272,2.4568],[29.1479,2.4447],[29.1752,2.4013],[29.2043,2.4557],[29.203,2.5295],[29.2292,2.5437],[29.2687,2.4661],[29.2724,2.4436],[29.2984,2.4343],[29.3103,2.418]]]}},{"type":"Feature","properties":{"name":"Lita","province":"Ituri","key":"lita"},"geometry":{"type":"Polygon","coordinates":[[[30.4886,1.5937],[30.4688,1.5866],[30.461,1.5687],[30.4445,1.5587],[30.416,1.5059],[30.3746,1.4859],[30.3412,1.4404],[30.341,1.4138],[30.298,1.4112],[30.2919,1.4168],[30.2958,1.4541],[30.2759,1.5215],[30.2961,1.5514],[30.2987,1.586],[30.3373,1.6144],[30.3195,1.6569],[30.4188,1.7229],[30.4044,1.7488],[30.4245,1.7387],[30.4395,1.7009],[30.4711,1.6865],[30.4564,1.6512],[30.4921,1.6054],[30.4886,1.5937]]]}},{"type":"Feature","properties":{"name":"Boma-Mangbetu","province":"Haut-Uele","key":"bomamangbetu"},"geometry":{"type":"Polygon","coordinates":[[[27.8575,2.4668],[27.8821,2.4005],[27.8784,2.3672],[27.9128,2.2585],[27.9128,2.1576],[27.9013,2.1176],[27.869,2.0653],[27.7928,1.9939],[27.7538,1.9939],[27.6282,2.031],[27.6139,2.0748],[27.6063,2.1357],[27.6253,2.3175],[27.6206,2.3917],[27.6358,2.4098],[27.6729,2.4222],[27.7452,2.4222],[27.7947,2.4374],[27.8138,2.4565],[27.8575,2.4668]]]}},{"type":"Feature","properties":{"name":"Isiro","province":"Haut-Uele","key":"isiro"},"geometry":{"type":"Polygon","coordinates":[[[27.1634,2.8958],[27.1863,2.8706],[27.1966,2.8717],[27.2468,2.8439],[27.286,2.7878],[27.3274,2.7538],[27.3731,2.7363],[27.44,2.7683],[27.4609,2.7612],[27.4751,2.7826],[27.504,2.7888],[27.4997,2.8152],[27.5182,2.8164],[27.5225,2.8417],[27.5367,2.8506],[27.5666,2.8309],[27.6046,2.8188],[27.6027,2.8544],[27.6941,2.8486],[27.6887,2.8065],[27.7085,2.7865],[27.7074,2.7688],[27.6358,2.749],[27.6094,2.729],[27.6072,2.7069],[27.6512,2.6427],[27.7075,2.6059],[27.6939,2.6029],[27.694,2.5862],[27.6618,2.5606],[27.6269,2.5975],[27.5986,2.5343],[27.5087,2.442],[27.5113,2.3626],[27.5039,2.3521],[27.4765,2.3313],[27.4063,2.3272],[27.3956,2.3019],[27.3808,2.2971],[27.4131,2.2207],[27.3721,2.0994],[27.323,2.0788],[27.3138,2.0365],[27.2941,2.0238],[27.2667,2.0472],[27.2537,2.048],[27.2473,2.0319],[27.2272,2.0185],[27.2485,1.976],[27.2462,1.9617],[27.2247,1.9584],[27.2248,1.9396],[27.2102,1.9113],[27.1926,1.9124],[27.143,1.896],[27.111,1.9153],[27.0746,1.9084],[27.0604,1.9148],[27.0479,1.924],[27.0451,1.9552],[27.0354,1.9677],[27.0593,2.0625],[27.0558,2.1221],[27.072,2.1361],[27.085,2.1364],[27.0949,2.1592],[27.1141,2.1654],[27.1261,2.2197],[27.1637,2.2867],[27.1779,2.29],[27.1885,2.328],[27.1883,2.3601],[27.1371,2.4068],[27.1514,2.4188],[27.1643,2.414],[27.167,2.4407],[27.1484,2.4844],[27.1442,2.5631],[27.1355,2.5755],[27.1018,2.5651],[27.0332,2.5657],[27.0138,2.5353],[26.942,2.5379],[26.9196,2.5289],[26.8932,2.5348],[26.9033,2.55],[26.9101,2.5887],[26.935,2.6189],[26.9333,2.6405],[26.9624,2.6514],[26.958,2.679],[26.9785,2.7039],[26.9948,2.6961],[27.0039,2.703],[27.0001,2.7217],[27.0452,2.7224],[27.0977,2.7731],[27.1248,2.8284],[27.1227,2.8558],[27.1346,2.9029],[27.1396,2.9103],[27.1634,2.8958]]]}},{"type":"Feature","properties":{"name":"Wamba","province":"Haut-Uele","key":"wamba"},"geometry":{"type":"Polygon","coordinates":[[[28.2707,2.7476],[28.2904,2.7175],[28.2947,2.6938],[28.3213,2.6976],[28.3297,2.716],[28.3457,2.7066],[28.3545,2.6862],[28.3556,2.642],[28.3337,2.6411],[28.3393,2.6148],[28.3222,2.6078],[28.3116,2.5873],[28.3173,2.5766],[28.3355,2.5833],[28.3433,2.5659],[28.3739,2.5568],[28.3544,2.484],[28.3336,2.4627],[28.3547,2.4659],[28.3685,2.4591],[28.3479,2.4167],[28.3542,2.3929],[28.3477,2.3639],[28.3618,2.3542],[28.3637,2.3408],[28.3139,2.3361],[28.2986,1.8741],[28.289,1.8543],[28.2517,1.8414],[28.1906,1.796],[28.1907,1.7378],[28.2155,1.6899],[28.2121,1.6844],[27.9817,1.7557],[27.9413,1.7485],[27.9461,1.7262],[27.9382,1.7211],[27.9009,1.7942],[27.8783,1.7787],[27.8472,1.8277],[27.7827,1.8288],[27.7634,1.8525],[27.75,1.8564],[27.7165,1.8458],[27.6823,1.8083],[27.6278,1.8214],[27.5851,1.8473],[27.5667,1.828],[27.5533,1.7734],[27.5961,1.7056],[27.6431,1.6545],[27.6415,1.5716],[27.6658,1.5908],[27.7073,1.5942],[27.7156,1.609],[27.7399,1.6048],[27.7562,1.612],[27.8066,1.5445],[27.8112,1.5249],[27.7968,1.4899],[27.7509,1.4736],[27.7506,1.4644],[27.768,1.4598],[27.7735,1.4432],[27.6915,1.4581],[27.6505,1.4779],[27.6358,1.4754],[27.6183,1.4534],[27.5839,1.4619],[27.5872,1.5126],[27.5808,1.5298],[27.5516,1.5546],[27.5047,1.5702],[27.447,1.5546],[27.4325,1.5716],[27.4195,1.5738],[27.3982,1.5642],[27.3756,1.5651],[27.3703,1.5832],[27.3513,1.5924],[27.2949,1.5779],[27.1947,1.6034],[27.2158,1.6148],[27.2144,1.6311],[27.227,1.6238],[27.2448,1.6401],[27.2473,1.6289],[27.2622,1.6227],[27.2853,1.6326],[27.2868,1.6721],[27.3085,1.7113],[27.3062,1.7283],[27.34,1.7734],[27.3687,1.7829],[27.3719,1.7902],[27.3527,1.8404],[27.3657,1.8588],[27.3499,1.876],[27.3951,1.8722],[27.4098,1.8852],[27.3821,1.9271],[27.3786,1.9465],[27.357,1.9625],[27.3572,1.9955],[27.3285,2.0148],[27.327,2.029],[27.3138,2.0365],[27.323,2.0788],[27.3481,2.0889],[27.3447,2.0754],[27.3659,2.0586],[27.3787,2.0688],[27.3904,2.0596],[27.4037,2.0604],[27.4113,2.0429],[27.4288,2.0387],[27.4271,2.0604],[27.4488,2.0613],[27.4529,2.0796],[27.4612,2.0812],[27.4921,2.0429],[27.4946,2.0088],[27.5129,1.9971],[27.5221,2.0146],[27.5421,2.0146],[27.5621,2.0329],[27.5612,2.0479],[27.5729,2.0563],[27.5796,2.0504],[27.5904,2.0546],[27.5971,2.0779],[27.6123,2.0922],[27.6282,2.031],[27.7538,1.9939],[27.7928,1.9939],[27.869,2.0653],[27.908,2.1338],[27.9128,2.2585],[27.8836,2.3594],[27.8974,2.3471],[27.9036,2.3586],[27.9225,2.366],[27.9328,2.386],[27.9235,2.3952],[27.9269,2.4205],[27.9667,2.4443],[27.9982,2.4279],[28.0383,2.483],[28.0742,2.4989],[28.1074,2.4899],[28.0975,2.5288],[28.1002,2.5482],[28.1064,2.5563],[28.1421,2.5542],[28.1515,2.5626],[28.1754,2.5925],[28.1821,2.6257],[28.1627,2.6702],[28.1377,2.6868],[28.1441,2.7004],[28.1867,2.7207],[28.2345,2.7283],[28.2508,2.7476],[28.2707,2.7476]]]}},{"type":"Feature","properties":{"name":"Doruma","province":"Haut-Uele","key":"doruma"},"geometry":{"type":"Polygon","coordinates":[[[27.1581,5.1992],[27.2318,5.1523],[27.3182,5.1264],[27.3407,5.1108],[27.4316,5.0777],[27.4463,5.0529],[27.4403,5.0204],[27.4624,4.9947],[27.4645,4.9795],[27.4911,4.9436],[27.5273,4.9344],[27.537,4.9086],[27.5669,4.8733],[27.5899,4.8606],[27.6539,4.8735],[27.6844,4.8712],[27.7034,4.8312],[27.7109,4.7736],[27.7752,4.7757],[27.789,4.7541],[27.791,4.685],[27.7636,4.6462],[27.7781,4.6331],[27.7868,4.5864],[27.7972,4.5703],[27.8183,4.571],[27.8763,4.5392],[27.9054,4.5407],[27.9442,4.557],[27.9809,4.5445],[28.0146,4.5462],[28.0284,4.5347],[28.0389,4.467],[28.0858,4.435],[28.1224,4.4436],[28.14,4.4341],[28.1565,4.3951],[28.2001,4.3462],[28.2386,4.3296],[28.359,4.3362],[28.3676,4.3165],[28.4145,4.2828],[28.4536,4.2878],[28.4936,4.3197],[28.508,4.2973],[28.6097,4.267],[28.6597,4.2705],[28.6704,4.2634],[28.6829,4.2723],[28.7007,4.2634],[28.7329,4.2162],[28.6888,4.1896],[28.6421,4.0971],[28.6196,4.0746],[28.6163,4.0629],[28.6246,4.0529],[28.6013,4.0504],[28.5879,4.0279],[28.5479,3.9987],[28.5479,3.9871],[28.5179,3.9571],[28.4979,3.9579],[28.5021,3.9271],[28.4788,3.9296],[28.4579,3.9237],[28.4504,3.9104],[28.4146,3.9054],[28.3438,3.8521],[28.3304,3.8504],[28.3071,3.8237],[28.2804,3.8187],[28.2621,3.8304],[28.1713,3.7787],[28.1523,3.7827],[28.1395,3.808],[28.0865,3.8114],[28.0508,3.8439],[28.0528,3.8618],[28.0413,3.8782],[28.0365,3.9221],[27.9612,3.9988],[27.9586,4.0549],[27.8923,4.0377],[27.8433,4.0485],[27.8158,4.0671],[27.7958,4.0542],[27.8046,4.0448],[27.7773,3.9929],[27.7863,3.9766],[27.775,3.9789],[27.7659,3.969],[27.7455,3.9738],[27.7491,3.9536],[27.7184,3.9577],[27.7045,3.9344],[27.69,3.9379],[27.6827,3.9296],[27.6673,3.9365],[27.6559,3.9264],[27.6185,3.9226],[27.6107,3.9302],[27.5991,3.8863],[27.5858,3.8805],[27.5785,3.8929],[27.5714,3.8851],[27.5592,3.8869],[27.5535,3.869],[27.5345,3.857],[27.5393,3.8466],[27.5292,3.8344],[27.5237,3.8418],[27.4956,3.8401],[27.4857,3.8229],[27.4594,3.8176],[27.4511,3.8053],[27.4658,3.7745],[27.4525,3.78],[27.431,3.8118],[27.384,3.8007],[27.3735,3.7843],[27.3659,3.7965],[27.3474,3.7898],[27.3226,3.7946],[27.288,3.8441],[27.2545,3.8567],[27.2597,3.8733],[27.2774,3.8793],[27.2583,3.9143],[27.256,3.937],[27.2271,3.9679],[27.2293,4.0109],[27.221,4.0475],[27.2009,4.0544],[27.1912,4.079],[27.2008,4.1216],[27.2136,4.1347],[27.2279,4.2218],[27.2405,4.2248],[27.2409,4.3117],[27.2655,4.3664],[27.2669,4.4178],[27.294,4.4622],[27.2728,4.4706],[27.1884,4.4445],[27.1327,4.4716],[27.0779,4.4819],[27.0402,4.5074],[27.0308,4.5019],[27.0168,4.511],[26.9599,4.51],[26.9805,4.5621],[26.9683,4.5849],[26.9811,4.6042],[26.9767,4.636],[27.0278,4.6931],[26.9889,4.7522],[26.9774,4.7849],[27.0354,4.7972],[27.0464,4.8179],[27.0468,4.8384],[26.9988,4.8642],[26.9888,4.8848],[26.9823,4.9376],[26.9504,4.9758],[26.9661,4.9948],[26.947,4.9973],[26.9293,5.0108],[26.9314,5.034],[26.9409,5.0437],[26.9364,5.0815],[26.9875,5.0955],[26.9883,5.1219],[26.9701,5.1521],[27.0291,5.187],[27.0787,5.2041],[27.1581,5.1992]]]}},{"type":"Feature","properties":{"name":"Pawa","province":"Haut-Uele","key":"pawa"},"geometry":{"type":"Polygon","coordinates":[[[27.7639,2.684],[27.7829,2.666],[27.8057,2.66],[27.8363,2.5136],[27.857,2.4705],[27.8138,2.4565],[27.7947,2.4374],[27.7605,2.426],[27.6891,2.426],[27.6272,2.4022],[27.6206,2.3917],[27.6234,2.2918],[27.6091,2.2061],[27.6123,2.0922],[27.5971,2.0779],[27.5904,2.0546],[27.5796,2.0504],[27.5729,2.0563],[27.5612,2.0479],[27.5621,2.0329],[27.5421,2.0146],[27.5221,2.0146],[27.5129,1.9971],[27.4946,2.0088],[27.4921,2.0429],[27.4612,2.0812],[27.4529,2.0796],[27.4488,2.0613],[27.4271,2.0604],[27.4288,2.0387],[27.4113,2.0429],[27.4037,2.0604],[27.3904,2.0596],[27.3787,2.0688],[27.3659,2.0586],[27.3447,2.0754],[27.3481,2.0889],[27.3721,2.0994],[27.4131,2.2207],[27.3808,2.2971],[27.3956,2.3019],[27.4063,2.3272],[27.4765,2.3313],[27.4985,2.3458],[27.5113,2.3626],[27.5087,2.442],[27.5986,2.5343],[27.6178,2.5649],[27.6216,2.5915],[27.6319,2.5986],[27.647,2.5708],[27.6618,2.5606],[27.694,2.5862],[27.6939,2.6029],[27.7107,2.606],[27.7217,2.6219],[27.7423,2.6319],[27.7388,2.6534],[27.7591,2.686],[27.7639,2.684]]]}},{"type":"Feature","properties":{"name":"Niangara","province":"Haut-Uele","key":"niangara"},"geometry":{"type":"Polygon","coordinates":[[[27.8284,4.0611],[27.8433,4.0485],[27.8923,4.0377],[27.9586,4.0549],[27.9612,3.9988],[28.0365,3.9221],[28.0413,3.8782],[28.0528,3.8618],[28.0508,3.8439],[28.0865,3.8114],[28.1395,3.808],[28.1515,3.7918],[28.1475,3.7695],[28.1362,3.7728],[28.1376,3.7629],[28.1207,3.7631],[28.1172,3.7539],[28.0982,3.7456],[28.0732,3.7461],[28.0611,3.7546],[28.0457,3.7467],[28.1028,3.7253],[28.1468,3.7276],[28.1853,3.7189],[28.1958,3.7014],[28.2244,3.6887],[28.2274,3.6696],[28.2558,3.6238],[28.2554,3.6063],[28.2689,3.5957],[28.2842,3.5914],[28.3005,3.6066],[28.3298,3.6047],[28.3507,3.6507],[28.3672,3.6662],[28.4056,3.6581],[28.4192,3.6625],[28.437,3.6438],[28.4998,3.6339],[28.5419,3.6129],[28.5252,3.5677],[28.5207,3.5099],[28.4723,3.3854],[28.4967,3.3843],[28.5057,3.3759],[28.4938,3.3626],[28.5283,3.3231],[28.5187,3.3098],[28.4795,3.3089],[28.445,3.2953],[28.3928,3.322],[28.368,3.323],[28.3802,3.2997],[28.3724,3.2419],[28.3623,3.2134],[28.3218,3.1747],[28.3236,3.1478],[28.29,3.0678],[28.2888,3.0506],[28.3029,3.0393],[28.3264,3.04],[28.3309,2.9457],[28.303,2.9549],[28.3002,2.9388],[28.2828,2.9368],[28.2554,2.9503],[28.2586,2.96],[28.2286,2.9853],[28.227,3.0146],[28.2039,2.9975],[28.1981,2.9833],[28.1839,2.9816],[28.1622,2.9948],[28.1297,2.9883],[28.1162,3.0074],[28.0773,3.0268],[28.064,3.0493],[28.0377,3.0524],[28.0024,3.0737],[27.9964,3.0962],[28.0086,3.0981],[27.9891,3.1032],[27.9845,3.1124],[27.9795,3.1073],[27.9745,3.1188],[27.9875,3.1333],[27.9483,3.1367],[27.9406,3.151],[27.9428,3.168],[27.9229,3.1772],[27.9227,3.1869],[27.9014,3.1867],[27.8909,3.2002],[27.8877,3.1913],[27.8714,3.1996],[27.8689,3.1897],[27.8485,3.1931],[27.8304,3.2269],[27.839,3.2398],[27.8292,3.2421],[27.835,3.2578],[27.8231,3.2707],[27.8308,3.2769],[27.8004,3.281],[27.8047,3.295],[27.777,3.3095],[27.7628,3.3001],[27.7571,3.3061],[27.7539,3.2966],[27.7454,3.3054],[27.7099,3.304],[27.6955,3.3166],[27.6776,3.3083],[27.6543,3.3191],[27.6591,3.3046],[27.6453,3.2986],[27.6245,3.3127],[27.6089,3.3041],[27.5924,3.3177],[27.5808,3.2938],[27.5586,3.2967],[27.5531,3.2891],[27.5451,3.2965],[27.5288,3.2873],[27.5178,3.299],[27.5059,3.299],[27.491,3.29],[27.4899,3.2803],[27.4764,3.278],[27.4709,3.3015],[27.4624,3.3066],[27.456,3.3033],[27.4622,3.295],[27.4571,3.2865],[27.4219,3.2828],[27.421,3.2529],[27.404,3.2575],[27.4038,3.274],[27.3953,3.2713],[27.383,3.2618],[27.3915,3.246],[27.3647,3.2494],[27.3526,3.2298],[27.3329,3.2217],[27.3269,3.2401],[27.3093,3.2256],[27.3004,3.2272],[27.2834,3.2788],[27.2464,3.2775],[27.2435,3.2967],[27.2539,3.3205],[27.2729,3.3317],[27.2861,3.3727],[27.2803,3.413],[27.2945,3.4271],[27.2983,3.451],[27.3135,3.4575],[27.3191,3.4785],[27.374,3.5485],[27.3673,3.6233],[27.3216,3.6547],[27.3424,3.7316],[27.3226,3.7946],[27.3474,3.7898],[27.3659,3.7965],[27.3735,3.7843],[27.384,3.8007],[27.431,3.8118],[27.4525,3.78],[27.4658,3.7745],[27.4511,3.8053],[27.4594,3.8176],[27.4857,3.8229],[27.4956,3.8401],[27.5237,3.8418],[27.5292,3.8344],[27.5393,3.8466],[27.5345,3.857],[27.5535,3.869],[27.5592,3.8869],[27.5714,3.8851],[27.5785,3.8929],[27.5858,3.8805],[27.5991,3.8863],[27.6107,3.9302],[27.6185,3.9226],[27.6559,3.9264],[27.6673,3.9365],[27.6827,3.9296],[27.69,3.9379],[27.7045,3.9344],[27.7184,3.9577],[27.7491,3.9536],[27.7455,3.9738],[27.7659,3.969],[27.775,3.9789],[27.7863,3.9766],[27.7773,3.9929],[27.8046,4.0448],[27.7958,4.0542],[27.8158,4.0671],[27.8284,4.0611]]]}},{"type":"Feature","properties":{"name":"Rungu","province":"Haut-Uele","key":"rungu"},"geometry":{"type":"Polygon","coordinates":[[[27.6702,3.3096],[27.6955,3.3166],[27.7099,3.304],[27.7454,3.3054],[27.7539,3.2966],[27.7571,3.3061],[27.7628,3.3001],[27.777,3.3095],[27.8047,3.295],[27.8004,3.281],[27.8274,3.2815],[27.8231,3.2707],[27.8357,3.2541],[27.8292,3.2421],[27.839,3.2398],[27.8304,3.2269],[27.8485,3.1931],[27.8689,3.1897],[27.8714,3.1996],[27.8877,3.1913],[27.8909,3.2002],[27.9014,3.1867],[27.9227,3.1869],[27.9229,3.1772],[27.9428,3.168],[27.9406,3.151],[27.9483,3.1367],[27.9875,3.1333],[27.9745,3.1188],[27.9795,3.1073],[27.9845,3.1124],[27.9891,3.1032],[28.0086,3.0981],[27.9964,3.0962],[28.0024,3.0737],[28.0377,3.0524],[28.064,3.0493],[28.0773,3.0268],[28.1162,3.0074],[28.1297,2.9883],[28.1622,2.9948],[28.1839,2.9816],[28.1981,2.9833],[28.2039,2.9975],[28.227,3.0146],[28.2286,2.9853],[28.2586,2.96],[28.2554,2.9503],[28.2963,2.9363],[28.303,2.9549],[28.3178,2.9453],[28.3384,2.948],[28.346,2.937],[28.3444,2.9186],[28.3604,2.8944],[28.3865,2.885],[28.4,2.8919],[28.4446,2.8769],[28.4433,2.8684],[28.4632,2.8628],[28.4714,2.8272],[28.503,2.8251],[28.5023,2.7554],[28.44,2.7547],[28.4277,2.7421],[28.4312,2.6894],[28.4254,2.6785],[28.3556,2.642],[28.3545,2.6862],[28.3457,2.7066],[28.3297,2.716],[28.3213,2.6976],[28.2947,2.6938],[28.2904,2.7175],[28.2707,2.7476],[28.2508,2.7476],[28.2345,2.7283],[28.1867,2.7207],[28.1441,2.7004],[28.1377,2.6868],[28.1627,2.6702],[28.1821,2.6257],[28.1754,2.5925],[28.1515,2.5626],[28.1421,2.5542],[28.1064,2.5563],[28.1002,2.5482],[28.0975,2.5288],[28.1074,2.4899],[28.0742,2.4989],[28.0261,2.4717],[27.9982,2.4279],[27.9667,2.4443],[27.9269,2.4205],[27.9235,2.3952],[27.9328,2.386],[27.9244,2.3688],[27.9036,2.3586],[27.8974,2.3471],[27.888,2.3529],[27.8784,2.3672],[27.8831,2.392],[27.8778,2.4148],[27.8363,2.5136],[27.8035,2.6635],[27.7829,2.666],[27.7591,2.686],[27.7388,2.6534],[27.7423,2.6319],[27.7075,2.6059],[27.6512,2.6427],[27.6072,2.7069],[27.6094,2.729],[27.6358,2.749],[27.7074,2.7688],[27.7085,2.7865],[27.6887,2.8065],[27.6941,2.8486],[27.6027,2.8544],[27.6107,2.8647],[27.6444,2.8675],[27.6558,2.8798],[27.6609,2.9128],[27.552,2.9584],[27.5458,2.9897],[27.5682,2.9922],[27.5785,2.9849],[27.6735,3.0132],[27.6906,3.0561],[27.7048,3.0722],[27.7057,3.0798],[27.6924,3.0829],[27.663,3.0738],[27.6478,3.0779],[27.6601,3.1026],[27.6467,3.1421],[27.6609,3.186],[27.6551,3.2474],[27.6655,3.2769],[27.652,3.3154],[27.6616,3.3178],[27.6702,3.3096]]]}},{"type":"Feature","properties":{"name":"Mambasa","province":"Ituri","key":"mambasa"},"geometry":{"type":"Polygon","coordinates":[[[28.7457,2.3129],[28.753,2.3037],[28.799,2.3075],[28.9688,2.2705],[28.9811,2.2983],[28.9957,2.2923],[29.0116,2.3086],[29.1361,2.1248],[29.1766,1.9754],[29.1908,1.8599],[29.2242,1.7852],[29.2496,1.6479],[29.2229,1.6338],[29.2288,1.6254],[29.2187,1.6204],[29.2121,1.5971],[29.2263,1.5762],[29.2304,1.5512],[29.2404,1.5471],[29.2404,1.5262],[29.2204,1.4996],[29.2246,1.4796],[29.1912,1.4721],[29.1979,1.4671],[29.1954,1.4538],[29.1787,1.4304],[29.1638,1.4304],[29.1562,1.4079],[29.1363,1.4013],[29.1296,1.4096],[29.1102,1.4088],[29.1083,1.3986],[29.0764,1.3756],[29.0682,1.3461],[29.0731,1.2985],[29.0893,1.2444],[29.1002,1.2334],[29.0874,1.2348],[29.036,1.1536],[29.0095,1.1415],[29.0096,1.1304],[29.0346,1.1129],[29.0246,1.0929],[29.0379,1.0804],[29.0586,1.085],[29.0321,1.0197],[29.0345,0.9137],[29.0727,0.7837],[29.1061,0.7596],[29.1229,0.7138],[29.1017,0.6424],[29.0727,0.6288],[29.0676,0.6123],[29.0462,0.5895],[29.017,0.5839],[29.0055,0.5634],[28.9718,0.5629],[28.9009,0.5876],[28.6899,0.5707],[28.6604,0.5814],[28.6317,0.5449],[28.5919,0.5403],[28.555,0.5196],[28.5547,0.5442],[28.5233,0.5449],[28.507,0.5339],[28.4977,0.5447],[28.505,0.5667],[28.4769,0.5872],[28.4464,0.6297],[28.4233,0.6355],[28.3909,0.6635],[28.3781,0.6619],[28.3754,0.6778],[28.3377,0.6978],[28.1799,0.6846],[28.1659,0.8635],[28.2425,0.9912],[28.3478,1.0345],[28.3694,1.0176],[28.4316,1.1067],[28.4317,1.1362],[28.4146,1.1546],[28.4146,1.1679],[28.3913,1.1729],[28.3527,1.2224],[28.3121,1.2947],[28.2714,1.4103],[28.2117,1.485],[28.171,1.5525],[28.2213,1.6271],[28.2297,1.6839],[28.2092,1.683],[28.2155,1.6899],[28.1907,1.7378],[28.1881,1.7849],[28.1906,1.796],[28.2404,1.8347],[28.289,1.8543],[28.2986,1.8741],[28.3139,2.3361],[28.3491,2.3212],[28.3789,2.2964],[28.3996,2.2516],[28.5806,2.334],[28.6094,2.2691],[28.6281,2.2628],[28.6361,2.2414],[28.6812,2.2315],[28.7187,2.2041],[28.7388,2.205],[28.7648,2.1818],[28.7749,2.1946],[28.777,2.2266],[28.7507,2.2814],[28.7413,2.2839],[28.7093,2.3307],[28.7153,2.3337],[28.7457,2.3129]]]}},{"type":"Feature","properties":{"name":"Rimba","province":"Ituri","key":"rimba"},"geometry":{"type":"Polygon","coordinates":[[[30.8703,2.2783],[30.8565,2.2531],[30.8806,2.2152],[30.8658,2.2008],[30.8565,2.1995],[30.849,2.2126],[30.8419,2.2087],[30.8333,2.1677],[30.8353,2.1289],[30.812,2.1455],[30.7708,2.1565],[30.7302,2.1316],[30.7164,2.1296],[30.6992,2.1404],[30.65,2.1374],[30.6638,2.1801],[30.6404,2.2045],[30.6606,2.2613],[30.6886,2.292],[30.7503,2.2839],[30.7783,2.3138],[30.7883,2.3139],[30.8703,2.2783]]]}},{"type":"Feature","properties":{"name":"Logo","province":"Ituri","key":"logo"},"geometry":{"type":"Polygon","coordinates":[[[30.9934,2.1628],[30.9905,2.1371],[30.964,2.1033],[30.9618,2.0742],[30.9461,2.0332],[30.9074,2.074],[30.9192,2.1295],[30.9119,2.1409],[30.8868,2.1478],[30.8708,2.112],[30.8353,2.1289],[30.8333,2.1677],[30.8419,2.2087],[30.849,2.2126],[30.8565,2.1995],[30.8658,2.2008],[30.8806,2.2152],[30.8565,2.2531],[30.8578,2.2645],[30.8703,2.2783],[30.9215,2.2599],[30.9361,2.2635],[30.9692,2.2434],[30.9777,2.1997],[30.992,2.1892],[30.9934,2.1628]]]}},{"type":"Feature","properties":{"name":"Angumu","province":"Ituri","key":"angumu"},"geometry":{"type":"Polygon","coordinates":[[[31.0263,2.0752],[31.0442,2.0616],[31.1031,2.1023],[31.1485,2.0732],[31.1711,2.0774],[31.2006,2.0495],[31.2491,2.0247],[31.0349,1.759],[30.9962,1.796],[30.9796,1.8303],[30.9213,1.906],[30.9139,1.9284],[30.9237,1.9595],[30.9649,2.0027],[30.9461,2.0332],[30.981,2.1098],[31.0038,2.1173],[31.0263,2.0752]]]}},{"type":"Feature","properties":{"name":"Nyarambe","province":"Ituri","key":"nyarambe"},"geometry":{"type":"Polygon","coordinates":[[[31.1993,2.2885],[31.203,2.224],[31.3049,2.157],[31.3049,2.119],[31.2491,2.0247],[31.2006,2.0495],[31.1711,2.0774],[31.1485,2.0732],[31.1031,2.1023],[31.0442,2.0616],[31.027,2.0723],[31.0038,2.1173],[30.9949,2.1176],[30.981,2.1098],[30.9626,2.0781],[30.964,2.1033],[30.9905,2.1371],[30.9934,2.1628],[31.0312,2.175],[31.0569,2.1714],[31.0667,2.2031],[31.0976,2.2549],[31.1012,2.2853],[31.127,2.269],[31.14,2.286],[31.162,2.284],[31.19,2.296],[31.199,2.296],[31.1993,2.2885]]]}},{"type":"Feature","properties":{"name":"Mahagi","province":"Ituri","key":"mahagi"},"geometry":{"type":"Polygon","coordinates":[[[30.924,2.3373],[30.937,2.34],[30.944,2.393],[30.961,2.406],[30.9844,2.4088],[31.0218,2.3834],[31.0354,2.3854],[31.057,2.3655],[31.076,2.303],[31.1012,2.2853],[31.0976,2.2549],[31.0667,2.2031],[31.0569,2.1714],[31.0312,2.175],[30.9934,2.1628],[30.992,2.1892],[30.9777,2.1997],[30.9692,2.2434],[30.9361,2.2635],[30.9215,2.2599],[30.7783,2.3138],[30.7537,2.3365],[30.7577,2.4115],[30.7658,2.4222],[30.761,2.437],[30.775,2.441],[30.834,2.426],[30.881,2.346],[30.924,2.3373]]]}},{"type":"Feature","properties":{"name":"Makoro","province":"Haut-Uele","key":"makoro"},"geometry":{"type":"Polygon","coordinates":[[[30.0473,3.391],[30.0698,3.3938],[30.0775,3.3829],[30.1187,3.3626],[30.1395,3.3276],[30.163,3.33],[30.1732,3.3411],[30.1976,3.3227],[30.1929,3.3146],[30.2038,3.3146],[30.2221,3.2929],[30.2337,3.2904],[30.2404,3.3063],[30.2612,3.3063],[30.2807,3.2886],[30.2904,3.3012],[30.332,3.3049],[30.3465,3.292],[30.3429,3.2678],[30.3591,3.2295],[30.2802,3.152],[30.2341,3.0881],[30.1702,3.0537],[30.1396,3.0254],[30.1612,2.9991],[30.1751,2.9471],[30.2063,2.9228],[30.1887,2.9046],[30.1299,2.9063],[30.1169,2.8981],[30.1119,2.882],[30.1147,2.8746],[30.1662,2.8782],[30.1942,2.8714],[30.2012,2.8855],[30.2107,2.8769],[30.2137,2.8245],[30.205,2.8163],[30.1605,2.8177],[30.1486,2.8024],[30.1856,2.7681],[30.1793,2.7371],[30.1853,2.7099],[30.2086,2.6693],[30.2133,2.6045],[30.2083,2.593],[30.1847,2.5843],[30.149,2.5879],[30.1441,2.6303],[30.0822,2.6211],[30.0636,2.6266],[30.0454,2.6878],[29.9899,2.7276],[29.9826,2.7639],[29.9505,2.7697],[29.9406,2.7841],[29.9705,2.825],[29.9706,2.8509],[29.9608,2.8666],[29.8903,2.8678],[29.816,2.8523],[29.793,2.8399],[29.7695,2.8473],[29.7307,2.9157],[29.7174,3.0053],[29.6724,3.0592],[29.6827,3.0763],[29.7733,3.0667],[29.8133,3.0251],[29.8943,3.0038],[29.9078,2.984],[29.9252,2.9851],[29.9457,2.9706],[29.9542,2.9524],[29.9647,2.9561],[29.9697,2.9738],[29.9501,3.0217],[29.8274,3.0514],[29.76,3.1141],[29.7443,3.1402],[29.7246,3.149],[29.7026,3.1478],[29.6849,3.1355],[29.6611,3.1594],[29.687,3.1957],[29.679,3.2118],[29.6843,3.224],[29.722,3.1985],[29.7464,3.231],[29.7483,3.2511],[29.7327,3.2525],[29.73,3.2638],[29.7037,3.2859],[29.7126,3.3008],[29.7197,3.2951],[29.7204,3.3061],[29.7431,3.3059],[29.7775,3.3267],[29.802,3.3126],[29.8301,3.3186],[29.84,3.3321],[29.8514,3.3222],[29.8581,3.3404],[29.8469,3.3386],[29.8476,3.3498],[29.8636,3.3551],[29.8657,3.3638],[29.8932,3.3583],[29.9072,3.3707],[29.9264,3.3665],[29.9569,3.3837],[29.9704,3.3825],[29.9766,3.3728],[29.9942,3.3795],[30.0,3.369],[30.0131,3.3826],[30.0178,3.3725],[30.0347,3.3929],[30.0473,3.391]]]}},{"type":"Feature","properties":{"name":"Kambala","province":"Ituri","key":"kambala"},"geometry":{"type":"Polygon","coordinates":[[[30.1726,2.4617],[30.2024,2.4655],[30.2139,2.4497],[30.2545,2.4311],[30.2662,2.4416],[30.2742,2.4657],[30.2917,2.4685],[30.3179,2.4412],[30.3181,2.4043],[30.3094,2.3806],[30.3359,2.3827],[30.3873,2.3974],[30.4025,2.4369],[30.3932,2.475],[30.4651,2.4929],[30.4979,2.4687],[30.5187,2.4713],[30.5761,2.4475],[30.5999,2.4481],[30.6506,2.4335],[30.6779,2.3971],[30.7783,2.3138],[30.7503,2.2839],[30.6886,2.292],[30.6606,2.2613],[30.6396,2.201],[30.6638,2.1801],[30.65,2.1374],[30.5397,2.1923],[30.5126,2.1736],[30.4978,2.1486],[30.4494,2.156],[30.4466,2.193],[30.4041,2.1801],[30.3957,2.1933],[30.4,2.2046],[30.4344,2.2123],[30.4397,2.2324],[30.3867,2.2884],[30.3506,2.2708],[30.314,2.2804],[30.3152,2.3166],[30.2747,2.3021],[30.269,2.3111],[30.2732,2.3281],[30.2628,2.3401],[30.2523,2.3791],[30.2349,2.3815],[30.1894,2.4168],[30.181,2.4107],[30.1726,2.3812],[30.1656,2.3886],[30.1256,2.3699],[30.1355,2.4831],[30.1454,2.5072],[30.1688,2.4808],[30.1726,2.4617]]]}},{"type":"Feature","properties":{"name":"Biringi","province":"Ituri","key":"biringi"},"geometry":{"type":"Polygon","coordinates":[[[30.3977,2.9573],[30.3727,2.9147],[30.4355,2.9112],[30.4708,2.9237],[30.5281,2.9156],[30.6045,2.9288],[30.6126,2.9002],[30.5875,2.8219],[30.5811,2.7537],[30.5625,2.7126],[30.5488,2.7103],[30.5295,2.7292],[30.4814,2.7269],[30.4372,2.8142],[30.3984,2.8302],[30.3654,2.8897],[30.3307,2.8871],[30.3224,2.8744],[30.3397,2.8565],[30.3652,2.8599],[30.3866,2.8222],[30.382,2.7898],[30.4079,2.7606],[30.4276,2.7175],[30.4426,2.5988],[30.4272,2.5644],[30.4254,2.517],[30.3925,2.4727],[30.4025,2.4369],[30.3873,2.3974],[30.3094,2.3806],[30.3181,2.4043],[30.3179,2.4412],[30.3065,2.4589],[30.2917,2.4685],[30.2742,2.4657],[30.2662,2.4416],[30.2545,2.4311],[30.2139,2.4497],[30.2024,2.4655],[30.1726,2.4617],[30.1688,2.4808],[30.1454,2.5072],[30.1871,2.5558],[30.1942,2.5728],[30.1847,2.5843],[30.2083,2.593],[30.2133,2.6045],[30.2086,2.6693],[30.1853,2.7099],[30.1793,2.7371],[30.1856,2.7681],[30.1486,2.8024],[30.1605,2.8177],[30.205,2.8163],[30.2137,2.8245],[30.2107,2.8769],[30.1986,2.8855],[30.1942,2.8714],[30.1662,2.8782],[30.1147,2.8746],[30.1132,2.8923],[30.1299,2.9063],[30.1887,2.9046],[30.2063,2.9228],[30.1915,2.9343],[30.2106,2.9728],[30.2287,2.9545],[30.2823,2.9751],[30.3433,2.9827],[30.3889,2.9675],[30.3977,2.9573]]]}},{"type":"Feature","properties":{"name":"Laybo","province":"Ituri","key":"laybo"},"geometry":{"type":"Polygon","coordinates":[[[30.5984,3.597],[30.5783,3.5657],[30.5537,3.4845],[30.5639,3.4606],[30.5581,3.4084],[30.5985,3.4018],[30.6141,3.3913],[30.6235,3.368],[30.6219,3.3224],[30.6297,3.3128],[30.6831,3.309],[30.7165,3.2908],[30.7041,3.2679],[30.6757,3.2582],[30.6489,3.2221],[30.6197,3.2049],[30.6156,3.1876],[30.628,3.1484],[30.6007,3.1145],[30.599,3.0937],[30.577,3.08],[30.5172,3.0801],[30.4948,3.149],[30.4436,3.168],[30.4145,3.1971],[30.3591,3.2295],[30.3429,3.2678],[30.3465,3.292],[30.337,3.3048],[30.3547,3.3231],[30.3681,3.3571],[30.3668,3.4075],[30.4009,3.3924],[30.4231,3.4327],[30.3949,3.4569],[30.3743,3.5016],[30.3705,3.5336],[30.3832,3.5487],[30.4084,3.5462],[30.4314,3.5621],[30.4557,3.5591],[30.541,3.5949],[30.5984,3.597]]]}},{"type":"Feature","properties":{"name":"Ariwara","province":"Ituri","key":"ariwara"},"geometry":{"type":"Polygon","coordinates":[[[30.8969,3.3849],[30.8951,3.3649],[30.9029,3.356],[30.89,3.34],[30.8707,3.2799],[30.843,3.274],[30.829,3.255],[30.779,3.068],[30.763,3.048],[30.7702,3.0303],[30.7468,3.0023],[30.7056,2.9974],[30.6913,2.9881],[30.6592,3.0417],[30.6306,3.0531],[30.6306,3.0745],[30.599,3.0937],[30.6007,3.1145],[30.628,3.1484],[30.6156,3.1876],[30.6197,3.2049],[30.6489,3.2221],[30.6757,3.2582],[30.7041,3.2679],[30.732,3.3115],[30.7858,3.2909],[30.815,3.3431],[30.8341,3.341],[30.8427,3.3688],[30.8969,3.3849]]]}},{"type":"Feature","properties":{"name":"Adi","province":"Ituri","key":"adi"},"geometry":{"type":"Polygon","coordinates":[[[30.9029,3.356],[30.8951,3.3649],[30.8969,3.3849],[30.8427,3.3688],[30.8341,3.341],[30.815,3.3431],[30.7858,3.2909],[30.732,3.3115],[30.7165,3.2908],[30.6831,3.309],[30.6297,3.3128],[30.6219,3.3224],[30.6235,3.368],[30.6141,3.3913],[30.5985,3.4018],[30.5581,3.4084],[30.5639,3.4606],[30.5537,3.4845],[30.5783,3.5657],[30.5985,3.597],[30.667,3.636],[30.719,3.621],[30.735,3.624],[30.755,3.666],[30.771,3.675],[30.784,3.657],[30.786,3.621],[30.799,3.59],[30.862,3.563],[30.846,3.508],[30.854,3.486],[30.868,3.481],[30.909,3.505],[30.929,3.496],[30.936,3.402],[30.9029,3.356]]]}},{"type":"Feature","properties":{"name":"Aru","province":"Ituri","key":"aru"},"geometry":{"type":"Polygon","coordinates":[[[30.8005,2.6853],[30.7839,2.6914],[30.7523,2.7288],[30.7269,2.7139],[30.6931,2.7462],[30.6793,2.7492],[30.6331,2.6776],[30.6196,2.6697],[30.6069,2.6739],[30.5994,2.706],[30.6209,2.7213],[30.6258,2.7434],[30.6403,2.7443],[30.6423,2.759],[30.6079,2.7738],[30.5817,2.7585],[30.5798,2.7682],[30.5875,2.8219],[30.6126,2.9002],[30.6102,2.927],[30.6179,2.9292],[30.6237,2.9459],[30.654,2.9811],[30.6841,2.9811],[30.7056,2.9974],[30.7468,3.0023],[30.7703,3.0303],[30.788,3.01],[30.812,3.0],[30.846,2.962],[30.864,2.912],[30.8904,2.8714],[30.87,2.801],[30.829,2.756],[30.8005,2.6853]]]}},{"type":"Feature","properties":{"name":"Adja","province":"Ituri","key":"adja"},"geometry":{"type":"Polygon","coordinates":[[[30.4436,3.168],[30.4948,3.149],[30.5172,3.0801],[30.577,3.08],[30.599,3.0937],[30.6192,3.0838],[30.6306,3.0745],[30.6363,3.0467],[30.6592,3.0417],[30.6799,3.016],[30.6906,2.9974],[30.6841,2.9811],[30.6481,2.9773],[30.6179,2.9292],[30.5281,2.9156],[30.4708,2.9237],[30.4355,2.9112],[30.3727,2.9147],[30.3977,2.9573],[30.3889,2.9675],[30.3433,2.9827],[30.2823,2.9751],[30.2287,2.9545],[30.2106,2.9728],[30.1915,2.9343],[30.1751,2.9471],[30.1612,2.9991],[30.1396,3.0254],[30.1702,3.0537],[30.2341,3.0881],[30.2802,3.152],[30.3591,3.2295],[30.4145,3.1971],[30.4436,3.168]]]}},{"type":"Feature","properties":{"name":"Aungba","province":"Ituri","key":"aungba"},"geometry":{"type":"Polygon","coordinates":[[[30.3745,2.8731],[30.3984,2.8302],[30.4372,2.8142],[30.4814,2.7269],[30.5295,2.7292],[30.5488,2.7103],[30.5625,2.7126],[30.5817,2.7585],[30.6079,2.7738],[30.6235,2.7714],[30.6433,2.7513],[30.6403,2.7443],[30.6258,2.7434],[30.6209,2.7213],[30.5994,2.706],[30.6069,2.6739],[30.6196,2.6697],[30.6331,2.6776],[30.6793,2.7492],[30.6931,2.7462],[30.7269,2.7139],[30.7523,2.7288],[30.7839,2.6914],[30.8005,2.6853],[30.773,2.609],[30.755,2.588],[30.761,2.512],[30.746,2.469],[30.753,2.439],[30.761,2.437],[30.7658,2.4222],[30.7577,2.4115],[30.7537,2.3365],[30.6779,2.3971],[30.6506,2.4335],[30.5999,2.4481],[30.5761,2.4475],[30.5187,2.4713],[30.4979,2.4687],[30.4651,2.4929],[30.3932,2.475],[30.4254,2.517],[30.4272,2.5644],[30.4426,2.5988],[30.4276,2.7175],[30.4079,2.7606],[30.382,2.7898],[30.3866,2.8222],[30.3652,2.8599],[30.3397,2.8565],[30.3224,2.8744],[30.3307,2.8871],[30.3509,2.8915],[30.3654,2.8897],[30.3745,2.8731]]]}},{"type":"Feature","properties":{"name":"Faradje","province":"Haut-Uele","key":"faradje"},"geometry":{"type":"Polygon","coordinates":[[[29.8161,4.3798],[29.8338,4.3763],[29.8646,4.3518],[29.9147,4.3558],[29.9484,4.3348],[29.9792,4.3078],[29.9784,4.2781],[29.9672,4.2569],[29.9698,4.233],[29.9791,4.2209],[30.0171,4.2099],[30.03,4.1925],[30.0388,4.1571],[30.0572,4.1394],[30.1085,4.1178],[30.1691,4.1073],[30.1802,4.0923],[30.1734,4.0304],[30.1921,4.0092],[30.1741,4.0012],[30.1779,3.9716],[30.1264,3.9491],[30.0986,3.9184],[30.1064,3.8755],[30.113,3.8702],[30.141,3.8746],[30.1517,3.8399],[30.1077,3.7799],[30.0988,3.6205],[30.1855,3.4075],[30.2085,3.3217],[30.1883,3.3259],[30.1732,3.3411],[30.163,3.33],[30.1395,3.3276],[30.1187,3.3626],[30.0775,3.3829],[30.0698,3.3938],[30.0381,3.3939],[30.0178,3.3725],[30.0131,3.3826],[30.0,3.369],[29.9942,3.3795],[29.9766,3.3728],[29.9704,3.3825],[29.9569,3.3837],[29.9264,3.3665],[29.9072,3.3707],[29.8932,3.3583],[29.8657,3.3638],[29.8636,3.3551],[29.8476,3.3498],[29.8469,3.3386],[29.8581,3.3404],[29.8514,3.3222],[29.84,3.3321],[29.8301,3.3186],[29.802,3.3126],[29.7775,3.3267],[29.7431,3.3059],[29.7204,3.3061],[29.7197,3.2951],[29.6969,3.3214],[29.6838,3.3251],[29.6842,3.3138],[29.6733,3.3157],[29.6499,3.2927],[29.6686,3.283],[29.6634,3.2798],[29.6675,3.2666],[29.6535,3.2784],[29.6326,3.2635],[29.6308,3.2745],[29.618,3.2835],[29.6061,3.2769],[29.5919,3.281],[29.5714,3.3092],[29.5753,3.3324],[29.5618,3.3524],[29.5515,3.349],[29.5456,3.3578],[29.5439,3.3451],[29.5249,3.341],[29.5169,3.3525],[29.4601,3.3536],[29.4274,3.3711],[29.3969,3.358],[29.3711,3.3776],[29.3481,3.3835],[29.3707,3.4132],[29.3937,3.4828],[29.407,3.4892],[29.4309,3.4859],[29.4431,3.4992],[29.468,3.5641],[29.4715,3.6039],[29.4369,3.6286],[29.431,3.6524],[29.5504,3.6952],[29.5636,3.6754],[29.6065,3.6852],[29.6331,3.7352],[29.6979,3.773],[29.6878,3.7933],[29.6654,3.7961],[29.6462,3.8221],[29.6492,3.8378],[29.6227,3.859],[29.6462,3.9071],[29.6416,3.939],[29.6096,3.9623],[29.5613,3.9775],[29.5555,3.9938],[29.5949,4.0096],[29.6181,4.0077],[29.6442,4.0297],[29.6589,4.0327],[29.6716,4.0748],[29.6673,4.1227],[29.6781,4.1441],[29.6738,4.16],[29.691,4.1864],[29.6842,4.2124],[29.6908,4.2341],[29.7104,4.2519],[29.7432,4.2616],[29.7644,4.2813],[29.803,4.3487],[29.8103,4.3875],[29.8161,4.3798]]]}},{"type":"Feature","properties":{"name":"Gombari","province":"Haut-Uele","key":"gombari"},"geometry":{"type":"Polygon","coordinates":[[[29.18,3.4688],[29.1909,3.4493],[29.206,3.4446],[29.2196,3.4271],[29.2187,3.4096],[29.2871,3.3504],[29.3004,3.2996],[29.3288,3.2846],[29.3529,3.2829],[29.3862,3.2946],[29.4229,3.2929],[29.4346,3.3104],[29.4719,3.33],[29.4799,3.3064],[29.4896,3.3088],[29.4882,3.2874],[29.4962,3.2863],[29.5136,3.2556],[29.4989,3.2319],[29.5135,3.2315],[29.4998,3.2135],[29.5059,3.2052],[29.4942,3.1769],[29.5118,3.1636],[29.5104,3.1382],[29.526,3.1368],[29.514,3.1014],[29.5193,3.0943],[29.5002,3.0683],[29.4608,3.0532],[29.4627,3.0654],[29.4458,3.0905],[29.4254,3.1078],[29.4101,3.1076],[29.37,3.0984],[29.3633,3.0746],[29.32,3.0532],[29.315,3.012],[29.322,2.9862],[29.3494,2.9365],[29.3908,2.8285],[29.3688,2.77],[29.3776,2.6842],[29.393,2.6722],[29.5245,2.6554],[29.7067,2.6585],[29.7465,2.6331],[29.7304,2.576],[29.6328,2.4819],[29.6316,2.4913],[29.6215,2.4937],[29.5872,2.4882],[29.5744,2.4949],[29.549,2.4929],[29.4792,2.4674],[29.4794,2.4601],[29.4529,2.4524],[29.4439,2.4362],[29.4215,2.4353],[29.4103,2.4236],[29.3336,2.414],[29.3103,2.418],[29.2984,2.4343],[29.2724,2.4436],[29.2687,2.4661],[29.2292,2.5437],[29.2086,2.5379],[29.203,2.5295],[29.2043,2.4557],[29.1752,2.4013],[29.1479,2.4447],[29.1272,2.4568],[29.1104,2.4456],[29.0938,2.452],[29.0867,2.4436],[29.0955,2.4258],[29.0721,2.4372],[29.0399,2.4218],[29.0439,2.4041],[29.0317,2.3948],[29.0191,2.4188],[28.9903,2.4066],[28.9697,2.4292],[28.9875,2.3728],[28.9982,2.365],[29.0005,2.3436],[28.9688,2.2705],[28.799,2.3075],[28.753,2.3037],[28.7094,2.3362],[28.7231,2.3072],[28.7507,2.2814],[28.777,2.2266],[28.7749,2.1946],[28.7648,2.1818],[28.7388,2.205],[28.7187,2.2041],[28.6812,2.2315],[28.6361,2.2414],[28.6281,2.2628],[28.6094,2.2691],[28.5806,2.334],[28.3996,2.2516],[28.3789,2.2964],[28.3221,2.3352],[28.3335,2.342],[28.3637,2.3408],[28.3618,2.3542],[28.3477,2.3639],[28.3542,2.3929],[28.3479,2.4167],[28.3685,2.4591],[28.3547,2.4659],[28.3336,2.4627],[28.3544,2.484],[28.3739,2.5568],[28.3433,2.5659],[28.3355,2.5833],[28.3149,2.5781],[28.3116,2.5873],[28.3222,2.6078],[28.3393,2.6148],[28.3337,2.6411],[28.3662,2.6443],[28.4254,2.6785],[28.4312,2.6894],[28.4277,2.7421],[28.44,2.7547],[28.5023,2.7554],[28.503,2.8251],[28.5124,2.8196],[28.5375,2.8373],[28.5218,2.8801],[28.5492,2.8872],[28.5533,2.8554],[28.5666,2.8426],[28.559,2.8126],[28.5659,2.8007],[28.5883,2.8372],[28.6069,2.843],[28.6002,2.8586],[28.6348,2.8568],[28.6529,2.8727],[28.6765,2.8381],[28.684,2.8515],[28.7037,2.851],[28.7099,2.8784],[28.6914,2.8871],[28.7117,2.9325],[28.7351,2.9435],[28.7476,2.9677],[28.7441,3.0261],[28.756,3.0461],[28.7935,3.0512],[28.8457,3.0423],[28.8769,3.0702],[28.8813,3.1121],[28.9135,3.1217],[28.9415,3.1523],[28.9748,3.2336],[29.0459,3.2796],[29.1253,3.3767],[29.1341,3.3972],[29.1215,3.4502],[29.158,3.484],[29.18,3.4688]]]}},{"type":"Feature","properties":{"name":"Dungu","province":"Haut-Uele","key":"dungu"},"geometry":{"type":"Polygon","coordinates":[[[29.5375,4.6785],[29.6501,4.6657],[29.7332,4.6054],[29.7897,4.6024],[29.8408,4.5689],[29.8151,4.515],[29.803,4.3487],[29.7644,4.2813],[29.7432,4.2616],[29.7104,4.2519],[29.6908,4.2341],[29.6842,4.2124],[29.691,4.1864],[29.6738,4.16],[29.6781,4.1441],[29.6673,4.1227],[29.6716,4.0748],[29.6589,4.0327],[29.6442,4.0297],[29.6181,4.0077],[29.5949,4.0096],[29.5555,3.9938],[29.5613,3.9775],[29.6096,3.9623],[29.6416,3.939],[29.6462,3.9071],[29.6227,3.859],[29.6492,3.8378],[29.6462,3.8221],[29.6654,3.7961],[29.6878,3.7933],[29.6979,3.773],[29.6331,3.7352],[29.6065,3.6852],[29.5636,3.6754],[29.5504,3.6952],[29.431,3.6524],[29.4369,3.6286],[29.4715,3.6039],[29.468,3.5641],[29.4431,3.4992],[29.4309,3.4859],[29.407,3.4892],[29.3937,3.4828],[29.3707,3.4132],[29.3481,3.3835],[29.315,3.3929],[29.2583,3.4539],[29.2459,3.4443],[29.2175,3.443],[29.2129,3.4338],[29.158,3.484],[29.1392,3.4693],[29.1209,3.4456],[29.1341,3.3972],[29.1253,3.3767],[29.0459,3.2796],[28.9748,3.2336],[28.9415,3.1523],[28.9135,3.1217],[28.8813,3.1121],[28.8769,3.0702],[28.8457,3.0423],[28.7935,3.0512],[28.756,3.0461],[28.7441,3.0261],[28.7476,2.9677],[28.7351,2.9435],[28.7117,2.9325],[28.6914,2.8871],[28.7099,2.8784],[28.7037,2.851],[28.684,2.8515],[28.6765,2.8381],[28.6529,2.8727],[28.6348,2.8568],[28.6002,2.8586],[28.6069,2.843],[28.5883,2.8372],[28.5659,2.8007],[28.559,2.8126],[28.5666,2.8426],[28.5533,2.8554],[28.5492,2.8872],[28.5195,2.8785],[28.5375,2.8373],[28.5124,2.8196],[28.5007,2.8274],[28.4714,2.8272],[28.4632,2.8628],[28.4433,2.8684],[28.4446,2.8769],[28.4,2.8919],[28.3936,2.8847],[28.3684,2.8886],[28.3478,2.9114],[28.346,2.937],[28.3384,2.948],[28.3309,2.9457],[28.3264,2.9596],[28.3332,2.9897],[28.3264,3.04],[28.3029,3.0393],[28.2888,3.0506],[28.29,3.0678],[28.3236,3.1478],[28.3218,3.1747],[28.3623,3.2134],[28.3724,3.2419],[28.3802,3.2997],[28.368,3.323],[28.3928,3.322],[28.445,3.2953],[28.4795,3.3089],[28.5187,3.3098],[28.5283,3.3231],[28.4938,3.3626],[28.5057,3.3759],[28.4967,3.3843],[28.4723,3.3854],[28.5207,3.5099],[28.5252,3.5677],[28.5419,3.6129],[28.4998,3.6339],[28.437,3.6438],[28.4192,3.6625],[28.4056,3.6581],[28.3672,3.6662],[28.3507,3.6507],[28.3298,3.6047],[28.3005,3.6066],[28.2792,3.5911],[28.2554,3.6063],[28.2558,3.6238],[28.2274,3.6696],[28.2244,3.6887],[28.1958,3.7014],[28.1853,3.7189],[28.1468,3.7276],[28.1028,3.7253],[28.0457,3.7467],[28.0611,3.7546],[28.0732,3.7461],[28.0982,3.7456],[28.1172,3.7539],[28.1207,3.7631],[28.1376,3.7629],[28.1362,3.7728],[28.1475,3.7695],[28.1523,3.7827],[28.1829,3.7829],[28.2621,3.8304],[28.2804,3.8187],[28.3071,3.8237],[28.3304,3.8504],[28.3438,3.8521],[28.4146,3.9054],[28.4504,3.9104],[28.4579,3.9237],[28.4788,3.9296],[28.5021,3.9271],[28.4979,3.9579],[28.5179,3.9571],[28.5479,3.9871],[28.5479,3.9987],[28.5879,4.0279],[28.6013,4.0504],[28.6246,4.0529],[28.6163,4.0629],[28.6196,4.0746],[28.6421,4.0971],[28.6888,4.1896],[28.7329,4.2162],[28.7292,4.2306],[28.7007,4.2634],[28.6829,4.2723],[28.6704,4.2634],[28.6597,4.2705],[28.6097,4.267],[28.508,4.2973],[28.4935,4.3198],[28.5117,4.3613],[28.5239,4.3716],[28.5823,4.3782],[28.5932,4.4083],[28.6036,4.4158],[28.6596,4.4251],[28.6792,4.4369],[28.7026,4.4718],[28.7043,4.4998],[28.719,4.5386],[28.7589,4.5469],[28.787,4.5713],[28.8049,4.5662],[28.8211,4.5406],[28.8264,4.5151],[28.8184,4.4977],[28.8303,4.4893],[28.8839,4.4943],[28.9428,4.4789],[29.0347,4.4889],[29.0545,4.465],[29.0938,4.4495],[29.0885,4.4309],[29.0945,4.4261],[29.1392,4.4275],[29.1506,4.4017],[29.1805,4.3711],[29.2146,4.3526],[29.2538,4.3648],[29.2734,4.3974],[29.3103,4.3921],[29.327,4.4066],[29.413,4.5073],[29.4639,4.5868],[29.4752,4.6079],[29.4685,4.6385],[29.4755,4.6674],[29.4945,4.6849],[29.5201,4.6862],[29.5375,4.6785]]]}},{"type":"Feature","properties":{"name":"Watsa","province":"Haut-Uele","key":"watsa"},"geometry":{"type":"Polygon","coordinates":[[[29.2658,3.4452],[29.315,3.3929],[29.3711,3.3776],[29.3969,3.358],[29.4274,3.3711],[29.4601,3.3536],[29.5169,3.3525],[29.5249,3.341],[29.5439,3.3451],[29.5456,3.3578],[29.5515,3.349],[29.5618,3.3524],[29.5753,3.3324],[29.5714,3.3092],[29.5919,3.281],[29.6061,3.2769],[29.618,3.2835],[29.6308,3.2745],[29.6326,3.2635],[29.6535,3.2784],[29.6675,3.2666],[29.6634,3.2798],[29.6686,3.283],[29.6499,3.2927],[29.6733,3.3157],[29.6842,3.3138],[29.6838,3.3251],[29.7058,3.3131],[29.7126,3.3008],[29.7037,3.2859],[29.73,3.2638],[29.7327,3.2525],[29.7483,3.2511],[29.7464,3.231],[29.722,3.1985],[29.6843,3.224],[29.679,3.2118],[29.687,3.1957],[29.6611,3.1594],[29.6849,3.1355],[29.7026,3.1478],[29.7246,3.149],[29.7443,3.1402],[29.76,3.1141],[29.8274,3.0514],[29.9501,3.0217],[29.9697,2.9738],[29.9671,2.9587],[29.9542,2.9524],[29.9457,2.9706],[29.9252,2.9851],[29.9078,2.984],[29.8943,3.0038],[29.8133,3.0251],[29.7733,3.0667],[29.6827,3.0763],[29.6724,3.0592],[29.7174,3.0053],[29.7307,2.9157],[29.7578,2.8639],[29.7695,2.8473],[29.793,2.8399],[29.816,2.8523],[29.8903,2.8678],[29.9608,2.8666],[29.9706,2.8509],[29.9705,2.825],[29.9406,2.7841],[29.9505,2.7697],[29.9826,2.7639],[29.9899,2.7276],[30.0454,2.6878],[30.0636,2.6266],[30.0822,2.6211],[30.1441,2.6303],[30.149,2.5879],[30.1847,2.5843],[30.1942,2.5728],[30.1871,2.5558],[30.1444,2.5115],[30.1355,2.4831],[30.1256,2.3699],[30.0722,2.3603],[30.0572,2.3689],[30.0273,2.283],[29.9978,2.2794],[29.9875,2.2713],[29.9824,2.2488],[29.9712,2.2514],[29.9667,2.2447],[29.9468,2.2675],[29.9298,2.2498],[29.9144,2.1866],[29.8792,2.186],[29.875,2.1756],[29.8706,2.1837],[29.8514,2.1483],[29.869,2.1467],[29.8713,2.1197],[29.9035,2.1095],[29.8972,2.0562],[29.8687,2.0804],[29.8399,2.0782],[29.8088,2.0916],[29.765,2.1526],[29.717,2.1895],[29.6903,2.1976],[29.623,2.1872],[29.6133,2.1894],[29.61,2.2007],[29.6101,2.2106],[29.6212,2.2141],[29.6074,2.2837],[29.6455,2.2707],[29.6651,2.2862],[29.6412,2.3246],[29.6476,2.3331],[29.6392,2.3735],[29.65,2.4253],[29.6328,2.4819],[29.7304,2.576],[29.7465,2.6331],[29.7067,2.6585],[29.5245,2.6554],[29.393,2.6722],[29.3776,2.6842],[29.3688,2.77],[29.3908,2.8285],[29.3494,2.9365],[29.322,2.9862],[29.315,3.012],[29.32,3.0532],[29.3633,3.0746],[29.37,3.0984],[29.4101,3.1076],[29.4254,3.1078],[29.4458,3.0905],[29.4627,3.0654],[29.4608,3.0532],[29.5002,3.0683],[29.5193,3.0943],[29.514,3.1014],[29.526,3.1368],[29.5104,3.1382],[29.5118,3.1636],[29.4942,3.1769],[29.5059,3.2052],[29.4998,3.2135],[29.5135,3.2315],[29.4989,3.2319],[29.5136,3.2556],[29.4962,3.2863],[29.4882,3.2874],[29.4896,3.3088],[29.4799,3.3064],[29.4719,3.33],[29.4346,3.3104],[29.4229,3.2929],[29.3862,3.2946],[29.3529,3.2829],[29.3288,3.2846],[29.3004,3.2996],[29.2871,3.3504],[29.2187,3.4096],[29.2129,3.4338],[29.2175,3.443],[29.2459,3.4443],[29.2583,3.4539],[29.2658,3.4452]]]}},{"type":"Feature","properties":{"name":"Likati","province":"Bas-Uele","key":"likati"},"geometry":{"type":"Polygon","coordinates":[[[23.24,3.7332],[23.2818,3.7224],[23.2896,3.7095],[23.2737,3.6951],[23.2692,3.6735],[23.2768,3.674],[23.2916,3.6471],[23.3233,3.6294],[23.3187,3.6008],[23.3426,3.5901],[23.3681,3.5334],[23.5198,3.5345],[23.5973,3.5092],[23.619,3.5565],[23.6404,3.5769],[23.704,3.5569],[23.714,3.5847],[23.7258,3.5878],[23.7487,3.5708],[23.769,3.567],[23.7918,3.5774],[23.8269,3.6204],[23.8571,3.59],[23.878,3.6227],[23.8994,3.6172],[23.945,3.6622],[23.9428,3.7063],[23.9539,3.724],[23.992,3.7302],[24.0195,3.7195],[24.0318,3.7279],[24.0548,3.7156],[24.071,3.7214],[24.1124,3.7034],[24.1631,3.7191],[24.232,3.7015],[24.2477,3.6721],[24.2647,3.6634],[24.3002,3.6206],[24.3155,3.616],[24.3253,3.5901],[24.3563,3.5697],[24.3607,3.5536],[24.4105,3.5437],[24.4214,3.5479],[24.4435,3.5319],[24.4685,3.5396],[24.4806,3.5277],[24.496,3.5299],[24.5367,3.4888],[24.593,3.4562],[24.6036,3.4424],[24.6286,3.4358],[24.6672,3.4029],[24.7043,3.3379],[24.6955,3.3061],[24.6967,3.2559],[24.7035,3.2193],[24.7192,3.1904],[24.719,3.1569],[24.7047,3.1544],[24.6924,3.1912],[24.6691,3.1584],[24.677,3.1428],[24.6661,3.1336],[24.6049,3.131],[24.5922,3.1183],[24.5302,3.0989],[24.4969,3.0732],[24.4941,2.9924],[24.482,2.9277],[24.5226,2.8554],[24.5131,2.814],[24.5011,2.8092],[24.4993,2.8],[24.4654,2.7962],[24.455,2.775],[24.4427,2.7705],[24.4229,2.7799],[24.4222,2.787],[24.4422,2.8191],[24.4159,2.8289],[24.4163,2.8423],[24.3998,2.8311],[24.3619,2.8245],[24.3462,2.8354],[24.3337,2.8181],[24.3174,2.8307],[24.3224,2.8554],[24.3061,2.8511],[24.2987,2.8628],[24.2892,2.8382],[24.2769,2.8319],[24.2618,2.8383],[24.2594,2.8555],[24.2304,2.8379],[24.2164,2.8445],[24.2152,2.8624],[24.2031,2.8598],[24.1843,2.872],[24.1663,2.8633],[24.1601,2.8455],[24.1249,2.8498],[24.105,2.9074],[24.1025,2.9742],[24.0643,2.9849],[24.0436,3.0059],[23.9257,3.0101],[23.8695,3.0906],[23.8173,3.0906],[23.7965,3.0852],[23.7856,3.0712],[23.7787,3.0821],[23.7532,3.0853],[23.7424,3.0995],[23.7143,3.1085],[23.6942,3.1248],[23.6815,3.1098],[23.6115,3.1431],[23.5544,3.1202],[23.5142,3.1594],[23.4744,3.1775],[23.4453,3.1737],[23.4353,3.1843],[23.4341,3.2008],[23.4681,3.232],[23.4681,3.2568],[23.42,3.2851],[23.3884,3.2784],[23.3412,3.2342],[23.3144,3.2351],[23.2398,3.2128],[23.1986,3.2167],[23.1609,3.2011],[23.0912,3.1989],[23.0585,3.1873],[22.9692,3.1321],[22.947,3.1049],[22.8815,3.0877],[22.8316,3.0437],[22.8043,3.0378],[22.7831,3.0783],[22.7817,3.1057],[22.7597,3.124],[22.7261,3.1188],[22.6596,3.1524],[22.5953,3.1539],[22.5774,3.161],[22.5885,3.2025],[22.6514,3.2838],[22.6486,3.3124],[22.6159,3.3333],[22.6166,3.3693],[22.6815,3.445],[22.7053,3.4525],[22.7468,3.4898],[22.8069,3.517],[22.8418,3.554],[22.9336,3.5655],[23.0236,3.5906],[23.0467,3.6116],[23.0567,3.6326],[23.0912,3.6393],[23.1233,3.6962],[23.1809,3.725],[23.2107,3.7531],[23.2464,3.7714],[23.2556,3.7611],[23.24,3.7332]]]}},{"type":"Feature","properties":{"name":"Yahuma","province":"Tshopo","key":"yahuma"},"geometry":{"type":"Polygon","coordinates":[[[22.7318,1.9599],[22.759,1.9539],[22.8267,1.9108],[22.8471,1.9149],[22.9902,1.8728],[23.0038,1.8492],[23.0564,1.8086],[23.0658,1.7815],[23.1084,1.7286],[23.1148,1.6921],[23.1492,1.661],[23.1841,1.6042],[23.1674,1.5901],[23.1516,1.5314],[23.1277,1.5103],[23.224,1.3457],[23.208,1.3199],[23.2156,1.3098],[23.225,1.305],[23.287,1.3438],[23.3261,1.3436],[23.3539,1.334],[23.4035,1.3062],[23.4822,1.2158],[23.5339,1.1388],[23.5368,1.0795],[23.5824,1.0832],[23.6209,1.0454],[23.6737,1.043],[23.7044,1.0781],[23.7059,1.0905],[23.7559,1.0138],[23.7585,0.9949],[23.7361,0.9548],[23.703,0.9724],[23.6937,0.9904],[23.6836,0.8864],[23.6346,0.8171],[23.6301,0.7394],[23.6441,0.7104],[23.6755,0.6826],[23.6799,0.6695],[23.7543,0.6623],[23.7794,0.6682],[23.7816,0.6395],[23.7927,0.6279],[23.7966,0.6031],[23.7856,0.5035],[23.7713,0.4469],[23.7748,0.4279],[23.8038,0.4001],[23.8037,0.3879],[23.7851,0.3638],[23.7891,0.3449],[23.7674,0.2793],[23.7495,0.2579],[23.6578,0.0819],[23.6494,0.041],[23.5762,-0.0436],[23.7228,-0.0226],[23.7164,-0.0922],[23.6763,-0.1177],[23.673,-0.1432],[23.6788,-0.1593],[23.7081,-0.1901],[23.7414,-0.1915],[23.7543,-0.2014],[23.7524,-0.2119],[23.6778,-0.2424],[23.662,-0.2586],[23.7189,-0.2599],[23.7211,-0.2658],[23.6882,-0.3896],[23.5542,-0.3942],[23.5051,-0.3874],[23.482,-0.3996],[23.356,-0.4231],[23.3281,-0.4386],[23.2448,-0.4575],[23.1008,-0.5595],[23.099,-0.5406],[23.1351,-0.4121],[22.9436,-0.4037],[23.0102,-0.3289],[23.0846,-0.2772],[23.1384,-0.2895],[23.2756,-0.2952],[23.3565,-0.1877],[23.3458,-0.1638],[23.3082,-0.1238],[23.2934,-0.1208],[23.2426,-0.0741],[23.2241,-0.0692],[23.1535,0.0075],[23.0935,0.0531],[23.0526,0.1138],[23.049,0.1509],[23.0348,0.1733],[23.0139,0.1819],[22.9868,0.2157],[22.9715,0.2654],[22.9413,0.308],[22.9301,0.3442],[22.9588,0.3534],[22.9712,0.3688],[22.9527,0.4117],[22.952,0.4549],[22.9275,0.5025],[22.9467,0.5683],[22.9371,0.5738],[22.9324,0.5912],[22.8752,0.6421],[22.871,0.6625],[22.8461,0.6989],[22.85,0.7642],[22.8575,0.7771],[22.8487,0.8253],[22.8391,0.8299],[22.8223,0.8822],[22.8219,0.9017],[22.8328,0.913],[22.8204,0.9279],[22.8256,0.9764],[22.7852,1.0373],[22.7884,1.0659],[22.7748,1.0851],[22.7787,1.0892],[22.7592,1.0988],[22.7402,1.1334],[22.735,1.1731],[22.7235,1.1716],[22.726,1.1873],[22.712,1.1964],[22.7142,1.2086],[22.6818,1.2332],[22.6865,1.2443],[22.6748,1.2513],[22.6813,1.2652],[22.6695,1.2888],[22.6544,1.2935],[22.6491,1.307],[22.6552,1.316],[22.6386,1.335],[22.6399,1.3442],[22.6273,1.3513],[22.6213,1.3698],[22.6066,1.3674],[22.5907,1.3963],[22.5779,1.3951],[22.5627,1.4095],[22.5569,1.4287],[22.5145,1.4468],[22.5025,1.4603],[22.4925,1.4557],[22.4768,1.4739],[22.4691,1.4658],[22.463,1.484],[22.4572,1.4738],[22.4446,1.4726],[22.4297,1.4819],[22.4231,1.4749],[22.4066,1.4877],[22.3956,1.486],[22.3965,1.4971],[22.3848,1.4991],[22.3805,1.4873],[22.3645,1.5015],[22.3465,1.4903],[22.3238,1.5034],[22.3167,1.4933],[22.2905,1.4954],[22.27,1.5111],[22.2513,1.5119],[22.2473,1.5264],[22.2572,1.5483],[22.2536,1.571],[22.2619,1.5849],[22.2648,1.6281],[22.2848,1.672],[22.3724,1.7107],[22.3742,1.7426],[22.3621,1.7543],[22.3576,1.7843],[22.421,1.8091],[22.4354,1.8718],[22.4677,1.8909],[22.4803,1.8889],[22.4911,1.9132],[22.4753,1.9821],[22.4453,2.0],[22.413,2.0368],[22.3825,2.0438],[22.368,2.0644],[22.3641,2.1554],[22.3545,2.162],[22.439,2.1465],[22.6314,2.0938],[22.6809,2.05],[22.6916,2.022],[22.7107,2.0007],[22.7138,1.9812],[22.7318,1.9599]]]}},{"type":"Feature","properties":{"name":"Lubunga","province":"Tshopo","key":"lubunga"},"geometry":{"type":"Polygon","coordinates":[[[24.9946,0.5465],[25.0745,0.4857],[25.1735,0.4901],[25.1957,0.4843],[25.3293,0.4049],[25.3417,0.3804],[25.4288,0.3292],[25.3805,0.2922],[25.3375,0.2803],[25.3118,0.2874],[25.3006,0.3103],[25.3006,0.3391],[25.1878,0.4081],[25.1796,0.4001],[25.1509,0.2937],[25.1047,0.2958],[25.0986,0.2649],[25.0729,0.253],[25.0641,0.1474],[25.0205,0.1238],[25.0269,0.1381],[25.0327,0.2747],[25.0255,0.3409],[25.005,0.363],[24.9943,0.421],[24.9685,0.4583],[24.9003,0.4675],[24.8642,0.4892],[24.862,0.5091],[24.862,0.529],[24.8962,0.5472],[24.9333,0.5373],[24.986,0.5504],[24.9946,0.5465]]]}},{"type":"Feature","properties":{"name":"Ubundu","province":"Tshopo","key":"ubundu"},"geometry":{"type":"Polygon","coordinates":[[[25.3077,0.3003],[25.3118,0.2874],[25.3375,0.2803],[25.3805,0.2922],[25.4288,0.3292],[25.428,0.3528],[25.4545,0.3545],[25.5157,0.2889],[25.5436,0.2261],[25.5489,0.197],[25.54,0.1638],[25.5542,0.068],[25.6016,-0.1176],[25.6008,-0.1558],[25.5626,-0.2651],[25.5651,-0.2782],[25.5292,-0.2917],[25.5123,-0.3158],[25.5241,-0.3291],[25.52,-0.3343],[25.5272,-0.3347],[25.4834,-0.3749],[25.5017,-0.4146],[25.5386,-0.4403],[25.5142,-0.4423],[25.4698,-0.4669],[25.4778,-0.6256],[25.5258,-0.7447],[25.505,-0.7535],[25.431,-0.7601],[25.4351,-0.7652],[25.4101,-0.7768],[25.3772,-0.8083],[25.3161,-0.7289],[25.2471,-0.7528],[25.2129,-0.773],[25.1446,-0.8327],[25.174,-1.3114],[25.1476,-1.3529],[25.1154,-1.3218],[25.0856,-1.2095],[25.0657,-1.1734],[24.9202,-1.052],[24.8144,-0.9272],[24.7484,-0.8752],[24.6489,-0.8145],[24.6101,-0.7451],[24.5621,-0.6914],[24.5034,-0.5114],[24.4229,-0.4138],[24.4121,-0.3523],[24.3813,-0.3163],[24.3705,-0.2899],[24.3994,-0.2882],[24.4012,-0.2733],[24.4843,-0.2666],[24.7448,-0.3065],[24.771,-0.3276],[25.0205,0.1238],[25.0641,0.1474],[25.0729,0.253],[25.0986,0.2649],[25.1047,0.2958],[25.1509,0.2937],[25.1796,0.4001],[25.1878,0.4081],[25.3006,0.3391],[25.3006,0.3103],[25.3077,0.3003]]]}},{"type":"Feature","properties":{"name":"Kyondo","province":"Nord-Kivu","key":"kyondo"},"geometry":{"type":"Polygon","coordinates":[[[29.6325,0.1967],[29.6571,0.1864],[29.6476,0.1766],[29.6275,0.1745],[29.6383,0.1477],[29.6372,0.0982],[29.6497,0.0739],[29.6304,0.011],[29.6223,0.0081],[29.6191,-0.0372],[29.6038,-0.083],[29.5922,-0.1047],[29.5681,-0.1227],[29.5724,-0.1334],[29.5991,-0.1378],[29.5391,-0.1525],[29.4454,-0.1264],[29.4101,-0.1361],[29.3881,-0.1156],[29.2977,-0.0704],[29.3191,-0.03],[29.3191,0.0033],[29.3025,0.0105],[29.2961,0.0345],[29.2834,0.0316],[29.2659,0.0619],[29.2654,0.0996],[29.2729,0.1146],[29.2871,0.0746],[29.3022,0.0612],[29.3782,0.0511],[29.4075,0.0899],[29.4074,0.1125],[29.4441,0.1154],[29.4621,0.1298],[29.4718,0.1508],[29.4917,0.1508],[29.5021,0.1612],[29.5204,0.1615],[29.5672,0.1857],[29.6325,0.1967]]]}},{"type":"Feature","properties":{"name":"Mabalako","province":"Nord-Kivu","key":"mabalako"},"geometry":{"type":"Polygon","coordinates":[[[29.3418,0.5898],[29.3286,0.5835],[29.3193,0.5317],[29.2834,0.5185],[29.2733,0.5057],[29.3173,0.4792],[29.3334,0.4898],[29.3478,0.4767],[29.3799,0.4754],[29.4068,0.4305],[29.4347,0.4303],[29.4353,0.3925],[29.4608,0.3969],[29.4802,0.3869],[29.4705,0.3719],[29.4641,0.3325],[29.453,0.321],[29.4514,0.2961],[29.4353,0.2676],[29.4085,0.255],[29.396,0.2739],[29.3853,0.3666],[29.3655,0.3541],[29.3545,0.3292],[29.3377,0.3158],[29.293,0.3571],[29.2922,0.3722],[29.2729,0.3984],[29.2495,0.3994],[29.2474,0.3626],[29.2205,0.3581],[29.198,0.3375],[29.1286,0.3354],[29.122,0.3272],[29.0756,0.3425],[29.0544,0.3344],[29.0364,0.3418],[29.0277,0.3344],[29.0183,0.3394],[28.9995,0.333],[29.0033,0.3627],[28.9921,0.392],[29.0035,0.3929],[29.0065,0.4135],[28.9998,0.4238],[29.026,0.4648],[29.0254,0.4785],[29.0134,0.4862],[29.018,0.5078],[29.0253,0.5263],[29.034,0.5295],[29.0314,0.5364],[29.0524,0.5524],[29.0478,0.5652],[29.0727,0.6288],[29.0989,0.6391],[29.104,0.6536],[29.1177,0.6518],[29.1629,0.6768],[29.1625,0.6617],[29.177,0.6482],[29.1818,0.6549],[29.2222,0.6169],[29.2536,0.6188],[29.2905,0.5867],[29.2807,0.6179],[29.3044,0.6756],[29.3254,0.6869],[29.3395,0.6561],[29.3281,0.6283],[29.3424,0.608],[29.3418,0.5898]]]}},{"type":"Feature","properties":{"name":"Biena","province":"Nord-Kivu","key":"biena"},"geometry":{"type":"Polygon","coordinates":[[[28.987,0.3983],[29.003,0.3996],[29.0019,0.3914],[28.9921,0.392],[29.0033,0.3627],[29.0012,0.334],[28.9853,0.3065],[28.9998,0.304],[29.0008,0.2905],[29.0171,0.281],[29.0219,0.2645],[29.0648,0.2473],[29.0999,0.2466],[29.1285,0.2318],[29.1687,0.2244],[29.178,0.2098],[29.1663,0.2],[29.1635,0.1416],[29.1235,0.1513],[29.0945,0.1229],[29.0895,0.0941],[29.0749,0.0873],[29.0544,0.0861],[29.0376,0.0954],[29.0341,0.1108],[29.0245,0.1156],[28.9914,0.1116],[28.9879,0.0843],[28.9764,0.0654],[28.9668,0.0673],[28.9716,0.0787],[28.935,0.1414],[28.9218,0.1348],[28.9113,0.1508],[28.8109,0.1708],[28.7706,0.1885],[28.7885,0.2071],[28.7986,0.2468],[28.8437,0.3014],[28.8443,0.3164],[28.8535,0.3247],[28.8492,0.3413],[28.8681,0.3452],[28.8693,0.3607],[28.9033,0.3829],[28.9374,0.3817],[28.9759,0.3922],[28.9858,0.4032],[28.987,0.3983]]]}},{"type":"Feature","properties":{"name":"Masereka","province":"Nord-Kivu","key":"masereka"},"geometry":{"type":"Polygon","coordinates":[[[29.2583,0.0202],[29.2972,0.0176],[29.3191,0.0033],[29.3191,-0.03],[29.2977,-0.0704],[29.3881,-0.1156],[29.4101,-0.1361],[29.4454,-0.1264],[29.5391,-0.1525],[29.5612,-0.1483],[29.643,-0.1287],[29.6814,-0.1045],[29.7051,-0.0719],[29.6967,-0.0709],[29.7019,-0.066],[29.7526,-0.0779],[29.7481,-0.074],[29.7577,-0.0673],[29.7418,-0.1102],[29.7462,-0.1644],[29.6935,-0.3899],[29.5944,-0.3192],[29.4814,-0.1952],[29.4557,-0.1904],[29.341,-0.1276],[29.2627,-0.1017],[29.2475,-0.0734],[29.2287,-0.065],[29.2317,-0.0375],[29.2192,-0.038],[29.2496,-0.0139],[29.2452,0.0041],[29.2583,0.0202]]]}},{"type":"Feature","properties":{"name":"Lubero","province":"Nord-Kivu","key":"lubero"},"geometry":{"type":"Polygon","coordinates":[[[29.0001,-0.041],[29.048,-0.0692],[29.0775,-0.0749],[29.1005,-0.1028],[29.1499,-0.1023],[29.1549,-0.0926],[29.2016,-0.0973],[29.2326,-0.0915],[29.2492,-0.1033],[29.2765,-0.1043],[29.3238,-0.1269],[29.341,-0.1276],[29.4557,-0.1904],[29.4814,-0.1952],[29.5944,-0.3192],[29.6935,-0.3899],[29.6804,-0.4457],[29.6434,-0.4668],[29.6431,-0.4821],[29.6188,-0.5107],[29.6123,-0.5459],[29.5922,-0.5798],[29.5704,-0.5798],[29.5288,-0.5621],[29.4916,-0.5346],[29.4424,-0.5208],[29.3578,-0.4609],[29.3582,-0.4498],[29.3394,-0.4353],[29.3317,-0.4114],[29.339,-0.3953],[29.3264,-0.3796],[29.3444,-0.3459],[29.3268,-0.331],[29.3317,-0.323],[29.3203,-0.3161],[29.3056,-0.3199],[29.3031,-0.2879],[29.3077,-0.2676],[29.3532,-0.2046],[29.3406,-0.1867],[29.3303,-0.1821],[29.2794,-0.2025],[29.2533,-0.1977],[29.2454,-0.2097],[29.2216,-0.2151],[29.2001,-0.2466],[29.1696,-0.2368],[29.1261,-0.2748],[29.1106,-0.2635],[29.1085,-0.2485],[29.1452,-0.2011],[29.1429,-0.182],[29.1289,-0.1705],[29.0796,-0.1609],[29.0099,-0.1834],[28.9653,-0.1442],[28.8953,-0.1602],[28.8765,-0.1495],[28.8906,-0.1234],[28.8707,-0.0755],[28.8909,-0.0681],[28.9259,-0.0805],[28.949,-0.0779],[28.9692,-0.0505],[29.0001,-0.041]]]}},{"type":"Feature","properties":{"name":"Manguredjipa","province":"Nord-Kivu","key":"manguredjipa"},"geometry":{"type":"Polygon","coordinates":[[[28.3472,0.6905],[28.3754,0.6778],[28.3781,0.6619],[28.3909,0.6635],[28.4233,0.6355],[28.4464,0.6297],[28.4769,0.5872],[28.505,0.5667],[28.4977,0.5447],[28.507,0.5339],[28.5233,0.5449],[28.5547,0.5442],[28.555,0.5196],[28.5919,0.5403],[28.6317,0.5449],[28.6604,0.5814],[28.6899,0.5707],[28.9009,0.5876],[28.9914,0.5603],[29.0055,0.5634],[29.017,0.5839],[29.0462,0.5895],[29.0621,0.6082],[29.0478,0.5652],[29.0524,0.5524],[29.0314,0.5364],[29.034,0.5295],[29.0253,0.5263],[29.018,0.5078],[29.0134,0.4862],[29.0254,0.4785],[29.026,0.4648],[28.9998,0.4238],[29.0065,0.4135],[29.0019,0.4009],[28.9881,0.397],[28.9858,0.4032],[28.9759,0.3922],[28.9374,0.3817],[28.9033,0.3829],[28.8693,0.3607],[28.8681,0.3452],[28.8492,0.3413],[28.8535,0.3247],[28.8443,0.3164],[28.8437,0.3014],[28.7986,0.2468],[28.7885,0.2071],[28.7713,0.1906],[28.7623,0.1664],[28.7574,0.1186],[28.7759,0.0968],[28.7678,0.068],[28.7389,0.0522],[28.7221,0.0516],[28.69,0.0696],[28.6684,0.0532],[28.6327,0.0536],[28.6172,0.0572],[28.6153,0.0656],[28.6073,0.0625],[28.6047,0.0841],[28.5787,0.104],[28.5686,0.0949],[28.5598,0.0987],[28.5534,0.0889],[28.5473,0.1026],[28.5424,0.0953],[28.4907,0.0903],[28.4817,0.0973],[28.4746,0.0904],[28.4686,0.0976],[28.4551,0.0956],[28.4558,0.1038],[28.439,0.103],[28.4379,0.0959],[28.4279,0.1172],[28.3991,0.1085],[28.3794,0.125],[28.3561,0.1126],[28.331,0.1294],[28.2743,0.0941],[28.2655,0.0965],[28.2619,0.0836],[28.2472,0.0865],[28.2361,0.0738],[28.2107,0.0761],[28.2019,0.0864],[28.2061,0.0955],[28.1923,0.1115],[28.187,0.1085],[28.1886,0.1322],[28.182,0.1261],[28.1639,0.1337],[28.1823,0.1557],[28.1634,0.188],[28.1471,0.1905],[28.1534,0.2148],[28.1428,0.2391],[28.1221,0.2398],[28.1154,0.2564],[28.1027,0.2562],[28.0952,0.2753],[28.0852,0.278],[28.0777,0.306],[28.0604,0.3074],[28.0591,0.3766],[28.042,0.3775],[28.044,0.3947],[28.0344,0.4027],[28.0527,0.4127],[28.0479,0.4278],[28.026,0.4363],[28.0267,0.4634],[28.013,0.4611],[28.0041,0.474],[27.9411,0.4785],[27.921,0.4919],[27.9107,0.4804],[27.9011,0.4914],[27.8856,0.4806],[27.8541,0.4879],[27.7966,0.5297],[27.8552,0.5576],[27.8931,0.5617],[27.9227,0.5984],[27.9552,0.6219],[27.9931,0.6127],[28.009,0.6332],[28.0428,0.6396],[28.0451,0.6509],[28.0681,0.6642],[28.0739,0.6789],[28.096,0.6734],[28.3143,0.697],[28.3377,0.6978],[28.3472,0.6905]]]}},{"type":"Feature","properties":{"name":"Mutwanga","province":"Nord-Kivu","key":"mutwanga"},"geometry":{"type":"Polygon","coordinates":[[[29.834,0.6162],[29.8954,0.5926],[29.9602,0.6089],[29.9887,0.543],[29.9923,0.482],[29.9595,0.4074],[29.8987,0.3958],[29.883,0.3856],[29.8394,0.1839],[29.8261,0.1662],[29.7904,0.1503],[29.7633,0.1276],[29.748,0.1068],[29.7481,0.0802],[29.731,0.0651],[29.7396,0.0095],[29.7602,-0.0173],[29.7445,-0.0411],[29.7581,-0.0664],[29.7481,-0.074],[29.7526,-0.0779],[29.7019,-0.066],[29.6967,-0.0709],[29.7051,-0.0719],[29.6765,-0.1089],[29.6414,-0.1294],[29.5877,-0.1403],[29.5724,-0.1334],[29.5686,-0.1204],[29.5922,-0.1047],[29.6038,-0.083],[29.6191,-0.0372],[29.6223,0.0081],[29.6304,0.011],[29.6501,0.0763],[29.6372,0.0982],[29.6383,0.1477],[29.6275,0.1745],[29.6476,0.1766],[29.6571,0.1864],[29.633,0.1946],[29.6291,0.2303],[29.6126,0.2208],[29.6072,0.2421],[29.5941,0.2353],[29.5947,0.2519],[29.5642,0.2534],[29.5589,0.2867],[29.565,0.2999],[29.5458,0.3193],[29.5156,0.316],[29.5144,0.3392],[29.5019,0.3557],[29.5414,0.4051],[29.5486,0.4013],[29.5564,0.4086],[29.5592,0.4241],[29.5688,0.4156],[29.5806,0.4257],[29.5953,0.4724],[29.6144,0.4766],[29.6195,0.4853],[29.6496,0.486],[29.6596,0.5091],[29.6463,0.5124],[29.6471,0.5319],[29.6557,0.5443],[29.6647,0.5394],[29.6659,0.5522],[29.6785,0.5573],[29.6742,0.567],[29.6861,0.5577],[29.7198,0.553],[29.7224,0.5454],[29.7375,0.549],[29.737,0.5341],[29.7493,0.5269],[29.793,0.5619],[29.8007,0.5832],[29.834,0.6162]]]}},{"type":"Feature","properties":{"name":"Kamango","province":"Nord-Kivu","key":"kamango"},"geometry":{"type":"Polygon","coordinates":[[[29.9717,0.8144],[29.9414,0.7451],[29.9381,0.7063],[29.9189,0.6861],[29.9108,0.6544],[29.9497,0.6298],[29.9602,0.6089],[29.8954,0.5926],[29.8309,0.616],[29.8007,0.5832],[29.793,0.5619],[29.7467,0.5264],[29.737,0.5341],[29.7375,0.549],[29.7224,0.5454],[29.7198,0.553],[29.6861,0.5577],[29.6742,0.567],[29.6838,0.5798],[29.6791,0.5912],[29.6981,0.5952],[29.7011,0.6151],[29.6953,0.6203],[29.7049,0.6314],[29.7024,0.645],[29.7124,0.6448],[29.7249,0.6918],[29.7337,0.6969],[29.7292,0.7184],[29.736,0.7318],[29.7486,0.738],[29.7602,0.7336],[29.7682,0.7418],[29.7884,0.7347],[29.8114,0.7461],[29.8019,0.7642],[29.8096,0.7776],[29.8227,0.7759],[29.8277,0.7893],[29.8468,0.8018],[29.868,0.7998],[29.9057,0.8173],[29.907,0.8051],[29.9237,0.7987],[29.945,0.817],[29.9538,0.8133],[29.9646,0.8319],[29.9868,0.8372],[29.9717,0.8144]]]}},{"type":"Feature","properties":{"name":"Oicha","province":"Nord-Kivu","key":"oicha"},"geometry":{"type":"Polygon","coordinates":[[[29.8627,0.9405],[29.8602,0.8974],[29.8768,0.8882],[29.875,0.8666],[29.8952,0.8438],[29.9057,0.8173],[29.868,0.7998],[29.8468,0.8018],[29.8277,0.7893],[29.8227,0.7759],[29.8096,0.7776],[29.8019,0.7642],[29.8114,0.7461],[29.7884,0.7347],[29.7682,0.7418],[29.7602,0.7336],[29.7486,0.738],[29.736,0.7318],[29.7337,0.7197],[29.6829,0.6936],[29.6387,0.6459],[29.593,0.6318],[29.5868,0.6183],[29.5342,0.5768],[29.5218,0.5835],[29.508,0.5731],[29.3981,0.5549],[29.3717,0.5658],[29.3446,0.5992],[29.334,0.6241],[29.3662,0.6167],[29.3813,0.5963],[29.4739,0.6253],[29.4695,0.6487],[29.4319,0.6513],[29.3943,0.6714],[29.3768,0.697],[29.3629,0.6931],[29.347,0.7098],[29.3701,0.747],[29.3643,0.7638],[29.3697,0.8221],[29.3775,0.8278],[29.4046,0.81],[29.442,0.834],[29.4581,0.8602],[29.4861,0.842],[29.4946,0.801],[29.5096,0.7902],[29.5369,0.7887],[29.5229,0.8612],[29.5598,0.8748],[29.6232,0.8535],[29.6274,0.8816],[29.6409,0.901],[29.6591,0.9077],[29.696,0.8683],[29.7268,0.8655],[29.741,0.8749],[29.7435,0.897],[29.7561,0.908],[29.8078,0.9105],[29.8216,0.9308],[29.8381,0.9414],[29.8515,0.9399],[29.8612,0.9542],[29.8627,0.9405]]]}},{"type":"Feature","properties":{"name":"Binza","province":"Nord-Kivu","key":"binza"},"geometry":{"type":"Polygon","coordinates":[[[29.6804,-0.4457],[29.6839,-0.4624],[29.677,-0.4967],[29.6675,-0.5078],[29.6655,-0.5512],[29.6793,-0.5672],[29.6657,-0.5902],[29.6498,-0.5977],[29.6591,-0.6282],[29.626,-0.7058],[29.6324,-0.7473],[29.6274,-0.7912],[29.6408,-0.8225],[29.6268,-0.8596],[29.6353,-0.8919],[29.6276,-0.9048],[29.5993,-0.9025],[29.5884,-0.9099],[29.6008,-0.9716],[29.5917,-1.0052],[29.5938,-1.0505],[29.5308,-1.0556],[29.4788,-1.0501],[29.438,-1.0405],[29.4268,-1.027],[29.4115,-1.0287],[29.4069,-1.0181],[29.3915,-1.0234],[29.3729,-1.0186],[29.3573,-1.0001],[29.359,-0.9603],[29.3495,-0.9086],[29.3729,-0.8751],[29.3916,-0.8275],[29.4171,-0.8152],[29.4155,-0.795],[29.4243,-0.7915],[29.4166,-0.783],[29.4261,-0.7698],[29.4201,-0.7643],[29.4286,-0.7624],[29.4174,-0.7471],[29.4293,-0.7302],[29.4236,-0.7207],[29.4315,-0.7276],[29.4373,-0.717],[29.4483,-0.7157],[29.4473,-0.6947],[29.4592,-0.6881],[29.4627,-0.6554],[29.446,-0.6351],[29.4477,-0.6014],[29.4635,-0.6176],[29.4713,-0.6153],[29.4669,-0.6238],[29.4767,-0.6257],[29.4865,-0.6473],[29.526,-0.6223],[29.5161,-0.6166],[29.5589,-0.6191],[29.6111,-0.5485],[29.6188,-0.5107],[29.6423,-0.4837],[29.6434,-0.4668],[29.6804,-0.4457]]]}},{"type":"Feature","properties":{"name":"Rwanguba","province":"Nord-Kivu","key":"rwanguba"},"geometry":{"type":"Polygon","coordinates":[[[29.5938,-1.0505],[29.5875,-1.125],[29.5952,-1.1624],[29.5878,-1.2081],[29.6112,-1.241],[29.6001,-1.2767],[29.609,-1.3671],[29.5958,-1.3951],[29.5752,-1.3977],[29.5528,-1.4217],[29.5302,-1.4209],[29.5285,-1.3974],[29.5147,-1.3898],[29.5133,-1.366],[29.491,-1.3227],[29.4543,-1.296],[29.4486,-1.2822],[29.5062,-1.2594],[29.4971,-1.2413],[29.4714,-1.227],[29.5009,-1.1975],[29.4971,-1.1438],[29.4776,-1.1247],[29.4896,-1.1022],[29.4194,-1.0463],[29.4103,-1.0275],[29.4268,-1.027],[29.438,-1.0405],[29.4788,-1.0501],[29.5308,-1.0556],[29.5938,-1.0505]]]}},{"type":"Feature","properties":{"name":"Rutshuru","province":"Nord-Kivu","key":"rutshuru"},"geometry":{"type":"Polygon","coordinates":[[[29.3643,-1.0038],[29.3751,-1.0196],[29.4081,-1.0187],[29.4194,-1.0463],[29.4756,-1.0861],[29.4908,-1.1077],[29.4776,-1.1247],[29.4971,-1.1438],[29.5009,-1.1975],[29.4714,-1.227],[29.4971,-1.2413],[29.5062,-1.2594],[29.4486,-1.2822],[29.4543,-1.296],[29.491,-1.3227],[29.5133,-1.366],[29.5147,-1.3898],[29.5285,-1.3974],[29.5302,-1.4209],[29.4665,-1.5136],[29.4436,-1.5299],[29.3999,-1.529],[29.3766,-1.5026],[29.372,-1.4735],[29.3446,-1.4642],[29.3157,-1.4689],[29.2105,-1.4351],[29.2626,-1.4128],[29.2829,-1.3704],[29.3071,-1.2712],[29.3434,-1.1908],[29.3455,-1.132],[29.3529,-1.114],[29.3422,-1.0825],[29.3561,-1.0489],[29.3385,-1.0271],[29.3523,-1.0032],[29.3643,-1.0038]]]}},{"type":"Feature","properties":{"name":"Birambizo","province":"Nord-Kivu","key":"birambizo"},"geometry":{"type":"Polygon","coordinates":[[[29.2028,-1.3839],[29.184,-1.3757],[29.0843,-1.3674],[29.0702,-1.3319],[29.0721,-1.3168],[29.063,-1.3168],[29.069,-1.2985],[29.0582,-1.2767],[29.0655,-1.2527],[29.0312,-1.1966],[29.0424,-1.1316],[29.0352,-1.1122],[29.0536,-1.122],[29.0851,-1.1237],[29.1109,-1.1048],[29.1495,-1.1007],[29.1887,-1.0848],[29.198,-1.1217],[29.1919,-1.1447],[29.1665,-1.1791],[29.1346,-1.2532],[29.1513,-1.268],[29.1632,-1.2994],[29.157,-1.3427],[29.2028,-1.3839]]]}},{"type":"Feature","properties":{"name":"Beni","province":"Nord-Kivu","key":"beni"},"geometry":{"type":"Polygon","coordinates":[[[29.4754,0.4757],[29.4463,0.4833],[29.4413,0.506],[29.4817,0.5278],[29.494,0.5095],[29.4951,0.4923],[29.4754,0.4757]]]}},{"type":"Feature","properties":{"name":"Vuhovi","province":"Nord-Kivu","key":"vuhovi"},"geometry":{"type":"Polygon","coordinates":[[[29.2238,0.1605],[29.1789,0.1713],[29.1662,0.2001],[29.1779,0.2098],[29.1687,0.2245],[29.1285,0.2318],[29.0998,0.2467],[29.0648,0.2474],[29.0218,0.2646],[29.017,0.2811],[29.0008,0.2906],[28.9998,0.3041],[28.9852,0.3065],[28.9945,0.3297],[29.0363,0.3418],[29.0544,0.3344],[29.0632,0.3423],[29.0977,0.3405],[29.122,0.3273],[29.1285,0.3355],[29.1979,0.3376],[29.2205,0.3582],[29.2473,0.3627],[29.2467,0.3939],[29.2549,0.3995],[29.2814,0.3909],[29.293,0.3571],[29.3267,0.321],[29.3414,0.3156],[29.3655,0.3542],[29.3852,0.3666],[29.3904,0.2875],[29.4084,0.2551],[29.3883,0.2304],[29.3924,0.1918],[29.4384,0.1901],[29.4443,0.1788],[29.4661,0.1754],[29.4762,0.1529],[29.4652,0.1468],[29.462,0.1298],[29.4441,0.1154],[29.4088,0.114],[29.4011,0.0772],[29.3818,0.0529],[29.3698,0.0503],[29.3452,0.0589],[29.351,0.0713],[29.3622,0.0713],[29.3729,0.0988],[29.3462,0.1321],[29.3318,0.2039],[29.3187,0.2246],[29.3204,0.2121],[29.3104,0.1963],[29.2954,0.1963],[29.2833,0.1801],[29.252,0.1716],[29.238,0.178],[29.2326,0.163],[29.2238,0.1605]]]}},{"type":"Feature","properties":{"name":"Musienene","province":"Nord-Kivu","key":"musienene"},"geometry":{"type":"Polygon","coordinates":[[[28.0659,0.3041],[28.0777,0.306],[28.0852,0.278],[28.0952,0.2753],[28.1027,0.2562],[28.1154,0.2564],[28.1221,0.2398],[28.1428,0.2391],[28.1534,0.2148],[28.1471,0.1905],[28.1634,0.188],[28.1823,0.1557],[28.1639,0.1337],[28.182,0.1261],[28.1886,0.1322],[28.187,0.1085],[28.1938,0.1105],[28.2061,0.0955],[28.2019,0.0864],[28.2185,0.0742],[28.2361,0.0738],[28.2472,0.0865],[28.2619,0.0836],[28.2655,0.0965],[28.2743,0.0941],[28.331,0.1294],[28.3561,0.1126],[28.3794,0.125],[28.3991,0.1085],[28.4279,0.1172],[28.4379,0.0959],[28.439,0.103],[28.4558,0.1038],[28.4551,0.0956],[28.4686,0.0976],[28.4746,0.0904],[28.4817,0.0973],[28.4907,0.0903],[28.5424,0.0953],[28.5473,0.1026],[28.5534,0.0889],[28.5598,0.0987],[28.5686,0.0949],[28.5787,0.104],[28.6047,0.0841],[28.6073,0.0625],[28.6153,0.0656],[28.6172,0.0572],[28.6684,0.0532],[28.69,0.0696],[28.7221,0.0516],[28.7407,0.0524],[28.7678,0.068],[28.7756,0.0829],[28.7745,0.1003],[28.7574,0.1186],[28.7557,0.1427],[28.7707,0.1883],[28.8109,0.1708],[28.9113,0.1508],[28.9218,0.1348],[28.935,0.1414],[28.9716,0.0787],[28.9668,0.0673],[28.9764,0.0654],[28.9879,0.0843],[28.9914,0.1116],[29.0245,0.1156],[29.0341,0.1108],[29.0376,0.0954],[29.0544,0.0861],[29.0749,0.0873],[29.0895,0.0941],[29.0945,0.1229],[29.1235,0.1513],[29.1627,0.141],[29.1621,0.1716],[29.1705,0.1933],[29.179,0.1712],[29.2288,0.1579],[29.2296,0.1512],[29.2054,0.1413],[29.212,0.1299],[29.225,0.1264],[29.2249,0.0949],[29.2385,0.1005],[29.2462,0.0921],[29.2654,0.0996],[29.2659,0.0619],[29.2834,0.0316],[29.2961,0.0345],[29.2972,0.0176],[29.2548,0.0205],[29.2447,0.0019],[29.2496,-0.0139],[29.2192,-0.0367],[29.2317,-0.0375],[29.2287,-0.065],[29.2527,-0.0798],[29.2627,-0.0976],[29.2564,-0.1035],[29.2295,-0.0914],[29.2016,-0.0973],[29.1549,-0.0926],[29.1499,-0.1023],[29.1019,-0.1032],[29.0775,-0.0749],[29.048,-0.0692],[28.9965,-0.0405],[28.9692,-0.0505],[28.949,-0.0779],[28.9259,-0.0805],[28.8909,-0.0681],[28.8663,-0.0807],[28.8586,-0.0681],[28.8361,-0.0831],[28.8053,-0.0875],[28.7889,-0.1043],[28.7713,-0.0902],[28.7581,-0.0458],[28.747,-0.0545],[28.7326,-0.0449],[28.7191,-0.0566],[28.6739,-0.0547],[28.6614,-0.0318],[28.6468,-0.0349],[28.6414,-0.024],[28.6183,-0.0382],[28.6259,-0.0234],[28.6024,-0.0053],[28.5955,-0.0169],[28.571,-0.0147],[28.5756,-0.0227],[28.5594,-0.0204],[28.5411,-0.0297],[28.528,-0.0472],[28.4655,-0.0547],[28.4556,-0.081],[28.4347,-0.0921],[28.4193,-0.0911],[28.4179,-0.0984],[28.3981,-0.0882],[28.3797,-0.092],[28.367,-0.0986],[28.3645,-0.1093],[28.3606,-0.0998],[28.3397,-0.0904],[28.3355,-0.0991],[28.3151,-0.102],[28.3165,-0.1148],[28.2917,-0.1223],[28.2876,-0.1341],[28.2619,-0.1407],[28.2569,-0.1514],[28.2212,-0.1503],[28.2161,-0.1428],[28.2082,-0.1482],[28.1991,-0.1412],[28.1709,-0.1508],[28.169,-0.1621],[28.1591,-0.1662],[28.1427,-0.1716],[28.1293,-0.163],[28.1276,-0.1702],[28.1186,-0.1539],[28.1163,-0.0984],[28.0913,-0.0051],[28.1023,0.0127],[28.097,0.0224],[28.1066,0.063],[28.0995,0.0791],[28.1068,0.0938],[28.1025,0.103],[28.128,0.1158],[28.1278,0.1246],[28.154,0.151],[28.1376,0.1836],[28.1203,0.1868],[28.1342,0.2208],[28.12,0.2341],[28.1018,0.2334],[28.0968,0.2451],[28.0833,0.2474],[28.0762,0.2651],[28.0662,0.2697],[28.0552,0.3021],[28.0568,0.318],[28.0659,0.3041]]]}},{"type":"Feature","properties":{"name":"Butembo","province":"Nord-Kivu","key":"butembo"},"geometry":{"type":"Polygon","coordinates":[[[29.2924,0.1211],[29.2914,0.0934],[29.2729,0.1146],[29.2596,0.0946],[29.2462,0.0921],[29.2385,0.1005],[29.2249,0.095],[29.225,0.1265],[29.212,0.1299],[29.2054,0.1413],[29.2304,0.1521],[29.2318,0.1746],[29.2809,0.1793],[29.2954,0.1963],[29.3038,0.1955],[29.3121,0.183],[29.294,0.1628],[29.2924,0.1211]]]}},{"type":"Feature","properties":{"name":"Katwa","province":"Nord-Kivu","key":"katwa"},"geometry":{"type":"Polygon","coordinates":[[[29.3187,0.2246],[29.3318,0.2038],[29.3465,0.1317],[29.3737,0.0915],[29.3623,0.0713],[29.3263,0.0538],[29.2871,0.0746],[29.2829,0.0929],[29.2954,0.102],[29.2938,0.1622],[29.3121,0.1829],[29.3054,0.1938],[29.3204,0.2121],[29.3187,0.2246]]]}},{"type":"Feature","properties":{"name":"Kayna","province":"Nord-Kivu","key":"kayna"},"geometry":{"type":"Polygon","coordinates":[[[28.6325,-0.1455],[28.645,-0.1519],[28.6463,-0.1654],[28.6654,-0.1861],[28.7061,-0.1961],[28.7393,-0.2174],[28.7441,-0.2333],[28.7314,-0.2431],[28.745,-0.2563],[28.7414,-0.2633],[28.7485,-0.2625],[28.7441,-0.2774],[28.7607,-0.2823],[28.7508,-0.2884],[28.7515,-0.3012],[28.7775,-0.3156],[28.8047,-0.316],[28.8567,-0.294],[28.8698,-0.2961],[28.8963,-0.2796],[28.9268,-0.3391],[28.9473,-0.3578],[28.9692,-0.3618],[28.9853,-0.3463],[29.0556,-0.3706],[29.1567,-0.3685],[29.1549,-0.3919],[29.1729,-0.3908],[29.1795,-0.4032],[29.2357,-0.4063],[29.2685,-0.4575],[29.3254,-0.4731],[29.3369,-0.4946],[29.4075,-0.5497],[29.4202,-0.5827],[29.4473,-0.6005],[29.4287,-0.6166],[29.4355,-0.637],[29.4011,-0.6716],[29.3976,-0.6906],[29.39,-0.6782],[29.3779,-0.6818],[29.3709,-0.7048],[29.3632,-0.6988],[29.368,-0.6856],[29.3626,-0.69],[29.3744,-0.6546],[29.3591,-0.6569],[29.3351,-0.6437],[29.3279,-0.6437],[29.3337,-0.6613],[29.2908,-0.6945],[29.2382,-0.7021],[29.1897,-0.6639],[29.1831,-0.6824],[29.1667,-0.6975],[29.1425,-0.7059],[29.1315,-0.7022],[29.1084,-0.7614],[29.0844,-0.7774],[29.0648,-0.8265],[29.0484,-0.7995],[29.0195,-0.8023],[29.011,-0.7821],[28.9814,-0.7669],[28.9759,-0.7404],[28.9898,-0.6806],[28.9674,-0.6336],[28.9699,-0.6127],[28.9601,-0.5938],[28.9419,-0.5938],[28.9422,-0.5847],[28.9142,-0.5632],[28.8991,-0.5692],[28.8821,-0.5652],[28.8585,-0.5768],[28.8399,-0.5684],[28.7889,-0.569],[28.7667,-0.5768],[28.6906,-0.5088],[28.6552,-0.4553],[28.6352,-0.449],[28.6263,-0.4373],[28.6323,-0.388],[28.6028,-0.387],[28.5982,-0.3799],[28.5795,-0.3925],[28.5792,-0.3467],[28.5735,-0.3445],[28.5834,-0.3165],[28.576,-0.3128],[28.5999,-0.287],[28.5384,-0.2447],[28.5215,-0.2453],[28.503,-0.2345],[28.496,-0.2417],[28.4791,-0.2409],[28.4807,-0.2194],[28.5119,-0.1763],[28.5347,-0.1766],[28.5401,-0.1852],[28.5472,-0.1738],[28.5628,-0.1747],[28.5728,-0.1589],[28.5967,-0.1636],[28.6243,-0.1546],[28.6305,-0.16],[28.6325,-0.1455]]]}},{"type":"Feature","properties":{"name":"Goma","province":"Nord-Kivu","key":"goma"},"geometry":{"type":"Polygon","coordinates":[[[29.1322,-1.6082],[29.2222,-1.6778],[29.2469,-1.6834],[29.2423,-1.7002],[29.2219,-1.6815],[29.169,-1.6634],[29.1584,-1.634],[29.1354,-1.6412],[29.1322,-1.6082]]]}},{"type":"Feature","properties":{"name":"Karisimbi","province":"Nord-Kivu","key":"karisimbi"},"geometry":{"type":"Polygon","coordinates":[[[29.2913,-1.6305],[29.2619,-1.643],[29.2469,-1.6834],[29.2222,-1.6778],[29.1322,-1.6082],[29.1417,-1.5895],[29.1372,-1.5815],[29.1876,-1.6135],[29.2378,-1.6161],[29.2913,-1.6305]]]}},{"type":"Feature","properties":{"name":"Kibua","province":"Nord-Kivu","key":"kibua"},"geometry":{"type":"Polygon","coordinates":[[[28.0869,-0.9408],[28.1101,-0.9498],[28.1164,-0.941],[28.1843,-0.9598],[28.1912,-0.9738],[28.1859,-0.9811],[28.2082,-0.9982],[28.2197,-1.0234],[28.2376,-1.0068],[28.263,-1.0049],[28.2758,-0.9899],[28.2978,-0.9851],[28.3377,-0.9813],[28.349,-0.9877],[28.3718,-0.9768],[28.3995,-0.9852],[28.4886,-0.9867],[28.5069,-0.9563],[28.5207,-0.9529],[28.6046,-0.9566],[28.6091,-0.9466],[28.6629,-0.9455],[28.6952,-0.9808],[28.6917,-0.9912],[28.7013,-0.9976],[28.7025,-1.0096],[28.6828,-1.0161],[28.6873,-1.0252],[28.6794,-1.0317],[28.6879,-1.0341],[28.6871,-1.0443],[28.6711,-1.0639],[28.6811,-1.0697],[28.683,-1.0915],[28.7022,-1.1033],[28.696,-1.1236],[28.7097,-1.1328],[28.722,-1.1793],[28.7406,-1.194],[28.7332,-1.2028],[28.7518,-1.2255],[28.7503,-1.2332],[28.758,-1.2395],[28.7805,-1.2378],[28.7906,-1.2465],[28.7872,-1.2512],[28.8035,-1.2512],[28.806,-1.2675],[28.7232,-1.3047],[28.6978,-1.3336],[28.6629,-1.3344],[28.637,-1.3495],[28.6633,-1.4413],[28.6577,-1.4537],[28.6065,-1.4546],[28.5839,-1.4635],[28.5814,-1.4911],[28.5895,-1.5181],[28.5767,-1.5357],[28.5848,-1.5512],[28.5767,-1.6505],[28.5664,-1.6857],[28.5261,-1.6505],[28.5278,-1.6347],[28.5189,-1.6197],[28.4731,-1.5871],[28.4745,-1.5421],[28.445,-1.5185],[28.4069,-1.5199],[28.3822,-1.5512],[28.3538,-1.5496],[28.3329,-1.5707],[28.3106,-1.5824],[28.2964,-1.5803],[28.2639,-1.6005],[28.2195,-1.5595],[28.2026,-1.558],[28.2036,-1.5496],[28.1686,-1.5523],[28.1396,-1.5354],[28.138,-1.5276],[28.111,-1.5224],[28.0861,-1.4908],[28.0922,-1.4683],[28.0736,-1.4467],[28.0732,-1.4313],[28.0866,-1.3893],[28.0807,-1.3791],[28.0898,-1.3724],[28.0846,-1.357],[28.092,-1.3563],[28.0819,-1.3461],[28.0932,-1.3232],[28.109,-1.3276],[28.1313,-1.3218],[28.1428,-1.3387],[28.1888,-1.3525],[28.215,-1.3478],[28.243,-1.3275],[28.2988,-1.3276],[28.284,-1.2909],[28.2478,-1.2882],[28.2608,-1.1966],[28.209,-1.1635],[28.1771,-1.1559],[28.1432,-1.1065],[28.1026,-1.1037],[28.0798,-1.0894],[28.0719,-1.0467],[28.0583,-1.0268],[28.0669,-1.0099],[28.0664,-0.9765],[28.0555,-0.9668],[28.0245,-0.9621],[28.0114,-0.9487],[28.0324,-0.9456],[28.0452,-0.9331],[28.0606,-0.933],[28.0684,-0.9435],[28.0869,-0.9408]]]}},{"type":"Feature","properties":{"name":"Masisi","province":"Nord-Kivu","key":"masisi"},"geometry":{"type":"Polygon","coordinates":[[[28.9119,-1.3788],[28.9051,-1.3913],[28.8812,-1.3987],[28.8718,-1.419],[28.8064,-1.4544],[28.8084,-1.465],[28.7872,-1.5023],[28.7944,-1.5471],[28.779,-1.5582],[28.7581,-1.6053],[28.7445,-1.591],[28.7044,-1.5845],[28.7008,-1.5999],[28.7122,-1.6376],[28.6985,-1.6582],[28.6591,-1.6728],[28.6352,-1.6617],[28.5873,-1.6682],[28.5692,-1.6915],[28.5848,-1.5512],[28.5767,-1.5357],[28.5895,-1.5181],[28.5814,-1.4911],[28.5839,-1.4635],[28.6065,-1.4546],[28.6577,-1.4537],[28.6633,-1.4413],[28.6366,-1.3564],[28.6414,-1.3439],[28.6724,-1.3323],[28.6978,-1.3336],[28.7232,-1.3047],[28.7564,-1.2853],[28.8053,-1.2706],[28.8031,-1.2565],[28.8094,-1.2508],[28.8363,-1.267],[28.8355,-1.2821],[28.8577,-1.2806],[28.8643,-1.2942],[28.9084,-1.2947],[28.9116,-1.3066],[28.9223,-1.3019],[28.9278,-1.3264],[28.9443,-1.3331],[28.9183,-1.3504],[28.9119,-1.3788]]]}},{"type":"Feature","properties":{"name":"Mweso","province":"Nord-Kivu","key":"mweso"},"geometry":{"type":"Polygon","coordinates":[[[28.9357,-1.0236],[28.9574,-1.0524],[28.9887,-1.0557],[29.0032,-1.0813],[29.0352,-1.1121],[29.0424,-1.1316],[29.0312,-1.1966],[29.0655,-1.2527],[29.0582,-1.2767],[29.069,-1.2985],[29.063,-1.3168],[29.0721,-1.3168],[29.0702,-1.3319],[29.0843,-1.3674],[29.184,-1.3757],[29.2028,-1.3839],[29.1292,-1.4088],[29.0801,-1.4345],[29.0385,-1.44],[29.0218,-1.457],[28.99,-1.4601],[28.9862,-1.4376],[28.9534,-1.4187],[28.9324,-1.4191],[28.9145,-1.3914],[28.914,-1.3581],[28.9443,-1.3331],[28.9278,-1.3264],[28.9223,-1.3019],[28.9116,-1.3066],[28.9084,-1.2947],[28.8928,-1.2915],[28.8621,-1.2938],[28.8577,-1.2806],[28.8355,-1.2821],[28.8373,-1.2683],[28.8108,-1.2511],[28.7872,-1.2512],[28.7906,-1.2465],[28.7805,-1.2378],[28.758,-1.2395],[28.7503,-1.2332],[28.7518,-1.2255],[28.7332,-1.2028],[28.7406,-1.194],[28.722,-1.1793],[28.7097,-1.1328],[28.696,-1.1236],[28.7022,-1.1033],[28.683,-1.0915],[28.6811,-1.0697],[28.6711,-1.0639],[28.6871,-1.0443],[28.6879,-1.0341],[28.6794,-1.0317],[28.6873,-1.0252],[28.6828,-1.0161],[28.7025,-1.0096],[28.7013,-0.9976],[28.6917,-0.9912],[28.6952,-0.9808],[28.7101,-0.9882],[28.7448,-0.9769],[28.766,-0.9894],[28.7877,-0.9808],[28.8054,-0.957],[28.8192,-0.9551],[28.8418,-0.96],[28.8598,-0.9796],[28.903,-0.9905],[28.9183,-1.0176],[28.9357,-1.0236]]]}},{"type":"Feature","properties":{"name":"Kirotshe","province":"Nord-Kivu","key":"kirotshe"},"geometry":{"type":"Polygon","coordinates":[[[28.919,-1.3976],[28.9324,-1.4191],[28.9534,-1.4187],[28.9862,-1.4376],[28.99,-1.4601],[29.0218,-1.457],[29.0385,-1.44],[29.0801,-1.4345],[29.197,-1.3843],[29.221,-1.3949],[29.2253,-1.4086],[29.2105,-1.4351],[29.2008,-1.435],[29.1727,-1.4631],[29.1349,-1.5253],[29.1417,-1.5895],[29.1291,-1.6117],[29.1312,-1.6286],[29.1152,-1.6303],[29.0721,-1.6099],[29.0611,-1.6122],[29.0356,-1.6581],[28.9839,-1.7098],[28.9795,-1.733],[28.9692,-1.7417],[28.917,-1.7422],[28.883,-1.7287],[28.8627,-1.707],[28.8797,-1.6971],[28.8761,-1.6847],[28.867,-1.6825],[28.8708,-1.6591],[28.894,-1.6527],[28.9042,-1.6377],[28.8926,-1.592],[28.8729,-1.5802],[28.8638,-1.5564],[28.8675,-1.5144],[28.8773,-1.498],[28.8744,-1.463],[28.865,-1.4571],[28.8685,-1.4321],[28.8841,-1.3983],[28.9062,-1.3905],[28.9119,-1.3788],[28.919,-1.3976]]]}},{"type":"Feature","properties":{"name":"Pinga","province":"Nord-Kivu","key":"pinga"},"geometry":{"type":"Polygon","coordinates":[[[28.4553,-0.0846],[28.4692,-0.0894],[28.4687,-0.1015],[28.4797,-0.1108],[28.4607,-0.129],[28.4636,-0.1393],[28.4846,-0.1596],[28.4823,-0.1783],[28.4992,-0.1871],[28.5001,-0.1965],[28.4807,-0.2194],[28.4791,-0.2409],[28.496,-0.2417],[28.503,-0.2345],[28.5215,-0.2453],[28.5384,-0.2447],[28.5999,-0.287],[28.576,-0.3128],[28.5834,-0.3165],[28.5735,-0.3445],[28.5792,-0.3467],[28.5795,-0.3925],[28.5982,-0.3799],[28.6028,-0.387],[28.6323,-0.388],[28.6263,-0.4373],[28.6352,-0.449],[28.6552,-0.4553],[28.6906,-0.5088],[28.7686,-0.5777],[28.787,-0.5692],[28.839,-0.5684],[28.8585,-0.5768],[28.8821,-0.5652],[28.8991,-0.5692],[28.9142,-0.5632],[28.9422,-0.5847],[28.9419,-0.5938],[28.9635,-0.5979],[28.9674,-0.6336],[28.9898,-0.6806],[28.9759,-0.7404],[28.9814,-0.7669],[29.011,-0.7821],[29.0195,-0.8023],[29.0492,-0.8],[29.0635,-0.826],[29.0449,-0.8605],[29.0203,-0.8667],[29.0012,-0.8605],[28.9826,-0.8742],[28.9618,-0.8712],[28.9559,-0.8774],[28.9456,-0.8698],[28.9037,-0.887],[28.8953,-0.8985],[28.8985,-0.9221],[28.943,-0.9132],[29.0168,-0.9345],[28.9731,-1.0283],[28.9222,-1.0205],[28.903,-0.9905],[28.8576,-0.9786],[28.8395,-0.9591],[28.8054,-0.957],[28.7877,-0.9808],[28.766,-0.9894],[28.7448,-0.9769],[28.7101,-0.9882],[28.6907,-0.9796],[28.6731,-0.9507],[28.6403,-0.9427],[28.6091,-0.9466],[28.6046,-0.9566],[28.5836,-0.9511],[28.5119,-0.9547],[28.4886,-0.9867],[28.3995,-0.9852],[28.3718,-0.9768],[28.349,-0.9877],[28.3377,-0.9813],[28.2978,-0.9851],[28.2758,-0.9899],[28.263,-1.0049],[28.2376,-1.0068],[28.2197,-1.0234],[28.2082,-0.9982],[28.1859,-0.9811],[28.1912,-0.9738],[28.1843,-0.9598],[28.1164,-0.941],[28.1101,-0.9498],[28.0961,-0.9466],[28.0746,-0.922],[28.0766,-0.8869],[28.049,-0.8518],[28.0527,-0.8425],[28.0717,-0.8368],[28.0901,-0.8181],[28.0898,-0.7904],[28.098,-0.7788],[28.1419,-0.7877],[28.1629,-0.7823],[28.1571,-0.7657],[28.1239,-0.7391],[28.1402,-0.7166],[28.1303,-0.697],[28.138,-0.673],[28.131,-0.6581],[28.1141,-0.6511],[28.1116,-0.6146],[28.0953,-0.615],[28.0736,-0.6029],[28.0372,-0.5787],[28.0175,-0.5521],[27.9723,-0.5354],[27.9781,-0.47],[27.9693,-0.4443],[27.942,-0.4065],[27.9515,-0.3877],[27.9856,-0.3609],[27.9962,-0.3287],[28.0094,-0.3169],[28.0732,-0.308],[28.1135,-0.2777],[28.1336,-0.2797],[28.1504,-0.2691],[28.1545,-0.2587],[28.1437,-0.2418],[28.1293,-0.163],[28.1427,-0.1716],[28.1991,-0.1412],[28.2082,-0.1482],[28.2161,-0.1428],[28.2212,-0.1503],[28.2569,-0.1514],[28.2619,-0.1407],[28.2876,-0.1341],[28.2917,-0.1223],[28.3165,-0.1148],[28.3151,-0.102],[28.3355,-0.0991],[28.3397,-0.0904],[28.3606,-0.0998],[28.3645,-0.1093],[28.367,-0.0986],[28.3797,-0.092],[28.3981,-0.0882],[28.4179,-0.0984],[28.4193,-0.0911],[28.4399,-0.0904],[28.4515,-0.0796],[28.4553,-0.0846]]]}},{"type":"Feature","properties":{"name":"Walikale","province":"Nord-Kivu","key":"walikale"},"geometry":{"type":"Polygon","coordinates":[[[27.979,-0.5391],[28.0175,-0.5521],[28.0372,-0.5787],[28.0736,-0.6029],[28.0953,-0.615],[28.1116,-0.6146],[28.1141,-0.6511],[28.131,-0.6581],[28.138,-0.673],[28.1303,-0.697],[28.1402,-0.7166],[28.1239,-0.7391],[28.1634,-0.7778],[28.1502,-0.788],[28.098,-0.7788],[28.0898,-0.7904],[28.0901,-0.8181],[28.0508,-0.8463],[28.0756,-0.8837],[28.0722,-0.9157],[28.0869,-0.9408],[28.0684,-0.9435],[28.0606,-0.933],[28.0452,-0.9331],[28.0124,-0.9512],[28.0664,-0.9765],[28.0669,-1.0099],[28.0583,-1.0268],[28.0719,-1.0467],[28.0798,-1.0894],[28.1026,-1.1037],[28.1432,-1.1065],[28.1771,-1.1559],[28.209,-1.1635],[28.2608,-1.1966],[28.2478,-1.2882],[28.284,-1.2909],[28.2988,-1.3276],[28.243,-1.3275],[28.215,-1.3478],[28.1888,-1.3525],[28.1428,-1.3387],[28.1313,-1.3218],[28.109,-1.3276],[28.0932,-1.3232],[28.0819,-1.3461],[28.092,-1.3563],[28.0846,-1.357],[28.0898,-1.3724],[28.0807,-1.3791],[28.0866,-1.3893],[28.0732,-1.4313],[28.0736,-1.4467],[28.0917,-1.4666],[28.0854,-1.4895],[28.0974,-1.5055],[28.0805,-1.539],[28.0547,-1.522],[28.0248,-1.5287],[28.0146,-1.518],[27.9999,-1.5177],[27.9913,-1.5011],[27.9979,-1.4844],[27.9493,-1.4259],[27.9208,-1.4403],[27.9092,-1.4324],[27.9052,-1.4161],[27.879,-1.4182],[27.8728,-1.4369],[27.8567,-1.4416],[27.8308,-1.4706],[27.8223,-1.5048],[27.8007,-1.5216],[27.7622,-1.5838],[27.7301,-1.5711],[27.7046,-1.5815],[27.6854,-1.6123],[27.657,-1.6141],[27.6288,-1.631],[27.6167,-1.6226],[27.6141,-1.6326],[27.6077,-1.6287],[27.6017,-1.6376],[27.5915,-1.6319],[27.5479,-1.6379],[27.5082,-1.5897],[27.4986,-1.5387],[27.4585,-1.4947],[27.4494,-1.4593],[27.4306,-1.4462],[27.4115,-1.4581],[27.3914,-1.4501],[27.3469,-1.3608],[27.3482,-1.3392],[27.3648,-1.3067],[27.3264,-1.2977],[27.2354,-1.2051],[27.2271,-1.2049],[27.2283,-1.1927],[27.2506,-1.174],[27.2652,-1.1728],[27.2771,-1.1903],[27.3027,-1.1814],[27.3272,-1.1924],[27.3381,-1.1818],[27.3215,-1.1556],[27.2904,-1.1293],[27.2841,-1.0923],[27.2683,-1.0784],[27.2666,-1.0676],[27.2783,-1.0526],[27.2685,-1.0182],[27.2743,-0.9802],[27.2858,-0.9788],[27.3108,-0.9551],[27.3468,-0.9425],[27.3859,-0.9452],[27.4417,-0.9135],[27.4637,-0.9148],[27.4997,-0.9004],[27.5269,-0.9006],[27.5481,-0.9099],[27.5751,-0.9034],[27.6299,-0.9239],[27.6384,-0.9344],[27.6462,-0.927],[27.6795,-0.9299],[27.69,-0.9237],[27.7063,-0.8931],[27.7166,-0.8978],[27.7663,-0.8857],[27.7722,-0.8708],[27.7671,-0.8409],[27.7795,-0.8154],[27.7801,-0.7804],[27.8064,-0.7468],[27.8055,-0.6903],[27.831,-0.6663],[27.8227,-0.6537],[27.8308,-0.6114],[27.841,-0.596],[27.9038,-0.594],[27.9356,-0.5763],[27.9474,-0.5498],[27.9627,-0.55],[27.9723,-0.5354],[27.979,-0.5391]]]}},{"type":"Feature","properties":{"name":"Kibirizi","province":"Nord-Kivu","key":"kibirizi"},"geometry":{"type":"Polygon","coordinates":[[[29.4473,-0.6005],[29.4428,-0.6179],[29.447,-0.6367],[29.4603,-0.6471],[29.4617,-0.6776],[29.4563,-0.6948],[29.4473,-0.6947],[29.4483,-0.7157],[29.4373,-0.717],[29.4315,-0.7276],[29.4236,-0.7207],[29.4293,-0.7302],[29.4174,-0.7471],[29.4286,-0.7624],[29.4201,-0.7643],[29.4261,-0.7698],[29.4166,-0.783],[29.4243,-0.7915],[29.4155,-0.795],[29.4171,-0.8152],[29.3916,-0.8275],[29.3729,-0.8751],[29.3495,-0.9086],[29.3595,-1.0022],[29.3135,-0.98],[29.3153,-0.9643],[29.2959,-0.9455],[29.2919,-0.9265],[29.3069,-0.914],[29.3092,-0.8867],[29.3008,-0.8603],[29.2887,-0.8597],[29.2606,-0.8734],[29.2276,-0.9082],[29.2239,-0.932],[29.2059,-0.963],[29.2047,-0.9869],[29.19,-1.0054],[29.1945,-1.0377],[29.1885,-1.047],[29.1993,-1.0579],[29.1951,-1.0768],[29.1819,-1.0881],[29.1109,-1.1048],[29.0851,-1.1237],[29.0536,-1.122],[29.0032,-1.0813],[28.9887,-1.0557],[28.9753,-1.0586],[28.9467,-1.042],[28.9357,-1.0236],[28.9731,-1.0283],[28.9957,-0.9719],[29.0193,-0.9391],[28.943,-0.9132],[28.8985,-0.9221],[28.8953,-0.8985],[28.9037,-0.887],[28.9456,-0.8698],[28.9559,-0.8774],[28.9618,-0.8712],[28.9826,-0.8742],[29.0012,-0.8605],[29.0203,-0.8667],[29.0449,-0.8605],[29.0513,-0.8385],[29.0628,-0.8339],[29.0705,-0.8189],[29.0844,-0.7774],[29.1081,-0.762],[29.1315,-0.7022],[29.1425,-0.7059],[29.1667,-0.6975],[29.1831,-0.6824],[29.1897,-0.6639],[29.2382,-0.7021],[29.2908,-0.6945],[29.3337,-0.6613],[29.3279,-0.6437],[29.3351,-0.6437],[29.3591,-0.6569],[29.3744,-0.6546],[29.3626,-0.69],[29.368,-0.6856],[29.3632,-0.6988],[29.3709,-0.7048],[29.3779,-0.6818],[29.39,-0.6782],[29.3976,-0.6906],[29.4011,-0.6716],[29.4355,-0.637],[29.4292,-0.6152],[29.4473,-0.6005]]]}},{"type":"Feature","properties":{"name":"Kalunguta","province":"Nord-Kivu","key":"kalunguta"},"geometry":{"type":"Polygon","coordinates":[[[29.7292,0.7184],[29.7337,0.6969],[29.7249,0.6918],[29.7124,0.6448],[29.7024,0.645],[29.6981,0.5952],[29.6791,0.5912],[29.6838,0.5798],[29.6734,0.5639],[29.6785,0.5573],[29.6659,0.5522],[29.6647,0.5394],[29.6557,0.5443],[29.6471,0.5319],[29.6463,0.5124],[29.6596,0.5091],[29.6496,0.486],[29.6195,0.4853],[29.6144,0.4766],[29.5953,0.4724],[29.5841,0.4302],[29.5688,0.4156],[29.5592,0.4241],[29.5564,0.4086],[29.5486,0.4013],[29.5414,0.4051],[29.5081,0.3693],[29.5006,0.3501],[29.5144,0.3392],[29.5156,0.316],[29.5458,0.3193],[29.565,0.2999],[29.5589,0.2867],[29.5642,0.2534],[29.5947,0.2519],[29.5941,0.2353],[29.6072,0.2421],[29.6126,0.2208],[29.6291,0.2303],[29.6341,0.217],[29.6279,0.2034],[29.6348,0.1973],[29.5672,0.1857],[29.4828,0.1498],[29.4762,0.1502],[29.4661,0.1753],[29.4444,0.1787],[29.4384,0.1901],[29.3974,0.1866],[29.3896,0.2339],[29.4084,0.255],[29.443,0.2755],[29.4716,0.3756],[29.4813,0.3848],[29.4608,0.3969],[29.4353,0.3925],[29.4347,0.4303],[29.4068,0.4305],[29.3799,0.4754],[29.3478,0.4767],[29.3334,0.4898],[29.3173,0.4792],[29.2733,0.5057],[29.2834,0.5185],[29.3193,0.5317],[29.3282,0.5825],[29.3443,0.5997],[29.3717,0.5658],[29.3981,0.5549],[29.508,0.5731],[29.5218,0.5835],[29.5342,0.5768],[29.5868,0.6183],[29.593,0.6318],[29.6333,0.6425],[29.6829,0.6936],[29.7292,0.7184]],[[29.4735,0.5223],[29.4413,0.506],[29.4463,0.4833],[29.4584,0.4767],[29.4754,0.4757],[29.4933,0.4856],[29.4894,0.5215],[29.4817,0.5278],[29.4735,0.5223]]]}},{"type":"Feature","properties":{"name":"Alimbongo","province":"Nord-Kivu","key":"alimbongo"},"geometry":{"type":"Polygon","coordinates":[[[28.6053,-0.0091],[28.6259,-0.0234],[28.6183,-0.0382],[28.6414,-0.024],[28.6468,-0.0349],[28.6614,-0.0318],[28.6739,-0.0547],[28.7191,-0.0566],[28.7326,-0.0449],[28.747,-0.0545],[28.7581,-0.0458],[28.7713,-0.0902],[28.7889,-0.1043],[28.8053,-0.0875],[28.8361,-0.0831],[28.8412,-0.0741],[28.8598,-0.0687],[28.8906,-0.1234],[28.8765,-0.1495],[28.892,-0.1602],[28.9565,-0.1428],[29.0099,-0.1834],[29.0796,-0.1609],[29.1289,-0.1705],[29.1429,-0.182],[29.1452,-0.2011],[29.1085,-0.2485],[29.1106,-0.2635],[29.1245,-0.2746],[29.1696,-0.2368],[29.2001,-0.2466],[29.2216,-0.2151],[29.2454,-0.2097],[29.2533,-0.1977],[29.2794,-0.2025],[29.3303,-0.1821],[29.3406,-0.1867],[29.3532,-0.2046],[29.3077,-0.2676],[29.3031,-0.2879],[29.3056,-0.3199],[29.3203,-0.3161],[29.3317,-0.323],[29.3268,-0.331],[29.3444,-0.3459],[29.3264,-0.3796],[29.339,-0.3953],[29.3317,-0.4114],[29.3394,-0.4353],[29.3582,-0.4498],[29.3578,-0.4609],[29.4424,-0.5208],[29.4916,-0.5346],[29.5288,-0.5621],[29.5855,-0.5844],[29.5589,-0.6191],[29.5161,-0.6166],[29.526,-0.6223],[29.4865,-0.6473],[29.4767,-0.6257],[29.4669,-0.6238],[29.4713,-0.6153],[29.4635,-0.6176],[29.4535,-0.6033],[29.427,-0.5901],[29.4075,-0.5497],[29.3369,-0.4946],[29.3254,-0.4731],[29.2685,-0.4575],[29.2357,-0.4063],[29.1795,-0.4032],[29.1729,-0.3908],[29.1549,-0.3919],[29.1567,-0.3685],[29.0556,-0.3706],[28.9853,-0.3463],[28.9761,-0.3591],[28.9535,-0.36],[28.9268,-0.3391],[28.8963,-0.2796],[28.8698,-0.2961],[28.8567,-0.294],[28.8047,-0.316],[28.7775,-0.3156],[28.7515,-0.3012],[28.7508,-0.2884],[28.7607,-0.2823],[28.7441,-0.2774],[28.7485,-0.2625],[28.7414,-0.2633],[28.745,-0.2563],[28.7314,-0.2431],[28.7441,-0.2333],[28.7393,-0.2174],[28.7061,-0.1961],[28.6654,-0.1861],[28.6463,-0.1654],[28.645,-0.1519],[28.6325,-0.1455],[28.6305,-0.16],[28.6243,-0.1546],[28.5967,-0.1636],[28.5728,-0.1589],[28.5628,-0.1747],[28.5472,-0.1738],[28.5401,-0.1852],[28.5347,-0.1766],[28.5119,-0.1763],[28.4999,-0.1923],[28.4917,-0.1793],[28.4823,-0.1783],[28.4846,-0.1596],[28.4608,-0.132],[28.4797,-0.1108],[28.4687,-0.1015],[28.4692,-0.0894],[28.4552,-0.086],[28.4612,-0.0757],[28.4572,-0.0647],[28.4655,-0.0547],[28.4957,-0.0532],[28.4958,-0.0463],[28.528,-0.0472],[28.5585,-0.0206],[28.5703,-0.0245],[28.5759,-0.0217],[28.571,-0.0147],[28.5955,-0.0169],[28.6015,-0.0055],[28.6053,-0.0091]]]}},{"type":"Feature","properties":{"name":"Nyiragongo","province":"Nord-Kivu","key":"nyiragongo"},"geometry":{"type":"Polygon","coordinates":[[[29.3157,-1.4689],[29.3446,-1.4642],[29.372,-1.4735],[29.3766,-1.5026],[29.3999,-1.529],[29.3779,-1.5279],[29.3358,-1.5572],[29.2913,-1.6305],[29.2378,-1.6161],[29.1876,-1.6135],[29.1372,-1.5815],[29.1349,-1.5253],[29.1727,-1.4631],[29.2008,-1.435],[29.3157,-1.4689]]]}},{"type":"Feature","properties":{"name":"Katoyi","province":"Nord-Kivu","key":"katoyi"},"geometry":{"type":"Polygon","coordinates":[[[28.8772,-1.4205],[28.865,-1.4571],[28.8744,-1.463],[28.8773,-1.498],[28.8675,-1.5144],[28.8638,-1.5564],[28.8729,-1.5802],[28.8926,-1.592],[28.9042,-1.6377],[28.894,-1.6527],[28.8708,-1.6591],[28.867,-1.6825],[28.8761,-1.6847],[28.8797,-1.6971],[28.866,-1.7014],[28.8253,-1.7615],[28.7645,-1.7714],[28.7495,-1.7819],[28.7161,-1.7802],[28.6846,-1.7419],[28.6677,-1.7398],[28.6675,-1.7518],[28.6583,-1.7507],[28.6474,-1.7286],[28.604,-1.7204],[28.6028,-1.7111],[28.6107,-1.7091],[28.5754,-1.6884],[28.5855,-1.6694],[28.6352,-1.6617],[28.6591,-1.6728],[28.6985,-1.6582],[28.7122,-1.6376],[28.7008,-1.5999],[28.7044,-1.5845],[28.7445,-1.591],[28.7581,-1.6053],[28.779,-1.5582],[28.7944,-1.5471],[28.7872,-1.5023],[28.8084,-1.465],[28.8064,-1.4544],[28.8718,-1.419],[28.8827,-1.3979],[28.8772,-1.4205]]]}},{"type":"Feature","properties":{"name":"Bambo","province":"Nord-Kivu","key":"bambo"},"geometry":{"type":"Polygon","coordinates":[[[29.3595,-1.0022],[29.3477,-1.0087],[29.338,-1.0298],[29.3561,-1.0489],[29.3422,-1.0825],[29.3529,-1.114],[29.3455,-1.132],[29.3434,-1.1908],[29.3071,-1.2712],[29.2902,-1.3492],[29.2626,-1.4128],[29.2107,-1.4319],[29.2253,-1.4086],[29.221,-1.3949],[29.157,-1.3427],[29.1632,-1.2994],[29.1513,-1.268],[29.1346,-1.2532],[29.1356,-1.2385],[29.1576,-1.2115],[29.1665,-1.1791],[29.1896,-1.1509],[29.1978,-1.125],[29.1877,-1.0841],[29.1993,-1.0579],[29.1885,-1.047],[29.1945,-1.0377],[29.19,-1.0054],[29.2047,-0.9869],[29.2059,-0.963],[29.2239,-0.932],[29.2276,-0.9082],[29.2606,-0.8734],[29.2887,-0.8597],[29.3008,-0.8603],[29.3092,-0.8867],[29.3069,-0.914],[29.2919,-0.9265],[29.2959,-0.9455],[29.3153,-0.9643],[29.3135,-0.98],[29.3595,-1.0022]]]}},{"type":"Feature","properties":{"name":"Itebero","province":"Nord-Kivu","key":"itebero"},"geometry":{"type":"Polygon","coordinates":[[[27.9083,-1.4201],[27.915,-1.4387],[27.9245,-1.4402],[27.9464,-1.4244],[27.9637,-1.4378],[27.9979,-1.4844],[27.9913,-1.5011],[27.9999,-1.5177],[28.0146,-1.518],[28.0248,-1.5287],[28.0547,-1.522],[28.0789,-1.5395],[28.1025,-1.5035],[28.111,-1.5224],[28.138,-1.5276],[28.1396,-1.5354],[28.1686,-1.5523],[28.2036,-1.5496],[28.2026,-1.558],[28.2195,-1.5595],[28.2639,-1.6005],[28.2964,-1.5803],[28.3106,-1.5824],[28.3329,-1.5707],[28.3538,-1.5496],[28.3822,-1.5512],[28.4069,-1.5199],[28.449,-1.5206],[28.4745,-1.5421],[28.4731,-1.5871],[28.5218,-1.6229],[28.5253,-1.6494],[28.5398,-1.6562],[28.5576,-1.6833],[28.6042,-1.7032],[28.6107,-1.7091],[28.6028,-1.7111],[28.604,-1.7204],[28.6474,-1.7286],[28.6751,-1.77],[28.6689,-1.7939],[28.6957,-1.806],[28.7003,-1.8286],[28.6777,-1.8677],[28.641,-1.8909],[28.6055,-1.8807],[28.5793,-1.8907],[28.5668,-1.9048],[28.5242,-1.8968],[28.5111,-1.8768],[28.4816,-1.8767],[28.4497,-1.8651],[28.4508,-1.8929],[28.372,-1.9215],[28.3539,-1.9399],[28.3502,-1.9476],[28.377,-1.9609],[28.3823,-1.9779],[28.3743,-1.9932],[28.3503,-1.994],[28.3271,-1.9762],[28.3042,-1.9905],[28.1717,-1.9939],[28.155,-2.0009],[28.1512,-2.02],[28.1671,-2.046],[28.0998,-2.0658],[28.0949,-2.0251],[28.1008,-2.0083],[28.0871,-1.9987],[28.0116,-2.0118],[27.9979,-2.0324],[27.9847,-2.0068],[27.962,-2.0163],[27.9498,-2.0002],[27.9087,-1.9992],[27.885,-2.0015],[27.8384,-2.0339],[27.7846,-2.0288],[27.7397,-2.0006],[27.7563,-1.8448],[27.742,-1.831],[27.7467,-1.7894],[27.7391,-1.7901],[27.7205,-1.7695],[27.6846,-1.7717],[27.6733,-1.743],[27.6774,-1.7252],[27.6684,-1.7087],[27.6558,-1.7074],[27.6535,-1.6911],[27.623,-1.685],[27.5606,-1.6356],[27.5931,-1.6319],[27.6017,-1.6376],[27.6077,-1.6287],[27.6141,-1.6326],[27.6167,-1.6226],[27.6288,-1.631],[27.657,-1.6141],[27.6854,-1.6123],[27.7046,-1.5815],[27.7301,-1.5711],[27.7622,-1.5838],[27.8007,-1.5216],[27.8223,-1.5048],[27.8325,-1.4685],[27.8567,-1.4416],[27.8728,-1.4369],[27.879,-1.4182],[27.9083,-1.4201]]]}},{"type":"Feature","properties":{"name":"Mwana","province":"Sud-Kivu","key":"mwana"},"geometry":{"type":"Polygon","coordinates":[[[28.6814,-2.7777],[28.693,-2.7865],[28.6935,-2.7997],[28.7118,-2.8032],[28.7108,-2.8087],[28.7434,-2.7983],[28.7629,-2.8183],[28.7728,-2.8574],[28.7995,-2.8824],[28.7978,-2.9389],[28.8111,-2.9623],[28.8044,-2.9879],[28.8087,-3.0087],[28.7234,-3.0173],[28.7096,-3.0444],[28.6916,-3.0247],[28.6777,-3.0252],[28.6508,-3.0016],[28.6175,-2.9585],[28.6217,-2.9473],[28.6007,-2.9252],[28.6087,-2.9186],[28.6025,-2.9088],[28.5575,-2.8745],[28.5597,-2.8642],[28.5841,-2.8589],[28.6073,-2.8382],[28.6175,-2.8443],[28.6275,-2.8303],[28.6387,-2.844],[28.6533,-2.8418],[28.663,-2.8031],[28.6782,-2.7962],[28.6814,-2.7777]]]}},{"type":"Feature","properties":{"name":"Kaziba","province":"Sud-Kivu","key":"kaziba"},"geometry":{"type":"Polygon","coordinates":[[[28.8657,-2.7693],[28.8807,-2.805],[28.8736,-2.8227],[28.8807,-2.8462],[28.8641,-2.8658],[28.8556,-2.9431],[28.8288,-2.9969],[28.819,-2.9987],[28.8044,-2.9879],[28.8111,-2.9623],[28.7978,-2.9389],[28.7995,-2.8824],[28.7728,-2.8574],[28.7629,-2.8183],[28.7434,-2.7983],[28.7883,-2.7782],[28.8657,-2.7693]]]}},{"type":"Feature","properties":{"name":"Nyantende","province":"Sud-Kivu","key":"nyantende"},"geometry":{"type":"Polygon","coordinates":[[[28.836,-2.5326],[28.8594,-2.5612],[28.8857,-2.5551],[28.8931,-2.5609],[28.9022,-2.6508],[28.8672,-2.6377],[28.8393,-2.5849],[28.823,-2.5751],[28.8233,-2.5334],[28.836,-2.5326]]]}},{"type":"Feature","properties":{"name":"Nyangezi","province":"Sud-Kivu","key":"nyangezi"},"geometry":{"type":"Polygon","coordinates":[[[28.8971,-2.661],[28.9098,-2.6653],[28.9181,-2.6811],[28.9356,-2.6815],[28.9436,-2.6935],[28.9592,-2.6938],[28.9683,-2.7041],[28.9827,-2.6942],[29.0039,-2.7049],[29.0346,-2.734],[29.0382,-2.761],[29.027,-2.7604],[29.0043,-2.7808],[28.9911,-2.7554],[28.9162,-2.738],[28.8823,-2.7728],[28.834,-2.7699],[28.7797,-2.7808],[28.7484,-2.796],[28.7562,-2.7779],[28.8217,-2.7351],[28.8367,-2.6989],[28.8675,-2.674],[28.8684,-2.6386],[28.8954,-2.6528],[28.8971,-2.661]]]}},{"type":"Feature","properties":{"name":"Kabare","province":"Sud-Kivu","key":"kabare"},"geometry":{"type":"Polygon","coordinates":[[[28.8123,-2.4297],[28.8716,-2.4371],[28.8741,-2.4598],[28.8496,-2.4559],[28.8045,-2.4712],[28.7937,-2.5109],[28.8208,-2.5245],[28.823,-2.5751],[28.7627,-2.561],[28.7525,-2.5476],[28.7353,-2.5429],[28.6907,-2.5509],[28.633,-2.5465],[28.5991,-2.5676],[28.571,-2.485],[28.5969,-2.4718],[28.6538,-2.422],[28.671,-2.3752],[28.6574,-2.3562],[28.6589,-2.3251],[28.6442,-2.2963],[28.6791,-2.2501],[28.7637,-2.3017],[28.7774,-2.3226],[28.7786,-2.3848],[28.7911,-2.4111],[28.8123,-2.4297]]]}},{"type":"Feature","properties":{"name":"Mubumbano","province":"Sud-Kivu","key":"mubumbano"},"geometry":{"type":"Polygon","coordinates":[[[28.4336,-2.6991],[28.4651,-2.6981],[28.4779,-2.6783],[28.5086,-2.6564],[28.5457,-2.6685],[28.5835,-2.7061],[28.6309,-2.7078],[28.6302,-2.726],[28.6454,-2.7321],[28.7097,-2.7283],[28.7348,-2.7107],[28.7577,-2.7054],[28.786,-2.6763],[28.8474,-2.6588],[28.8718,-2.6626],[28.8367,-2.6989],[28.8217,-2.7351],[28.7562,-2.7779],[28.7484,-2.796],[28.7108,-2.8087],[28.7118,-2.8032],[28.6935,-2.7997],[28.693,-2.7865],[28.681,-2.7768],[28.6782,-2.7962],[28.663,-2.8031],[28.6533,-2.8418],[28.6387,-2.844],[28.6275,-2.8303],[28.6175,-2.8443],[28.6033,-2.8399],[28.5646,-2.8669],[28.5574,-2.8613],[28.5637,-2.8576],[28.5622,-2.8399],[28.5507,-2.8311],[28.5448,-2.8352],[28.5379,-2.8195],[28.5137,-2.8417],[28.4844,-2.821],[28.4785,-2.8011],[28.4551,-2.8069],[28.4477,-2.819],[28.4503,-2.8062],[28.4325,-2.8062],[28.4398,-2.7947],[28.4147,-2.7826],[28.3824,-2.7922],[28.3767,-2.8163],[28.3596,-2.8342],[28.3466,-2.8388],[28.3407,-2.8294],[28.3134,-2.8283],[28.321,-2.8156],[28.3181,-2.7925],[28.3423,-2.7504],[28.3383,-2.7115],[28.3773,-2.6824],[28.3568,-2.6632],[28.3565,-2.6524],[28.3694,-2.6546],[28.3749,-2.6698],[28.4095,-2.6954],[28.4336,-2.6991]]]}},{"type":"Feature","properties":{"name":"Walungu","province":"Sud-Kivu","key":"walungu"},"geometry":{"type":"Polygon","coordinates":[[[28.7543,-2.5508],[28.7627,-2.561],[28.8393,-2.5849],[28.8684,-2.6386],[28.8718,-2.6626],[28.8474,-2.6588],[28.786,-2.6763],[28.7577,-2.7054],[28.7348,-2.7107],[28.7097,-2.7283],[28.6454,-2.7321],[28.6302,-2.726],[28.6309,-2.7078],[28.5835,-2.7061],[28.5457,-2.6685],[28.5087,-2.6564],[28.5426,-2.6456],[28.5597,-2.6308],[28.5866,-2.5825],[28.6167,-2.5514],[28.7353,-2.5429],[28.7543,-2.5508]]]}},{"type":"Feature","properties":{"name":"Hauts-Plateaux","province":"Sud-Kivu","key":"hautsplateaux"},"geometry":{"type":"Polygon","coordinates":[[[28.9897,-2.9127],[29.0151,-3.0751],[29.0317,-3.3372],[29.0292,-3.5341],[29.0677,-3.5306],[29.0717,-3.5436],[29.0463,-3.548],[28.993,-3.6564],[28.9581,-3.6591],[28.9009,-3.6501],[28.876,-3.6258],[28.8281,-3.5973],[28.8307,-3.5621],[28.8422,-3.5473],[28.8424,-3.45],[28.8878,-3.3998],[28.8709,-3.3632],[28.8922,-3.3189],[28.8714,-3.2875],[28.8307,-3.2596],[28.8127,-3.2095],[28.7903,-3.1977],[28.7823,-3.1411],[28.7942,-3.0866],[28.8139,-3.0686],[28.8194,-3.051],[28.8044,-2.9879],[28.8117,-2.9969],[28.8288,-2.9969],[28.8556,-2.9431],[28.8641,-2.8658],[28.8807,-2.8462],[28.8736,-2.8227],[28.8985,-2.827],[28.9897,-2.9127]]]}},{"type":"Feature","properties":{"name":"Kaniola","province":"Sud-Kivu","key":"kaniola"},"geometry":{"type":"Polygon","coordinates":[[[28.3424,-2.3842],[28.3935,-2.393],[28.3966,-2.4135],[28.4306,-2.4326],[28.469,-2.4365],[28.5288,-2.4657],[28.5688,-2.4605],[28.5991,-2.5676],[28.5597,-2.6308],[28.4878,-2.6697],[28.4623,-2.6993],[28.4095,-2.6954],[28.3411,-2.6329],[28.3181,-2.6245],[28.3149,-2.6323],[28.3138,-2.6233],[28.2906,-2.607],[28.2714,-2.6239],[28.255,-2.6231],[28.2296,-2.64],[28.2057,-2.6446],[28.2354,-2.6034],[28.2471,-2.6022],[28.263,-2.5801],[28.2529,-2.5756],[28.2476,-2.551],[28.2075,-2.5247],[28.2103,-2.5122],[28.2371,-2.5068],[28.2486,-2.5208],[28.2731,-2.5175],[28.2681,-2.4246],[28.2798,-2.4013],[28.3111,-2.3768],[28.3424,-2.3842]]]}},{"type":"Feature","properties":{"name":"Kalonge","province":"Sud-Kivu","key":"kalonge"},"geometry":{"type":"Polygon","coordinates":[[[28.5359,-2.2178],[28.5518,-2.2416],[28.5698,-2.2414],[28.5567,-2.2646],[28.5632,-2.2715],[28.6172,-2.2647],[28.638,-2.2536],[28.6442,-2.2963],[28.6589,-2.3251],[28.6574,-2.3562],[28.671,-2.3752],[28.6538,-2.422],[28.5969,-2.4718],[28.571,-2.485],[28.5688,-2.4605],[28.5288,-2.4657],[28.469,-2.4365],[28.4306,-2.4326],[28.3966,-2.4135],[28.3935,-2.393],[28.3353,-2.3833],[28.3339,-2.3503],[28.3094,-2.2816],[28.2675,-2.2814],[28.2634,-2.2749],[28.2795,-2.2535],[28.2915,-2.2087],[28.3496,-2.2156],[28.3575,-2.2286],[28.4568,-2.1984],[28.4832,-2.199],[28.5359,-2.2178]]]}},{"type":"Feature","properties":{"name":"Bunyakiri","province":"Sud-Kivu","key":"bunyakiri"},"geometry":{"type":"Polygon","coordinates":[[[28.6993,-1.7632],[28.7431,-1.8011],[28.7933,-1.8291],[28.6652,-1.9626],[28.6284,-1.9784],[28.5934,-2.0094],[28.5403,-2.0292],[28.5524,-2.0463],[28.5653,-2.0501],[28.5835,-2.0901],[28.5697,-2.1675],[28.5792,-2.2258],[28.5698,-2.2414],[28.5518,-2.2416],[28.5359,-2.2178],[28.4832,-2.199],[28.4568,-2.1984],[28.3575,-2.2286],[28.3496,-2.2156],[28.3172,-2.2067],[28.2474,-2.2045],[28.1904,-2.1452],[28.1777,-2.1188],[28.1671,-2.046],[28.1516,-2.0246],[28.155,-2.0009],[28.1717,-1.9939],[28.3042,-1.9905],[28.3271,-1.9762],[28.3503,-1.994],[28.3743,-1.9932],[28.3823,-1.9779],[28.377,-1.9609],[28.3502,-1.9476],[28.3539,-1.9399],[28.372,-1.9215],[28.4508,-1.8929],[28.4497,-1.8651],[28.4816,-1.8767],[28.5111,-1.8768],[28.5242,-1.8968],[28.5585,-1.9046],[28.6055,-1.8807],[28.641,-1.8909],[28.6777,-1.8677],[28.7003,-1.8286],[28.6957,-1.806],[28.6689,-1.7939],[28.6751,-1.77],[28.6654,-1.7429],[28.6846,-1.7419],[28.6993,-1.7632]]]}},{"type":"Feature","properties":{"name":"Uvira","province":"Sud-Kivu","key":"uvira"},"geometry":{"type":"Polygon","coordinates":[[[29.1919,-3.3226],[29.2239,-3.3251],[29.1975,-3.3474],[29.1969,-3.3844],[29.2354,-3.561],[29.1524,-3.5563],[29.1312,-3.5427],[29.1066,-3.5418],[29.083,-3.556],[29.0677,-3.5306],[29.0292,-3.5341],[29.0292,-3.298],[29.0825,-3.2972],[29.1709,-3.2824],[29.1919,-3.3226]]]}},{"type":"Feature","properties":{"name":"Kitutu","province":"Sud-Kivu","key":"kitutu"},"geometry":{"type":"Polygon","coordinates":[[[27.9129,-3.0861],[28.064,-3.266],[28.0953,-3.2726],[28.1274,-3.2661],[28.1403,-3.2733],[28.141,-3.2969],[28.1025,-3.4146],[28.2244,-3.5382],[28.365,-3.554],[28.4094,-3.6387],[28.425,-3.7438],[28.4425,-3.7654],[28.4511,-3.7965],[28.4376,-3.8522],[28.3503,-3.8539],[28.3328,-3.8282],[28.2995,-3.8184],[28.2747,-3.8213],[28.2608,-3.8329],[28.2029,-3.8354],[28.2027,-3.8215],[28.1842,-3.8171],[28.1805,-3.8025],[28.1658,-3.7978],[28.1568,-3.7834],[28.1561,-3.7527],[28.1485,-3.7424],[28.0836,-3.7171],[28.0867,-3.7082],[28.0739,-3.7],[28.0845,-3.6904],[28.0817,-3.6771],[28.064,-3.6687],[28.0585,-3.6459],[28.0462,-3.6431],[28.0251,-3.6208],[28.0378,-3.6141],[28.0505,-3.5865],[28.0092,-3.554],[28.0049,-3.533],[28.0292,-3.504],[28.0231,-3.4919],[28.0172,-3.4955],[28.0031,-3.4814],[27.9974,-3.4699],[28.0015,-3.4501],[27.9903,-3.4462],[27.9869,-3.4321],[27.9599,-3.4508],[27.9587,-3.4448],[27.936,-3.4408],[27.9142,-3.458],[27.9035,-3.4474],[27.8955,-3.4645],[27.9048,-3.4686],[27.8984,-3.4724],[27.8854,-3.4633],[27.8828,-3.4768],[27.8711,-3.4745],[27.8699,-3.4846],[27.8589,-3.4826],[27.8565,-3.4911],[27.8404,-3.4868],[27.8461,-3.4958],[27.8377,-3.4995],[27.8162,-3.5061],[27.8144,-3.4999],[27.8032,-3.5088],[27.7931,-3.5038],[27.7814,-3.5145],[27.7747,-3.5047],[27.7661,-3.5122],[27.7549,-3.51],[27.7494,-3.5188],[27.7552,-3.5261],[27.7413,-3.5217],[27.7397,-3.5122],[27.7314,-3.518],[27.701,-3.505],[27.6975,-3.4734],[27.7352,-3.4063],[27.7426,-3.3448],[27.7407,-3.3302],[27.7294,-3.3206],[27.7315,-3.3101],[27.7763,-3.2926],[27.8166,-3.1925],[27.8106,-3.1713],[27.8155,-3.1368],[27.8672,-3.0735],[27.8812,-3.0452],[27.9129,-3.0861]]]}},{"type":"Feature","properties":{"name":"Kamituga","province":"Sud-Kivu","key":"kamituga"},"geometry":{"type":"Polygon","coordinates":[[[28.3229,-2.845],[28.3539,-2.8973],[28.3334,-2.9321],[28.3354,-2.9482],[28.2583,-2.9753],[28.2641,-3.0139],[28.3074,-3.0983],[28.3105,-3.1189],[28.2995,-3.134],[28.3002,-3.1512],[28.328,-3.202],[28.3359,-3.244],[28.3308,-3.2711],[28.3251,-3.2773],[28.3072,-3.2591],[28.2915,-3.263],[28.275,-3.2517],[28.2655,-3.2561],[28.2684,-3.2725],[28.249,-3.2806],[28.249,-3.2956],[28.2413,-3.2919],[28.2258,-3.3028],[28.2291,-3.3083],[28.2167,-3.3185],[28.2201,-3.3293],[28.2116,-3.3353],[28.22,-3.3453],[28.2173,-3.3567],[28.2437,-3.377],[28.2796,-3.3803],[28.2839,-3.3746],[28.3448,-3.4122],[28.3535,-3.4359],[28.3487,-3.4642],[28.365,-3.554],[28.2244,-3.5382],[28.1025,-3.4146],[28.141,-3.2969],[28.1403,-3.2733],[28.1274,-3.2661],[28.0953,-3.2726],[28.064,-3.266],[28.0276,-3.2292],[27.8812,-3.0452],[27.8821,-2.9916],[27.8733,-2.9719],[27.8917,-2.964],[27.9469,-2.9616],[27.9666,-2.9953],[27.9736,-2.9862],[27.9883,-2.9879],[28.0143,-2.9475],[28.0294,-2.9467],[28.0458,-2.8838],[28.0694,-2.8811],[28.1153,-2.8897],[28.148,-2.905],[28.1706,-2.9032],[28.2069,-2.8733],[28.2077,-2.856],[28.2238,-2.8359],[28.2417,-2.8317],[28.2734,-2.8503],[28.3197,-2.8279],[28.3229,-2.845]]]}},{"type":"Feature","properties":{"name":"Itombwe","province":"Sud-Kivu","key":"itombwe"},"geometry":{"type":"Polygon","coordinates":[[[28.6892,-3.2187],[28.7087,-3.2588],[28.7433,-3.2699],[28.752,-3.2896],[28.8341,-3.2773],[28.8406,-3.2664],[28.8714,-3.2875],[28.8922,-3.3189],[28.8709,-3.3632],[28.8878,-3.3998],[28.8424,-3.45],[28.8422,-3.5473],[28.8307,-3.5621],[28.8281,-3.5973],[28.8196,-3.6075],[28.796,-3.6068],[28.7837,-3.6519],[28.7665,-3.6483],[28.7171,-3.6136],[28.6976,-3.6621],[28.725,-3.6932],[28.742,-3.7386],[28.7871,-3.7738],[28.8275,-3.8186],[28.8439,-3.8074],[28.8544,-3.821],[28.8202,-3.9697],[28.8086,-3.9931],[28.7834,-3.9811],[28.777,-3.9619],[28.7572,-3.9868],[28.733,-3.9978],[28.7278,-3.9888],[28.7338,-3.9676],[28.7137,-3.9362],[28.7123,-3.9183],[28.7316,-3.8654],[28.7122,-3.8471],[28.7024,-3.7931],[28.7161,-3.7725],[28.7071,-3.769],[28.6747,-3.785],[28.6426,-3.8387],[28.5865,-3.8846],[28.5761,-3.8753],[28.5622,-3.8273],[28.5429,-3.8461],[28.5216,-3.8519],[28.5156,-3.8892],[28.4808,-3.9084],[28.4692,-3.8798],[28.4596,-3.8032],[28.425,-3.7438],[28.4094,-3.6387],[28.3604,-3.5455],[28.3487,-3.4642],[28.3535,-3.4359],[28.3448,-3.4122],[28.2839,-3.3746],[28.2796,-3.3803],[28.2437,-3.377],[28.2173,-3.3567],[28.22,-3.3453],[28.2118,-3.3364],[28.2201,-3.3293],[28.2175,-3.316],[28.2296,-3.3072],[28.2258,-3.3028],[28.2413,-3.2919],[28.249,-3.2956],[28.249,-3.2806],[28.2684,-3.2725],[28.2655,-3.2561],[28.275,-3.2517],[28.2915,-3.263],[28.3072,-3.2591],[28.3239,-3.2767],[28.3369,-3.2727],[28.3451,-3.2837],[28.3532,-3.2705],[28.3643,-3.2813],[28.3759,-3.2569],[28.3855,-3.2564],[28.3946,-3.2421],[28.4867,-3.3335],[28.5574,-3.3589],[28.5818,-3.3439],[28.5915,-3.3118],[28.6072,-3.2959],[28.6252,-3.2947],[28.6556,-3.2438],[28.6892,-3.2187]],[[28.7275,-3.9881],[28.7278,-3.9887],[28.7275,-3.9881],[28.7275,-3.9881]]]}},{"type":"Feature","properties":{"name":"Minembwe","province":"Sud-Kivu","key":"minembwe"},"geometry":{"type":"Polygon","coordinates":[[[28.7119,-3.781],[28.7024,-3.7931],[28.7122,-3.8471],[28.7316,-3.8654],[28.7142,-3.9044],[28.7137,-3.9362],[28.7338,-3.9676],[28.7089,-4.0195],[28.7115,-4.0422],[28.6889,-4.0751],[28.6859,-4.1272],[28.6564,-4.1967],[28.6563,-4.2327],[28.6131,-4.3098],[28.5305,-4.2285],[28.4909,-4.2112],[28.4841,-4.194],[28.4451,-4.1617],[28.4295,-4.127],[28.4152,-4.1175],[28.4103,-4.0852],[28.4264,-4.0389],[28.4205,-4.0289],[28.4259,-4.0158],[28.3856,-4.0214],[28.3768,-3.9707],[28.3647,-3.9485],[28.3793,-3.9371],[28.3827,-3.918],[28.4142,-3.8762],[28.3732,-3.8575],[28.4376,-3.8522],[28.4547,-3.7958],[28.4808,-3.9084],[28.5156,-3.8892],[28.5216,-3.8519],[28.5429,-3.8461],[28.5622,-3.8273],[28.5761,-3.8753],[28.5865,-3.8846],[28.6426,-3.8387],[28.6843,-3.7764],[28.7071,-3.769],[28.7161,-3.7725],[28.7119,-3.781]]]}},{"type":"Feature","properties":{"name":"Nundu","province":"Sud-Kivu","key":"nundu"},"geometry":{"type":"Polygon","coordinates":[[[29.1439,-3.5505],[29.1754,-3.5593],[29.2354,-3.561],[29.2254,-3.8546],[28.9845,-3.8809],[28.9492,-3.8738],[28.9198,-3.8863],[28.9216,-3.9026],[28.9062,-3.9216],[28.8916,-3.9179],[28.8548,-3.9539],[28.8227,-3.9546],[28.8544,-3.821],[28.8439,-3.8074],[28.8275,-3.8186],[28.7871,-3.7738],[28.742,-3.7386],[28.725,-3.6932],[28.6976,-3.6621],[28.7171,-3.6136],[28.7665,-3.6483],[28.7837,-3.6519],[28.796,-3.6068],[28.8196,-3.6075],[28.8281,-3.5973],[28.876,-3.6258],[28.9009,-3.6501],[28.9581,-3.6591],[28.993,-3.6564],[29.0463,-3.548],[29.0695,-3.5422],[29.0896,-3.5554],[29.1066,-3.5418],[29.1439,-3.5505]],[[28.8227,-3.9546],[28.8227,-3.9547],[28.8227,-3.9546],[28.8227,-3.9546]]]}},{"type":"Feature","properties":{"name":"Ruzizi","province":"Sud-Kivu","key":"ruzizi"},"geometry":{"type":"Polygon","coordinates":[[[29.1336,-2.9368],[29.1685,-2.9598],[29.1683,-2.997],[29.1776,-2.9921],[29.1852,-3.0089],[29.1934,-3.0087],[29.2038,-3.0232],[29.2366,-3.0253],[29.2323,-3.0334],[29.2543,-3.0529],[29.2495,-3.0623],[29.2573,-3.0662],[29.2597,-3.0861],[29.247,-3.0967],[29.2611,-3.1148],[29.2441,-3.129],[29.2245,-3.1793],[29.2314,-3.1849],[29.2223,-3.1993],[29.2347,-3.2133],[29.2263,-3.2333],[29.2418,-3.2693],[29.2288,-3.2858],[29.2239,-3.3251],[29.188,-3.3202],[29.1758,-3.2841],[29.1347,-3.2884],[29.1257,-3.2456],[29.1268,-3.1841],[29.1146,-3.134],[29.0601,-3.0271],[29.0611,-2.9968],[29.0689,-2.9987],[29.0982,-2.9592],[29.1336,-2.9368]]]}},{"type":"Feature","properties":{"name":"Lemera","province":"Sud-Kivu","key":"lemera"},"geometry":{"type":"Polygon","coordinates":[[[28.9178,-2.739],[28.9917,-2.7557],[29.0047,-2.7757],[29.006,-2.8161],[29.0279,-2.8263],[29.0509,-2.8206],[29.0692,-2.8496],[29.0693,-2.8638],[29.0932,-2.8761],[29.0894,-2.8995],[29.096,-2.9185],[29.131,-2.9326],[29.0967,-2.9606],[29.0689,-2.9987],[29.0611,-2.9968],[29.0596,-3.021],[29.0836,-3.0842],[29.1146,-3.134],[29.1268,-3.1841],[29.1257,-3.2456],[29.1347,-3.2884],[29.0292,-3.298],[29.0151,-3.0751],[28.9897,-2.9127],[28.8985,-2.827],[28.8736,-2.8227],[28.8807,-2.805],[28.8672,-2.7697],[28.8823,-2.7728],[28.9178,-2.739]]]}},{"type":"Feature","properties":{"name":"Fizi","province":"Sud-Kivu","key":"fizi"},"geometry":{"type":"Polygon","coordinates":[[[29.2254,-3.8546],[29.2311,-3.9508],[29.3021,-4.0013],[29.3525,-4.1125],[29.379,-4.2019],[29.3891,-4.3783],[29.3596,-4.6522],[29.3523,-4.7987],[29.3721,-5.0079],[28.9717,-5.0092],[28.8604,-4.8355],[28.7826,-4.6812],[28.6559,-4.3467],[28.6358,-4.3246],[28.6092,-4.3188],[28.6563,-4.2327],[28.6564,-4.1967],[28.6859,-4.1272],[28.6889,-4.0751],[28.7115,-4.0422],[28.7089,-4.0195],[28.7226,-3.991],[28.7275,-3.9881],[28.733,-3.9978],[28.7572,-3.9868],[28.777,-3.9619],[28.7834,-3.9811],[28.8086,-3.9931],[28.8227,-3.9546],[28.8548,-3.9539],[28.8916,-3.9179],[28.9062,-3.9216],[28.9216,-3.9026],[28.9198,-3.8863],[28.9492,-3.8738],[28.9845,-3.8809],[29.2254,-3.8546]]]}},{"type":"Feature","properties":{"name":"Shabunda","province":"Sud-Kivu","key":"shabunda"},"geometry":{"type":"Polygon","coordinates":[[[27.1864,-2.5646],[27.2047,-2.5606],[27.2198,-2.5781],[27.2286,-2.5702],[27.2521,-2.5725],[27.3545,-2.5966],[27.3916,-2.5956],[27.4712,-2.5766],[27.5848,-2.5943],[27.6175,-2.6385],[27.6517,-2.7301],[27.602,-2.9548],[27.6074,-3.1698],[27.5754,-3.1661],[27.5222,-3.1356],[27.5046,-3.1333],[27.4544,-3.1561],[27.4245,-3.1473],[27.3422,-3.2446],[27.2577,-3.2464],[27.2055,-3.2592],[27.1558,-3.2539],[27.1163,-3.2366],[27.1279,-3.2046],[27.1212,-3.2015],[27.1189,-3.1754],[27.1317,-3.1535],[27.1298,-3.1448],[27.1117,-3.1365],[27.1228,-3.1155],[27.1199,-3.0767],[27.0954,-3.0657],[27.0729,-3.0411],[27.0595,-3.043],[27.054,-3.0289],[27.0606,-3.021],[27.0578,-2.9877],[27.029,-2.9685],[27.0245,-2.9492],[27.0159,-2.9611],[27.0014,-2.959],[26.9984,-2.9455],[26.9798,-2.9288],[26.9571,-2.8368],[26.9449,-2.8201],[26.9151,-2.8042],[26.9458,-2.7397],[26.9429,-2.7124],[26.9057,-2.6956],[26.905,-2.6647],[26.8816,-2.6449],[26.8642,-2.6088],[26.8563,-2.6062],[26.8876,-2.6048],[26.9041,-2.6175],[26.9355,-2.6014],[26.9391,-2.6162],[26.9449,-2.6157],[26.958,-2.6063],[26.9455,-2.5825],[26.952,-2.5801],[26.9961,-2.605],[27.007,-2.6257],[27.0192,-2.6184],[27.0313,-2.6377],[27.0598,-2.6253],[27.0635,-2.6157],[27.0843,-2.6231],[27.0955,-2.6462],[27.0901,-2.6558],[27.0746,-2.6534],[27.0807,-2.6634],[27.1047,-2.6449],[27.1056,-2.6072],[27.1355,-2.6013],[27.1534,-2.614],[27.1666,-2.6123],[27.1755,-2.5972],[27.1762,-2.553],[27.1864,-2.5646]]]}},{"type":"Feature","properties":{"name":"Lulingu","province":"Sud-Kivu","key":"lulingu"},"geometry":{"type":"Polygon","coordinates":[[[27.8384,-2.0339],[27.885,-2.0015],[27.9498,-2.0002],[27.962,-2.0163],[27.965,-2.0471],[27.9328,-2.1378],[27.8957,-2.1767],[27.7819,-2.2318],[27.6979,-2.3033],[27.6628,-2.3752],[27.5971,-2.4156],[27.5848,-2.5943],[27.4712,-2.5766],[27.3916,-2.5956],[27.3545,-2.5966],[27.2521,-2.5725],[27.2286,-2.5702],[27.2198,-2.5781],[27.2052,-2.5608],[27.1864,-2.5646],[27.1774,-2.5521],[27.1708,-2.5878],[27.1755,-2.5972],[27.1677,-2.6114],[27.1534,-2.614],[27.1355,-2.6013],[27.1056,-2.6072],[27.1047,-2.6449],[27.0795,-2.6634],[27.0746,-2.6534],[27.0901,-2.6558],[27.0955,-2.6462],[27.0843,-2.6231],[27.0635,-2.6157],[27.0598,-2.6253],[27.0313,-2.6377],[27.0192,-2.6184],[27.007,-2.6257],[26.9961,-2.605],[26.9537,-2.5805],[26.9455,-2.5825],[26.958,-2.6063],[26.9449,-2.6157],[26.9391,-2.6162],[26.9355,-2.6014],[26.9041,-2.6175],[26.8876,-2.6048],[26.8598,-2.6021],[26.8549,-2.5798],[26.871,-2.5632],[26.8706,-2.5425],[26.856,-2.4942],[26.8202,-2.4465],[26.8241,-2.3783],[26.8106,-2.3398],[26.8446,-2.3388],[26.8614,-2.3228],[26.8512,-2.2887],[26.868,-2.1589],[26.9131,-2.1584],[26.9374,-2.1823],[26.9346,-2.1554],[26.9633,-2.1291],[26.9715,-2.1488],[26.9842,-2.1525],[26.9769,-2.1239],[26.9983,-2.1505],[27.01,-2.1374],[27.0237,-2.1645],[27.0565,-2.1784],[27.0662,-2.2105],[27.079,-2.2006],[27.116,-2.2104],[27.1108,-2.224],[27.1236,-2.2366],[27.1231,-2.2232],[27.1401,-2.2127],[27.153,-2.2138],[27.15,-2.2349],[27.1548,-2.2226],[27.1662,-2.2247],[27.1714,-2.2165],[27.1761,-2.2416],[27.183,-2.2227],[27.1965,-2.2186],[27.1883,-2.2335],[27.2025,-2.2237],[27.2065,-2.2427],[27.2124,-2.2333],[27.2273,-2.2385],[27.2284,-2.2635],[27.2375,-2.2713],[27.2558,-2.2306],[27.2642,-2.2266],[27.2709,-2.2384],[27.288,-2.2421],[27.3192,-2.196],[27.353,-2.1653],[27.3847,-2.1671],[27.4526,-2.1305],[27.4461,-2.1072],[27.4724,-2.0339],[27.3936,-2.0169],[27.3749,-1.9999],[27.3809,-1.9912],[27.7397,-2.0006],[27.7846,-2.0288],[27.8384,-2.0339]]]}},{"type":"Feature","properties":{"name":"Kalole","province":"Sud-Kivu","key":"kalole"},"geometry":{"type":"Polygon","coordinates":[[[27.8672,-3.0735],[27.8634,-3.0777],[27.8672,-3.0735],[27.8677,-3.0727],[27.8672,-3.0735]],[[27.8466,-3.0968],[27.8457,-3.0978],[27.8456,-3.0978],[27.8456,-3.0978],[27.8457,-3.0978],[27.8466,-3.0968],[27.8498,-3.0931],[27.8466,-3.0968]],[[27.8268,-3.119],[27.8255,-3.1203],[27.8268,-3.119],[27.8316,-3.1137],[27.8336,-3.1114],[27.8316,-3.1137],[27.8268,-3.119]],[[27.8197,-3.1287],[27.8167,-3.1349],[27.8195,-3.1291],[27.8197,-3.1287]],[[27.5382,-3.1468],[27.5754,-3.1661],[27.6484,-3.1787],[27.743,-3.1689],[27.8091,-3.1547],[27.8158,-3.147],[27.8106,-3.1713],[27.8166,-3.1925],[27.7763,-3.2926],[27.7315,-3.3101],[27.7294,-3.3206],[27.7407,-3.3302],[27.7426,-3.3448],[27.7352,-3.4063],[27.6975,-3.4734],[27.701,-3.505],[27.7314,-3.518],[27.7397,-3.5122],[27.7413,-3.5217],[27.7552,-3.5261],[27.7494,-3.5188],[27.7549,-3.51],[27.7661,-3.5122],[27.7747,-3.5047],[27.7814,-3.5145],[27.7931,-3.5038],[27.8032,-3.5088],[27.8144,-3.4999],[27.8162,-3.5061],[27.8377,-3.4995],[27.8461,-3.4958],[27.8404,-3.4868],[27.8565,-3.4911],[27.8589,-3.4826],[27.8699,-3.4846],[27.8711,-3.4745],[27.8828,-3.4768],[27.8854,-3.4633],[27.8984,-3.4724],[27.9048,-3.4686],[27.8955,-3.4645],[27.9035,-3.4474],[27.9142,-3.458],[27.936,-3.4408],[27.9587,-3.4448],[27.9599,-3.4508],[27.9869,-3.4321],[27.9903,-3.4462],[28.0015,-3.4501],[27.9974,-3.4699],[28.0031,-3.4814],[28.0172,-3.4955],[28.0231,-3.4919],[28.0292,-3.504],[28.0049,-3.533],[28.0092,-3.554],[28.0505,-3.5865],[28.0378,-3.6141],[28.0251,-3.6208],[28.0462,-3.6431],[28.0585,-3.6459],[28.064,-3.6687],[28.0817,-3.6771],[28.0845,-3.6904],[28.0739,-3.7],[28.0867,-3.7082],[28.0836,-3.7171],[28.1485,-3.7424],[28.1563,-3.7537],[28.1521,-3.7731],[28.1647,-3.7962],[28.1782,-3.8],[28.1842,-3.8171],[28.2013,-3.8201],[28.2035,-3.828],[28.0773,-3.8292],[28.0691,-3.8506],[28.0429,-3.8697],[28.0128,-3.8783],[27.9809,-3.9157],[27.981,-3.9652],[27.8378,-4.0224],[27.8183,-4.019],[27.7986,-4.004],[27.6185,-4.0204],[27.5806,-3.9949],[27.5313,-3.9934],[27.4772,-3.9769],[27.4594,-3.9799],[27.4516,-3.9966],[27.3866,-3.9353],[27.3466,-3.9353],[27.3164,-3.9156],[27.2777,-3.9185],[27.2806,-3.9133],[27.2624,-3.899],[27.2497,-3.9045],[27.2285,-3.8955],[27.2138,-3.8999],[27.1887,-3.8893],[27.1772,-3.8571],[27.1624,-3.8502],[27.1652,-3.8373],[27.1525,-3.8212],[27.1412,-3.8204],[27.1431,-3.8116],[27.1303,-3.811],[27.1216,-3.7863],[27.1123,-3.7846],[27.1167,-3.7749],[27.1064,-3.7669],[27.109,-3.7586],[27.0966,-3.7534],[27.0856,-3.7285],[27.0926,-3.7235],[27.0893,-3.7027],[27.0988,-3.6999],[27.0999,-3.6892],[27.0927,-3.6855],[27.1001,-3.6787],[27.0993,-3.6235],[27.1272,-3.5736],[27.1215,-3.5584],[27.1346,-3.5594],[27.1352,-3.5388],[27.1203,-3.5469],[27.1168,-3.5397],[27.1285,-3.5319],[27.1336,-3.4989],[27.1191,-3.4572],[27.1323,-3.4267],[27.1154,-3.4306],[27.1145,-3.3872],[27.1006,-3.3928],[27.0919,-3.3816],[27.105,-3.3637],[27.0946,-3.3412],[27.0991,-3.318],[27.1205,-3.3023],[27.142,-3.2653],[27.111,-3.2434],[27.1163,-3.2366],[27.1558,-3.2539],[27.2055,-3.2592],[27.2577,-3.2464],[27.3422,-3.2446],[27.4245,-3.1473],[27.4544,-3.1561],[27.5046,-3.1333],[27.5382,-3.1468]],[[27.8155,-3.1368],[27.8155,-3.1368],[27.8155,-3.1368],[27.8158,-3.1364],[27.8155,-3.1368]]]}},{"type":"Feature","properties":{"name":"Mwenga","province":"Sud-Kivu","key":"mwenga"},"geometry":{"type":"Polygon","coordinates":[[[28.4133,-2.7832],[28.4398,-2.7947],[28.4319,-2.8057],[28.4503,-2.8062],[28.4477,-2.819],[28.4551,-2.8069],[28.4785,-2.8011],[28.4844,-2.821],[28.512,-2.8411],[28.5367,-2.8193],[28.5448,-2.8352],[28.5507,-2.8311],[28.5622,-2.8399],[28.5575,-2.8745],[28.6025,-2.9088],[28.6087,-2.9186],[28.6007,-2.9252],[28.621,-2.9454],[28.6219,-2.9658],[28.6298,-2.9664],[28.6565,-3.0069],[28.6777,-3.0252],[28.6916,-3.0247],[28.7096,-3.0444],[28.7234,-3.0173],[28.8087,-3.0087],[28.8199,-3.0324],[28.8194,-3.051],[28.8139,-3.0686],[28.7942,-3.0866],[28.7823,-3.1411],[28.7903,-3.1977],[28.8127,-3.2095],[28.8256,-3.2513],[28.8406,-3.2664],[28.8349,-3.2771],[28.752,-3.2896],[28.7433,-3.2699],[28.7087,-3.2588],[28.6994,-3.2342],[28.684,-3.2198],[28.6649,-3.2429],[28.6556,-3.2438],[28.6252,-3.2947],[28.6072,-3.2959],[28.5915,-3.3118],[28.5818,-3.3439],[28.5574,-3.3589],[28.4867,-3.3335],[28.3946,-3.2421],[28.3855,-3.2564],[28.3759,-3.2569],[28.3643,-3.2813],[28.3546,-3.2706],[28.3451,-3.2837],[28.3319,-3.2726],[28.3359,-3.244],[28.328,-3.202],[28.3002,-3.1512],[28.2995,-3.134],[28.3105,-3.1189],[28.3074,-3.0983],[28.2641,-3.0139],[28.2583,-2.9753],[28.3354,-2.9482],[28.3334,-2.9321],[28.3539,-2.8973],[28.3229,-2.845],[28.3224,-2.8294],[28.3407,-2.8294],[28.3466,-2.8388],[28.3596,-2.8342],[28.3767,-2.8163],[28.3824,-2.7922],[28.4133,-2.7832]]]}},{"type":"Feature","properties":{"name":"Mulungu","province":"Sud-Kivu","key":"mulungu"},"geometry":{"type":"Polygon","coordinates":[[[28.0949,-2.0251],[28.0998,-2.0658],[28.1671,-2.046],[28.1777,-2.1188],[28.1904,-2.1452],[28.2391,-2.2007],[28.2915,-2.2087],[28.2795,-2.2535],[28.2634,-2.2749],[28.2675,-2.2814],[28.3094,-2.2816],[28.3243,-2.3136],[28.3393,-2.3775],[28.3353,-2.3833],[28.3111,-2.3768],[28.2919,-2.3893],[28.2681,-2.4246],[28.2731,-2.5175],[28.2486,-2.5208],[28.2371,-2.5068],[28.2103,-2.5122],[28.2075,-2.5247],[28.2476,-2.551],[28.2529,-2.5756],[28.263,-2.5801],[28.2056,-2.6423],[28.2296,-2.64],[28.255,-2.6231],[28.2714,-2.6239],[28.2906,-2.607],[28.3138,-2.6233],[28.3149,-2.6323],[28.3181,-2.6245],[28.3411,-2.6329],[28.3589,-2.6525],[28.3568,-2.6632],[28.3724,-2.6721],[28.3759,-2.687],[28.3383,-2.7115],[28.3423,-2.7504],[28.3181,-2.7925],[28.3176,-2.8282],[28.2734,-2.8503],[28.2417,-2.8317],[28.2238,-2.8359],[28.2077,-2.856],[28.2069,-2.8733],[28.1706,-2.9032],[28.148,-2.905],[28.1153,-2.8897],[28.0694,-2.8811],[28.0458,-2.8838],[28.0294,-2.9467],[28.0143,-2.9475],[27.9883,-2.9879],[27.9736,-2.9862],[27.9666,-2.9953],[27.9469,-2.9616],[27.877,-2.9664],[27.8821,-3.0429],[27.8672,-3.0735],[27.8219,-3.1243],[27.8158,-3.1522],[27.6856,-3.1773],[27.6074,-3.1698],[27.602,-2.9548],[27.6517,-2.7301],[27.6175,-2.6385],[27.5844,-2.6011],[27.5971,-2.4156],[27.6628,-2.3752],[27.6979,-2.3033],[27.7819,-2.2318],[27.8957,-2.1767],[27.9328,-2.1378],[27.965,-2.0471],[27.962,-2.0163],[27.9886,-2.0085],[27.9979,-2.0324],[28.0116,-2.0118],[28.0871,-1.9987],[28.1008,-2.0083],[28.0949,-2.0251]]]}},{"type":"Feature","properties":{"name":"Bagira","province":"Sud-Kivu","key":"bagira"},"geometry":{"type":"Polygon","coordinates":[[[28.8696,-2.4614],[28.8386,-2.4896],[28.8289,-2.5236],[28.7952,-2.5162],[28.8045,-2.4712],[28.8496,-2.4559],[28.8696,-2.4614]]]}},{"type":"Feature","properties":{"name":"Kadutu","province":"Sud-Kivu","key":"kadutu"},"geometry":{"type":"Polygon","coordinates":[[[28.8619,-2.4812],[28.8544,-2.487],[28.8512,-2.532],[28.8238,-2.5333],[28.8208,-2.5242],[28.8314,-2.5213],[28.8396,-2.4882],[28.8729,-2.4591],[28.8806,-2.4663],[28.8619,-2.4812]]]}},{"type":"Feature","properties":{"name":"Ibanda","province":"Sud-Kivu","key":"ibanda"},"geometry":{"type":"Polygon","coordinates":[[[28.8903,-2.4788],[28.8888,-2.5047],[28.8661,-2.5159],[28.8611,-2.5286],[28.8857,-2.5551],[28.8594,-2.5612],[28.842,-2.5375],[28.8513,-2.5318],[28.8544,-2.4868],[28.8806,-2.4663],[28.8903,-2.4788]]]}},{"type":"Feature","properties":{"name":"Katana","province":"Sud-Kivu","key":"katana"},"geometry":{"type":"Polygon","coordinates":[[[28.7691,-2.1453],[28.804,-2.1414],[28.8309,-2.1529],[28.8582,-2.1436],[28.8673,-2.1633],[28.8842,-2.1507],[28.8825,-2.1437],[28.8961,-2.1433],[28.8979,-2.1498],[28.9091,-2.1486],[28.9026,-2.1539],[28.906,-2.162],[28.9168,-2.1582],[28.9135,-2.1676],[28.9065,-2.1643],[28.8847,-2.1835],[28.869,-2.1704],[28.8686,-2.1858],[28.8845,-2.1898],[28.8807,-2.2038],[28.8525,-2.2046],[28.8553,-2.2131],[28.8649,-2.2135],[28.8567,-2.2174],[28.8637,-2.2203],[28.8557,-2.2314],[28.8698,-2.2376],[28.87,-2.2463],[28.7875,-2.322],[28.7774,-2.3226],[28.7637,-2.3017],[28.6791,-2.2501],[28.684,-2.2122],[28.743,-2.1308],[28.7538,-2.1264],[28.7691,-2.1453]]]}},{"type":"Feature","properties":{"name":"Minova","province":"Sud-Kivu","key":"minova"},"geometry":{"type":"Polygon","coordinates":[[[29.0918,-1.6429],[29.0954,-1.6596],[29.1058,-1.6486],[29.0998,-1.6714],[29.092,-1.6713],[29.0898,-1.6815],[29.0836,-1.6787],[29.0818,-1.6889],[29.074,-1.6845],[29.0726,-1.6954],[29.0664,-1.6858],[29.0695,-1.7195],[29.0667,-1.7135],[29.0591,-1.7171],[29.0542,-1.7356],[29.0365,-1.7455],[29.0417,-1.7554],[29.0323,-1.7664],[29.0159,-1.764],[29.0208,-1.7687],[29.0127,-1.7848],[29.0221,-1.7859],[29.0075,-1.7996],[29.0161,-1.8052],[29.0142,-1.7995],[29.0239,-1.7999],[29.0313,-1.7898],[29.0317,-1.8109],[29.0103,-1.8381],[29.0029,-1.8347],[28.9959,-1.8424],[28.9817,-1.9099],[28.9647,-1.9173],[28.9647,-1.9278],[28.9722,-1.9264],[28.9667,-1.931],[28.9546,-1.9268],[28.9564,-1.9417],[28.9666,-1.9509],[28.9488,-1.9529],[28.9386,-1.9721],[28.9157,-1.9663],[28.8678,-1.8935],[28.8295,-1.8505],[28.7165,-1.7801],[28.7495,-1.7819],[28.7645,-1.7714],[28.8166,-1.7675],[28.8627,-1.707],[28.883,-1.7287],[28.917,-1.7422],[28.9692,-1.7417],[28.9795,-1.733],[28.9839,-1.7098],[29.0356,-1.6581],[29.0611,-1.6122],[29.0721,-1.6099],[29.094,-1.6213],[29.0918,-1.6429]]]}},{"type":"Feature","properties":{"name":"Kalehe","province":"Sud-Kivu","key":"kalehe"},"geometry":{"type":"Polygon","coordinates":[[[28.9103,-1.9584],[28.9361,-1.9818],[28.9114,-1.9805],[28.9176,-1.9942],[28.904,-2.0373],[28.8988,-2.0359],[28.9027,-2.0543],[28.9192,-2.0542],[28.9339,-2.0215],[28.9301,-2.0001],[28.9428,-1.9957],[28.9447,-2.0019],[28.9555,-1.999],[28.9496,-2.0105],[28.963,-2.0223],[28.9766,-2.0575],[28.9283,-2.0957],[28.925,-2.1153],[28.9082,-2.1061],[28.9003,-2.1242],[28.8834,-2.1179],[28.8699,-2.1379],[28.8309,-2.1529],[28.804,-2.1414],[28.774,-2.1469],[28.7614,-2.1427],[28.7538,-2.1264],[28.743,-2.1308],[28.684,-2.2122],[28.6843,-2.2401],[28.6442,-2.2963],[28.638,-2.2536],[28.6172,-2.2647],[28.5632,-2.2715],[28.5567,-2.2646],[28.5792,-2.2258],[28.5697,-2.1675],[28.5835,-2.0901],[28.5653,-2.0501],[28.5524,-2.0463],[28.5403,-2.0292],[28.5934,-2.0094],[28.6284,-1.9784],[28.6652,-1.9626],[28.7934,-1.8291],[28.8295,-1.8505],[28.9103,-1.9584]]]}},{"type":"Feature","properties":{"name":"Miti-Murhesa","province":"Sud-Kivu","key":"mitimurhesa"},"geometry":{"type":"Polygon","coordinates":[[[28.8716,-2.4371],[28.8113,-2.4296],[28.7911,-2.4111],[28.7786,-2.3848],[28.7774,-2.3226],[28.8053,-2.3077],[28.87,-2.2463],[28.8774,-2.2718],[28.8874,-2.2531],[28.8971,-2.2516],[28.8868,-2.2666],[28.896,-2.2656],[28.9091,-2.2354],[28.9187,-2.2435],[28.9385,-2.2365],[28.9295,-2.2488],[28.9362,-2.2574],[28.9303,-2.2563],[28.9257,-2.2694],[28.9293,-2.2818],[28.9178,-2.2949],[28.9084,-2.2935],[28.9192,-2.2988],[28.9119,-2.305],[28.9184,-2.3049],[28.9144,-2.3165],[28.8935,-2.3213],[28.8985,-2.3387],[28.9084,-2.321],[28.913,-2.3288],[28.9308,-2.293],[28.9379,-2.295],[28.9225,-2.3154],[28.932,-2.3196],[28.9396,-2.2973],[28.952,-2.2918],[28.9668,-2.2619],[28.98,-2.2551],[28.9776,-2.2759],[28.9694,-2.2768],[28.977,-2.2805],[28.9718,-2.2916],[28.9576,-2.2879],[28.9535,-2.294],[28.9672,-2.2931],[28.9679,-2.3043],[28.9591,-2.3057],[28.9659,-2.3306],[28.9167,-2.3392],[28.9125,-2.3472],[28.8946,-2.3511],[28.8957,-2.3666],[28.9054,-2.3734],[28.8817,-2.396],[28.8716,-2.4371]]]}},{"type":"Feature","properties":{"name":"Idjwi","province":"Sud-Kivu","key":"idjwi"},"geometry":{"type":"Polygon","coordinates":[[[29.0972,-1.6205],[29.1152,-1.6303],[29.1316,-1.6286],[29.1382,-1.6426],[29.1584,-1.634],[29.169,-1.6634],[29.2219,-1.6815],[29.2424,-1.7001],[29.1859,-1.8124],[29.1669,-1.886],[29.1734,-2.1071],[29.1609,-2.1618],[29.0995,-2.2839],[29.0609,-2.2975],[29.0445,-2.2895],[29.0171,-2.2911],[28.9906,-2.344],[28.9664,-2.3687],[28.9465,-2.3755],[28.9054,-2.3734],[28.8957,-2.3666],[28.895,-2.3508],[28.9125,-2.3472],[28.9167,-2.3392],[28.9659,-2.3306],[28.9591,-2.3057],[28.9679,-2.3043],[28.9672,-2.2931],[28.9535,-2.294],[28.9576,-2.2879],[28.9713,-2.2922],[28.977,-2.2805],[28.9694,-2.2768],[28.9776,-2.2759],[28.9802,-2.2552],[28.9668,-2.2619],[28.952,-2.2918],[28.9396,-2.2973],[28.932,-2.3196],[28.9225,-2.3154],[28.9379,-2.295],[28.9308,-2.293],[28.913,-2.3288],[28.9084,-2.321],[28.8962,-2.3391],[28.8935,-2.3213],[28.9144,-2.3165],[28.9184,-2.3049],[28.9119,-2.305],[28.9192,-2.2988],[28.9084,-2.2935],[28.9178,-2.2949],[28.9293,-2.2818],[28.9257,-2.2694],[28.9303,-2.2563],[28.9362,-2.2574],[28.9295,-2.2488],[28.9388,-2.2368],[28.9187,-2.2435],[28.9091,-2.2354],[28.896,-2.2656],[28.8868,-2.2666],[28.8971,-2.2516],[28.8874,-2.2531],[28.8768,-2.2718],[28.8698,-2.2377],[28.8557,-2.2314],[28.8637,-2.2203],[28.8567,-2.2174],[28.8649,-2.2135],[28.8553,-2.2131],[28.8525,-2.2046],[28.8807,-2.2038],[28.8845,-2.1898],[28.8686,-2.1858],[28.869,-2.1704],[28.8847,-2.1835],[28.9065,-2.1643],[28.9135,-2.1676],[28.9168,-2.1582],[28.906,-2.162],[28.9026,-2.1539],[28.9091,-2.1486],[28.8979,-2.1498],[28.8961,-2.1433],[28.8825,-2.1437],[28.8842,-2.1507],[28.8673,-2.1633],[28.8582,-2.1436],[28.8309,-2.1529],[28.8699,-2.1379],[28.8834,-2.1179],[28.9003,-2.1242],[28.9082,-2.1061],[28.925,-2.1153],[28.9283,-2.0957],[28.9763,-2.06],[28.963,-2.0223],[28.9496,-2.0105],[28.9555,-1.999],[28.9447,-2.0019],[28.9428,-1.9957],[28.9301,-2.0001],[28.9339,-2.0215],[28.9192,-2.0542],[28.9027,-2.0543],[28.8988,-2.0359],[28.904,-2.0373],[28.9176,-1.9942],[28.911,-1.9819],[28.932,-1.9857],[28.9295,-1.9705],[28.9403,-1.9712],[28.9491,-1.9527],[28.9666,-1.9509],[28.9564,-1.9417],[28.9547,-1.9265],[28.9721,-1.9271],[28.9651,-1.9283],[28.964,-1.919],[28.9817,-1.9099],[28.9808,-1.8964],[28.9876,-1.8964],[28.9958,-1.8427],[29.0022,-1.8349],[29.0103,-1.8381],[29.0318,-1.8103],[29.0313,-1.7898],[29.0239,-1.7999],[29.0142,-1.7995],[29.0161,-1.8052],[29.0075,-1.7996],[29.0221,-1.7859],[29.0127,-1.7848],[29.0208,-1.7687],[29.0159,-1.764],[29.0323,-1.7664],[29.0417,-1.7554],[29.0365,-1.7455],[29.0542,-1.7356],[29.0591,-1.7171],[29.0667,-1.7135],[29.0695,-1.7195],[29.0664,-1.6858],[29.0726,-1.6954],[29.074,-1.6845],[29.0818,-1.6889],[29.0836,-1.6787],[29.0898,-1.6815],[29.092,-1.6713],[29.0998,-1.6714],[29.1058,-1.6486],[29.0993,-1.6581],[29.0898,-1.6567],[29.0972,-1.6205]]]}},{"type":"Feature","properties":{"name":"Aba","province":"Haut-Uele","key":"aba"},"geometry":{"type":"Polygon","coordinates":[[[30.2023,3.9274],[30.2283,3.9308],[30.2661,3.9566],[30.2859,3.9472],[30.2914,3.9355],[30.3197,3.9324],[30.3791,3.8952],[30.4039,3.8662],[30.4303,3.871],[30.453,3.8311],[30.4716,3.8269],[30.5261,3.8486],[30.5557,3.8274],[30.5715,3.765],[30.5799,3.7015],[30.5634,3.6726],[30.5695,3.6591],[30.5655,3.6243],[30.541,3.5949],[30.4557,3.5591],[30.4314,3.5621],[30.4084,3.5462],[30.3832,3.5487],[30.3722,3.5403],[30.3743,3.5016],[30.3848,3.4771],[30.4023,3.4464],[30.4231,3.4327],[30.4009,3.3924],[30.3668,3.4075],[30.3681,3.3571],[30.3547,3.3231],[30.337,3.3048],[30.3459,3.2935],[30.3201,3.3087],[30.2904,3.3012],[30.2807,3.2886],[30.2571,3.3071],[30.2404,3.3063],[30.2304,3.2904],[30.2038,3.3146],[30.1929,3.3146],[30.1976,3.3227],[30.2085,3.3217],[30.1855,3.4075],[30.0988,3.6205],[30.1077,3.7799],[30.1517,3.8399],[30.141,3.8746],[30.113,3.8702],[30.1064,3.8755],[30.0986,3.9184],[30.1264,3.9491],[30.1779,3.9716],[30.1741,4.0012],[30.1921,4.0092],[30.1975,3.9714],[30.2074,3.9616],[30.2023,3.9274]]]}},{"type":"Feature","properties":{"name":"Kimbi Lulenge","province":"Sud-Kivu","key":"kimbilulenge"},"geometry":{"type":"Polygon","coordinates":[[[27.9305,-4.1266],[27.8951,-4.1257],[27.8604,-4.1116],[27.8343,-4.0899],[27.8336,-4.0791],[27.8223,-4.0704],[27.8378,-4.0224],[27.981,-3.9652],[27.9809,-3.9157],[28.0128,-3.8783],[28.0429,-3.8697],[28.0691,-3.8506],[28.0773,-3.8292],[28.1482,-3.825],[28.2342,-3.8346],[28.2995,-3.8184],[28.3328,-3.8282],[28.3503,-3.8539],[28.3737,-3.856],[28.3919,-3.8704],[28.4091,-3.8693],[28.4108,-3.8886],[28.3938,-3.9015],[28.3793,-3.9371],[28.3647,-3.9485],[28.3768,-3.9707],[28.3856,-4.0214],[28.4259,-4.0158],[28.4205,-4.0289],[28.4264,-4.0389],[28.4103,-4.0852],[28.4152,-4.1175],[28.4295,-4.127],[28.4451,-4.1617],[28.4841,-4.194],[28.4909,-4.2112],[28.5305,-4.2285],[28.5882,-4.2817],[28.5948,-4.2962],[28.6068,-4.2996],[28.6093,-4.3189],[28.6358,-4.3246],[28.6559,-4.3467],[28.7826,-4.6812],[28.8604,-4.8355],[28.9717,-5.0092],[28.8035,-5.0103],[28.7957,-4.9935],[28.785,-4.9943],[28.7761,-4.9838],[28.7713,-4.973],[28.7767,-4.966],[28.7546,-4.9609],[28.7491,-4.9437],[28.76,-4.9388],[28.7555,-4.9237],[28.7682,-4.9142],[28.75,-4.9009],[28.7373,-4.853],[28.7132,-4.8342],[28.7161,-4.82],[28.6951,-4.81],[28.6976,-4.8035],[28.6899,-4.7995],[28.689,-4.756],[28.6795,-4.7507],[28.6838,-4.7396],[28.6593,-4.7057],[28.6349,-4.701],[28.6073,-4.6766],[28.5674,-4.5406],[28.5528,-4.5234],[28.5531,-4.4601],[28.5034,-4.461],[28.4939,-4.4546],[28.4918,-4.4085],[28.4808,-4.3967],[28.4025,-4.3643],[28.3971,-4.3061],[28.3789,-4.2744],[28.3584,-4.282],[28.2427,-4.1996],[28.2247,-4.178],[28.2052,-4.1266],[28.186,-4.1192],[28.1747,-4.1363],[28.1851,-4.1573],[28.166,-4.2119],[28.1457,-4.223],[28.1263,-4.2156],[28.1196,-4.2272],[28.0611,-4.1835],[28.0178,-4.1909],[28.0163,-4.1712],[28.0244,-4.1631],[28.0166,-4.1458],[28.0298,-4.1395],[28.0362,-4.1225],[27.9669,-4.105],[27.9422,-4.1272],[27.9305,-4.1266]],[[27.9305,-4.1266],[27.9305,-4.1267],[27.9305,-4.1266],[27.9305,-4.1266]],[[28.802,-5.0103],[28.8015,-5.0104],[28.8018,-5.0103],[28.802,-5.0103]]]}}]}